work,split,task_no,label,pred,verdict,human_missed,label_text,model_errors,student_answer,correct_answer
W001,dev,В1-1.1,1,1,correct,False,,,3,3
W001,dev,В1-1.2,1,1,correct,False,,,1,1
W001,dev,В1-2.1,0,0,incorrect,False,"Подкоренное выражение может быть равно нулю: 0 ≤ 3x − 2, ответ [2/3; 2), а не (2/3; 2)","[conceptual] Для неравенства \(\sqrt{A}<2\) нужно \(0\le A<4\), а не \(0<A<4\). Потерян случай \(A=0\), поэтому \(x=2/3\) тоже входит в ответ.",x∈(2/3;2); ответ (2/3;2),[2/3;2)
W001,dev,В1-2.2,1,1,correct,False,,,(-∞;-5),(-∞;-5)
W001,dev,В1-2.3,1,1,correct,False,"Не отмечено проверяющим: промежуточная строка 4 − 5x = 0 вместо ≥ 0 и квадратная скобка у −∞ в ответе [−∞; 0,8] (мелочи в записи). Проверяющий: +",,"(-∞;0,8]","(-∞;0,8]"
W001,dev,В1-3.1,1,1,correct,False,,,1; 10,1; 10
W001,dev,В1-3.2,,0,not_solved,False,Не дорешано; подсказка проверяющего: перенести √x в правую часть,,решение начато и не доведено до конца,0; 4
W001,dev,В1-4,0,0,incorrect,False,"При переносе знак должен смениться: x² + 4x + 3 > 0, а не < 0; Итоговый ответ (−1; +∞) верный, но не следует из шагов; итогового +/− нет","[conceptual] После раскрытия скобок: \(2x+6<(x+3)^2\) даёт \(x^2+4x+3>0\), а не \(<0\). Знак неравенства в решении неверный, хотя итоговый ответ совпал.",(-1;+∞),(-1;+∞)
W001,dev,В2-1.1,1,1,correct,False,,,2,2
W001,dev,В2-1.2,1,1,correct,False,,,5,5
W001,dev,В2-2.1,0,0,incorrect,False,"Правая часть не возведена в квадрат: должно быть 3 − 2x ≤ 49 | Подкоренное выражение может быть равно нулю: 0 ≤ 3 − 2x; верный ответ [−23; 1,5]","[conceptual] Для \(\sqrt{3-2x}\le7\) нужно \(0\le3-2x\le49\), а не \(\le7\). Из-за этого нижняя граница получилась −2 вместо −23. | [computational] Правая граница 1,5 должна быть включена, так как при \(x=1,5\) подкоренное выражение равно 0 и неравенство выполняется. Верный ответ \([-23;1,5]\).","[-2;1,5)","[-23;1,5]"
W001,dev,В2-2.2,0,1,correct,False,"Нестрогое неравенство: 6 − 6x ≥ 0, ответ (−∞; 1], а не (−∞; 1)",,(-∞;1),(-∞;1)
W001,dev,В2-2.3,1,1,correct,False,,,"(-∞;-5,5)","(-∞;-5,5)"
W001,dev,В2-3.1,1,1,correct,False,,,-5; 1,-5; 1
W001,dev,В2-3.2,,0,not_solved,False,Не решено; подсказка проверяющего: перенести √x вправо,,решение начато и не доведено до конца,0; 36
W001,dev,В2-4,0,0,incorrect,False,"При переносе знак неравенства не сменён: 26 − x < x² + 8x + 16 ⇔ x² + 9x − 10 > 0, а не < 0; из записанной системы ответ (1; 26] не следует; Проверяющий поставил ×. Итоговый ответ (1; 26] верный; та же ошибка со знаком, что в В1-4","[conceptual] После раскрытия скобок: \(26-x<(x+4)^2\) даёт \(x^2+9x-10>0\), а не \(<0\). Знак неравенства перепутан, хотя итоговый ответ совпал.",(1;26],(1;26]
W002,dev,1,1,1,correct,False,,,-2,-2
W002,dev,2,1,1,correct,False,,,-8,-8
W002,dev,3,1,1,correct,False,,,5,5
W002,dev,4,1,1,correct,False,,,10,10
W002,dev,5,1,1,correct,False,"В тетради номер обведён так, что похож на 8",,288,288
W002,dev,6,1,1,correct,False,,,131,131
W002,dev,7,1,1,correct,False,,,17,17
W002,dev,8,1,1,correct,False,,,12,12
W002,dev,9,0,0,incorrect,False,"Перепутаны знаки производной: при x < 4 y' < 0, при x > 4 y' > 0, значит x = 4 — точка минимума; ответ 4, а не «нет точки минимума»","[conceptual] Производная y'=(3/2)√x−3 отрицательна при 0<x<4 и положительна при x>4, значит x=4 — точка минимума. Ученик неверно определил знак производной и сделал неверный вывод.",нет точки минимума,4
W002,dev,10,1,1,correct,False,,,4,4
W002,dev,11,1,1,correct,False,,,14,14
W002,dev,12,1,1,correct,False,,,-119,-119
W002,dev,13,1,1,correct,False,,,3,3
W002,dev,14,1,1,correct,False,,,-1,-1
W002,dev,15,0,1,correct,False,"Неверная производная: (11 − x)' = −1, а не 1; дальше 1 + 11 − x превратилось в 10 − x — две ошибки компенсируют друг друга; верно y' = e^{x+11}(10 − x); Нет разметки, вердикт по сути. Ответ 10 верный. На знаковой прямой «−, +» (это минимум), но подписано max",,10,10
W002,dev,16,,0,not_solved,False,не решено,,нет ответа,24
W002,dev,17,,0,not_solved,False,не решено,,нет ответа,-4
W002,dev,18,,0,not_solved,False,не решено,,нет ответа,3
W002,dev,19,0,0,incorrect,False,"Ответ не на вопрос: спрашивали наибольшее значение на [−17; −2], а записана точка минимума −1 (вне отрезка); наибольшее значение y(−5) = 7; Нет разметки, вердикт по сути. Производная и критические точки −5, −1 найдены верно","[conceptual] На отрезке [−17;−2] точка x=−1 не лежит: −1>−2. Поэтому она не может давать наибольшее значение. Нужно было сравнить значения функции в критической точке x=−5 и на концах отрезка: y(−17)<7, y(−2)=−20, y(−5)=7. Наибольшее значение равно 7.",-1,7
W003,dev,5а,0,1,correct,False,"Деление на cos x без проверки, что cos x = 0 не является корнем (не потерян ли корень). Нужно рассмотреть случай cos x = 0 отдельно.; Режим exam / политика п. 6.10 (30.09). Было «верно»: Деление на cos x без обоснования, что cos x ≠ 0 не теряет корней; проверяющий не снял",,"x_1=\frac{\pi}{4}+2\pi k,\ k\in\mathbb{Z};\ x_2=\frac{5\pi}{4}+2\pi n,\ n\in\mathbb{Z}","x=\frac{\pi}{4}+\pi k,\ k\in\mathbb{Z} (эквивалентно x_1=\frac{\pi}{4}+2\pi k,\ x_2=\frac{5\pi}{4}+2\pi k)"
W003,dev,5б,1,1,correct,False,,,-\frac{19\pi}{4},-\frac{19\pi}{4}
W003,dev,6а,1,1,correct,False,,,x_1=\frac{\pi}{6}+2\pi k;\ x_2=\frac{5\pi}{6}+2\pi n;\ x_3=\frac{4\pi}{3}+2\pi h;\ x_4=\frac{5\pi}{3}+2\pi c,x_1=\frac{\pi}{6}+2\pi k;\ x_2=\frac{5\pi}{6}+2\pi n;\ x_3=\frac{4\pi}{3}+2\pi h;\ x_4=\frac{5\pi}{3}+2\pi c
W003,dev,6б,0,0,incorrect,False,x₄ отсчитан не от той точки: −5π/2 + π/6 вместо −9π/2 + π/6; вышло −7π/3 (вне отрезка) вместо −13π/3,"[computational] Для серии x=\frac{5\pi}{3}+2\pi c в отрезок [-5\pi;-\frac{7\pi}{2}] попадает c=-3, то есть x=\frac{5\pi}{3}-6\pi=-\frac{13\pi}{3}. Ученик взял c=-2 и получил x=-\frac{7\pi}{3}, который не принадлежит отрезку; верный корень -\frac{13\pi}{3} потерян.",-\frac{23\pi}{6};\ -\frac{14\pi}{3};\ -\frac{7\pi}{3},-\frac{23\pi}{6};\ -\frac{14\pi}{3};\ -\frac{13\pi}{3}
W003,dev,7а,1,1,correct,False,,,x_1=\frac{\pi}{2}+2\pi k;\ x_2=\frac{3\pi}{2}+2\pi n;\ x_3=\frac{5\pi}{6}+2\pi h,x_1=\frac{\pi}{2}+2\pi k;\ x_2=\frac{3\pi}{2}+2\pi n;\ x_3=\frac{5\pi}{6}+2\pi h
W003,dev,7б,1,1,correct,False,,,-\frac{11\pi}{2};\ -\frac{9\pi}{2};\ -\frac{31\pi}{6},-\frac{11\pi}{2};\ -\frac{9\pi}{2};\ -\frac{31\pi}{6}
W004,dev,1,1,1,correct,False,,,(-∞; 1 3/5),(-∞; 8/5)
W004,dev,2,,0,not_solved,False,"Не дорешано; полный разбор в feedback.docx, ответ [−1; 3]",,нет,[-1; 3]
W004,dev,3,0,1,correct,True,"x ≤ 4/3 — нестрогое неравенство, ответ (−1/2; 4/3], а не (−1/2; 4/3); Проверяющий поставил +; скобка на фото круглая (подтверждено)",,(-1/2; 1 1/3),(-1/2; 4/3]
W004,dev,4,0,0,incorrect,False,"Ошибка при сложении: 3,6 + 2,4 = 6, а не 5; верно 6 < 2x + y < 6,3","[computational] При сложении неравенств 3,6 < 2x < 3,8 и 2,4 < y < 2,5 нижняя граница равна 3,6 + 2,4 = 6, а не 5. Правильная оценка: 6 < 2x + y < 6,3.","5 < 2x+y < 6,3","6 < 2x+y < 6,3"
W004,dev,5,0,0,incorrect,False,"Неравенство 3 − 5x < 0 не решено, ответ взят наугад; верно x > 0,6, ответ (0,6; +∞) | Квадратная скобка у бесконечности: +∞]; Мелочь в записи, на фоне основной ошибки","[conceptual] Функция y = 3 - 5x принимает отрицательные значения, когда 3 - 5x < 0. Решая неравенство: -5x < -3, x > 3/5. Ученик получил x ≥ 1 — это неверно.",[1; +∞),(3/5; +∞)
W004,dev,6,,0,not_solved,False,"Не решено; разбор в feedback.docx: D: x ≤ 2/3, E: y ≥ 0",,нет,D(y): x ≤ 2/3; E(y): y ≥ 0
W004,dev,7,1,0,incorrect,False,"Режим training, политика п. 2.4 — замечание (найдено при офлайн-оценке политики 30.09). Было: Задача просит целые решения, а в ответе промежуток [4,5; 10); нужно 5, 6, 7, 8, 9 Само решение системы верное","[conceptual] В условии требовалось найти целые решения системы. Ученик верно нашёл промежуток [4,5; 10), но не выписал целые числа, входящие в него. Целые решения: 5, 6, 7, 8, 9.","[4,5; 10)","5, 6, 7, 8, 9"
W005,dev,В1-1б,1,1,correct,False,,,"1/2=0,5",1/2
W005,dev,В1-2,0,0,incorrect,False,"Знак не определён по четверти: при π < α < 3π/2 sin α < 0, ответ −5/13, а не 5/13","[conceptual] При π<α<3π/2 угол α находится в третьей четверти, где синус отрицателен. Поэтому sinα=-√(25/169)=-5/13, а не 5/13.",5/13,-5/13
W005,dev,В1-3.2,1,1,correct,False,,,-\frac{1}{\sin\alpha+\cos\alpha},-\frac{1}{\sin\alpha+\cos\alpha}
W005,dev,В1-3.3,1,1,correct,False,,,\operatorname{tg}\alpha,\operatorname{tg}\alpha
W005,dev,В1-4,0,1,correct,True,"После верного 2 sin 60° cos 15° дважды записано cos 75°, и сокращено cos 75°/(−sin 75°) = −1 — это верно только для cos 15° = sin 75°; Проверяющий поставил +. Ответ −√3 верный; возможно, описка — если считаешь её мелочью записи, ставь 1",,-\sqrt{3},-\sqrt{3}
W005,dev,В1-5,1,1,correct,False,,,доказано: =\frac{1+\sin\alpha}{\cos\alpha},тождество доказано
W005,dev,В2-2,0,1,correct,False,"Знак не определён по четверти: при π < α < 3π/2 cos α < 0, ответ −3/5",,-\frac{3}{5},-\frac{3}{5}
W005,dev,В2-3.1,1,1,correct,False,,[notational] В первой записи формулы суммы синусов пропущено деление аргументов на 2; далее ученик исправил и получил верный результат.,2\sin\alpha\cos\beta,2\sin\alpha\cos\beta
W005,dev,В2-3.2,1,1,correct,False,"Режим training, политика п. 1.11 — замечание (найдено при офлайн-оценке политики 30.09). Было: Не доупрощено: 1 − 2 sin α cos α = (sin α − cos α)², ответ 1/(sin α − cos α) Итоговой отметки нет, только подсказка проверяющего; умножение в знаменателе записано похоже на минус","[notational] В знаменателе пропущено произведение: должно быть 2cosα·(−sinα)+1=−2sinαcosα+1. Это исправлено следующей строкой, поэтому итог верный.",\frac{\sin\alpha-\cos\alpha}{1-\sin2\alpha},\frac{\sin\alpha-\cos\alpha}{1-\sin2\alpha}
W005,dev,В2-3.3,1,1,correct,False,,,\operatorname{tg}\alpha,\operatorname{tg}\alpha
W005,dev,В2-4,1,1,correct,False,,,-\sqrt{2},-\sqrt{2}
W005,dev,В2-5,1,1,correct,False,,,доказано: =\frac{1+\cos\alpha}{\sin\alpha},тождество доказано
W006,dev,25.1а,0,0,incorrect,True,"Потеряна серия корней: sin²x = 0 даёт x = πk, в ответе её нет; Проверяющий поставил +; номер в тетради похож на 23.1; степени записаны как sin x³ вместо sin³x","[conceptual] Ученик получил уравнение sin^2 x=0, но не выписал его решения x=πn, потеряв целую серию корней.","x_1=5π/4+2πn, x_2=7π/4+2πn, n∈Z","x=πn, x=5π/4+2πn, x=7π/4+2πn, n∈Z"
W006,dev,26.4а,0,0,incorrect,False,Не решено уравнение sin x − 1 = 0: потеряна серия x = π/2 + 2πk,"[conceptual] Ученик получил уравнение sin x = 1, но не выписал его решение x=π/2+2πn; потеряна серия корней.","x_1=3π/4+2πn, x_2=5π/4+2πn, n∈Z","x=π/2+2πn, x=3π/4+2πn, x=5π/4+2πn, n∈Z"
W006,dev,29.1а,,0,not_solved,False,Не дорешано: верно сведено к 2t³ + √2t² − 2t − √2 = 0; подсказка проверяющего: (t − 1)(t + 1)(t + √2/2) = 0,,решение не доведено до ответа,"x=πn, x=3π/4+2πn, x=5π/4+2πn, n∈Z"
W006,dev,30.2а,,0,not_solved,False,"Не решено, записано только условие",,решение отсутствует,"x=3π/4+πn, x=2π/3+πn, n∈Z"
W007,dev,4.3,1,1,correct,False,,"[notational] Промежуточная запись свободного члена ошибочна (должно быть $-6-6=-12$), но следующая строка $x^2+x-12=0$ уже верна, так что на ответ это не повлияло.",-3; 3; -4,-4; -3; 3
W007,dev,4.11,1,1,correct,False,"Опечатка: x² − 6x − 7x вместо x² − 6x − 7, на решение не повлияла","[notational] В строке уравнения лишний множитель $x$ (должно быть $x^2-6x-7=0$); далее корни $x=-1,7$ найдены как для верного уравнения.",-1,-1
W007,dev,5.4,1,0,incorrect,False,"Режим training, политика п. 8.4 — замечание (найдено при офлайн-оценке политики 30.09). Было: 4/12 = 1/3, а не 0,3: корень записан неверно","[computational] $( -1 + 5)/12 = 4/12 = 1/3 \approx 0{,}333...$, а не $0{,}3$. Округление/неверное сокращение искажает ответ: верный корень $x=1/3$.","0,3; -0,5",$\frac{1}{3}$; $-\frac{1}{2}$
W007,dev,5.12,,0,not_solved,False,Начато и зачёркнуто,,—,$\frac{3}{2}$; $\frac{4}{5}$
W007,dev,6.3,,0,not_solved,False,"Не решено, записано только условие",,—,$-3+\sqrt{5}$; $-3-\sqrt{5}$
W007,dev,7.2,0,0,incorrect,False,"Ошибка при раскрытии скобок: x² − (3x − 10) = x² − 3x + 10; у этого множителя D < 0, а получены лишние корни 5 и −2 | (−3 − 7)/2 = −5, а не 5; верный ответ −5; 2; Также записано D = 9 − 40 = 49 вместо 9 + 40","[conceptual] При разложении $x^4-(3x-10)^2$ первый множитель равен $x^2-(3x-10)=x^2-3x+10$, а не $x^2-3x-10$. Знак свободного члена потерян. | [computational] Для $x^2-3x+10$ дискриминант равен $9-40=-31$, корней нет. Ошибка в знаке дискриминанта породила лишние корни $5$ и $-2$. | [computational] Корень $(-3-7)/2=-5$, а не $5$. В ответе для второго уравнения вместо $-5$ записано $5$.",5; -2; 2; 5,$2$; $-5$
W007,dev,7.5,0,0,incorrect,False,"Та же ошибка: x² − (x − 6) = x² − x + 6, у него D < 0; лишние корни 3 и −2, верный ответ 2; −3; Итоговой отметки нет, проверяющий исправил знак","[conceptual] Первый множитель равен $x^2-(x-6)=x^2-x+6$, а не $x^2-x-6$. Потерян знак свободного члена, из-за чего появились лишние корни $3$ и $-2$ (у уравнения $x^2-x+6=0$ $D=1-24<0$).",3; -2; 2; -3,$2$; $-3$
W007,dev,8.3,0,0,incorrect,False,"При x = 1: y = 7 · 1 − 5 = 2; верный ответ (1; 2), (5/7; 0); В строке «= 0», в ответе (1; 3) — несогласованно","[computational] При $x=1$ получаем $y = 7\cdot 1 - 5 = 2$, а не $0$ (и тем более не $3$). Верна пара $(1;2)$.",$(1;3)$; $(5/7;0)$,$(1;2)$; $(5/7;0)$
W007,dev,8.7,1,1,correct,False,В тетради подписано как 4),[presentation] Черновые зачёркнутые строки ($4\cdot 2-6$ и т.п.) при пересчёте исправлены на верное $y=8\cdot 2-6=10$.,$(2;10)$; $(3/4;0)$,$(2;10)$; $(3/4;0)$
W008,dev,14.6а,1,1,correct,False,"Логика верная: HE — проекция MK, средняя линия △ABN ⇒ H — середина AB ⇒ M — середина A₁B₁. Не обосновано, почему основания именно MK = 2 и AN = 4 (MK ∥ AN как следы сечения на параллельных основаниях; HE = MK < AN); опечатка ½AK вместо ½AN; на чертеже N не на BC. Проверяющий: 1б","[notational] Должно быть HE || MK || AN: HK и KE — это перпендикуляры к основанию (проекции M и K на нижнее основание в H и E), именно HE лежит в плоскости основания и параллелен MK и AN. Отрезок ME — пространственная диагональ, он не параллелен AN. Смысл доказательства от замены ME на HE не меняется. | [notational] Следует писать ½ AN (второе основание трапеции), а не ½ AK.",M — середина A₁B₁ (доказано через среднюю линию),M — середина A₁B₁
W008,dev,14.6б,1,1,correct,False,"Ответ √3 верный. Без пояснений: равенство △AMH и △KEN, BE = EN = x (E — середина BN), ∠B = 120°, BC = 4x из B₁K:KC₁ = 1:3. Проверяющий: 2б",,√3,√3
W008,dev,14.3а,1,1,correct,False,"A₁M = BM = √(x² + y²) — верно. Треугольник записан как △A₁CM вместо △A₁C₁M; не сказано, что A₁C₁ = AC = y и что CC₁ ⊥ (A₁B₁C₁); сечение на чертеже не выделено. Проверяющий: 1б",,"A₁M = BM = √(x²+y²), треугольник A₁MB равнобедренный",A₁M = BM — сечение равнобедренный треугольник
W008,dev,14.3б,1,1,correct,False,"Ответ 2√11 верный. Проверяющий поставил «?» у MH = √(x² + 4 − x² − 1), но шаг верный: (A₁B/2)² = (4x² + 4)/4 = x² + 1. Не выписана т. Пифагора для A₁B = √(4x² + 4); первая строка похожа на «ΔB = 2» вместо AB = 2; боковая сторона на чертеже подписана как √(x + 4). Проверяющий: 2б",,2√11,2√11
W009,dev,Б1-1,1,1,correct,False,,,17,17
W009,dev,Б1-2,1,1,correct,False,,,13,13
W009,dev,Б1-3,1,1,correct,False,,,29,29
W009,dev,Б1-4,1,1,correct,False,,,25,25
W009,dev,Б1-5,1,0,incorrect,False,,"[conceptual] По рисунку b=(2;-2), а не (2;-1). Тогда a+3b=(8;-3), длина равна √(64+9)=√73, а не 8.",8,√73
W009,dev,Б1-6,1,0,incorrect,False,,"[conceptual] По рисунку a=(3;3), а не (3;4). Тогда a+4b=(11;-1), длина равна √(121+1)=√122, а не 11.",11,√122
W009,dev,Б1-7,1,1,correct,False,,,"7,5","7,5"
W009,dev,Б1-8,1,1,correct,False,,,"10,5","10,5"
W009,dev,Б1-9,1,1,correct,False,,,82,82
W009,dev,Б1-10,1,1,correct,False,,,86,86
W009,dev,Б1-11,1,1,correct,False,,,62,62
W009,dev,Б1-12,1,1,correct,False,,,63,63
W009,dev,Б1-13А,1,1,correct,False,,,1,1
W009,dev,Б1-13Б,0,0,incorrect,False,"Неверный знак координаты: b(2; −1), а не (2; 1); a·b = 6 − 4 = 2, а не 10; В Б1-6 на том же рисунке b(2; −1) прочитан верно; проверяющий исправил на 2","[conceptual] По рисунку b=(2;-1), а не (2;1). Тогда a·b=3·2+4·(-1)=6−4=2, а не 10.",10,2
W009,dev,Б1-14А,1,1,correct,False,,,41,41
W009,dev,Б1-14Б,1,0,incorrect,False,,"[conceptual] По рисунку a=(8;4), а не (8;5). Тогда a·b=8·7+4·3=56+12=68, а не 71.",71,68
W009,dev,Б2-1,1,1,correct,False,,,10,10
W009,dev,Б2-2,1,1,correct,False,,,13,13
W009,dev,Б2-3,1,1,correct,False,,,15,15
W009,dev,Б2-4,1,1,correct,False,,,17,17
W009,dev,Б2-5,1,1,correct,False,,,"2,9","2,9"
W009,dev,Б2-6,1,1,correct,False,"Ошибка 2,4² = 4,16 исправлена самим учеником",,"2,6","2,6"
W009,dev,Б2-7,1,1,correct,False,,,25,25
W009,dev,Б2-8,1,1,correct,False,,,25,25
W009,dev,Б2-9,1,1,correct,False,"Записано a + 2b − c вместо a + 2b − 3c, но считалось с 3c",,13,13
W009,dev,Б2-10,0,0,incorrect,True,"Ошибка в вычислении: 1 − 6 + 16 = 11, а не −21; a − b + 4c = (0; 11), длина 11, а не 21; Проверяющий поставил +","[computational] Вторая координата должна быть 1−6+16=11, а не −21. Поэтому длина вектора равна 11, а не 21.",21,11
W009,dev,Б2-11,0,0,incorrect,True,"Неверные знаки координат по рисунку: a(−1; −2), b(6; −1), c(−7; 2); a + b − c = (12; −5), длина 13, а не 5; Проверяющий поставил +; модули координат у ученика верные, ошибка в знаках; первая попытка зачёркнута","[conceptual] По рисунку a=(1;2), b=(6;-1), c=(-7;2). Тогда a+b-c=(14;-1), длина равна √(196+1)=√197, а не 5.",5,√197
W009,dev,Б2-12,0,0,incorrect,True,"Все три вектора взяты в обратном направлении (начало минус конец): a(−3; 5), b(−2; −4), c(−8; 3); Ответ 15 верный только потому, что длина не меняется при смене знака всего вектора; проверяющий поставил +","[conceptual] По рисунку c=(-7;3), а не (8;-3). Тогда a-b+c=(-6;-6), длина равна √72=6√2, а не 15.",15,6√2
W009,dev,Б2-13,,0,not_solved,False,"Начато и зачёркнуто, у ученика «?»; нет разметки",,нет ответа (зачёркнуто),√410
W009,dev,Б2-14,,0,not_solved,False,"Начато и зачёркнуто, у ученика «?»; нет разметки",,нет ответа (зачёркнуто),5√65
W009,dev,Б2-15,,0,not_solved,False,"Начато и зачёркнуто, у ученика «?»; нет разметки",,нет ответа (зачёркнуто),"2,6"
W009,dev,Б2-17,1,1,correct,False,,,21,21
W009,dev,Б2-18,1,1,correct,False,,,18,18
W009,dev,Б2-19,1,1,correct,False,,,-20,-20
W009,dev,Б2-20,1,1,correct,False,,,2,2
W009,dev,Б2-21,1,1,correct,False,,,59,59
W009,dev,Б2-22,1,1,correct,False,,,52,52
W009,dev,Б2-23,1,1,correct,False,,,26,26
W009,dev,Б2-24,1,1,correct,False,,,70,70
W009,dev,Б2-25,0,0,incorrect,True,"Вместо скалярного произведения координаты перемножены покомпонентно, и найдена длина вектора (−16; −30); ответ 34 — длина, а не значение выражения; Проверяющий поставил + | Неверно прочитаны b и c: b(1; −6) (взят в обратном направлении), c(−5; 2) (координаты переставлены); верно: a − b = (6; 6), (a − b)·c = −30 + 12 = −18","[conceptual] Неверно прочитаны координаты векторов и вместо скалярного произведения найдена длина вектора. По рисунку a=(6;0), b=(1;-5), c=(4;-2); (a-b)·c=(5;5)·(4;-2)=20−10=10.",34,10
W009,dev,Б2-26,0,0,incorrect,True,"Вместо скалярного произведения координаты перемножены покомпонентно, и найдена длина вектора (20; 0); С координатами ученика ответ случайно совпал бы: 5·4 + 0·3 = 20; проверяющий поставил + | Неверно прочитаны координаты: a вертикальный, a(0; 5), а не (5; 0); b(5; 1) и c(−9; −4) взяты в обратном направлении; верно: b + c = (−4; −3), a·(b + c) = −15","[conceptual] Неверно определены векторы; кроме того, ищется скалярное произведение. По рисунку a=(0;4), b=(4;1), c=(8;3); a·(b+c)=(0;4)·(12;4)=16, а не 20.",20,16
W009,dev,Б2-27,0,0,incorrect,True,"Оба вектора взяты в обратном направлении: a(−3; 1), b(−4; −8), у ученика a(3; −1), b(4; 8); Ответ 8 верный, так как (−a)·(−b) = a·b; проверяющий поставил +","[conceptual] По рисунку a=(-3;1), b=(-4;-6). Тогда 2a=(-6;2), 2a·b=(-6)·(-4)+2·(-6)=24−12=12, а не 8.",8,12
W009,dev,Б2-28,0,0,incorrect,False,"a и b прочитаны с рисунка в обратном направлении: a(3; 6), b(1; −4); верно a·2b = 6 − 48 = −42, а не −36; Нет разметки, вердикт по сути. У ученика a(−3; −6), b(−2; 4)","[conceptual] По рисунку a=(3;5), b=(1;-3), тогда 2b=(2;-6), a·2b=3·2+5·(-6)=6−30=−24, а не −36.",-36,-24
W009,dev,Б2-29,1,1,correct,False,"Нет разметки, вердикт по сути. Ответ 3/5 верный",,3/5,3/5
W009,dev,Б2-30,0,1,correct,False,"√3600 = 60, а не 36: cos = 48/60 = 0,8, а не 4/3; Нет разметки, вердикт по сути. Косинус > 1 ученик не заметил",,4/5,4/5
W009,dev,Б2-31,0,0,incorrect,False,"Ошибка в вычислении: 8 + (−32) = −24, а не −26; cos α = −24/40 = −0,6; Проверяющий исправил, но итог записал «0,6» без минуса","[computational] Скалярное произведение равно 8−32=−24, а не −26. Тогда cos α=(−24)/(√80·√20)=(−24)/40=−3/5.",-13/20,-3/5
W009,dev,Б2-32,0,0,incorrect,False,"В знаменателе сумма вместо произведения: |a|·|b| = √(50·50) = 50, а не √(50 + 50) = 10; cos α = −0,8; Ответ −4 невозможен для косинуса, ученик не заметил","[conceptual] В знаменателе должно быть произведение длин: √50·√50=50, а не √(50+50)=10. Поэтому cos α=−40/50=−4/5, а не −4.",-4,-4/5
W009,dev,Б2-33,,0,not_solved,False,"Начато и зачёркнуто, у ученика «?»",,нет ответа (зачёркнуто),-3/√493
W009,dev,Б2-34,0,0,incorrect,False,"В знаменателе сумма вместо произведения: √(10·90) = 30, а не √(10 + 90) = 10; cos = 1, а не 3; Та же ошибка, что в Б2-32; проверяющий исправил и дописал формулу | Оба вектора взяты в обратном направлении: a(3; 1), b(9; 3); На ответ не влияет; не отмечено проверяющим","[conceptual] По рисунку a=(3;1), b=(8;3). Тогда a·b=3·8+1·3=27, |a|=√10, |b|=√73, cos α=27/√730, а не 3.",3,27/√730
W009,dev,Б2-35,,0,not_solved,False,"Начато и зачёркнуто, у ученика «?»",,нет ответа (зачёркнуто),-9/(5√61)
W009,dev,Б2-36,,0,not_solved,False,"Начато и зачёркнуто, у ученика «?»",,нет ответа (зачёркнуто),41/(5√74)
W010,dev,Б1-1,1,1,correct,False,,,17,17
W010,dev,Б1-2,1,1,correct,False,,,13,13
W010,dev,Б1-3,1,1,correct,False,,,29,29
W010,dev,Б1-4,1,1,correct,False,,,25,25
W010,dev,Б1-5,1,1,correct,False,,,8,8
W010,dev,Б1-6,1,0,incorrect,False,,"[conceptual] В условии \vec a(3;3), тогда a+4b=(11;-1), длина \sqrt{122}, а не 11.",11,\sqrt{122}
W010,dev,Б1-7,1,1,correct,False,,,"7,5","7,5"
W010,dev,Б1-8,1,1,correct,False,,,"10,5","10,5"
W010,dev,Б1-9,1,1,correct,False,,,82,82
W010,dev,Б1-10,1,1,correct,False,,,86,86
W010,dev,Б1-11,1,1,correct,False,,,62,62
W010,dev,Б1-12,1,1,correct,False,,,63,63
W010,dev,Б1-13А,1,1,correct,False,Первая попытка 13–14 зачёркнута самим учеником,,1,1
W010,dev,Б1-13Б,1,1,correct,False,,,2,2
W010,dev,Б1-14А,0,1,correct,False,"Ошибка при сложении: 35 + 6 = 41, а не 31; Проверяющий исправил",,41,41
W010,dev,Б1-14Б,0,0,incorrect,False,"Ошибка при умножении: 8 · 7 = 56, а не 72; ответ 71, а не 87; Проверяющий исправил","[conceptual] В условии \vec a(8;4), а не (8;5). Кроме того, 8·7=56, а не 72; верный ответ 68.",87,68
W010,dev,Б2-1,1,1,correct,False,,,10,10
W010,dev,Б2-2,1,1,correct,False,,,13,13
W010,dev,Б2-3,1,1,correct,False,,,15,15
W010,dev,Б2-4,1,1,correct,False,,,17,17
W010,dev,Б2-5,1,1,correct,False,"0,6b подписан как b(−5,4; 2,4)",,"2,9","2,9"
W010,dev,Б2-6,1,1,correct,False,,,"2,6","2,6"
W010,dev,Б2-7,1,1,correct,False,,,25,25
W010,dev,Б2-8,1,1,correct,False,,,25,25
W010,dev,Б2-9,1,1,correct,False,,,13,13
W010,dev,Б2-10,1,1,correct,False,,,11,11
W010,dev,Б2-11,1,0,incorrect,False,,"[conceptual] По рисунку \vec a=(1;2), тогда a+b-c=(14;-1), длина \sqrt{197}.",13,\sqrt{197}
W010,dev,Б2-12,1,0,incorrect,False,Первая попытка вычисления длины зачёркнута,"[conceptual] По рисунку a=(3;-5), b=(2;4), c=(-7;3); тогда a-b+c=(-6;-6), длина 6√2.",15,6\sqrt{2}
W010,dev,Б2-13,1,0,incorrect,False,4c подписан как c(−8; −12),"[conceptual] По рисунку a=(4;-3), b=(3;-4), c=(-2;-2); тогда 7a-3b+4c=(11;-17), длина \sqrt{410}.",51,\sqrt{410}
W010,dev,Б2-14,1,0,incorrect,False,,"[conceptual] Вектор c по рисунку равен (3;8); тогда 3a+4b-5c=(-16;-37), длина \sqrt{1625}=5√65.",50,5\sqrt{65}
W010,dev,Б2-15,1,0,incorrect,False,,"[conceptual] По рисунку a=(2;4), b=(6;-6), c=(3;-1); тогда 1,3a+b-3,2c=(-1;2,4), длина \sqrt{6,76}=2,6.","2,1","2,6"
W010,dev,Б2-16,0,0,incorrect,False,"Длина не может быть отрицательной: a − 2,7b + 0,4c = (−3,1; 0), длина 3,1, а не −3,1; Координаты и вектор найдены верно; проверяющий исправил и подписал «не может быть отриц.»","[conceptual] По рисунку a=(2;-3), b=(1;1), c=(4;7); тогда a-2,7b+0,4c=(0,9;-2,9), длина \sqrt{9,22}.","-3,1","\sqrt{9,22}"
W010,dev,Б2-17,1,1,correct,False,Длины записаны как a = 2√3 вместо |a| = 2√3,,21,21
W010,dev,Б2-18,1,1,correct,False,,,18,18
W010,dev,Б2-19,1,1,correct,False,,,-20,-20
W010,dev,Б2-20,1,1,correct,False,,,2,2
W010,dev,Б2-21,1,1,correct,False,,,59,59
W010,dev,Б2-22,1,1,correct,False,,,52,52
W010,dev,Б2-23,1,1,correct,False,,,26,26
W010,dev,Б2-24,0,0,incorrect,False,"Ошибка при умножении: 6 · 7 = 42, а не 56; ответ 70, а не 84; Проверяющий исправил","[computational] 6·7=42, а не 56. Верно 42+28=70.",84,70
W010,dev,Б2-25,0,0,incorrect,False,"Ошибка в знаке: a − b = (6; 6), так как 0 − (−6) = 6, а не −6; (a − b)·c = −30 + 12 = −18, а не −42; Координаты по рисунку верные; проверяющий исправил","[conceptual] По рисунку a=(6;0), b=(1;-5), c=(4;-2); тогда (a-b)·c=(5;5)·(4;-2)=20-10=10.",-42,10
W010,dev,Б2-26,1,0,incorrect,False,,"[conceptual] По рисунку a=(0;4), b=(4;1), c=(8;3); тогда a·(b+c)=16.",-15,16
W010,dev,Б2-27,1,0,incorrect,False,,[conceptual] Вторая координата b равна -6; тогда 2a·b=(-6;2)·(-4;-6)=24-12=12.,8,12
W010,dev,Б2-28,0,0,incorrect,False,"Ошибка при умножении: 6 · (−8) = −48, а не −46; ответ −42, а не −40; Проверяющий исправил","[conceptual] По рисунку a=(3;5), b=(1;-3); тогда 2b=(2;-6) и a·2b=6-30=-24.",-40,-24
W010,dev,Б2-29,1,1,correct,False,,,"0,6","0,6"
W010,dev,Б2-30,1,1,correct,False,,,"0,8","0,8"
W010,dev,Б2-31,1,1,correct,False,,,"-0,6","-0,6"
W010,dev,Б2-32,1,1,correct,False,,,"-0,8","-0,8"
W010,dev,Б2-33,1,0,incorrect,False,,"[conceptual] По рисунку a=(5;-3), b=(3;7); скалярное произведение 15-21=-6, длины √34 и √58, косинус отрицательный.",0,-\frac{6}{\sqrt{1972}}
W010,dev,Б2-34,1,0,incorrect,False,,"[conceptual] По рисунку b=(8;3); тогда числитель 27, знаменатель √10·√73=√730, а не 30.",1,\frac{27}{\sqrt{730}}
W010,dev,Б2-35,1,0,incorrect,False,,"[conceptual] По рисунку a=(3;4), b=(5;-6); тогда скалярное произведение -9, длины 5 и √61.","-0,28",-\frac{9}{5\sqrt{61}}
W010,dev,Б2-36,1,0,incorrect,False,,"[conceptual] Первая координата a: 1-8=-7, вторая: 2-7=-5. Тогда cos = 41/(5√74), а не 0,96.","0,96",\frac{41}{5\sqrt{74}}
W011,dev,1.1,1,1,correct,False,,,-3,-3
W011,dev,1.2,1,1,correct,False,,,-5,-5
W011,dev,1.3,1,1,correct,False,,,-6,-6
W011,dev,1.4,1,1,correct,False,,,-10,-10
W011,dev,1.5,1,1,correct,False,,,-6,-6
W011,dev,1.6,1,1,correct,False,,,-4,-4
W011,dev,1.7,1,1,correct,False,,,0,0
W011,dev,1.8,1,1,correct,False,,,0,0
W011,dev,1.9,1,1,correct,False,,,-6,-6
W011,dev,1.10,1,1,correct,False,,,-2,-2
W011,dev,1.11,1,1,correct,False,,,-8,-8
W011,dev,1.12,1,1,correct,False,,,-5,-5
W011,dev,2.1,1,1,correct,False,,,10,10
W011,dev,2.2,1,1,correct,False,,,4,4
W011,dev,2.3,1,1,correct,False,,,3,3
W011,dev,2.4,1,1,correct,False,,,6,6
W011,dev,2.5,1,1,correct,False,,,7,7
W011,dev,2.6,1,1,correct,False,,,9,9
W011,dev,3.1,1,1,correct,False,Вторая попытка рядом зачёркнута,,3,3
W011,dev,3.2,1,1,correct,False,,,48,48
W011,dev,3.3,1,1,correct,False,,,44,44
W011,dev,3.4,,0,not_solved,False,"Не решено. В листе 3.4: y = −7 + 243x − x³ на [−9; 9] (ответ 1451), ученик переписал без куба (−x), проверяющий написал «опечатка в задании». Номер в тетради похож на 1)",,—,1451
W011,dev,3.5,1,0,incorrect,False,,"[computational] Неверно вычислено значение: при x=-5 функция равна -7 + 75(-5) - (-125) = -257, а не -507. Наибольшее значение всё равно 243, но в вычислении ошибка.",243,243
W011,dev,3.6,1,1,correct,False,,,-7,-7
W011,dev,3.7,1,1,correct,False,,,9,9
W011,dev,3.8,1,1,correct,False,,,13,13
W011,dev,4.1,1,1,correct,False,,,3,3
W011,dev,4.2,1,1,correct,False,,,19,19
W011,dev,4.3,1,1,correct,False,,,11,11
W011,dev,4.4,0,1,correct,True,"При делении на 3 разделён только первый член: 42x − 3x² = 0 ⇒ 14x − x² = 0, корни 0 и 14, а не 0 и 14/3; Ответ 5 верный (минимум в x = 0); проверяющий поставил +",,5,5
W011,dev,4.5,1,1,correct,False,,,-117,-117
W011,dev,4.6,1,1,correct,False,,,-1005,-1005
W011,dev,4.7,0,0,incorrect,False,"Ошибка в вычислении: y(−1) = −1 + 6 − 9 + 21 = 17, а не 18; Проверяющий исправил на 17 | Неверные корни по теореме Виета: x² + 4x + 3 = 0 ⇒ x = −3 и −1, а не 4 и −1; На ответ не влияет: −3 — конец отрезка [−3; 0]; не отмечено проверяющим","[conceptual] Корни уравнения x^2+4x+3=0 равны -3 и -1, а не 4 и -1. Минимум на [-3;0] достигается в x=-1: y(-1)=17, поэтому ответ 17.",18,17
W011,dev,4.8,1,1,correct,False,,,-8,-8
W011,dev,5.1,1,1,correct,False,,,144,144
W011,dev,5.2,1,1,correct,False,,,196,196
W011,dev,6.1,1,1,correct,False,,,36,36
W011,dev,6.2,1,1,correct,False,,,81,81
W011,dev,7.1,1,1,correct,False,Первая попытка зачёркнута,,37,37
W011,dev,7.2,1,1,correct,False,,,22,22
W011,dev,7.3,1,1,correct,False,,,13,13
W011,dev,7.4,1,1,correct,False,,,15,15
W011,dev,8.1,1,1,correct,False,,,-29,-29
W011,dev,8.2,0,0,incorrect,False,"Ошибка в вычислении: 6 · 36 = 216, а не 96; y(36) = 144 − 216 − 5 = −77, а не 43; Проверяющий: «неправильно посчитала здесь»","[computational] При x=36 значение равно (2/3)·36·6 -6·36 -5 =144-216-5=-77, а не 43. Подставлено -96 вместо -216.",43,-77
W011,dev,8.3,0,0,incorrect,False,"Ошибка в вычислении: 36√36 = 216, а не 96; y(36) = 216 − 324 + 23 = −85, а не −205; Та же ошибка 6 · 36 = 96, что в 8.2; проверяющий исправил","[computational] x√x при x=36 равно 36·6=216, а не 96. Верно: 216-324+23=-85.",-205,-85
W011,dev,8.4,1,1,correct,False,,,-8,-8
W011,dev,9.1,1,1,correct,False,,,-2,-2
W011,dev,9.2,1,1,correct,False,,,4,4
W011,dev,9.3,1,1,correct,False,,,-8,-8
W011,dev,9.4,1,1,correct,False,,,-8,-8
W011,dev,10.1,1,1,correct,False,,,1,1
W011,dev,10.2,1,1,correct,False,Свободный член записан неразборчиво (43 или 93); на производную не влияет,,-3,-3
W011,dev,10.3,1,1,correct,False,Свободный член записан как −402 вместо −398 (−400 − 2 вместо −400 + 2); на производную не влияет,,10,10
W011,dev,10.4,1,1,correct,False,,,-3,-3
W011,dev,11.1,0,0,incorrect,False,"Ошибка при раскрытии скобок: −(x + 3) = −x − 3, а не −x + 3; y' = −e^{3−x}(x + 2), точка максимума −2, а не 4; Проверяющий исправил","[computational] Производная равна e^{3-x}(1-(x+3))=e^{3-x}(-2-x), корень x=-2, а не 4. Ошибка в знаке при раскрытии скобки.",4,-2
W011,dev,11.2,0,0,incorrect,False,"Та же ошибка: −(x + 2) = −x − 2; y' = −e^{2−x}(x + 1), точка максимума −1, а не 3; Проверяющий исправил","[computational] Производная равна e^{2-x}(1-(x+2))=e^{2-x}(-1-x), корень x=-1, а не 3.",3,-1
W011,dev,11.3,1,0,not_solved,False,"В скобке (1 + 4 − x) вместо (−1 + 4 − x), получилось x = 5, ученик исправил ответ на 3 без исправления скобки — описка, исправлена самим учеником",,—,3
W011,dev,11.4,1,1,correct,False,,,8,8
W011,dev,12.1,1,1,correct,False,,,-6,-6
W011,dev,12.2,1,1,correct,False,,,-17,-17
W011,dev,12.3,0,0,incorrect,False,"Ошибка при раскрытии скобок: −(7 − x) = −7 + x; y' = e^{7−x}(x − 8), точка минимума 8, а не −8; Проверяющий не отметил: нет ни +, ни исправления (подтверждено по фото)","[computational] Производная равна e^{7-x}(x-8), корень x=8. При раскрытии скобок потерян знак.",-8,8
W011,dev,12.4,0,0,incorrect,False,"Та же ошибка: −(3 − x) = −3 + x; y' = e^{3−x}(x − 4), точка минимума 4, а не −4; Проверяющий исправил","[computational] Производная равна e^{3-x}(x-4), корень x=4, а не -4.",-4,4
W011,dev,13.1,1,1,correct,False,,,-3,-3
W011,dev,13.3,1,1,correct,False,,,9,9
W011,dev,14.1,0,0,incorrect,False,"Выбрана точка максимума: y' = e^{x+13}·x(x − 9), знаки + − +, минимум в x = 9, а не 0; Проверяющий подписал «max» у x = 0","[conceptual] Производная равна e^{x+13}·x(x-9). Знаки: + при x<0, - при 0<x<9, + при x>9, поэтому в x=0 максимум, а минимум в x=9. Ответ должен быть 9.",0,9
W011,dev,14.3,1,1,correct,False,Нет отметки проверяющего,,4,4
W011,dev,15.1,1,1,correct,False,"Первая попытка зачёркнута; в дискриминанте записано 58² + 3·4·280 вместо 58² − 4·3·280, результат 4 верный",,1,1
W011,dev,15.3,,0,not_solved,False,"Начато и зачёркнуто, у ученика «?»",,—,8
W011,dev,16.1,0,0,not_solved,False,"Ошибка при умножении: 6 · 7 = 42, а не 56; y' = 3x² + 26x + 51 = (x + 3)(3x + 17), а не 3x² + 26x + 65 с D < 0; верный ответ 10 (в x = −3); Решение остановлено на D < 0, у ученика «?»; проверяющий советует раскрывать скобки. 56 подтверждено по фото",,—,10
W011,dev,16.3,1,1,correct,False,,,4,4
W011,dev,17.1,1,1,correct,False,,,3,3
W011,dev,17.3,0,0,incorrect,False,"Ошибка при раскрытии скобок: 1 − (x − 27) = 28 − x, а не −x − 26; точка максимума 28, наибольшее значение y(28) = 1; Проверяющий расставил скобки | При подстановке потерян множитель e^{28−x}: y(−26) = −53·e^{54}, а не −53","[computational] Производная равна e^{28-x}(28-x), корень x=28. Верно: y(28)=(28-27)e^0=1.",-53,1
W011,dev,18.1,1,1,correct,False,,,-21,-21
W011,dev,18.3,1,1,correct,False,,,-24,-24
W011,dev,19.1,1,1,correct,False,,,-35,-35
W011,dev,19.3,1,1,correct,False,,,"-0,5","-0,5"
W011,dev,20.1,0,0,incorrect,False,"В формуле производной частного плюс вместо минуса: для y = −(x² + 1)/x y' = (1 − x²)/x², точка максимума x = 1; Ответ 0 вне области определения; ученик: «не уверена, что так нужно решать»; проверяющий выписал формулу (u/v)'","[conceptual] В условии y=-(x^2+1)/x. Производная равна (1-x^2)/x^2, критические точки ±1; точка максимума x=1. В решении потерян минус в числителе и неверно найдена точка.",0,1
W011,dev,21,,0,not_solved,False,"Не решено, у ученика «?»",,—,—
W011,dev,22,,0,not_solved,False,"Не решено, у ученика «?»",,—,—
W011,dev,23,,0,not_solved,False,"Не решено, у ученика «?»",,—,—
W012,dev,1,0,0,incorrect,False,"Биссектриса делит прямой угол C: ∠BCD = 45°, ∠BCM = 90° − 35° = 55°, искомый угол 55° − 45° = 10°; ученик разделил пополам угол B (35 : 2 = 17,5); Проверяющий исправил: 55 − 45 = 10","[conceptual] Надо найти угол между биссектрисой CD и высотой CM. Биссектриса делит прямой угол на 45°, высота с катетом CA составляет 35° (или с CB — 55°). Угол между ними равен |45°−35°|=10°, а не половине угла B.","17,5",10
W012,dev,2,1,1,correct,False,,,5,5
W012,dev,3,,0,not_solved,False,"Номер записан, решения нет (верный ответ 132: образующая = R√2)",,нет ответа,132
W012,dev,4,1,1,correct,False,,,"0,2","0,2"
W012,dev,5,1,1,correct,False,"Нестандартный, но верный ход: P(хотя бы в одном останется) = 1 − 0,13 = 0,87 = 0,7 + 0,7 − a",,"0,53","0,53"
W012,dev,6,1,1,correct,False,,,9,9
W012,dev,7,1,1,correct,False,,,2,2
W012,dev,8,0,0,incorrect,False,"Перевёрнуто отношение: k = Δy/Δx = −2/10 = −0,2, а ученик нашёл Δx/Δy = 10/(−2) = −5; Проверяющий исправил",[computational] Производная в точке x₀ равна угловому коэффициенту касательной. Касательная проходит через (−5;0) и (3;−2): k=(−2−0)/(3−(−5))=−2/8=−1/4.,−5,"−1/4 = −0,25"
W012,dev,9,1,1,correct,False,,,5000,5000
W012,dev,10,1,1,correct,False,,,13,13
W012,dev,11,1,0,incorrect,False,,"[conceptual] По рисунку гипербола проходит через (2;2), поэтому k=4, а прямая — через (1;−1) и A(2;2), поэтому a+b=−1, 2a+b=2, откуда a=3, b=−4, g(x)=3x−4. | [computational] После верных коэффициентов: 3x−4=4/x ⇒ 3x²−4x−4=0 ⇒ x=2 или x=−2/3. Абсцисса точки B равна −2/3.","−0,2",−2/3
W012,dev,12,0,0,incorrect,True,"Ответ не на вопрос: спрашивали точку минимума; y' = 3x(x − 16), знаки + − +, минимум в x = 16, а 0 — точка максимума; Ученик сам подписал «т. max»; проверяющий поставил +","[conceptual] Производная y'=3x²−48x=3x(x−16), нули 0 и 16. Знаки производной: +, −, +; точка x=0 — максимум, x=16 — минимум. Вопрос о точке минимума, поэтому ответ 16. Также разложение после вынесения 3x должно быть 3x(x−16), а не 3x(x²−16).",0,16
W012,dev,13а,0,0,not_solved,False,При переносе −√6 превратилось в +4: должно быть 4sin²x + (√8 + 12)sin x + √6 = 0; Проверяющий обвёл √6 и поставил «?»; 0б за задачу | После замены sin x = t потеряна переменная в линейных членах: 4t² + √8 + 12 + 4 = 0 вместо 4t² + (√8 + 12)t + …; Решение не доведено,"[conceptual] Уравнение переписано неверно: в условии −2−√8·sinx=√6+12sinx, а не −2√18·sinx=√16+12sinx. | [computational] После подстановки t=sinx должно получиться 4t²+(2√2+12)t+√6=0; потерян множитель t, решение не доведено.",не закончено,"x=(-1)^{k+1}\arcsin\frac{6+\sqrt2-\sqrt{38+12\sqrt2-4\sqrt6}}{4}+\pi k,\ k\in\mathbb Z"
W012,dev,13б,,0,not_solved,False,Не решено,,нет ответа,"x=-\arcsin\frac{6+\sqrt2-\sqrt{38+12\sqrt2-4\sqrt6}}{4}\approx -0,174"
W012,dev,15,0,0,incorrect,False,"9^{x+1} = 3^{2x+2}, а не 3^{2x+1}; числитель t³ − 9t² + 27t − 27 = (t − 3)³; Проверяющий: «это 3-я степень? ничего не понятно», расписал ФСУ; 0б | Переход от t³ − t³ + t³ − 27 к (t − 3) ничем не обоснован и неверен (t³ − 27 ≠ t − 3); Ответ (−∞; 1] верный, но не следует из шагов | Метод рационализации применён без названия и обоснования; ОДЗ x ≠ 1,1 записано, но не решено; Проверяющий: «здесь прописать, что это рационализация + обосновать её», «над оформлением работаем!»","[conceptual] Числитель преобразован неверно. На самом деле 9^{x+1}=9·3^{2x}=9t², 3^{x+3}=27t, 27=27, поэтому числитель равен t³−9t²+27t−27=(t−3)³=(3^x−3)³. | [conceptual] Это не равенство, а только совпадение знаков. Нельзя писать 2(x−1) вместо 3^x−3; знак 3^x−3 совпадает со знаком x−1, так как 3^x возрастает и 3^1=3.",(-∞;1],(-∞;1]
W013,dev,1а,0,1,correct,False,"Неверная запись степени: sin x² вместо sin²x (по смыслу решение верное).; Степени записаны как sin x² вместо sin²x. Пункт б) не решён (нарисована окружность с 5π/4 и 7π/4, отбора на [3π/2; 3π] нет). Проверяющий: + | 30.09: → 0 по политике 3.11 (запись sin x² — ошибка, не замечание), решение Ксении","[notational] Запись $\sin x^2$ вместо $\sin^2 x$ — неаккуратность, не влияющая на решение.","$x = \pi n,\ n \in \mathbb{Z}$; $x = \frac{5\pi}{4} + 2\pi n,\ n \in \mathbb{Z}$; $x = \frac{7\pi}{4} + 2\pi n,\ n \in \mathbb{Z}$","$x = \pi n,\ n \in \mathbb{Z}$; $x = \frac{5\pi}{4} + 2\pi n,\ n \in \mathbb{Z}$; $x = \frac{7\pi}{4} + 2\pi n,\ n \in \mathbb{Z}$"
W013,dev,2а,0,0,incorrect,False,"потеряна серия x = πn: у ученика только x = 3π/4 + 2πn и x = 5π/4 + 2πn (πn дописал проверяющий); Нет разметки, вердикт по сути. cos(2x − 3π/2) = −sin 2x, sin x(2cos x + √2) = 0, x = πn, ±3π/4 + 2πn. Множитель −1 при вынесении sin x опущен (на уравнение = 0 не влияет); Исправлено после разбора ошибок (Ксения)","[computational] Потеряна серия решений уравнения $\sin x = 0$: $x = \pi n,\ n\in\mathbb{Z}$. В ответе только две серии из $\cos x = -\sqrt{2}/2$.","$x = \frac{3\pi}{4} + 2\pi n,\ n\in\mathbb{Z}$; $x = \frac{5\pi}{4} + 2\pi n,\ n\in\mathbb{Z}$","$x = \pi n,\ n\in\mathbb{Z}$; $x = \frac{3\pi}{4} + 2\pi n,\ n\in\mathbb{Z}$; $x = \frac{5\pi}{4} + 2\pi n,\ n\in\mathbb{Z}$"
W013,dev,3а,0,0,incorrect,False,"Потеряна серия корней: уравнение cos x − 1 = 0 записано, но не решено; в ответе нет x = 2πn; Проверяющий дописал cos x = 1 ⇒ x = 2πn; итогового +/− нет. У этого же ученика та же ошибка в 25.1а и 26.4а (W006)","[computational] Потеряна серия решений уравнения $\cos x = 1$: $x = 2\pi n,\ n\in\mathbb{Z}$.","$x = \frac{7\pi}{6} + 2\pi n,\ n\in\mathbb{Z}$; $x = \frac{11\pi}{6} + 2\pi n,\ n\in\mathbb{Z}$","$x = 2\pi n,\ n\in\mathbb{Z}$; $x = \frac{7\pi}{6} + 2\pi n,\ n\in\mathbb{Z}$; $x = \frac{11\pi}{6} + 2\pi n,\ n\in\mathbb{Z}$"
W013,dev,4а,0,1,correct,False,"Неверная запись степеней: sin x⁴, sin(2x)² вместо sin⁴x, sin²(2x) (по смыслу решение верное).; Степени записаны как sin x⁴, sin(2x)². Проверяющий: + | 30.09: → 0 по политике 3.11, как W013 1а",,"$x = \frac{7\pi}{12} + \pi n$; $x = \frac{11\pi}{12} + \pi n$; $x = \frac{\pi}{12} + \pi n$; $x = \frac{5\pi}{12} + \pi n$, $n\in\mathbb{Z}$","$x = \frac{7\pi}{12} + \pi n$; $x = \frac{11\pi}{12} + \pi n$; $x = \frac{\pi}{12} + \pi n$; $x = \frac{5\pi}{12} + \pi n$, $n\in\mathbb{Z}$"
W014,dev,1,0,0,incorrect,False,"Неверно найдена производная: (4t)' = 4, а не 4t; x'(t) = t + 4, x'(2) = 6, а не 10; Проверяющий исправил: «производная 4t ⇒ 4», «= 6»","[computational] Производная от 4t равна 4, а не 4t. Поэтому x'(t)=t+4 и x'(2)=2+4=6.",10,6
W014,dev,2,1,1,correct,False,,,2,2
W014,dev,3,1,1,correct,False,"В первой строке производной +45t вместо +45, в следующей строке исправлено","[notational] Производная от 45t равна 45, а не 45t; в следующей строке это уже исправлено, на ответ не повлияло.",5,5
W014,dev,4,1,1,correct,False,"Корень записан как (−4 + 90)/2 — похоже, 20 написано как 90; результат 8 верный",,8,8
W014,dev,5,1,1,correct,False,,,9,9
W014,dev,6,1,1,correct,False,Число 180 в t² − 8t − 180 = 0 записано похоже на 110; одна строка зачёркнута,,18,18
W014,dev,7.1,1,0,incorrect,False,,"[computational] Тангенс наклона касательной: (5-2)/(2-(-3))=3/5=0,6.","0,4","0,6"
W014,dev,7.2,1,0,incorrect,False,,"[computational] Разность ординат: -5-2=-7, разность абсцисс: -2-(-6)=4, поэтому производная равна -7/4=-1,75.","-1,5","-1,75"
W014,dev,7.3,1,1,correct,False,,,"-1,25","-1,25"
W014,dev,7.4,1,1,correct,False,,,"0,25","0,25"
W014,dev,7.5,1,1,correct,False,,,2,2
W014,dev,7.6,,0,not_solved,False,Номер без решения,,,"-0,5"
W014,dev,7.7,,0,not_solved,False,Номер без решения,,,"1,6"
W014,dev,7.8,0,0,incorrect,True,"Потерян знак углового коэффициента: касательная убывает, проходит через (−5; 5) и (3; −1), k = −6/8 = −0,75, а не 0,75; Проверяющий поставил +. Минуса в тетради нет (в 7.2 и 7.3 ученик его пишет)","[computational] Из рисунка тангенс отрицательный: (-1-5)/(3-(-5))=-6/8=-0,75, а не 0,75.","0,75","-0,75"
W014,dev,7.9,,0,not_solved,False,Номер без решения,,,"1,4"
W014,dev,7.10,,0,not_solved,False,Номер без решения,,,10/3
W014,dev,7.11,,0,not_solved,False,Номер без решения,,,-4
W014,dev,7.12,,0,not_solved,False,Номер без решения,,,"2,25"
W014,dev,7.13,,0,not_solved,False,Номер без решения,,,"0,75"
W014,dev,7.14,,0,not_solved,False,Номер без решения,,,"-0,2"
W014,dev,8,1,1,correct,False,"Исправлено после аудита: ноль производной при x = 3 (по графику), ответ ученика 3 верен; проверяющий поставил −, прежнее объяснение перепутало точки",,3,3
W014,dev,9,0,0,incorrect,False,Записан угловой коэффициент (y = 3) вместо абсциссы: f'(x) = 3 при x = 5; Проверяющий: −,"[conceptual] Нужно найти абсциссу точки, где f'(x)=3. По графику это x=5, а не значение производной 3.",y=3,5
W014,dev,10а,,0,not_solved,False,Начато и зачёркнуто: записано f'(x) = 0 (верная идея); у проверяющего «?»,,нет ответа,5
W014,dev,10б,,0,not_solved,False,Начато и зачёркнуто; у проверяющего «?»,,нет ответа,5
W014,dev,11,0,1,correct,False,"В точке −1 вершина графика, f'(−1) ≈ 0; наибольшая производная — в точке 2 (по ключу); Проверяющий: −. Только ответ",,-1,-1
W014,dev,12,0,1,correct,False,"В точке 3 минимум функции, f'(3) ≈ 0; наименьшая производная в точке −1, где функция круто убывает; Проверяющий: −. Только ответ",,3,3
W014,dev,13,0,,unclear,False,"В точке 2 вершина графика, f'(2) ≈ 0; наибольшая производная в точке −1, где функция круто возрастает; Проверяющий: −. Только ответ",,2,2
W014,dev,14,0,,unclear,False,"В точке 1 функция возрастает, f'(1) > 0; наименьшая производная в точке 2, где функция круто убывает (в точке 3 она только начинает убывать после вершины); Проверяющий: −. Только ответ",,1,1
W014,dev,15а,1,1,correct,False,"Режим training (data/cards/modes.csv), политика п. 1.1 — замечание. Было: Не доведено до ответа на вопрос: найдена ордината точки касания y(1) = 7, но c не найдено; нужно f(1) = 3 − 3 + c = 7 ⇒ c = 7 Ответ 7 совпал, потому что f(1) = c; проверяющий поставил +. Перед 6x − 3 = 3 лишняя строка 6x − 3 = 0",,7,7
W015,dev,4а,1,1,correct,False,"Построение описано верно (KL ∥ AB в ABD, KN ∥ CD в ACD, NM ∥ AB в ABC; сечение KLMN), но не обосновано, что LM ∥ CD и что KLMN — параллелограмм. Проверяющий: один + на всю задачу",,"Построено сечение KLMN: KL∥AB, KN∥CD, NM∥AB",KLMN — искомое сечение
W015,dev,4б,1,1,correct,False,"Ответ 90° верный. Записано KM = ½CD = 3 вместо KN; не сказано, что NM = KL = ½AB = 4 и что угол между AB и CD равен ∠KNM (NM ∥ AB, KN ∥ CD)",,90°,90°
W015,dev,5а,0,1,correct,False,"Ход мыслей верный, но обоснований недостаточно: не показано, что O — середина B₁C, и почему прямая MO лежит в плоскости α; Логика верная: MO — средняя линия △A₁B₁C ⇒ MO ∥ A₁C ⇒ MO ⊂ α ⇒ O ∈ α. Не сказано, что O — середина B₁C; ссылка на «признак параллельности» вместо нужного свойства. Отдельной отметки нет; Исправлено после разбора ошибок (Ксения): ошибка с пометкой «ход мыслей верный»","[presentation] Формулировка нечёткая, но идея верная: из MO∥A1C следует, что плоскость, проходящая через M параллельно A1C, содержит прямую MO, а значит, и точку O.","Доказано: MO∥A1C, поэтому любая плоскость через M параллельно A1C содержит MO и точку O","Доказательство: O — центр грани BB1C1C; MO — средняя линия в треугольнике A1B1C, MO∥A1C, значит любая плоскость через M параллельно A1C содержит прямую MO и точку O"
W015,dev,5б,1,1,correct,False,"Ответ arccos 0,64 верный (cos = 16/25). Не описано, как направлены оси координат; 16/25 записано похоже на −6/25. Проверяющий: +","[notational] Следует писать «\arccos 0,64» или «\arccos(16/25)», а не «arccos = 0,64». Ответ по существу верный.","\arccos 0,64","\arccos(16/25) (то же, что \arccos 0,64)"
W015,dev,7,1,1,correct,False,"Ответ 3 верный, но найдено расстояние от O, а не от A: не обосновано, что ρ(A; BSC) = ρ(O; BSC), так как AO ∥ BC ⇒ AO ∥ (BSC) (позже error_type = presentation). SOM ⊥ BC записано похоже на SOM ∥ BC. Проверяющий: +","[presentation] Фактически найдено расстояние от O до плоскости BSC. Нужно было добавить, что AO∥BC и BC лежит в плоскости BSC, поэтому точки A и O равноудалены от этой плоскости; это опущено, но ответ верный.",3,3
W016,dev,1.2,0,0,incorrect,False,"Перепутаны максимум и минимум: знаки y' «+ − +», точка максимума −5, а не 5; Проверяющий обвёл −5","[conceptual] Производная y'=3x^2−75 имеет корни −5 и 5, знаки производной: +, −, +. Функция возрастает до x=−5, затем убывает до x=5, затем возрастает. Значит, точка максимума x=−5, а x=5 — точка минимума.",5,-5
W016,dev,1.6,1,1,correct,False,,,-4,-4
W016,dev,1.12,1,1,correct,False,,,-5,-5
W016,dev,2.2,1,1,correct,False,Строка с корнями x = ±4 зачёркнута/неразборчива,,4,4
W016,dev,2.3,1,1,correct,False,,,3,3
W016,dev,2.5,1,1,correct,False,,,7,7
W016,dev,3.5,1,1,correct,False,,,243,243
W016,dev,3.7,1,1,correct,False,,,9,9
W016,dev,3.8,1,1,correct,False,"Не отмечено, что x = 4 ∉ [−1; 3]",,13,13
W016,dev,4.1,1,1,correct,False,"Второй корень записан неразборчиво (3x(8 − x) = 0, x = 8 ∉ [−5; 6]) — на ответ не влияет",,3,3
W016,dev,4.3,1,1,correct,False,"Не отмечено, что x = 6 ∉ [−4; 4]",,11,11
W016,dev,4.7,1,1,correct,False,,,17,17
W016,dev,5.1,1,1,correct,False,Знак производной не исследован (почему x = 144 — минимум),,144,144
W016,dev,5.2,1,1,correct,False,"Знак производной не исследован. После 5.2 зачёркнута попытка «3) y = x^{3/2} − 3x + …», пункта 5.3 в условии нет — строку не заводим",,196,196
W016,dev,6.1,1,1,correct,False,Записано y = 3/2·√x вместо 9 = 3/2·√x,,36,36
W016,dev,6.2,1,1,correct,False,,,81,81
W016,dev,7.1,1,1,correct,False,"Концы отрезка не проверены (единственная критическая точка — максимум, на ответ не влияет)",,37,37
W016,dev,7.2,1,1,correct,False,Записано 6 · 48 − 32 вместо 6 + 48 − 32,,22,22
W016,dev,7.3,1,1,correct,False,,,13,13
W017,dev,1,0,0,incorrect,False,"Ошибка в знаке: 12(x+5) + 12(x−5) = x²−25 записано с минусом (12(x+5) − 12(x−5)), далее «120−1=x²−25» неизвестно откуда; получено x=12. Верно: 24x = x²−25, x²−24x−25=0, x=25 км/ч; Номера по варианту № 79266553 (task_1: «Вариант»), не по сборнику. Проверяющий обвёл «1» с «откуда?» и зачеркнул ответ 12; подписи «по течению x−5 / против x+5» перепутаны (на сумму не влияет)","[conceptual] Составлено неверное уравнение: лодка идёт туда и обратно, значит время складывается: 108/(v+5) + 108/(v-5) = 9, а не разность. Кроме того, не использованы данные о плоте: плот прошёл 50 км со скоростью течения 5 км/ч за 50/5 = 10 ч, лодка была в пути 10 − 1 = 9 ч. | [computational] Даже в своём (неверном) уравнении 120 = x² − 25 откуда следует x² = 145, а не 144; вычитание лишней единицы — счётная ошибка. | [notational] В таблице перепутаны подписи строк: по течению скорость равна x + 5, а не x − 5.",12 км/ч,25 км/ч
W017,dev,3,0,0,incorrect,False,"При делении на 2a не учтён a = −1: x₂ = (−14+16)/2 = 1 вместо (−14+16)/(−2) = −1, а x₁ = 15 отброшен как «−15». Ответ 1 км/ч, верно 15 км/ч; Проверяющий дописал минусы в знаменателях, обвёл 15 и написал 15; первая попытка (8(x+5)+6(x−5)) зачёркнута","[computational] Уравнение −x² + 14x + 15 = 0, то есть a = −1, и в формуле корней знаменатель 2a = −2, а не 2. Правильно: x = (−14 ± 16)/(−2), откуда x = 15 или x = −1; x = −1 не подходит, ответ 15 км/ч. Из-за ошибки со знаком корень 15 потерян.",1 км/ч,15 км/ч
W017,dev,4,1,1,correct,False,"Ответ 14 км/ч, проверяющий поставил +. Первая попытка с числом 106 зачёркнута; в строке «105(x+16) − 105x = 4» пропущено x(x+16) справа, в следующей строке исправлено","[notational] В этой строке потерян множитель x(x+16) в правой части (должно быть 105(x+16) − 105x = 4x(x+16)); следующая строка 4x² + 64x − 1680 = 0 показывает, что умножение выполнено верно, поэтому на ответ это не повлияло.",14 км/ч,14 км/ч
W017,dev,6,1,1,correct,False,"Ответ 18 км/ч, проверяющий поставил +. В строке «153(x+16) − 153x = 4» пропущено x(x+16) справа, в следующей строке исправлено",[notational] Потерян множитель x(x+16) в правой части (нужно 153(x+16) − 153x = 4x(x+16)); далее вычисления 153x + 2448 − 153x = 4x² + 64x показывают верное умножение. | [notational] Пропущено «= 0» в записи квадратного уравнения.,18 км/ч,18 км/ч
W018,dev,1,1,1,correct,False,"Номера по варианту № 79266553 (task_1). Ответ 25 км/ч, проверяющий поставил +",,25 км/ч,25 км/ч
W018,dev,3,1,1,correct,False,"Ответ 15 км/ч, проверяющий поставил +",,15 км/ч,15 км/ч
W018,dev,4,0,0,incorrect,False,"Не разделено на 2: x₂ = (−16 + 44)/2 = 14, у ученика x₂ = 28. Ответ 28, верно 14 км/ч; Проверяющий дописал «: 2 = 14» и исправил ответ на 14","[computational] При вычислении положительного корня потеряно деление на 2: (-16+44)/2 = 14, а не 28. Нужная скорость — скорость второго велосипедиста, то есть 14 км/ч.",28 км/ч,14 км/ч
W018,dev,7,1,1,correct,False,"Ответ 18 км/ч, проверяющий поставил +",,18 км/ч,18 км/ч
W018,dev,11,1,1,correct,False,"Ответ 4 км/ч, проверяющий поставил +",,4 км/ч,4 км/ч
W022,dev,В3-1,0,0,incorrect,False,"Неверная подстановка: x − x(−1−3x) = 8 ⟺ 3x² + 2x − 8 = 0, у ученика x − x − 1 − 3x = 8. Верный ответ (4/3; −5), (−2; 5), у ученика (−3; 8); Схема номеров: В3-N / В4-N — вариант 3 / вариант 4 (task_1 / task_2), ученик решал оба. Нет отметки проверяющего","[conceptual] Неверная подстановка: при y=-1-3x выражение x-xy = x - x(-1-3x) = x + x + 3x^2, а не x - x - 1 - 3x. | [computational] Из неверного уравнения получен посторонний корень; верные решения: x=4/3, y=-5 и x=-2, y=5.",(-3; 2),"(4/3; -5), (-2; 5)"
W022,dev,В3-2,1,1,correct,False,5 см и 9 см; описка x² + 4x = 45 = 0; нет отметки проверяющего,,5 см и 9 см,5 см и 9 см
W022,dev,В3-3,1,1,correct,False,"(4; 1), (1; −4); проверяющий +",,"(4; 1), (1; -4)","(4; 1), (1; -4)"
W022,dev,В4-1,1,1,correct,False,"(3,2; 0,24), (−3; −1); первая попытка зачёркнута; проверяющий +",,"(3,2; 0,24), (-3; -1)","(3,2; 0,24), (-3; -1)"
W022,dev,В4-2,,0,incorrect,False,"Начато, не доведено: ошибка в знаке a² − 13a − 42 = 0 (должно +42, стороны 6 и 7), остановился на (13 ± √337)/2; нет отметки проверяющего","[computational] При переносе: 13a - a^2 = 42 ⇒ a^2 - 13a + 42 = 0, знак свободного члена неверный. | [computational] Из-за неверного знака дискриминант должен быть 1: D = 169 - 168 = 1; корни a = 6 и a = 7, стороны 6 см и 7 см.",x=(13 ± √337)/2,6 см и 7 см
W022,dev,В4-3,1,1,correct,False,"(3; 1), (−4; 8); проверяющий +",,"(3; 1), (-4; 8)","(3; 1), (-4; 8)"
W023,dev,В3-1,1,0,incorrect,False,"Режим training, политика п. 8.5 — замечание (найдено при офлайн-оценке политики 30.09). Было: Корень x = 8/6 = 4/3 заменён приближением 1,3, отсюда y = −4,9; верный ответ (4/3; −5), (−2; 5), у ученика (1,3; −4,9); (−2; 5) Схема номеров: В3-N / В4-N — вариант 3 / вариант 4 (task_1 / task_2), ученик решал оба. Проверяющий: «1,3 ≠ 4/3»","[computational] 8/6 — это 4/3, а не 1,3. Из-за округления x до 1,3 получен y=-1-3·1,3=-4,9, а точное значение y=-5. Надо было оставить x=4/3 и y=-5.","(1,3; -4,9); (-2; 5)",(4/3; -5); (-2; 5)
W023,dev,В3-2,1,1,correct,False,5 и 9; проверяющий +,,a = 5; b = 9,5 см и 9 см
W023,dev,В3-3,0,0,incorrect,False,"При возведении в квадрат потеряно удвоенное произведение: (3,4 + 0,6y)² = 11,56 + 4,08y + 0,36y², у ученика 11,56 + 0,36y². Верный ответ (4; 1), (1; −4), у ученика (4,6; 2); Проверяющий: стрелка «а где 2·3,4·0,6y» | Из y² = 4 взят только корень y = 2, потерян y = −2; Проверяющий отдельно не отмечал","[computational] Потеряно удвоенное произведение: (3,4+0,6y)^2 = 11,56 + 4,08y + 0,36y^2. Поэтому после подстановки должно получиться y^2 + 3y - 4 = 0. | [computational] Из неверного уравнения получен только один корень; правильно y=1 или y=-4, то есть есть вторая точка пересечения.","(4,6; 2)","(4; 1), (1; -4)"
W023,dev,В4-1,1,1,correct,False,"(3,2; 0,24), (−3; −1); проверяющий +",,"(3,2; 0,24); (-3; -1)",(16/5; 6/25); (-3; -1)
W023,dev,В4-2,1,1,correct,False,"6 и 7 см, найдено подбором с проверкой (7·6 = 42, 7 + 6 = 13); проверяющий +",,a = 6; b = 7,6 см и 7 см
W023,dev,В4-3,0,0,incorrect,False,"Потерян y при переносе: y = (4−y)² − 8 ⟺ y² − 9y + 8 = 0 (y = 8, 1), у ученика y² − 8y + 8 = 0. Верный ответ (−4; 8), (3; 1), у ученика (−4; 8); Проверяющий дописал «3; 1» | Вычислительная ошибка: (8 ± √32)/2 = 4 ± 2√2, у ученика 8 и 0 (√32 принят за 8); Пара (4; 0) зачёркнута в ответе; проверяющий отдельно не отмечал","[conceptual] После подстановки x=4-y получается y=(4-y)^2-8 = y^2-8y+8, то есть y = y^2-8y+8. При переносе y влево должно быть y^2-9y+8=0, а не y^2-8y+8=0. | [computational] Для уравнения y^2 - 9y + 8 = 0 дискриминант равен 81-32=49, корни y=1 и y=8. В решении решалось другое уравнение; кроме того, √32 не равен 8. Верные точки: (-4;8) и (3;1).",(-4; 8); (4; 0),(-4; 8); (3; 1)
W024,dev,4.4,0,0,incorrect,False,"Ошибка в знаке: x₂ = (1 − 5)/2 = −2, у ученика 4/2 = 2; ответ −1; 2; 3 вместо −1; −2; 3; Нумерация: задание.номер по листу условия (Задания 4–10). Проверяющий исправил 2 на −2 в решении и в ответе","[computational] (1-5)/2 = -4/2 = -2, а не 2. Потерян корень -2; в ответе лишний 2.",-1; 2; 3,-2; -1; 3
W024,dev,4.5,1,1,correct,False,Проверяющий поставил +,,-4; -3; 2,-4; -3; 2
W024,dev,4.13,1,1,correct,False,Проверяющий поставил +,,-5,-5
W024,dev,4.14,1,1,correct,False,"Первая попытка вычислений зачёркнута (верх стр. 2), решение продолжено на стр. 3; проверяющий поставил +",,-7,-7
W024,dev,5.3,0,0,incorrect,False,"Неверный знаменатель в формуле корней: 2a = 6 (уравнение 3x² − 2x − 1 = 0), у ученика делит на 2; Проверяющий обвёл 3 и исправил знаменатели на 6 | √16 = 4, у ученика подставлено 16: x = (2 ± 16)/2 = 9; −7. Верно x = (2 ± 4)/6 = 1; −1/3; Вторая ошибка в той же задаче; проверяющий отметил только знаменатель","[computational] После уравнения 3x^2-2x-1=0 корни надо делить на 2a, то есть на 6: x=(2±4)/6. Верные корни 1 и -1/3.",9; -7,-\frac{1}{3}; 1
W024,dev,5.5,0,0,incorrect,False,"Неверный знаменатель: 2a = 20 (10x² − 3x − 1 = 0), у ученика 2: x = (3 ± 7)/2 = −2; 5. Верно x = (3 ± 7)/20 = −1/5; 1/2; Проверяющий обвёл 10 и исправил знаменатели на 20",[computational] После уравнения 10x^2-3x-1=0 корни надо делить на 2a=20: x=(3±7)/20. Верные корни -1/5 и 1/2.,-2; 5,-\frac{1}{5}; \frac{1}{2}
W024,dev,5.11,1,1,correct,False,"Первая попытка зачёркнута; описка в промежуточной строке 4x² − 21x + 28 (должно +26), D посчитан с 26 верно; ответ 3,25; 2; проверяющий поставил +",,"3,25; 2",2; \frac{13}{4}
W024,dev,5.13,0,0,incorrect,True,"ошибка знака при делении: x₂ = −42/(−28) записано как −1,5, ответ «−1,5; 15/7»; верно 1,5; Формула корней записана с −51 и −28 (для −14x² + 51x − 45 = 0), результат 1,5; 15/7 верный; проверяющий поставил +; Исправлено после разбора ошибок (Ксения)","[computational] Минус на минус даёт плюс: -42/(-28)=+1,5. Потерян знак; верный ответ 1,5 и 15/7.","-1,5; \frac{15}{7}",\frac{3}{2}; \frac{15}{7}
W024,dev,6.2,1,1,correct,False,"подкоренные числа в ответе перекрыты красными «3» проверяющего, что было у ученика — неразборчиво; в решении x = 2 ± √3, проверяющий поставил + у обоих корней",,2-\sqrt{3}; 2+\sqrt{3},2\pm\sqrt{3}
W024,dev,6.4,1,1,correct,False,"Описка: во второй ветке x − 4 = √7 без минуса, далее x = −√7 + 4 верно; проверяющий поставил +",,4+\sqrt{7}; 4-\sqrt{7},4\pm\sqrt{7}
W024,dev,6.6,1,1,correct,False,"небрежная запись 5 под корнем (в строке x = √5+3 похоже на 6, во втором корне ответа похоже на √3); по решению (x−3)² = 5 ответ 3 ± √5; проверяющий поставил +",,3-\sqrt{5}; 3+\sqrt{5},3\pm\sqrt{5}
W024,dev,7.1,1,1,correct,False,Первая запись условия зачёркнута; проверяющий поставил +,,4; -5,-5; 4
W024,dev,7.4,0,1,correct,False,"Вычислительная ошибка: x₂ = (−2 + 8)/2 = 6/2 = 3, у ученика 7/2 = 3,5; ответ −5; 3,5 вместо −5; 3; Проверяющий исправил 7 на 6 и 3,5 на 3",,-5; 3,-5; 3
W024,dev,8.1,1,1,correct,False,"Описка x₁ = (7+1)/6 = 8/3 (похоже, должно 8/6), далее 4/3 верно; ответ (4/3; 0), (1; −1); проверяющий поставил +",,"(1\frac{1}{3};0), (1;-1)","(\frac{4}{3};0), (1;-1)"
W024,dev,8.11,0,0,incorrect,False,"Ошибка при нахождении y: 4·1² − y = 2 ⇒ y = 2, у ученика −y = 2·(−4) = −8, y = 8; ответ (1; 8), (−1; 8) вместо (1; 2), (−1; 2); Проверяющий: «почему умножение?», исправил 8 на 2 в ответе; у ученика подписано «11)», система 2x² + y = 4, 4x² − y = 2 (№11)","[computational] При x^2=1 из второго уравнения 4x^2-y=2 получаем 4-y=2, поэтому y=2, а не 8.","(1;8), (-1;8)","(1;2), (-1;2)"
W024,dev,9.1,,0,not_solved,False,Переписано условие и зачёркнуто,,нет решения (система зачёркнута),"(2;3), (2;-3)"
W025,dev,4.4,0,0,incorrect,False,"Неверное разложение: (x−2)(x+1)² − 4(x+1) = (x+1)((x−2)(x+1) − 4) ⇒ x² − x − 6 = 0, у ученика (2x − 5)(x + 1) = 0; ответ 2,5; −1 вместо −1; −2; 3; Нумерация: задание.номер по листу условия (Задания 4–10). Проверяющий зачеркнул строку и написал «(x+1)((x−2)(x+1)−4) так правильно»","[conceptual] Неверно разложили на множители: после вынесения (x+1) должно получиться (x+1)((x-2)(x+1)-4)=0, а не (x-2-4+x+1)(x+1). Правильно: (x+1)(x²-x-6)=0, откуда x=-2, x=-1, x=3.","x=2,5; x=-1",x=-2; x=-1; x=3
W025,dev,5.3,0,0,incorrect,False,"Вычислительная ошибка: x₂ = (2 − 4)/6 = −1/3, у ученика 0,5; ответ 1; 0,5 вместо 1; −1/3; Проверяющий исправил 0,5 на −1/3","[computational] При решении 3x²-2x-1=0 корень x=(2-4)/6=-2/6=-1/3, а не 0,5.","x=1; x=0,5",x=1; x=-1/3
W025,dev,5.11,1,1,correct,False,Проверяющий поставил +,,"x₁=3,25; x₂=2","x=2; x=3,25"
W025,dev,8.11,1,1,correct,False,"Ответ записан как x = 1; x = −1; y = 2, а не парами (1; 2), (−1; 2); проверяющий: «+, но надо записывать (−1;2) и (1;2)»; у ученика «№8(11)»",[presentation] Ответ следовало записать в виде пар: (1;2) и (-1;2).,x=1; x=-1; y=2,"(1;2), (-1;2)"
W025,dev,9.1,0,0,incorrect,False,"Потерян корень: 3y² = 27 ⇒ y = ±3, у ученика только y = 3; верный ответ (2; 3), (2; −3); Проверяющий исправил 3 на ±3; описка 4 − 31 = 3y² (знак), далее 3y² = 27 верно","[conceptual] Из y²=9 следует y=±3, потерян корень y=-3. Верные решения: (2;3) и (2;-3).",y=3; x=2,"(2;3), (2;-3)"
W026,dev,4.4,0,0,incorrect,False,"Потерян −4: (x−2)(x+1) − 4 = 0 ⇒ x² − x − 6 = 0, у ученика x² − x − 2 = 0; ответ −1; −1; 2 вместо −1; −2; 3; Нумерация: задание.номер по листу условия (Задания 4–10). Проверяющий обвёл −4 со стрелкой, зачеркнул повтор −1 в ответе","[computational] Потеряно вычитание 4: (x-2)(x+1)-4=x^2-x-2-4=x^2-x-6, а не x^2-x-2. | [computational] Решено не то уравнение. Верное уравнение x^2-x-6=0 даёт корни -2 и 3.",-1; -1; 2,-2; -1; 3
W026,dev,4.5,0,0,incorrect,False,"Потерян −5: (x−1)(x+3) − 5 = 0 ⇒ x² + 2x − 8 = 0, у ученика x² + 2x − 3 = 0 (корни 1; −3); ответ −3; 1 вместо −4; −3; 2; Проверяющий обвёл −5 со стрелкой, зачеркнул корни и ответ","[computational] Потеряно -5: (x-1)(x+3)-5=x^2+2x-3-5=x^2+2x-8, а не x^2+2x-3. | [computational] Решено неверное уравнение. Верное x^2+2x-8=0 даёт корни -4 и 2.",-3; -3; 1,-4; -3; 2
W026,dev,4.13,1,1,correct,False,Проверяющий поставил +,,-5,-5
W026,dev,4.14,1,1,correct,False,"Описка (x − 49)² и x − 49 = 0 вместо x² − 49, но корни ±7 верные; «7» в ответе похожа на 4; проверяющий поставил +",,-7,-7
W026,dev,5.3,1,1,correct,False,Первая попытка с D зачёркнута; проверяющий поставил +,,1; -1/3,1; -1/3
W026,dev,5.5,1,1,correct,False,"Описка x₂ = −4/20 = 1/5 (минус потерян в записи), в ответе −1/5 верно; проверяющий поставил +",,"0,5; -1/5",1/2; -1/5
W026,dev,5.11,1,1,correct,False,"Описка −3(x−3) = −3x + 6 (должно +9), свободный член затем исправлен на −26, ответ 2; 3,25 верный; проверяющий поставил +",,"2; 3,25",2; 13/4
W026,dev,5.13,1,1,correct,False,Проверяющий поставил +,,"1,5; 2 1/7",3/2; 15/7
W026,dev,6.2,1,1,correct,False,Проверяющий поставил +,,√3+2; -√3+2,2±√3
W026,dev,6.4,1,1,correct,False,Проверяющий поставил +,,√7+4; -√7+4,4±√7
W026,dev,6.6,1,1,correct,False,Проверяющий поставил +,,√5+3; -√5+3,3±√5
W026,dev,7.1,1,1,correct,False,Описка: «D > 0 — нет корней» вместо D < 0; проверяющий поставил +,,-5; 4,-5; 4
W026,dev,7.4,1,1,correct,False,Проверяющий поставил +,,-5; 3,-5; 3
W026,dev,8.1,,0,not_solved,False,"Начато, не доведено: переписана только система; нет отметки проверяющего",,"система выписана, решения нет","(1; -1), (4/3; 0)"
W028,dev,109,1,1,correct,False,"Номера по сборнику «Задачник ОГЭ 2026 (тренажер)», задание 21 (task_2), блок 1. Ответ 78 кг, проверяющий поставил +",,78 кг,78 кг
W028,dev,112,0,0,incorrect,False,"Неверная доля сухого вещества в высушенных фруктах: взято 0,78 вместо 0,75 (вода 25%). Верно: 45·0,75 = 33,75; 33,75 : 0,25 = 135 кг, у ученика 140,4; Проверяющий зачеркнул 140,4 и написал 135","[computational] В высушенных фруктах воды 25%, значит сухого вещества 75%, а не 78% (число 0,78 перенесено из задачи 109). Правильно: 45·0,75 = 33,75 кг сухого вещества. | [computational] Из-за неверного первого шага ответ завышен. Верно: 33,75/0,25 = 135 кг.","140,4 кг",135 кг
W028,dev,114,1,1,correct,False,"Ответ 288 кг, проверяющий поставил +",,288 кг,288 кг
W028,dev,117,0,0,incorrect,False,"Перепутаны доли: 396·0,77 и деление на 0,14. Верно: сухого вещества 396·0,14 = 55,44 кг; 55,44 : 0,77 = 72 кг, у ученика 2178; Проверяющий зачеркнул ответ и написал 72","[conceptual] Умножать массу свежих фруктов надо на долю сухого вещества в свежих фруктах (100−86 = 14%, т.е. 0,14), а не на 0,77 (это доля сухого вещества в высушенных). | [conceptual] Сухое вещество свежих (396·0,14 = 55,44 кг) сохраняется, и его доля в высушенных 77%, значит высушенных 55,44/0,77 = 72 кг.",2178 кг,72 кг
W028,dev,120,,0,incorrect,False,"Начато, не доведено: 350·0,7 = 245 (неверный подход, верно 350·0,12 : 0,7 = 60), ответа нет; нет отметки проверяющего","[conceptual] Умножать массу свежих надо на долю сухого вещества в свежих фруктах (100−88 = 12%, т.е. 0,12), а 0,70 — это доля сухого вещества в высушенных фруктах. | [conceptual] Правильно: сухое вещество свежих 350·0,12 = 42 кг; его доля в высушенных 70%, поэтому высушенных 42/0,7 = 60 кг.","245 · 100/12 (ответ не доведён, зачёркнут)",60 кг
W028,dev,121,1,1,correct,False,"Ответ 13, проверяющий поставил +",,13,13
W028,dev,124,0,0,incorrect,False,"Ошибки в преобразованиях: уравнение записано как 60/(x+10) − 60/x = 3 (знак), 20(x+10) записано как 2(x+10), D = 64 − 80 посчитано как 144; x = 10 получено случайно. Верно: 60/x − 60/(x+10) = 3, x² + 10x − 200 = 0, x = 10; В ответ выписана скорость второго рабочего (10 вместо 20) — по правилам это не ошибка, отдельной строкой не считается. Исправлено: при смене правил строка с реальными ошибками по ошибке стала 1","[computational] Порядок дробей перепутан (левая часть отрицательна). Должно быть 60/x − 60/(x+10) = 3. | [conceptual] Найдено x = 10 — это скорость второго рабочего (по таблице II: x). Вопрос задачи — сколько делает первый, т.е. x+10 = 20.",10,20
W028,dev,126,0,0,incorrect,True,"Корни найдены с ошибкой: для −x² − 6x + 280 = 0 деление на 2 вместо 2a = −2, получено x = 20 вместо x = 14 (скорость второго); затем не прибавлено 6. Две ошибки компенсировались, ответ 20 совпал с верным (14 + 6 = 20); Проверяющий поставил +","[computational] В уравнении −x²−6x+280 = 0 коэффициент a = −1, поэтому 2a = −2, и корни (6±34)/(−2) = −20 и 14. Положительный корень x = 14, а не 20. Тогда скорость первого x+6 = 20.",20,20
W028,dev,127,1,1,correct,False,"Политика 30.09, п. 1.3 — замечание, не ошибка (rules/policy.csv). Было: Не ошибка по правилам (рассуждения верны, неверно выписан ответ / не сделан последний шаг): Описка в ответе: в решении x = 13, в ответ записано 23 (√D = 23). Также в строке «130x − 130(x−3) = 3x² − 3x» справа должно быть 3x² − 9x (далее уравнение x² − 3x − 130 = 0 верное); проверяющий исправил первую цифру ответа красной «1» и поставил +; под ней видна синяя 2","[presentation] В решении верно получен корень x = 13 (скорость второй трубы), но в ответ выписано число 23 — это √D. В ответ надо было записать 13.",23,13
W028,dev,129,1,1,correct,False,"Ответ 26, проверяющий поставил +",,26,26
W028,dev,132,0,0,incorrect,False,"Для −x² − 6x + 280 = 0 деление на 2 вместо 2a = −2: получено x = 20 вместо 14. Ответ 20 (скорость второй трубы), верно 14; Проверяющий дописал «− 6 = 14»; несколько зачёркнутых попыток","[computational] В уравнении −x²−6x+280 = 0 коэффициент a = −1, значит 2a = −2; корни (6±34)/(−2) = −20 и 14. Положительный корень x = 14, а не 20.",20,14
W029,dev,97,1,1,correct,False,"Номера по сборнику «Задачник ОГЭ 2026 (тренажер)», задание 21 (task_2); у ученика номер подписан неразборчиво («№9…»), по числам (10 кг, 16 кг, 55%, 61%) это №97. Ответ 87%, проверяющий поставил +",,87%,87%
W029,dev,121,1,1,correct,False,"Ответ 13 деталей, проверяющий поставил +",,13 д/ч,13 деталей в час
W029,dev,127,1,1,correct,False,"Ответ 13 л/мин, проверяющий поставил +",,13 л/м,13 литров в минуту
W030,dev,97,1,1,correct,False,"Номера по сборнику «Задачник ОГЭ 2026 (тренажер)», задание 21 (task_2); номер у ученика неразборчив, по числам это №97. Ответ 87%, проверяющий поставил +","[notational] Похоже, описка: в уравнении для общей массы должно быть 10 + 16 = 26, а не 10x + 16 = 26. На дальнейшее решение не повлияло.",87 %,87 %
W030,dev,109,1,1,correct,False,"Ответ 78 кг, проверяющий поставил +. После «x = 1716 : 22 = 78» есть лишняя строка «x = 79» (описка), в ответе 78","[presentation] После x = 1716 : 22 = 78 далее случайно написано x = 79, но в ответе исправлено на 78 кг; это описка.",78 кг,78 кг
W031,dev,Б1-1,1,1,correct,False,"Нумерация: Б1 — блок 1 (ФИПИ), Б2 — блок 2 (расширенная версия) раздела «15. Треугольники». Проверяющий поставил +",,37,37
W031,dev,Б1-2,1,1,correct,False,Проверяющий поставил +,,9,9
W031,dev,Б1-3,1,1,correct,False,Проверяющий поставил +,,76,76
W031,dev,Б1-4,1,1,correct,False,Проверяющий поставил +,,48,48
W031,dev,Б1-5,1,1,correct,False,Проверяющий поставил +,,28,28
W031,dev,Б1-6,1,1,correct,False,Проверяющий поставил +,,56,56
W031,dev,Б1-7,1,0,incorrect,False,Проверяющий поставил +,"[computational] 90−55=35, а не 45. Второй острый угол прямоугольного треугольника равен 35°.",45,35
W031,dev,Б1-8,1,1,correct,False,Проверяющий поставил +,,27,27
W031,dev,Б1-9,1,1,correct,False,Проверяющий поставил +,,44,44
W031,dev,Б1-10,1,1,correct,False,Проверяющий поставил +,,231,231
W031,dev,Б1-11,1,1,correct,False,Проверяющий поставил +,,20,20
W031,dev,Б1-12,1,1,correct,False,Проверяющий поставил +,,26,26
W031,dev,Б1-13,1,1,correct,False,Проверяющий поставил +,,21,21
W031,dev,Б1-16,1,1,correct,False,"Режим training (data/cards/modes.csv), политика п. 1.1 — замечание. Было: Ответ не на вопрос: найдена гипотенуза AB = 41, а радиус описанной окружности R = AB/2 = 20,5 Проверяющий дописал «:2»","[presentation] Гипотенуза найдена верно. Для радиуса описанной окружности нужно разделить гипотенузу на 2: R=41/2=20,5. Последний шаг не записан, но решение по сути верное.","AB=41, радиус не выписан","20,5"
W031,dev,Б1-17,1,1,correct,False,Проверяющий поставил +,,"0,6","0,6"
W031,dev,Б1-18,1,1,correct,False,Проверяющий поставил +,,"0,85","0,85"
W031,dev,Б1-19,0,0,incorrect,False,"tgB = AC/BC = 22/11 = 2, у ученика перевёрнуто: 11/22 = 0,5; Проверяющий обвёл дробь и исправил 0,5 на 2","[conceptual] Для угла B тангенс равен отношению противолежащего катета к прилежащему: tgB=AC/BC=22/11=2, а не BC/AC=11/22=0,5.","0,5",2
W031,dev,Б1-20,1,1,correct,False,Только sinB = 5/8 и ответ 20 без выкладок; проверяющий поставил +,,20,20
W031,dev,Б1-21,1,1,correct,False,Проверяющий поставил +,,24,24
W031,dev,Б1-22,1,1,correct,False,Ответ 28 без выкладок; проверяющий поставил +,,28,28
W031,dev,Б2-1а,0,1,correct,True,"Неверный ответ: по рисунку 2α + 66° = 180°, α = 57°; у ученика 114 : 3 = 38; (180 − 66) : 3 = 38; проверяющий поставил +; Проверяющий поставил +. Исправлено после повторной разметки и сверки с ключом",,38,38
W031,dev,Б2-1б,1,1,correct,False,(180 − 110) : 2 = 35; проверяющий поставил +,,35,35
W031,dev,Б2-2,1,1,correct,False,Самоисправление 63 → 58; проверяющий поставил +,,58,58
W031,dev,Б2-3,1,1,correct,False,Проверяющий поставил +,,64,64
W031,dev,Б2-26,0,1,correct,False,"Медианы делятся точкой пересечения 2:1 от вершины: AO = 2/3·36 = 24, у ученика AO = AN : 2 = 18; Проверяющий исправил 18 на 24",,18,18
W031,dev,Б2-27,1,1,correct,False,Проверяющий поставил +,,88,88
W032,dev,Б1-1,1,1,correct,False,"Нумерация: Б1 — блок 1 (ФИПИ), Б2 — блок 2 (расширенная версия) раздела «15. Треугольники». Проверяющий поставил +",,37°,37°
W032,dev,Б1-2,1,1,correct,False,Проверяющий поставил +,,9,9
W032,dev,Б1-3,1,1,correct,False,Проверяющий поставил +,,76,76
W032,dev,Б1-4,1,1,correct,False,Проверяющий поставил +,,48,48
W032,dev,Б1-5,1,1,correct,False,Проверяющий поставил +,,28°,28°
W032,dev,Б1-6,1,1,correct,False,Проверяющий поставил +,,56,56
W032,dev,Б1-7,1,1,correct,False,Проверяющий поставил +,,35,35
W032,dev,Б1-8,1,1,correct,False,Проверяющий поставил +,,27,27
W032,dev,Б1-9,1,1,correct,False,Проверяющий поставил +,,44,44
W032,dev,Б1-10,1,1,correct,False,Проверяющий поставил +,,231,231
W032,dev,Б1-11,1,1,correct,False,"38/19 = 40/MN, MN = 20 (ответ обведён у края листа, «Ответ: 20» на след. странице); проверяющий поставил +",,20,20
W032,dev,Б1-12,1,1,correct,False,Проверяющий поставил +,,26,26
W032,dev,Б1-13,1,1,correct,False,После №13 полностью зачёркнутый фрагмент (номер не определить) — не размечен; проверяющий поставил +,,21,21
W032,dev,Б1-16,1,1,correct,False,"R = AB/2 = 41/2 = 20,5; проверяющий поставил +",,"20,5","20,5"
W032,dev,Б1-17,1,1,correct,False,Проверяющий поставил +,,"0,6","0,6"
W032,dev,Б1-18,1,1,correct,False,Проверяющий поставил +,,"0,85","0,85"
W032,dev,Б1-19,1,1,correct,False,Проверяющий поставил +,,2,2
W032,dev,Б1-20,1,1,correct,False,Проверяющий поставил +,,20,20
W032,dev,Б1-21,1,1,correct,False,Проверяющий поставил +,,24,24
W032,dev,Б1-22,1,1,correct,False,Проверяющий поставил +,,28,28
W032,dev,Б2-1а,0,1,correct,True,"Неверный ответ: по рисунку 2α + 66° = 180°, α = 57°; у ученика (180 − 66) : 3 = 38; Проверяющий поставил +. Исправлено после аудита по ключу",,38°,38°
W032,dev,Б2-1б,1,1,correct,False,Проверяющий поставил +,,35°,35°
W032,dev,Б2-2,1,1,correct,False,Проверяющий поставил +,,58,58
W032,dev,Б2-3,1,1,correct,False,Проверяющий поставил +,,64,64
W032,dev,Б2-4,1,1,correct,False,"AB = AM = 7, AC = 14; проверяющий поставил +",,14,14
W032,dev,Б2-5,1,1,correct,False,"MH = HC = 2,5, AH = 10 − 2,5 = 7,5; проверяющий поставил +",,"7,5","7,5"
W032,dev,Б2-6,1,1,correct,False,"MH = HC = 34 ⇒ △BMC равнобедренный, ∠AMB = 180 − 49 = 131; проверяющий поставил +",,131,131
W032,dev,Б2-7,1,1,correct,False,180 − 29 − 39 = 112; проверяющий поставил +,,112,112
W032,dev,Б2-8,1,1,correct,False,"25,5 + 38,5 = 64, ∠NAM = 116; проверяющий поставил +",,116,116
W032,dev,Б2-9,,0,not_solved,False,"Начато, не доведено: только ∠ALB = 180 − 146 = 34, отделено чертой; нет отметки проверяющего",,—,—
W035,dev,7.5,1,1,correct,False,"Нумерация: «Задание N, пункт k» → N.k. Проверяющий поставил +",,-3; 2,-3; 2
W035,dev,7.6,1,1,correct,False,Ответ −4; 1; проверяющий поставил +,,-4; 1,-4; 1
W035,dev,7.7,1,1,correct,False,Ответ −4; 2; проверяющий поставил +,,-4; 2,-4; 2
W035,dev,8.8,0,0,incorrect,False,"Ошибка в знаке: из 8x − 10 = y записано y = 10 − 8x; получено 4x² + 3x − 10 = 0, x = −2; 1,25. Верно 4x² − 13x + 10 = 0, x = 2; 1,25; Проверяющий обвёл 8x − 10 = y и 10 − 8x, написал y = 8x − 10 и «?» | Ответ без значений y (записано «−2; 1,25»); верный ответ (2; 6), (1,25; 0)","[computational] При выражении y из второго уравнения 8x−10=y должно быть y=8x−10, а не 10−8x. Знак потерян, поэтому уравнение и корни получились неверными. | [conceptual] Для системы уравнений в ответ нужно записывать пары (x;y). Кроме того, найденные x не удовлетворяют исходной системе из-за ошибки в выражении y. Верные решения: (2;6) и (5/4;0).","-2; 1,25","(2; 6), (5/4; 0)"
W035,dev,8.12,0,0,incorrect,False,"При x = −1 подставлено −5x вместо −5x²: y = 12 + 5 = 17; верно y = 12 − 5·1 = 7. Ответ (1; 7), (−1; 17) неверен, верно (±1; 7); Проверяющий: «там x² = 1 и всё, то есть y = 7 всегда»","[computational] При x=-1 значение x^2=1, поэтому y=12−5·1=7, а не 17. Второе решение — (-1;7).",(1; 7); (-1; 17),"(1; 7), (-1; 7)"
W035,dev,9.4,1,1,correct,False,"Первая попытка (markup_2): найден только x = 3, без y; переделано на markup_6 — ответ (3; 4), (3; −4), проверяющий поставил +",,"(3; 4), (3; -4)","(3; 4), (3; -4)"
W035,dev,9.8,0,0,incorrect,True,"Не найдены значения y: в ответе только x = 3; верный ответ (3; 3), (3; −3); Проверяющий поставил + с комментарием «но ещё y надо найти»","[conceptual] Найдено только x=3, но не найдены соответствующие значения y. После подстановки x=3 в первое уравнение получаем 27+2y^2=45, откуда y^2=9, y=±3. В ответе должны быть пары (3;3) и (3;−3), а не только x.",3,"(3; 3), (3; -3)"
W035,dev,9.12,1,1,correct,False,"Ответ (3; 7), (4; 5) исключено по ОДЗ; проверяющий поставил +. Вверху markup_6 — ещё одна концовка того же решения с ответом (3; 7)",,(3; 7),(3; 7)
W036,dev,3,1,1,correct,False,,,110°,110°
W036,dev,4,1,1,correct,False,,,94°,94°
W036,dev,5,1,1,correct,False,,,"∠A=39°, ∠B=39°",39°
W036,dev,6,1,1,correct,False,,,33°,33°
W036,dev,7,1,1,correct,False,,,36°,36°
W036,dev,8,1,1,correct,False,,,32°,32°
W036,dev,9,1,1,correct,False,,,34°,34°
W036,dev,10,1,1,correct,False,,,26°,26°
W036,dev,11,1,1,correct,False,,,42°,42°
W036,dev,12,1,1,correct,False,,,38°,38°
W036,dev,13,1,1,correct,False,,,55°,55°
W036,dev,14,1,1,correct,False,,,73°,73°
W036,dev,15,1,1,correct,False,,,64°,64°
W036,dev,16,1,1,correct,False,,,59°,59°
W036,dev,17,1,1,correct,False,,,24°,24°
W036,dev,18,1,1,correct,False,,,28°,28°
W036,dev,19,1,1,correct,False,,,29°,29°
W036,dev,20,1,1,correct,False,,,25°,25°
W036,dev,21,0,0,incorrect,False,"Неверное утверждение ∠ABD = ∠BAD = 45° (∠BAD — острый угол треугольника, он не равен 45°); Проверяющий: «почему BAD = 45?»; в ответ выписан данный угол 14°, хотя нужный 31° найден — по правилам не ошибка","[conceptual] Требовалось найти меньший угол прямоугольного треугольника, а не данный угол между высотой и биссектрисой. Меньший угол равен 45° − 14° = 31°.",14°,31°
W036,dev,22,0,0,incorrect,True,"Неверное утверждение ∠ABD = ∠BAD = 45° в решении (как в №21, 23, 24); на ответ не влияет; Ответ 11 верный; проверяющий поставил +",[conceptual] Неверное равенство: ∠BAD не равен 45° (он равен острому углу A). Однако это не повлияло на верный ответ 11°.,11°,11°
W036,dev,23,0,0,incorrect,False,"Неверное утверждение ∠ABD = ∠BAD = 45° (острый угол ∠BAx не равен 45°); на ответ не влияет; В ответ выписан данный угол, хотя нужный найден в первой строке (записан данный угол 9°, верно 45° − 9° = 36°) — по правилам это не ошибка; Проверяющий исправил на 36 и отметил «неправда» у ∠ABD = ∠BAD = 45°","[conceptual] Требовалось найти меньший угол, а не данный угол. Меньший угол равен 45° − 9° = 36°.",9°,36°
W036,dev,24,0,0,incorrect,False,"Неверное утверждение ∠ABD = ∠BAD = 45° (острый угол ∠BAx не равен 45°); на ответ не влияет; В ответ выписан данный угол, хотя нужный найден в первой строке (записан данный угол 23°, верно 45° − 23° = 22°) — по правилам это не ошибка; Проверяющий исправил на 22; «нет :)» у ∠ABD = ∠BAD = 45°","[conceptual] Надо было найти меньший угол; он равен 45° − 23° = 22°, а в ответ выписан данный угол 23°.",23°,22°
W036,dev,25,0,0,incorrect,False,"Неверное утверждение ∠ABE = ∠BAE = 45° (острый угол ∠BAx не равен 45°); на ответ не влияет; В ответ выписан данный угол, хотя нужный найден в первой строке (записан данный угол 12° между биссектрисой и медианой; меньший угол 45° − 12° = 33° (ученик сам получил 33 в первой строке)) — по правилам это не ошибка; Проверяющий: «неверно» у ∠ABE = ∠BAE","[conceptual] Требовался меньший угол треугольника, а не данный угол между биссектрисой и медианой. Меньший угол равен 45° − 12° = 33°.",12°,33°
W036,dev,26,0,0,incorrect,False,"Неверное утверждение ∠ABE = ∠BAE = 45° (острый угол ∠BAx не равен 45°); на ответ не влияет; В ответ выписан данный угол, хотя нужный найден в первой строке (записан данный угол 19°; верно 45° − 19° = 26°) — по правилам это не ошибка; Проверяющий зачеркнул ответ и написал число (читается как 25/26); ∠ABE = ∠BAE перечёркнуто","[conceptual] Надо найти меньший угол: 45° − 19° = 26°, а не данный угол.",19°,26°
W036,dev,27,0,0,incorrect,False,"Неверное утверждение ∠ABE = ∠BAE = 45° (острый угол ∠BAx не равен 45°); на ответ не влияет; В ответ выписан данный угол, хотя нужный найден в первой строке (записан данный угол 14°; верно 45° − 14° = 31°) — по правилам это не ошибка; Проверяющий перечеркнул ∠ABE = ∠BAE","[conceptual] Требовался меньший угол: 45° − 14° = 31°, а не данный угол.",14°,31°
W036,dev,28,0,0,incorrect,False,"Неверное утверждение ∠ABE = ∠BAE = 45° (острый угол ∠BAx не равен 45°); на ответ не влияет; В ответ выписан данный угол, хотя нужный найден в первой строке (записан данный угол 18°; верно 45° − 18° = 27°) — по правилам это не ошибка; Проверяющий исправил на 27","[conceptual] Надо было найти меньший угол: 45° − 18° = 27°, а не данный угол.",18°,27°
W036,dev,29,1,1,correct,False,Страница с №29–30 сфотографирована дважды (solution_1 и solution_13),,78°,78°
W036,dev,30,1,1,correct,False,,,16°,16°
W036,dev,31,1,1,correct,False,,,34°,34°
W036,dev,32,1,1,correct,False,,,84°,84°
W036,dev,33,1,1,correct,False,,,38°,38°
W036,dev,34,1,1,correct,False,,,32°,32°
W036,dev,35,1,1,correct,False,,,64°,64°
W036,dev,36,0,0,incorrect,False,"Вычислительная ошибка: при ∠C = 105°, ∠CAD = 7° угол A = 14°, ∠B = 180 − 14 − 105 = 61°, а не 63° (подставлено не то значение ∠C); Проверяющий исправил: 14, 105 ⇒ 61","[computational] В условии ∠CAD = 7°, поэтому ∠BAC = 14°, а не 12°. Тогда ∠B = 180° − 105° − 14° = 61°.",63°,61°
W036,dev,38,1,1,correct,False,,,24°,24°
W037,dev,575,1,1,correct,False,Отрезки 18 и 32 мм; проверяющий поставил +,,18 мм и 32 мм,18 мм и 32 мм
W037,dev,576,1,0,not_solved,False,Гипотенуза 61 см; проверяющий поставил +. Начало решения на фото не видно,,зачёркнуто: c=25+36=61 (ошибочно; решения нет),61 см
W037,dev,577,1,1,correct,False,Отрезки 25/13 и 144/13 см; проверяющий поставил +. Подписано «№547» (описка в номере),,"AH=25/13 см, HC=144/13 см","AH=25/13 см, HC=144/13 см"
W037,dev,579,1,1,correct,False,"A₁C₁ = 3,15 м; проверяющий поставил +",,"A1C1 = 3,15 м","3,15 м"
W037,dev,580,1,1,correct,False,"Высота 6,936 м; проверяющий поставил +. обведённый ответ читается как 6,9836 или 6,936 (в столбике 6,936)",,"6,936 м","6,936 м"
W037,dev,581,0,0,incorrect,False,"Неверная пропорция: вместо AD = 120 см = 1,2 м взято 0,12, отношение 4,8 : 0,12 = 40 вместо 4,8 : 1,2 = 4; ответ 66 м; Проверяющий: «немного непонятно…» | Взята высота AC = 165 см вместо AB = AC − BC = 153 см (луч попадает в глаз B). Верно FE = 1,53 · 4 = 6,12 м","[conceptual] Для отражения луча в глаз человека (точка B) нужно рассматривать подобные треугольники ABD и FDE, а не CDA и FDE. | [conceptual] Равенство углов выбрано неверно: в треугольнике FDE прямой угол при E, в треугольнике ABD прямой угол при A; соответствие сторон другое. | [computational] Неверно подставлены стороны: вместо AD=120 см=1,2 м взято BC=12 см=0,12 м; FD — гипотенуза, а не высота дерева. | [computational] Из-за неверной пропорции получен 66 м; правильное решение: AB=AC−BC=165−12=153 см=1,53 м; FE/AB=DE/AD, FE=1,53·4,8/1,2=6,12 м.",66 м,"6,12 м"
W038,dev,575,1,1,correct,False,Отрезки 18 и 32 мм; проверяющий поставил +,"[notational] в записи потерян квадрат у гипотенузы и единицы измерения (нужно 50^2 мм^2), но вычисления выполнены верно.",18 мм и 32 мм,18 мм и 32 мм
W038,dev,576,,0,not_solved,False,"Начато, не доведено (дошёл до c = x + x + 11); нет отметки проверяющего",,нет ответа (записано только c=x+x+11),61 см
W038,dev,577,1,0,incorrect,False,"Политика 30.09, п. 8.4 — замечание, не ошибка (rules/policy.csv). Было: Ответ округлён: h ≈ 4,6, b_c ≈ 2, a_c = 11; точные отрезки 25/13 и 144/13 см (≈1,92 и 11,08) Проверяющий зачеркнул ответ «2 см; 11 см»","[conceptual] треугольник со сторонами 5, 12, 13 прямоугольный, и отрезки гипотенузы находятся по формулам проекций катетов: a^2/c и b^2/c, т.е. 25/13 и 144/13, а не через высоту с приближёнными вычислениями. | [computational] округление 60/13≈4,6 и √3,9≈2 меняет ответ: точное значение √(25−3600/169)=25/13≈1,92 см.",2 см и 11 см,"25/13 см ≈ 1,9 см и 144/13 см ≈ 11,1 см"
W038,dev,579,1,0,incorrect,False,"Политика 30.09, п. 8.5 — замечание, не ошибка (rules/policy.csv). Было: Округление коэффициента: k = 6,3/3,4 ≈ 1,8, A₁C₁ ≈ 3 м; верно 1,7 · 6,3 / 3,4 = 3,15 м Проверяющий поставил ✗","[computational] 6,3/3,4≈1,85, а не 1,8; при преждевременном округлении ответ искажается. Правильно: A_1C_1=1,7·6,3/3,4=3,15 м.",≈3 м,"3,15 м"
W038,dev,580,1,0,incorrect,False,"Политика 30.09, п. 8.5 — замечание, не ошибка (rules/policy.csv). Было: Округление коэффициента: k = 10,2/2,5 ≈ 4,1 (точно 4,08), ответ ≈ 7 м; верно 1,7 · 4,08 = 6,936 м Проверяющий поставил ✗","[computational] 10,2/2,5=4,08; при округлении до 4,1 и последующем округлении получается 7 м, тогда как точно 1,7·10,2/2,5=6,936≈6,9 м.",≈7 м,"≈6,9 м (6,936 м)"
W038,dev,581,0,1,correct,False,"Взята высота AC = 1,65 м вместо AB = AC − BC = 1,53 м (глаз в точке B): FE = 1,65 · 4 = 6,6; верно 1,53 · 4 = 6,12 м; Проверяющий зачеркнул 6,6 и написал 6,12",,"6,6 м","6,6 м"
W041,dev,7.5,0,1,correct,False,"Вычислительная ошибка: x₂ = 4/2 = 2, у ученика записано другое число (вероятно 4); ответ «−3; 4» вместо −3; 2; Нумерация: «Задание N, пункт k» → N.k. Проверяющий исправил на 2 в x₂ и в ответе. исходная цифра под исправлением неразборчива (4 или 1)","[presentation] В ответе описка: второй корень должен быть 2, а не 4. Корни уравнения x^4=(x-6)^2 найдены верно: -3 и 2.",-3; 4,-3; 2
W041,dev,7.6,1,1,correct,False,Ответ −4; 1; проверяющий поставил +,,"-4, 1","-4, 1"
W041,dev,7.7,1,1,correct,False,Ответ −4; 2; проверяющий поставил +,,"-4, 2","-4, 2"
W041,dev,8.4,0,0,incorrect,False,"Ошибка в формуле корней: взято b вместо −b, x = (−16 ± 6)/10 = −2,2; −1; верно x = (16 ± 6)/10 = 2,2; 1. Ответ (−2,2; −22), (−1; −16) неверен, верно (1; −6), (2,2; 0); Проверяющий обвёл −b в формуле: «у нас же по формуле −b»","[computational] В формуле корней квадратного уравнения потерян знак: для 5x^2-16x+11=0 корни равны x=(16±6)/10, а не (-16±6)/10. Поэтому x=1 и x=11/5=2,2, а не -1 и -2,2. Тогда y=5x-11: при x=1 y=-6, при x=2,2 y=0.","(-2,2; -22) (-1; -16)","(1; -6), (2,2; 0)"
W041,dev,8.8,1,1,correct,False,"Ответ (1,25; 0), (2; 6); проверяющий поставил +. В записи системы 4x² − 5 = y пропущен x (описка)",,"(1,25; 0) (2; 6)","(1,25; 0) (2; 6)"
W041,dev,8.12,0,0,incorrect,False,"Ошибка в знаке: из 9x² − y = 2 выражено y = 2 − 9x², верно y = 9x² − 2; Проверяющий написал y = 9x² − 2 и грустный смайлик | Ошибка переноса: из 12 − 5x² = 2 − 9x² получено −9x² + 5x² = 2 − 12 (x² = 2,5), верно 4x² = −10. Ответ (±√2,5; −0,5) неверен, верно (±1; 7)","[conceptual] Из второго уравнения 9x^2-y=2 следует y=9x^2-2, а не 2-9x^2. Систему удобно решить сложением: 14x^2=14, x^2=1, x=±1, y=7.","(√2,5; -0,5) (-√2,5; -0,5)","(1; 7), (-1; 7)"
W041,dev,9.4,1,1,correct,False,"Ответ (3; 4), (3; −4); проверяющий поставил +",,"(3;4), (3;-4)","(3;4), (3;-4)"
W041,dev,9.8,1,1,correct,False,"Ответ (3; 3), (3; −3); проверяющий поставил +",,"(3;3), (3;-3)","(3;3), (3;-3)"
W041,dev,9.12,0,0,incorrect,False,"Ошибка в знаке: y − 5 = 2x + 2y − 18 преобразовано в 2x + y + 13 = 0, верно 2x + y − 13 = 0; дальше при x = 4 из 8 + y + 13 = 0 записано y = 21. Верно: при x = 4 y = 5 (исключено ОДЗ); Проверяющий исправил знак перед 13. ОДЗ x + y ≠ 9 выписано (проверяющий: «Умничка!!!») | Из (y − 7) = 0 подставлено x = 7 вместо y = 7; ответ (4; 21), (7; 27) неверен, верно (3; 7); Проверяющий обвёл y в «Если y = 7». Концовка решения продублирована вверху markup_1","[conceptual] Произведение (x-4)(y-7)=0 даёт x=4 или y=7, а не x=4 или x=7. Случай y=7 не рассмотрен; именно он даёт решение x=3, то есть (3;7). | [computational] При раскрытии скобок должно получиться y-5=2x+2y-18, откуда 2x+y-13=0, а не 2x+y+13=0. Из-за этого y при x=4 и x=7 найдены с неверным знаком.",(4;21); (7;27),(3;7)
W042,dev,8.4,0,0,incorrect,False,"Ошибка в формуле корней: знаменатель 5 вместо 2a = 10, x = (16 ± 6)/5 = 2; 4,4; верно x = 2,2; 1. Ответ (2; −1), (4,4; 11) неверен, верно (1; −6), (2,2; 0); Нумерация: «№N (k)» → N.k (Задание N, пункт k). Проверяющий зачеркнул только (4,4; 11), хотя (2; −1) тоже неверна. красные «+»/«−» в строке 5x² − 11x … 5x … 11 = 0 — неясно, что исправлено; следующая строка 5x² − 16x + 11 = 0 верна","[computational] В формуле корней квадратного уравнения 5x^2-16x+11=0 знаменатель равен 2a=10, а не 5. Правильно: x=(16±6)/10, откуда x=1 или x=11/5. | [computational] Из-за неверного нахождения корней подстановка y=5x-11 дала неверные пары. Верные решения: (1; -6) и (11/5; 0).","(2; -1); (4,4; 11)","(1; -6), (11/5; 0)"
W042,dev,8.8,1,1,correct,False,"Ответ (2; 6), (1,25; 0); проверяющий поставил +",,"(2; 6); (1,25; 0)","(2; 6), (5/4; 0)"
W042,dev,8.12,1,1,correct,False,"Ответ (1; 7), (−1; 7); проверяющий поставил +",,(1; 7); (-1; 7),"(1; 7), (-1; 7)"
W042,dev,9.4,0,0,incorrect,False,"Потерян корень y = −4: из y² = 16 записано y = 4; ответ (3; 4), верно (3; 4), (3; −4); Проверяющий дописал ± к y = 4",[conceptual] Уравнение y^2=16 имеет два корня: y=4 и y=-4. Поэтому кроме (3; 4) есть второе решение (3; -4). Потерян корень.,(3; 4),"(3; 4), (3; -4)"
W043,dev,1,1,1,correct,False,,,106,106
W043,dev,2,1,1,correct,False,,,98,98
W043,dev,4,0,0,incorrect,False,"Ошибка в вычислении: 180 − 86 = 94, а не 104; Проверяющий исправил: 180 − 86 = 94","[computational] ∠A=∠B=43° — верно, но 180−86=94, а не 104. Угол C равен 94°.",104,94
W043,dev,6,1,1,correct,False,,,33,33
W043,dev,8,1,1,correct,False,,,32,32
W043,dev,9,1,1,correct,False,,,34,34
W043,dev,10,1,1,correct,False,,,26,26
W043,dev,12,1,1,correct,False,,,38,38
W043,dev,13,1,1,correct,False,,,55,55
W043,dev,14,1,1,correct,False,,,73,73
W043,dev,16,1,1,correct,False,,,59,59
W043,dev,17,1,1,correct,False,,,24,24
W043,dev,18,1,1,correct,False,Ответ исправлен самим учеником (27 → 28),,28,28
W043,dev,19,1,1,correct,False,,,29,29
W043,dev,21,0,0,incorrect,False,Неверное утверждение ∠MCA = ∠A = 85° и ответ 5°; меньший угол равен 45° − 14° = 31°; Проверяющий: «почему?»,"[conceptual] Углы найдены неверно. Угол между высотой и биссектрисой равен |45°−∠B|=14°, значит острые углы 31° и 59°, меньший 31°.",5,31
W043,dev,22,0,0,incorrect,False,"Неверное утверждение ∠A = ∠ACM = 45°; из найденного ∠D = 79° следует ∠A = 90° − 79° = 11°; Проверяющий: «почему?», дописал ∠A = 90° − ∠D = 11","[conceptual] Угол A не равен 45°. Из |45°−∠B|=34° острые углы 11° и 79°, меньший 11°. (Промежуточное 45−34=11 было верным, но ответ выписан неверно.)",45,11
W043,dev,23,0,0,incorrect,False,"Ответ записан неверно, верный ответ 36°; Проверяющий исправил первую цифру ответа на 3 — проверь по фото, какое число было у ученика; ход решения верный","[computational] 90−54=36, а не 46. Меньший острый угол равен 36°.",46,36
W043,dev,24,0,0,incorrect,False,Неверно переписано число: ∠DBC = 45° − 23° = 22°; дальше ответ 20° вместо 22°; Проверяющий: «неправильно переписал»,"[computational] В условии угол 23°, а не 25°. Правильно: |45°−∠B|=23° → острые углы 22° и 68°, меньший 22°.",20,22
W043,dev,25,1,1,correct,False,"Ответ 33 (∠A = ∠ABF, △ABF равнобедренный — медиана к гипотенузе); у проверяющего «???» у этого шага без +, итоговый ответ явно не выписан",,33,33
W043,dev,26,1,1,correct,False,,,26,26
W043,dev,28,1,1,correct,False,,,27,27
W043,dev,29,1,1,correct,False,,,78,78
W043,dev,30,0,0,incorrect,False,"Ошибка в вычислении: 90 − 74 = 16, у ученика другое число; Проверяющий исправил на 16","[computational] 37+37=74, а не 72; 90−74=16. Угол между высотой и медианой равен |53°−37°|=16°.",18,16
W043,dev,31,0,0,incorrect,False,"Ошибка в вычислении: 90 − 56 = 34, а не 44; Проверяющий исправил на 34","[conceptual] Углы определены неверно: угол между высотой и медианой равен |62°−28°|=34°. Кроме того, 22+28=50, а не 55.",44,34
W043,dev,34,,0,incorrect,False,"Не дорешано: первая попытка зачёркнута, во второй ∠B = 90 − 61 = 29 (перепутан данный угол), ответа нет; проверяющий нарисовал кота","[conceptual] Перепутаны углы: ∠HCB=90°−61°=29°, ∠MCB=∠B=61°, поэтому угол между высотой и медианой равен |61°−29°|=32°.",29,32
W046,dev,1,1,1,correct,False,"Нумерация — номера 1–60 варианта РЕШУ ОГЭ. Проверяющий поставил +. Вверху markup_1 фрагмент «а) 72/180…, б)…» — не из этого варианта, не размечен",,4,4
W046,dev,2,0,0,incorrect,False,"Неверный выбор варианта: a ≈ −0,5, a − 1 ≈ −1,5, 1/a ≈ −2, по убыванию a, a − 1, 1/a — ответ 1, у ученика 2; Проверяющий зачеркнул и написал 1","[conceptual] При a∈(-1;0) выполнено 1/a < a-1 < a, поэтому в порядке убывания: a, a-1, 1/a — вариант 1, а не 2.",2,1
W046,dev,3,1,1,correct,False,"√52 ≈ 7,2 — точка P; проверяющий поставил +",,3,3
W046,dev,4,0,0,incorrect,False,"Неверный выбор: a ≈ −2,3, верно −1 − a > 0 (ответ 2); у ученика 4 (a + 3 = 0,7 > 0, неравенство a + 3 < 0 неверно); Проверяющий исправил на 2","[conceptual] При a≈-2,3 верно -1-a>0, так как -1-(-2,3)=1,3>0. Верный вариант — 2.",4,2
W046,dev,5,0,0,incorrect,False,"5/9 ≈ 0,56, 11/17 ≈ 0,65 — между ними 0,6 (ответ 4), у ученика 3 (0,5); Проверяющий исправил на 4","[computational] 5/9≈0,555..., 11/17≈0,647; между ними расположено 0,6, вариант 4.",3,4
W046,dev,6,1,1,correct,False,Проверяющий поставил +,,3,3
W046,dev,7,1,1,correct,False,Проверяющий поставил +,,2,2
W046,dev,8,0,0,incorrect,False,"a ≈ −2,3, b ≈ 0,7: наибольшее −a ≈ 2,3 (ответ 2); у ученика 3; Проверяющий зачеркнул часть ответа и написал 2. ответ ученика читается как «3 2 4» / «3», какие цифры зачёркнуты — неясно","[conceptual] Наибольшим является -a, а не a-b. Верный вариант — 2.",4,2
W046,dev,9,1,0,not_solved,False,Проверяющий поставил +,,нет решения,4
W046,dev,10,1,1,correct,False,Проверяющий поставил +,,3,3
W046,dev,11,1,1,correct,False,Проверяющий поставил +,,2,2
W046,dev,12,1,1,correct,False,Проверяющий поставил +,,3,3
W046,dev,13,0,0,incorrect,False,"Ошибка в знаке при подстановке a = 2, b = −1: (−1 − 2)·2 = −6, у ученика 6 > 0; выбран вариант 1, верно 3 ((b − a)b > 0); Проверяющий исправил на 3","[conceptual] При a=2,b=-1 выражение (b-a)b = (-3)(-1)=3>0, а не (b-a)a. Верный вариант — 3.",1,3
W046,dev,14,1,1,correct,False,Проверяющий поставил +,,2,2
W046,dev,15,0,0,incorrect,False,"A — самая левая точка, наименьшее число 0,2 (ответ 1); у ученика 3; также 6/7 = 0,25 неверно (≈0,86); Проверяющий исправил на 1","[conceptual] Числа в порядке возрастания: 0,2; 6/7≈0,86; 0,95; 7/5=1,4. Точке A (левее всех) соответствует 0,2 — вариант 1.",3,1
W046,dev,16,,0,not_solved,False,"Начато, не доведено: вычислены 45/19 и 52/19, ответа нет; проверяющий написал 3",,нет ответа,3
W046,dev,17,0,0,incorrect,False,Спрашивается неверное утверждение: y − x < 0 неверно (ответ 1); ученик выбрал 2 (x²y > 0 — верно); Проверяющий исправил на 1,"[conceptual] Неверно утверждение 1: y-x>0, так как y>0, x<0. Верный вариант — 1.",2,1
W046,dev,18,1,1,correct,False,Проверяющий поставил +,,1,1
W046,dev,19,1,0,incorrect,False,Проверяющий поставил +,"[conceptual] Так как x<z<y, отрицательна разность x-y, вариант 3.",1,3
W046,dev,20,,0,not_solved,False,"Начато, не доведено: только деление 90 : 17, ответа нет; проверяющий написал 2",,нет ответа,3
W046,dev,21,,0,not_solved,False,"Начато, не доведено: дошёл до 432/576 = …, ответа нет (промежуточно 432/(−24), затем исправлено); проверяющий написал 0,75","[computational] При x=-21 знаменатель (x-3)^2=(-24)^2=576, а не -24. Правильное значение выражения 3/4=0,75.",нет ответа,"0,75"
W046,dev,22,1,1,correct,False,Проверяющий поставил +,,27,27
W046,dev,30,1,1,correct,False,"4⁻¹ = 0,25 — вариант 2; проверяющий поставил +",,2,2
W046,dev,39,1,1,correct,False,Проверяющий поставил +,,16,16
W046,dev,41,1,1,correct,False,Проверяющий поставил +,,"0,3","0,3"
W046,dev,42,1,1,correct,False,"Ответ 0,88; проверяющий поставил + и обвёл/дописал цифру 8. вторая цифра после запятой неразборчива (8 или 3)",,"0,88","0,88"
W046,dev,43,1,1,correct,False,Проверяющий поставил +,,"0,8","0,8"
W046,dev,44,0,0,incorrect,False,"Вычислительная ошибка: 0,6 · 0,4 · 0,4 = 0,096, у ученика ≈0,16; Проверяющий зачеркнул и написал 0,096. результат ученика неразборчив","[computational] 0,6·0,4·0,4=0,096, а не 0,96.","0,96","0,096"
W046,dev,45,1,1,correct,False,Проверяющий поставил +,,"0,94","0,94"
W046,dev,46,0,0,incorrect,False,"Частота рождения мальчика 0,532 сравнена с вероятностью девочки 0,488 (0,044); вероятность мальчика 1 − 0,488 = 0,512, разница 0,02; Проверяющий зачеркнул 0,044 и написал 0,02","[computational] Вероятность рождения мальчика равна 1-0,488=0,512; разность 0,532-0,512=0,02. Ученик сравнил с 0,488.","0,044","0,02"
W046,dev,47,1,1,correct,False,Проверяющий поставил +,,"0,1","0,1"
W046,dev,48,0,1,correct,False,"Вычислительная ошибка: 0,7 · 0,7 · 0,3 = 0,147, у ученика 0,1…7 (другие цифры); Проверяющий написал 0,147. результат ученика неразборчив",,"0,147","0,147"
W046,dev,49,0,0,incorrect,False,"Всего 4 участника жребия: 1/4 = 0,25; у ученика 1/2 = 0,5; Проверяющий зачеркнул и написал 0,25","[conceptual] Всего 4 равновероятных исхода, поэтому вероятность для Гали равна 1/4=0,25.","0,5","0,25"
W046,dev,50,1,0,incorrect,False,Проверяющий поставил +,"[conceptual] События несовместны, вероятность одной из двух тем равна 0,2+0,1=0,3, а не 1-0,3.","0,7","0,3"
W046,dev,51,1,1,correct,False,Проверяющий поставил +,,"0,5","0,5"
W046,dev,52,1,0,not_solved,False,"Режим training, политика п. 1.1 — замечание (найдено при офлайн-оценке политики 30.09). Было: Найдена вероятность для одного фонарика 0,98; для двух 0,98² = 0,9604 Проверяющий зачеркнул и написал 0,9604",,"1-0,02=0,98, далее нет","0,9604"
W046,dev,53,1,1,correct,False,Проверяющий поставил +,,"0,85","0,85"
W046,dev,54,1,1,correct,False,Проверяющий поставил +,,"0,9409","0,9409"
W046,dev,55,1,1,correct,False,Проверяющий поставил +,,"0,92","0,92"
W046,dev,56,1,1,correct,False,Проверяющий поставил +,,"0,75","0,75"
W046,dev,57,1,0,incorrect,False,"Режим training, политика п. 1.3 — замечание (найдено при офлайн-оценке политики 30.09). Было: Лишнее действие: искомая вероятность 0,45 + 0,35 = 0,8, ученик дальше записал 1 − 0,8 = 0,2 Проверяющий обвёл 0,8, + нет","[conceptual] Вероятность одной из двух несовместных тем равна 0,35+0,45=0,8; вычитать из 1 не нужно.","0,2","0,8"
W046,dev,58,1,1,correct,False,Проверяющий поставил +,,"0,4","0,4"
W046,dev,59,1,1,correct,False,Проверяющий поставил +,,"0,89","0,89"
W046,dev,60,1,1,correct,False,Проверяющий поставил +,,"0,2","0,2"
W051,dev,1,0,0,incorrect,False,"Ответ 8 неверный: при R=2√5 из R² = a² + (a/2)² получаем a² = 16, S = 16; Проверяющий дописал «·2 = 16». Нумерация — Блок 1. начало решения не попало на фото (видно только S=√8·√8, S=8, ответ 8); номер задачи предположительно 1 (R=2√5, ответ 16) по исправлению проверяющего; если решалась №3 (R=√10), ответ 8 верен","[conceptual] Неверно найдена площадь квадрата. Если сторона квадрата a, то расстояние от O до A равно R=\sqrt{a^2+(a/2)^2}=a\sqrt5/2=2\sqrt5, откуда a=4, площадь 16, а не 8.",8,16
W051,dev,9,1,0,not_solved,False,,,,78
W051,dev,13,1,0,not_solved,False,,,,81
W051,dev,15,1,0,not_solved,False,,,,36
W051,dev,17,1,0,not_solved,False,,,,138
W051,dev,21,1,0,not_solved,False,,,,33
W051,dev,25,1,0,not_solved,False,,,,5
W051,dev,27,1,0,not_solved,False,"Нет строки «Ответ», результат ∠NMB = 19 записан",,,40
W051,dev,29,1,1,correct,False,,,36,36
W051,dev,31,1,1,correct,False,,,56,56
W051,dev,35,1,1,correct,False,Над задачей зачёркнут заголовок «№33»,,8,8
W051,dev,39,1,1,correct,False,,"[presentation] В ходе записано лишнее/ошибочное a=20, но затем использовано верное a=d=80; итоговая площадь 6400 верна.",6400 (при черновом a=20),6400
W051,dev,43,0,0,incorrect,False,"Радиус вписанной окружности принят за сторону квадрата: a = 2r = 12√2, d = a√2 = 24; у ученика d = √((6√2)²+(6√2)²) = 12; Проверяющий дописал «·2 = 24»","[computational] При r=6√2 сторона квадрата a=12√2, диагональ a√2=24. Ученик получил 12.",12,24
W051,dev,47,1,1,correct,False,,,19,19
W051,dev,55,,0,not_solved,False,"Начато, не доведено: записано только «Дано», решения нет; проверяющий нарисовал «=(",,,72
W051,dev,67,1,1,correct,False,,,53,53
W051,dev,69,0,0,incorrect,False,"Неверно переписано условие: в №69 ∠ABC = 70°, ∠CAD = 49° → ∠ABD = 70 − 49 = 21°; ученик взял ∠CAD = 34° (из №70) и получил 36° (для №70: 80 − 34 = 46°); Проверяющий зачеркнул 70°, написал 80° и исправил ответ на 46 (засчитал как №70). номер у ученика «№69», данные смешаны из №69 и №70","[computational] В условии ∠CAD=49°, а не 34°. Тогда ∠ABD=∠ABC−∠DBC=70°−49°=21°.",36,21
W051,dev,75,1,1,correct,False,,,66,66
W051,dev,79,0,0,incorrect,False,"Вычислительная ошибка: AC² = 29² − 21² = 841 − 441 = 400, AC = 20; у ученика x² = 8², ответ 8; Проверяющий исправил на 20² и ответ 20","[computational] Радиус равен 14,5, поэтому AB=29. По теореме Пифагора AC=\sqrt{29^2-21^2}=20, а не 8.",8,20
W051,dev,87,1,1,correct,False,,,124,124
W051,dev,95,1,1,correct,False,,,114,114
W051,dev,99,1,1,correct,False,,,8,8
W051,dev,103,0,1,correct,True,"Ошибки в шагах при верном ответе: √(2a²) = 2a неверно (должно a√2), затем √3872 : 2 = √1936 неверно (√968); ошибки компенсировали друг друга, a = 44; Ответ 44 верный; проверяющий поставил +",,44,44
W051,dev,107,1,1,correct,False,,,4,4
W051,dev,111,0,0,incorrect,False,"Подставлен неверный радиус: R = 3√3, a = R√3 = 3√3·√3 = 9; у ученика 5√3·√3 = 15; Проверяющий исправил 5 на 3, ответ на 9",[computational] В формулу подставлено 5√3 вместо 3√3. Должно быть a=3√3·√3=9.,15,9
W052,dev,11,0,0,not_solved,False,"Вычислительная ошибка: 90 − 47 = 43, у ученика 53; Нумерация — Блок 1. Проверяющий зачеркнул и написал 43",,53,121
W052,dev,12,1,0,not_solved,False,"Режим training (data/cards/modes.csv), политика п. 2.3 и 4.3 — замечание. Было: Не доведено / ответ не на вопрос: 71° — угол при основании треугольника ABC (CBA), искомый ∠ABO = 90 − 71 = 19°; также неверная запись цепочкой 180 − 38 = 142 : 2 = 71 Проверяющий написал «надо (180−38)/2» (замечание к записи), ответ не отметил",,71,162
W052,dev,13,1,0,not_solved,False,,,"29,5",81
W052,dev,14,1,0,not_solved,False,,,"23,5",144
W052,dev,16,1,0,not_solved,False,,,"86,5",15
W052,dev,17,0,0,not_solved,False,"Неверно найдена дуга: ∪AB = 2·∠ACB = 38°, у ученика 19 : 2 = 9,5; верно ∠AOD = 180 − 38 = 142°, у ученика 170,5; Проверяющий расписал верное решение: ∪AB = 19·2 = 38, ∠AOD = 142",,"170,5",138
W052,dev,19,0,0,not_solved,False,"Вычислительная ошибка: 180 − 146 = 34, у ученика 44; ∠ACB = 34 : 2 = 17°, у ученика 22; Проверяющий исправил 44 на 34 и 22 на 17",,22,76
W052,dev,20,1,0,not_solved,False,,,36,84
W052,dev,22,1,0,not_solved,False,Проверяющий обвёл 24,,24,25
W052,dev,23,1,0,not_solved,False,,,69,12
W052,dev,24,1,0,not_solved,False,Проверяющий обвёл 65,,65,16
W052,dev,25,1,0,not_solved,False,Ученик сам исправил промежуточные записи,,58,5
W052,dev,26,1,0,not_solved,False,Описка: дуга обозначена ∪MN вместо ∪NB (180 − 86 = 94),,47,6
W052,dev,28,1,0,not_solved,False,,,22,50
W052,dev,30,1,1,correct,False,,,52,52
W052,dev,32,1,1,correct,False,,,64,64
W052,dev,34,1,1,correct,False,,,88,88
W052,dev,36,1,1,correct,False,"Политика 30.09, п. 1.3 — замечание, не ошибка (rules/policy.csv). Было: Не ошибка по правилам (рассуждения верны, неверно выписан ответ / не сделан последний шаг): Ответ не на вопрос: радиус найден верно r = 22 : 2 = 11, но дальше записано S = 121 (площадь не спрашивалась); Ученик исправил 44 на 11; проверяющий обвёл 121 знаком корня (√121 = 11), + не поставил. что считать ответом ученика — r = 11 или S = 121","[presentation] Лишний шаг: найдена площадь квадрата со стороной 11, хотя требовался радиус. Ответ 11 верен.",11,11
W052,dev,38,1,1,correct,False,"Политика 30.09, п. 1.3 — замечание, не ошибка (rules/policy.csv). Было: Не ошибка по правилам (рассуждения верны, неверно выписан ответ / не сделан последний шаг): Ответ не на вопрос: радиус найден верно r = 62 : 2 = 31, но дальше записано S = 961 (площадь не спрашивалась); Ученик исправил 124 на 31; проверяющий обвёл 961 знаком корня, + не поставил. аналогично №36","[presentation] Лишний шаг: найдена площадь квадрата, хотя требовался радиус. Ответ 31 верен.",31,31
W052,dev,40,1,1,correct,False,Ученик исправил 224 на 324,,324,324
W052,dev,42,1,1,correct,False,,,196,196
W052,dev,44,1,1,correct,False,,,56,56
W052,dev,46,1,1,correct,False,Номер написан поверх другого (46/48),,96,96
W052,dev,47,1,0,incorrect,False,,"[conceptual] В условии AB = 7, CD = 17, а не 11 и 14. При верных данных AD + 5 = 7 + 17 = 24, AD = 19. Использование неверных чисел — ошибка, хотя ответ случайно совпал.",19,19
W052,dev,49,1,1,correct,False,,,6,6
W052,dev,51,1,1,correct,False,,,9,9
W052,dev,55,1,1,correct,False,,,72,72
W052,dev,58,1,1,correct,False,,,213,213
W052,dev,59,,0,not_solved,False,Зачёркнуто,,—,3
W052,dev,62,,0,not_solved,False,Зачёркнуто,,—,10
W052,dev,63,1,1,correct,False,Первая попытка зачёркнута,,30,30
W052,dev,66,1,1,correct,False,"Решено дважды (под заголовками «№66»); в первой записи описка 2·(9√3)·3 вместо ·√3, дальше верно 18·3 = 54. номер первой записи неразборчив (66 или 68)",,54,54
W052,dev,68,1,1,correct,False,Первые попытки зачёркнуты; итог 120 − 74 = 46,,46,46
W052,dev,69,1,1,correct,False,,"[notational] Описка: ∠CAD = 49°, а не 42°. На дальнейшее решение не повлияло.",21,21
W052,dev,71,1,1,correct,False,"Политика 30.09, п. 2.1 — замечание, не ошибка (rules/policy.csv). Было: Не ошибка по правилам (рассуждения верны, неверно выписан ответ / не сделан последний шаг): Не доведено до ответа: записано ∠ABC = 51 + 42, значение 93 не вычислено; Проверяющий дописал «=93» и поставил +. считать ли недописанную сумму ошибкой",,93,93
W052,dev,73,1,0,incorrect,False,,"[computational] 78 + 40 = 118, а не 178. Правильный ответ 118.",178,118
W052,dev,75,1,1,correct,False,,,66,66
W052,dev,77,1,1,correct,False,,,81,81
W052,dev,79,1,1,correct,False,Неаккуратная запись AC² = … = √400; первая попытка (сумма квадратов) зачёркнута. Проверяющий обвёл 20,,20,20
W052,dev,82,1,1,correct,False,,,10,10
W052,dev,83,1,1,correct,False,"Ученик исправлял промежуточные числа (r = 15, AB = 30)","[notational] Описка: радиус равен 15, а не 10. Далее использовано верное значение 30 для диаметра.",18,18
W052,dev,85,,0,not_solved,False,"Начато, не доведено: найдено только AB = 17; проверяющий дописал BC = √(17² − 8²)",,—,15
W052,dev,87,1,1,correct,False,,,124,124
W052,dev,90,1,1,correct,False,,,147,147
W052,dev,92,0,0,incorrect,True,Неверный последний шаг: в равнобедренной трапеции ∠C = ∠B = 180 − 114 = 66°; ученик записал ∠C = 180 − 66 = 114°; Проверяющий обвёл 66 и поставил + (не учёл итоговую строку ∠C = 114),"[conceptual] Для вписанного четырёхугольника сумма противоположных углов равна 180°, поэтому ∠C = 180° - 114° = 66°, а не 114°.",114,66
W052,dev,94,0,0,incorrect,True,"Неверно найден ∠C: ∠C = ∠B = 180 − 47 = 133°, ученик записал ∠C = 47° (приравнял к ∠A); Проверяющий поставил +","[conceptual] Противоположные углы вписанного четырёхугольника в сумме дают 180°, поэтому ∠C = 180° - 47° = 133°, а не 47°.",47,133
W052,dev,103,1,1,correct,False,,,44,44
W052,dev,112,1,1,correct,False,,"[notational] Описка: вместо умножения на √3 записано умножение на 3, но итоговый ответ 15 верен (при умножении на √3 получается 15).",15,15
W053,dev,В1-1а,1,1,correct,False,"Нумерация: В1-/В2- — вариант I/II контрольной (task_2/task_1), 7 и 8 — задачи из task_3.jpg. Проверяющий поставил +",,x > 3; x∈(3;+∞),x > 3; x∈(3;+∞)
W053,dev,В1-1б,1,1,correct,False,Проверяющий поставил +,,x ≤ -7; x∈(-∞;-7],x ≤ -7; x∈(-∞;-7]
W053,dev,В1-1в,0,0,incorrect,False,"Ошибка деления: −0,2x ≤ −6 ⇒ x ≥ 30, у ученика x ≥ 1,2; Проверяющий написал x ≥ 30","[computational] Делить нужно на -0,2: -6:(-0,2)=30, а не 1,2. Верный ответ: x ≥ 30.","x ≥ 1,2; x∈[1,2;+∞)",x ≥ 30; x∈[30;+∞)
W053,dev,В1-1г,0,0,incorrect,False,"Ошибка: (1/4)x < −3 ⇒ x < −12 (умножить на 4), у ученика x < 0,75; Проверяющий написал x < −12","[computational] Нужно умножить обе части на 4: x < -3·4 = -12, а не 0,75.","x < 0,75; x∈(-∞;0,75)",x < -12; x∈(-∞;-12)
W053,dev,В1-1д,1,1,correct,False,Проверяющий поставил +,,x ≤ 0; x∈(-∞;0],x ≤ 0; x∈(-∞;0]
W053,dev,В1-2а,0,0,incorrect,True,"7x ≤ 5 ⇒ x ≤ 5/7, у ученика x ≤ 7/5 = 1,4 (перевёрнута дробь); Проверяющий поставил +","[computational] При делении 5 на 7 получается 5/7, а не 7/5. Верно: x ≤ 5/7.","x ≤ 1,4; x∈(-∞;1,4]",x ≤ 5/7; x∈(-∞;5/7]
W053,dev,В1-2б,1,1,correct,False,Проверяющий поставил +; первая попытка а) зачёркнута и переписана,,x > 5; x∈(5;+∞),x > 5; x∈(5;+∞)
W053,dev,В1-2в,1,1,correct,False,Проверяющий поставил +,,x ≤ 4; x∈(-∞;4],x ≤ 4; x∈(-∞;4]
W053,dev,В1-3а,0,1,correct,True,"решение до x < 6 верное, но в ответе (−∞; 4) — значения 4 нет в решении, это не описка при переписывании; Проверяющий поставил +; Исправлено после разбора ошибок (Ксения)",,x < 6; x∈(-∞;6),x < 6; x∈(-∞;6)
W053,dev,В1-3б,1,1,correct,False,Проверяющий поставил +,,y ≤ -4; x∈(-∞;-4],y ≤ -4; x∈(-∞;-4]
W053,dev,В1-4,0,0,incorrect,False,"Ошибка раскрытия скобок: −4(x − 2) = −4x + 8, у ученика −4x − 8; Проверяющий исправил знак на + | Ошибка домножения правой части на общий знаменатель 12: 2·12 = 24, у ученика 12; итог x > 25, верно x > 29; Не отмечено проверяющим","[computational] При умножении на 12 правая часть 2·12=24, а не 12; также -4(x-2)=-4x+8, а не -4x-8. Верное решение: -x+53<24, x>29.",x > 25,x > 29
W053,dev,В1-5,1,1,correct,False,Проверяющий поставил +,,x ≤ 7/15,x ≤ 7/15
W053,dev,В2-1а,1,1,correct,False,Проверяющий поставил +,,x > 5; x∈(5;+∞),x > 5; x∈(5;+∞)
W053,dev,В2-1б,1,1,correct,False,Проверяющий поставил +,,x ≤ -6; x∈(-∞;-6],x ≤ -6; x∈(-∞;-6]
W053,dev,В2-1в,0,0,incorrect,False,"Ошибка деления: −0,3x ≤ −9 ⇒ x ≥ 30, у ученика x ≥ 3; Проверяющий дописал 0 (x ≥ 30)","[computational] Делить нужно на -0,3: -9:(-0,3)=30. Верный ответ: x ≥ 30.",x ≥ 3; x∈[3;+∞),x ≥ 30; x∈[30;+∞)
W053,dev,В2-1г,0,1,correct,False,"Ошибка: (1/4)x < −5 ⇒ x < −20, у ученика x < 1,25; Проверяющий написал −20",,x < -20; x∈(-∞;-20),x < -20; x∈(-∞;-20)
W053,dev,В2-1д,1,1,correct,False,Проверяющий поставил +,,x ≤ 0; x∈(-∞;0],x ≤ 0; x∈(-∞;0]
W053,dev,В2-2а,1,1,correct,False,Проверяющий поставил +,,x ≤ 7/11,x ≤ 7/11
W053,dev,В2-2б,0,0,incorrect,False,"7x > 40 ⇒ x > 40/7, у ученика x > 7/40 (перевёрнута дробь); Проверяющий поставил знак вопроса/стрелку","[computational] Получается x > 40/7, а не 7/40: деление 40 на 7, а не 7 на 40.",x > 7/40,x > 40/7
W053,dev,В2-2в,1,1,correct,False,нет отметки проверяющего,,x ≤ 2; x∈(-∞;2],x ≤ 2; x∈(-∞;2]
W053,dev,В2-3а,1,1,correct,False,Строка «−2x > −9» записана неаккуратно (знак похож на +); нет отметки проверяющего,,"x < 4,5; x∈(-∞;4,5)","x < 4,5; x∈(-∞;4,5)"
W053,dev,В2-3б,1,1,correct,False,Проверяющий поставил +,,y ≤ -3; x∈(-∞;-3],y ≤ -3; x∈(-∞;-3]
W053,dev,В2-4,0,0,incorrect,False,"Ошибка раскрытия скобок: −2(x − 5) = −2x + 10, у ученика −2x − 10; итог x < 16, верно x < −4; Проверяющий исправил знак на +","[computational] При раскрытии скобки -2(x-5) получается -2x+10, а не -2x-10. Верно: x+22<18, x< -4.",x < 16; x∈(-∞;16),x < -4; x∈(-∞;-4)
W053,dev,В2-5,1,1,correct,False,Проверяющий поставил +,,x ≤ 3/17,x ≤ 3/17
W053,dev,7,0,0,incorrect,False,"−8/(3 − 4x) ≤ 0 ⇔ 3 − 4x > 0 ⇔ x < 3/4; у ученика ответ [3/4; +∞) (неверный знак, к тому же включена точка вне ОДЗ); нет отметки проверяющего","[conceptual] Числитель -8<0, чтобы дробь была ≤0, знаменатель должен быть положительным: 3-4x>0, откуда x<3/4. Ответ (-∞;3/4), а не [3/4;+∞).",x ≥ 3/4; x∈[3/4;+∞),x < 3/4; x∈(-∞;3/4)
W053,dev,8,1,1,correct,False,"Проверяющий поставил +. Вверху markup_3 обрывок «Ответ: x∈(2,5;+∞)» — к какой задаче относится, неясно, не размечен",,x > -10/3; x∈(-10/3;+∞),x > -10/3; x∈(-10/3;+∞)
W054,dev,В1-1а,1,1,correct,False,"Нумерация: В1-/В2- — вариант 1/2 контрольной (task_2/task_1), 7 и 8 — задачи из task_3.jpg. Проверяющий поставил +",,x > 3; x ∈ (3; ∞),"x > 3, x ∈ (3; +∞)"
W054,dev,В1-1б,0,0,incorrect,False,"−7x ≥ 49 ⇒ x ≤ −7, ответ (−∞; −7]; у ученика строгое неравенство x < −7 и ответ (−∞; −7) — точка −7 потеряна; запись x < …7 исправлена поверх, минус в ответе, возможно, дописан проверяющим; + нет",[computational] При делении -7x ≥ 49 на -7 знак меняется: x ≤ -7. Ученик потерял минус у 7.,x ≤ 7; x ∈ (-∞; 7),"x ≤ -7, x ∈ (-∞; -7]"
W054,dev,В1-1в,1,1,correct,False,"Не ошибка по правилам: в строке x > 30 строгий знак, но ответ [30; +∞) верный (скобку ставил сам ученик) — пометка ученику","[presentation] В строке x > 30 потеряна нестрогость, но итоговый ответ [30; ∞) верен.",x > 30; x ∈ [30; ∞),"x ≥ 30, x ∈ [30; +∞)"
W054,dev,В1-1г,1,1,correct,False,Проверяющий поставил +,,x < -12; x ∈ (-∞; -12),"x < -12, x ∈ (-∞; -12)"
W054,dev,В1-1д,1,1,correct,False,"Не ошибка по правилам: в строке x < 0 строгий знак, но ответ (−∞; 0] верный (скобку ставил сам ученик) — пометка ученику",,x ≤ 0; x ∈ (-∞; 0],"x ≤ 0, x ∈ (-∞; 0]"
W054,dev,В1-2а,0,0,incorrect,False,"7x ≤ 5 ⇒ x ≤ 5/7 ≈ 0,71; у ученика x ≤ −0,71, ответ (−∞; −0,71] (лишний минус); Проверяющий написал 5/7","[computational] 5/7 — положительное число ≈0,71, а не -0,71.","x ≤ -0,71; x ∈ (-∞; -0,71]","x ≤ 5/7 ≈ 0,71, x ∈ (-∞; 5/7]"
W054,dev,В1-2б,1,1,correct,False,"Описка: −9x < 45 вместо −9x < −45, ответ x > 5 верный; проверяющий поставил +",,x > 5; x ∈ (5; ∞),"x > 5, x ∈ (5; +∞)"
W054,dev,В1-2в,0,0,incorrect,False,"Ошибка приведения подобных: 11,6 − 2,9x ≥ 0 (2,4 + 0,5 = 2,9), у ученика 1,9x; Проверяющий исправил на 2,9 | При делении на отрицательное −1,9 получено x < −11,6 : 1,9 ≈ −6,1 — знак числа неверен (−11,6 : (−1,9) > 0), неравенство стало строгим; верный ответ x ≤ 4; Не отмечено проверяющим","[computational] Коэффициент при x должен быть 2,9 (2,4+0,5), а не 1,9; получается x ≤ 4, а не x ≤ -6,1.","x ≤ -6,1; x ∈ (-∞; -6,1]","x ≤ 4, x ∈ (-∞; 4]"
W054,dev,В1-3а,0,0,incorrect,True,"Ошибка приведения: 19 − 3x > 7 − x ⇒ 12 − 2x > 0, далее у ученика −4x > −12; Проверяющий поставил + | Ошибка деления: −4x > −12 ⇒ x < 3, у ученика x < −3; верный ответ x < 6; Проверяющий поставил +",[computational] После раскрытия скобок 19 - 3x > 7 - x ⇒ 12 - 2x > 0 ⇒ x < 6. Ученик неверно привёл подобные.,x < -3; x ∈ (-∞; -3),"x < 6, x ∈ (-∞; 6)"
W054,dev,В1-3б,0,0,incorrect,False,"Ошибка переноса: 1,5 − 1,9 − 2,8 = −3,2, т.е. −0,8y ≥ 3,2 ⇒ y ≤ −4; у ученика −0,8y ≥ −3,2, ответ y < 4; Проверяющий дописал минус перед 3,2","[computational] Правая часть равна 4,7 - 0,4y, поэтому после переноса получается -0,8y ≥ 3,2, откуда y ≤ -4, а не y ≤ 4.",y ≤ 4; x ∈ (-∞; 4),"y ≤ -4, y ∈ (-∞; -4]"
W054,dev,В1-4,0,0,incorrect,False,"Неверный знак ответа: x > 29, у ученика x > −29 (минус исправил проверяющий); Исправлено после аудита: вертикальная черта «+» — маркером проверяющего",[computational] После упрощения: (-x+29)/12 < 0 ⇒ -x+29 < 0 ⇒ x > 29. Ученик потерял знак и получил -29.,x > -29; x ∈ (-29; ∞),"x > 29, x ∈ (29; +∞)"
W054,dev,В1-5,0,0,incorrect,False,"Решено уравнение вместо неравенства: 7 − 15x ≥ 0 ⇒ x ≤ 7/15; у ученика x = −7/15 ≈ −0,46; Проверяющий исправил на ≥ и написал ≤ 7/15","[conceptual] Нужно решить неравенство 7 - 15x ≥ 0, а не равенство. Получается x ≤ 7/15, причём x положительное.","x = -0,46","x ≤ 7/15 ≈ 0,4667, то есть (-∞; 7/15]"
W054,dev,В2-1а,1,1,correct,False,Проверяющий поставил +,,x > 5; x ∈ (5; ∞),"x > 5, x ∈ (5; +∞)"
W054,dev,В2-1б,0,0,incorrect,True,"−6x ≥ 36 ⇒ x ≤ −6, ответ (−∞; −6]; у ученика строгое x < −6 и круглая скобка; Проверяющий исправил скобку на ] и поставил +. скобка ] жирная — вероятно, исправление проверяющего",[computational] При делении -6x ≥ 36 на -6 знак меняется: x ≤ -6. Ученик потерял минус и получил x < 6.,x < 6; x ∈ (-∞; 6),"x ≤ -6, x ∈ (-∞; -6]"
W054,dev,В2-1в,0,0,incorrect,False,"−0,3x ≤ −9 ⇒ x ≥ 30, ответ [30; +∞); у ученика строгое x > 30 и круглая скобка; Проверяющий дописал черту под знаком (≥) и скобку [","[conceptual] Исходное неравенство нестрогое, поэтому после деления на -0,3 получаем x ≥ 30; точка 30 должна входить в ответ.",x > 30; x ∈ (30; ∞),"x ≥ 30, x ∈ [30; +∞)"
W054,dev,В2-1г,0,0,incorrect,True,"(1/4)x < −5 ⇒ x < −20; у ученика x < 20, ответ (−∞; 20); Проверяющий поставил +. минус перед 20 не виден","[computational] -5 : 0,25 = -20, а не 20. Знак потерян.",x < 20; x ∈ (-∞; 20),"x < -20, x ∈ (-∞; -20)"
W054,dev,В2-1д,0,0,incorrect,False,"−20x ≥ 0 ⇒ x ≤ 0, ответ (−∞; 0]; у ученика x < 0 и (−∞; 0); нет отметки проверяющего","[computational] Исходное неравенство нестрогое (-20x ≥ 0), поэтому x ≤ 0, включая 0. Ученик потерял 0.",x < 0; x ∈ (-∞; 0),"x ≤ 0, x ∈ (-∞; 0]"
W054,dev,В2-2а,0,0,incorrect,False,"11x ≤ 7 ⇒ x ≤ 7/11 ≈ 0,64; у ученика ответ (−∞; −0,64] (лишний минус); Проверяющий написал x ≤ 7/11","[computational] 7/11 — положительное число ≈0,64, а не -0,64. Знак потерян.","x ≤ -0,64; x ∈ (-∞; -0,64]","x ≤ 7/11 ≈ 0,64, x ∈ (-∞; 7/11]"
W054,dev,В2-2б,0,0,incorrect,False,"14 − 3x < 4x − 26 ⇒ 40 − 7x < 0 ⇒ x > 40/7; у ученика x < −40, ответ (−∞; −40); Проверяющий написал −7x","[computational] При переносе членов должно быть 40 - 7x < 0, затем x > 40/7. Ученик неверно привёл подобные.",x < -40; x ∈ (-∞; -40),"x > 40/7 ≈ 5,71, x ∈ (40/7; +∞)"
W054,dev,В2-2в,0,0,incorrect,True,"x ≤ 2, ответ (−∞; 2]; у ученика строгое x < 2; Проверяющий исправил скобку на ] и поставил +. скобка ] жирная — вероятно, исправление проверяющего","[computational] После деления на -4,8 знак меняется на ≤: x ≤ 2. Потеряна нестрогость и точка 2.",x < 2; x ∈ (-∞; 2),"x ≤ 2, x ∈ (-∞; 2]"
W054,dev,В2-4,0,0,incorrect,False,"Ошибка: (x + 4)/6 < 0 ⇒ x + 4 < 0 (0·6 = 0), у ученика x + 4 < 6; Проверяющий обвёл 0 и 6, написал 0·6 = 0. У ученика задача подписана «а)» | Вычислительная ошибка: из x + 4 < 6 следует x < 2, у ученика x < −1,5; верный ответ x < −4; Не отмечено проверяющим","[computational] После (x+4)/6 < 0 умножение на 6 даёт x+4 < 0, то есть x < -4, а не x < -1,5.","x < -1,5; x ∈ (-∞; -1,5)","x < -4, x ∈ (-∞; -4)"
W054,dev,В2-5,0,0,incorrect,False,"Решено уравнение вместо неравенства: 3 − 17x ≥ 0 ⇒ x ≤ 3/17; у ученика x = 0,17; Проверяющий обвёл 0,17 и поставил «?»","[conceptual] Для подкоренного выражения нужно решать неравенство 3 - 17x ≥ 0, а не только равенство. Получается x ≤ 3/17, а не x = 0,17.","x = 0,17","x ≤ 3/17 ≈ 0,176, то есть (-∞; 3/17]"
W054,dev,7,0,0,incorrect,False,"−8/(3 − 4x) ≤ 0 ⇔ 3 − 4x > 0 ⇔ x < 3/4 = 0,75; у ученика 3/4 = 1,3, ответ (−∞; 1,3); нет явной отметки проверяющего (знаки > в строках 3−4x>0, 4x>3 обведены жирно).","[conceptual] ОДЗ: 3 - 4x ≠ 0 ⇒ x ≠ 0,75, а не 1,3. Для дроби ≤0 при отрицательном числителе знаменатель должен быть положительным: 3 - 4x > 0 ⇒ x < 0,75. Ученик неверно решил и ОДЗ, и неравенство.","x < 1,3; x ∈ (-∞; 1,3)","x < 3/4 = 0,75, x ∈ (-∞; 0,75)"
W054,dev,8,0,0,incorrect,False,"7/(10 + 3x) > 0 ⇔ 3x > −10 ⇔ x > −10/3; у ученика x < 3,3, ответ (−∞; 3,3); Проверяющий зачеркнул и написал x > −10/3","[computational] Из 3x > -10 следует x > -10/3, а не x < 3,3. Знак и число перепутаны.","x < 3,3; x ∈ (-∞; 3,3)","x > -10/3 ≈ -3,33, x ∈ (-10/3; +∞)"
W055,dev,2,1,1,correct,False,Видно только окончание решения (P = 2·3 + 2·22 = 50) вверху markup_1; отметка проверяющего не видна,,50,50
W055,dev,5,0,0,incorrect,True,"Неверно переписано условие: CK = 18, у ученика KC = 20; BC = 28, P = 2·(10 + 28) = 76, у ученика 80; Проверяющий поставил +. данные ученика совпадают с BK/CK из разных задач (№5: 10 и 18, №6: 11 и 20)","[computational] В условии CK=18, а не 20. Значит BC = BK + KC = 10 + 18 = 28, AB = BK = 10, P = 2(10+28) = 76.",80,76
W055,dev,8,1,1,correct,False,Проверяющий поставил +,,"120, 60, 120, 60","120°, 60°, 120°, 60°"
W055,dev,10,1,1,correct,False,Проверяющий поставил +,,"120, 60, 120, 60","120°, 60°, 120°, 60°"
W055,dev,12,1,1,correct,False,Проверяющий поставил +; ответ записан в п. 3–4 без слова «Ответ»,,"∠A=120° (последняя строка; остальные углы найдены ранее: B=D=60°, C=120°)","120°, 60°, 120°, 60°"
W055,dev,13,1,1,correct,False,Проверяющий поставил +,,8,8
W055,dev,16,1,1,correct,False,Проверяющий поставил +,,6,6
W055,dev,19,1,1,correct,False,Проверяющий поставил +,,5,5
W055,dev,21,1,1,correct,False,Исправлены описки в данных (AC = 12 → 10); проверяющий поставил +,,13,13
W055,dev,22,1,1,correct,False,Проверяющий поставил +,,25,25
W055,dev,24,1,1,correct,False,Проверяющий поставил +; высота обозначена CH/AH непоследовательно,,"14,4","14,4"
W055,dev,26,1,1,correct,False,Проверяющий поставил +,,"16,8","16,8"
W055,dev,27,1,1,correct,False,Проверяющий поставил +,,120/13,120/13
W055,dev,30,0,0,incorrect,False,"Площадь найдена через гипотенузу: S = ½·AC·CB = ½·35·120 = 2100, у ученика ½·125·120 = 7500; h = 2S/AB = 33,6, у ученика 12; Проверяющий исправил на AC·CB, 35 и ·AB","[conceptual] В формуле S = 1/2·a·b множители должны быть катетами. Второй катет равен 120, катеты 35 и 120: S = 1/2·35·120 = 2100. Использовать гипотенузу 125 как катет нельзя. | [computational] 15000/125 = 120, а не 12. С учётом верного S высота h = 2·2100/125 = 33,6.",12,"33,6"
W055,dev,32,0,0,incorrect,False,"Вычислительная ошибка: 20·48 = 960, S = 480; у ученика 560/2 = 280; h = 960/52 = 240/13, у ученика 280/26; Проверяющий написал 480","[computational] 20·48 = 960, поэтому S = 960/2 = 480, а не 280. | [conceptual] Высоту к гипотенузе надо искать как h = 2S/AB, где AB = 52 — гипотенуза. С учётом верного S: h = 2·480/52 = 960/52 = 240/13 ≈ 18,46.",280/26 (то есть 140/13),240/13
W055,dev,33,1,1,correct,False,Проверяющий поставил +,,26,26
W055,dev,37,1,1,correct,False,Проверяющий поставил +,,40,40
W055,dev,38,1,1,correct,False,Проверяющий поставил +,,25,25
W055,dev,45,1,1,correct,False,"Видно только окончание решения (x = 4(35 − x), MC = 28); проверяющий поставил +. Вверху markup_4 зачёркнутый обрывок «Ответ: 13,44» — к какой задаче, неясно, не размечен",,28,28
W058,dev,1,1,1,correct,False,Есть только markup_2: видна концовка решения; ответ (1/8; 1/2) ∪ (8; 32) верный; проверяющий 2б,,x ∈ (1/8; 1/2) ∪ (8; 32),x ∈ (1/8; 1/2) ∪ (8; 32)
W058,dev,2,0,0,incorrect,False,"Неверно выбраны промежутки: числитель −t² − 3t − 11 < 0 при всех t, поэтому нужно t(t+4) < 0, т.е. −4 < log₃x < 0, x ∈ (1/81; 1); у ученика (0; 1/81) ∪ (1; +∞); Проверяющий: «Прописывать почему учитываем только знаменатель», «4 промежутки неверное», 0б","[conceptual] Числитель всегда отрицателен, поэтому для выполнения неравенства знаменатель должен быть отрицательным: t(t+4) < 0, то есть t ∈ (-4; 0). Ученик выбрал внешние интервалы (-∞; -4) ∪ (0; +∞), что даёт знаменатель > 0 и дробь < 0.",x ∈ (0; 1/81) ∪ (1; +∞),x ∈ (1/81; 1)
W058,dev,3,0,1,correct,False,"В ограничениях неверно записано t > 0 (на ответ не повлияло). В экзаменной задаче неверное утверждение в решении — ошибка.; Режим exam / политика п. 6.3 (30.09). Было «верно»: Ответ (0; 1) ∪ {8} ∪ (64; +∞) верный; в ограничениях ошибочно записано t > 0 (не использовано) — проверяющий: «?», «Здесь пишешь так, а тут даже не учитываешь», 2б. ∪{8} дописано над строкой ответа",,x ∈ (0; 1) ∪ (64; +∞) ∪ {8},x ∈ (0; 1) ∪ (64; +∞) ∪ {8}
W058,dev,4,,0,incorrect,False,"Начато, не доведено","[conceptual] При преобразовании \log_2(x^2+4x+1/x-5) = \log_2((x^3+4x^2-5x+1)/x) = \log_2(x^3+4x^2-5x+1) - \log_2 x. Тогда исходное неравенство после переноса даёт -\log_2 x + \log_2(x^2+4x-4) - \log_2(x^3+4x^2-5x+1) + \log_2 x \ge 0, то есть -\log_2 x и +\log_2 x сокращаются. Ученик же написал дополнительный -\log_2 x, что привело к неверному выражению.",не получен (решение оборвано),x = 1
W060,dev,1,1,1,correct,False,Проверяющий поставил +,,"14,7","14,7"
W060,dev,2,1,1,correct,False,"Ответ 2000 = 27000 − (18000 + 7000); фактически дровяная «Огонёк» дороже электрической на 2000 (формулировка задания некорректна), ответ совпадает с эталонным; Проверяющий поставил +; Неточность в условии: по числам разница другого знака, чем в вопросе; ученик записал модуль разности — засчитано",,2000,2000
W060,dev,3,1,1,correct,False,"Проверяющий поставил +; Неточность в условии: по числам разница другого знака, чем в вопросе; ученик записал модуль разности — засчитано",,8300,8300
W060,dev,4,1,1,correct,False,Проверяющий поставил +,,25660,25660
W060,dev,6,1,1,correct,False,"У ученика 1,6 — верно (сверено Ксенией)",,"1,6","1,6"
W060,dev,7,1,1,correct,False,Проверяющий поставил +,,3,3
W060,dev,8,1,0,incorrect,False,"Ответ 0,02 (x·5^(4x−1)·25^(−2x) = x/5); Проверяющий поставил +","[computational] Упростим: 25^{-2x}=(5^2)^{-2x}=5^{-4x}. Тогда выражение равно x·5^{4x-1}·5^{-4x}=x·5^{-1}=x/5. При x=0,1 получаем 0,1/5=0,02, а не 0,01.","0,01","0,02"
W060,dev,9,1,1,correct,False,Проверяющий поставил +,,"0,6","0,6"
W060,dev,10,1,1,correct,False,Проверяющий поставил +,,"0,4","0,4"
W060,dev,12,1,1,correct,False,Проверяющий поставил +,,260,260
W060,dev,13,1,1,correct,False,Проверяющий поставил +,,1,1
W060,dev,14,1,1,correct,False,Проверяющий поставил +,,20,20
W060,dev,17,1,1,correct,False,Проверяющий поставил +,,40,40
W060,dev,19,1,1,correct,False,Проверяющий поставил +,,2,2
W060,dev,20,1,1,correct,False,"Проверяющий обвёл точки 11 и 11 + √5, написал «Рисуй точки» (выколотые точки на прямой нарисованы неаккуратно), поставил 2б",,x ∈ (11; 11+√5),x ∈ (11; 11+√5)
W062,dev,Б1-1,1,0,incorrect,False,Нумерация Б1-N: задачи из Блока 1 (ФИПИ) задачника; во 2-м блоке номера повторяются. Ответ 10 км/ч; проверяющий поставил +,"[computational] Второй корень вычислен неверно: -120/6 = -20, а не -30. Отрицательный корень всё равно отбрасывается, поэтому на итоговый ответ это не повлияло, но арифметическая ошибка в решении есть.",10 км/ч,10 км/ч
W062,dev,Б1-6,,0,not_solved,False,"Начато, не доведено: вверху стр.1 другой (чёрной) ручкой без номера, уравнение 112/x + 4 = 112/(x−9) (числа №6), решение оборвано. возможно, не часть работы ученика",,нет ответа,21 км/ч
W062,dev,Б1-9,1,1,correct,False,"Ответ 26 км (38t = 98,8; t = 2,6 ч); проверяющий поставил +",,26 км,26 км
W062,dev,Б1-15,1,1,correct,False,Ответ 80 км/ч; проверяющий поставил +,"[presentation] В ответе записано 30 км/ч, хотя в решении верно найдено x = 80 км/ч. Нужно было выписать 80 км/ч.",30 км/ч (в решении получено x = 80),80 км/ч
W062,dev,Б1-45,0,0,incorrect,False,"Вычислительная ошибка в сумме путей: 450+230+120 = 800, средняя скорость 800 : 10 = 80 км/ч; у ученика сумма и ответ неверные; Проверяющий исправил первую цифру на 8 в сумме, в дроби и в ответе (80). исходные цифры ученика под исправлением неразборчивы","[computational] Сумма расстояний равна 800 км: 450 + 230 + 120 = 800, а не 900. Поэтому средняя скорость равна 800/10 = 80 км/ч.",90 км/ч,80 км/ч
W062,dev,Б1-46,1,1,correct,False,Ответ 55 км/ч; проверяющий поставил +,,55 км/ч,55 км/ч
W062,dev,Б1-69,1,1,correct,False,Ответ 23 км/ч; проверяющий поставил +,[notational] Пропущен знак равенства между левой и правой частями уравнения. На решение не влияет.,23 км/ч,23 км/ч
W062,dev,Б1-70,1,1,correct,False,"Ответ 15 км/ч; первая попытка с ошибками зачёркнута, затем решено заново; проверяющий поставил +",,15 км/ч,15 км/ч
W063,dev,Б1-1,1,1,correct,False,Нумерация Б1-N: задачи из Блока 1 (ФИПИ) задачника (во 2-м блоке номера повторяются). Ответ 10 км/ч; проверяющий поставил +,,10 км/ч,10 км/ч
W063,dev,Б1-9,1,1,correct,False,Ответ 26 км; проверяющий поставил +,,26 км,26 км
W063,dev,Б1-86,1,1,correct,False,Ответ 20 км/ч; проверяющий поставил +,,20 км/ч,20 км/ч
W063,dev,Б1-97,1,0,incorrect,False,Ответ 87 %; проверяющий поставил +,"[computational] При подстановке y = 1,22 − x в уравнение 10x + 16y = 14,3 должно получиться 10x + 16(1,22 − x) = 14,3. Ученик написал 20x вместо 10x, из-за чего ответ 84% неверен. Правильное решение даёт x = 0,87, то есть 87%.",84%,87%
W063,dev,Б1-121,,0,not_solved,False,"Начато, не доведено (оборвано на D = 64 − …). Кроме того, в составлении взята разность x+8 вместо x+13 деталей, уравнение x²+8x+208=0 без корней; верный ответ 13. Нет отметки проверяющего. номер прочитан как №121 (208 деталей, 8 часов)",,нет ответа (решение не доведено),13 деталей в час
W064,dev,Б1-1,1,1,correct,False,"Нумерация Б1-N: задачи из Блока 1 (ФИПИ) задачника (во 2-м блоке номера повторяются). Номер на странице не виден, определён по числам (60 км, +10, 3 ч). Ответ 10 км/ч; проверяющий поставил +",,10 км/ч,10 км/ч
W064,dev,Б1-5,1,1,correct,False,"Ответ 16 км/ч (x = 14, x+2 = 16); проверяющий поставил +",,16 км/ч,16 км/ч
W064,dev,Б1-9,0,0,incorrect,False,"Ошибка в составлении уравнения: остановка 0,6 ч добавлена не к тому участнику — (82−x)/10 + 0,6 = x/28 вместо x/28 + 0,6 = (82−x)/10 (x — путь первого); верно x = 56, ответ 82 − 56 = 26 км, у ученика 5 км; Проверяющий обвёл знак + перед 6/10 и исправил на −, зачеркнул ответ 5 км | Вычислительная ошибка: из 2464 = 38x деление выполнено как на 32 (2464/32 = 1232/16 = 77), верно 2464/38 ≈ 64,8; Вторая ошибка в той же задаче; проверяющий отдельно не отметил","[conceptual] Остановка 36 минут прибавлена ко времени второго велосипедиста, хотя по условию останавливался первый. Правильное уравнение: x/28 + 0.6 = (82-x)/10. | [computational] 2464/38 ≈ 64,84, а не 77. Арифметическая ошибка привела к неверному ответу.",5 км,26 км
W064,dev,Б1-15,1,1,correct,False,Ответ 80 км/ч; проверяющий поставил +,,80 км/ч,80 км/ч
W064,dev,Б1-21,1,1,correct,False,Ответ 14 км/ч; первая запись уравнения зачёркнута; проверяющий поставил +,,14 км/ч,14 км/ч
W069,dev,5.5,1,1,correct,False,Нумерация: задание.номер по листу условия (Задания 4–10). У ученика «№5(5)»; проверяющий поставил +,,"x_1=0,5; x_2=-0,2",x_1=1/2; x_2=-1/5
W069,dev,8.12,0,0,incorrect,False,"Вычислительная ошибка: 5·1 + y = 12 ⇒ y = 7, у ученика y = 60 / 62 (в ответе «67»); верный ответ (1; 7), (−1; 7); Проверяющий исправил на 7; ответ записан не парами","[computational] При x=1 получаем 5+y=12, откуда y=7, а не -60. Для x=-1 получается то же y=7. | [conceptual] В ответе неверно записано y; правильные решения системы: (1;7) и (-1;7).",x_1=1; x_2=-1; y=-60,"(1;7), (-1;7)"
W069,dev,9.1,0,0,incorrect,False,"Потерян корень: 3y² = 27 ⇒ y = ±3, у ученика только y = 3; верный ответ (2; 3), (2; −3); Проверяющий исправил 3 на ±3","[conceptual] Из y^2=9 следует y=±3, а не только y=3. Потеряно решение y=-3.",x=2; y=3,"(2;3), (2;-3)"
W069,dev,9.7,0,0,incorrect,False,"Потерян корень: 4y² = 24 − 2·2² = 16 ⇒ y = ±2, у ученика только y = 2 (без выкладок); верный ответ (2; 2), (2; −2); Проверяющий: «как посчитал?»; «±» над y в ответе, по-видимому, дописан проверяющим (красный)","[conceptual] Из y^2=4 следует y=±2, поэтому кроме y=2 есть y=-2. Решение y=-2 потеряно.",x=2; y=2,"(2;2), (2;-2)"
W074,dev,1,1,1,correct,False,,,139,139
W074,dev,3,1,1,correct,False,,,106,106
W074,dev,4,1,1,correct,False,,,119,119
W074,dev,9,1,1,correct,False,,,65,65
W074,dev,11,,0,not_solved,False,"Начато, данные не совпадают с условием (углы 50° и 85° ⇒ ответ 45°), ответа нет, отметки проверяющего нет",,—,45
W074,dev,12,,0,not_solved,False,Начато и зачёркнуто,,—,35
W074,dev,14,1,0,not_solved,False,,,—,125
W074,dev,17,0,1,correct,False,"Вычислительная ошибка в лишнем шаге: ∠B = 180° − 66° записано как 24° (верно 114°); последней строкой решения стоит ∠B = 24, хотя острый угол — ∠A = 66°; Проверяющий обвёл 66 как ответ. Спорно: если ответом считать 66 — было бы 1",,66,66
W074,dev,20,0,0,incorrect,False,"Вычислительная ошибка: 44 + 44 = 88 записано как 38; дальше 180 − 38 = 92 (верно 88 — это тупой угол, острый ∠A = 88°); Проверяющий обвёл 38","[conceptual] Найден смежный угол, а не острый угол параллелограмма. Половина угла A равна 44°, значит сам острый угол A равен 88°.",92,88
W074,dev,21,1,1,correct,False,,,11,11
W074,dev,24,1,1,correct,False,,,7,7
W074,dev,25,1,1,correct,False,,,106,106
W074,dev,28,0,0,incorrect,False,Неверный ответ: меньший угол трапеции 180° − 108° = 72°; Проверяющий исправил на 72,"[computational] 180-108=72, а не 73. Меньший угол равнобедренной трапеции равен 72°.",73,72
W074,dev,29,1,1,correct,False,,,157,157
W074,dev,31,1,1,correct,False,,,129,129
W074,dev,36,1,1,correct,False,,,4,4
W074,dev,37,1,1,correct,False,,,139,139
W074,dev,39,1,1,correct,False,,,108,108
W074,dev,44,1,1,correct,False,,,59,59
W074,dev,45а,1,1,correct,False,,,17,17
W074,dev,45б,1,1,correct,False,,,13,13
W074,dev,50,0,0,incorrect,False,"Неверно найден отрезок: AF = 7 − 1,5 = 5,5 вместо (a + b)/2; высота равна 5; Проверяющий исправил CF на 5","[computational] Половина разности оснований равна (7-3)/2=2, а не 1,5. Тогда AE=7-2=5, высота равна 5.","5,5",5
W074,dev,53,0,0,incorrect,False,"Неверно найдена проекция: высота равна (6 + 13)/2 = 9,5, у ученика 1,75 / 7,75; Проверяющий исправил на 9,5","[conceptual] Для высоты при угле 45° нужно брать не половину полуразности, а (13+6)/2=9,5. Верная высота 9,5.","1,75","9,5"
W074,dev,54,1,1,correct,False,,,78,78
W074,dev,56,1,1,correct,False,,,54,54
W074,dev,59,0,0,incorrect,False,"Вычислительная ошибка: 180 − (42 + 42) = 96 (у ученика записано 180 − 84 = 76); острый угол между диагоналями 84°, в ответе 76; Проверяющий обвёл 84","[computational] 180-84=96, а не 76; кроме того, при 42° острый угол между диагоналями равен 84°, а не 96°. Верный ответ 84.",76,84
W074,dev,60,0,0,incorrect,False,"Неверно: AC = BD = 2·BO = 74; у ученика AC = 56·2 = 112 (удвоена сторона AB); Проверяющий написал 74 (подпись «34·2», по смыслу 37·2)","[conceptual] В прямоугольнике диагонали равны и точкой пересечения делятся пополам. BO=37 — половина диагонали, поэтому AC=BD=2·37=74, сторона AB=56 здесь не нужна.",112,74
W074,dev,63,1,1,correct,False,,,22,22
W074,dev,65,0,0,not_solved,False,"Решены данные другой задачи: под №65 записано 180 − 76 = 104 (это №64); в №65 угол 35°, ответ 145; Исправлено после аудита по ключу",,—,145
W074,dev,68,0,1,correct,False,"Неверный ответ: меньший угол ромба 180° − 99° = 81°, у ученика 101; Проверяющий исправил на 81",,81,81
W074,dev,71,0,1,correct,False,"Вычислительная ошибка: 180 − 127 = 53, у ученика 153; Проверяющий: 180 − 127 = 53",,53,53
W074,dev,73,1,1,correct,False,,,48,48
W074,dev,75,1,0,incorrect,False,"Режим training, политика п. 1.1 — замечание (найдено при офлайн-оценке политики 30.09). Было: Не поделено пополам: ∠ACD = (180° − 56°)/2 = 62°, у ученика 124 Проверяющий исправил на 62","[computational] Найден угол C=124°, но ∠ACD равен половине этого угла, так как диагональ ромба делит угол пополам: 124°:2=62°.",124,62
W074,dev,77,1,1,correct,False,,,12,12
W074,dev,79,0,0,incorrect,False,"Вычислительная ошибка: 180 − 146 = 34, у ученика 36 ⇒ 18; верно 17; Проверяющий: 180 − 146 = 34, 34 : 2 = 17","[computational] 180-146=34, а не 36. Тогда ∠ACD=34°/2=17°.",18,17
W074,dev,80,1,0,incorrect,False,"Режим training (data/cards/modes.csv), политика п. 1.3 — замечание. Было: Ответ не на вопрос: высота ромба — катет против угла 30°, AP = 38 : 2 = 19 (ученик нашёл), но в ответ записан другой катет 19√3 Проверяющий обвёл 19","[conceptual] Высота ромба равна стороне, умноженной на синус острого угла: 38·sin30°=19. Найдена не высота, а горизонтальный катет.",19√3,19
W074,dev,82,1,0,incorrect,False,"Режим training (data/cards/modes.csv), политика п. 1.3 — замечание. Было: Ответ не на вопрос: высота равна 22 : 2 = 11 (ученик нашёл), но в ответ записан другой катет 11√3 Проверяющий обвёл 11","[conceptual] Высота ромба равна 22·sin30°=11, а не 11√3.",11√3,11
W074,dev,85,0,0,not_solved,False,Неверный метод: большая высота = 32 : 8 = 4; у ученика AB = 8² + 8² = 128; Проверяющий написал 4,,—,4
W074,dev,89,1,1,correct,False,,,35,35
W074,dev,92,1,1,correct,False,,,80,80
W074,dev,93,0,0,incorrect,False,"Неверная высота: при угле 45° высота равна (8 − 4)/2 = 2, S = 12; у ученика высота 4, S = 24; Проверяющий исправил на 12","[computational] Высота равна (8-4)/2=2, а не 4. Площадь: (4+8)/2·2=12.",24,12
W074,dev,95,1,1,correct,False,,,18,18
W074,dev,97,1,1,correct,False,Первая попытка найти h зачёркнута,,"12,5","12,5"
W074,dev,100,1,1,correct,False,,,72,72
W074,dev,101,1,1,correct,False,"Политика 30.09, п. 2.2 — замечание, не ошибка (rules/policy.csv). Было: Не ошибка по правилам (рассуждения верны, неверно выписан ответ / не сделан последний шаг): Не извлечён корень: d² = 196, d = 14; в ответе 196; Проверяющий дописал √196 = 14","[presentation] Получен квадрат диагонали, но не извлечён корень. Диагональ квадрата равна √196=14.",196,14
W074,dev,104,1,1,correct,False,Записано h = … = 324 = 18 (пропущен корень в записи),,18,18
W074,dev,105,0,0,incorrect,False,"Неверный метод: больший отрезок средней линии равен 19 : 2 = 9,5; у ученика (14 + 19) : 2 = 16,5; Проверяющий исправил на 9,5","[conceptual] Найдена вся средняя линия, а не больший отрезок, отсекаемый диагональю. Больший отрезок равен половине большего основания: 19/2=9,5.","16,5","9,5"
W074,dev,109,1,1,correct,False,,,6,6
W074,dev,112,1,1,correct,False,,,9,9
W075,dev,1,1,1,correct,False,Блок 1 задачника (ФИПИ),,139,139
W075,dev,5,1,1,correct,False,,,78,78
W075,dev,9,1,1,correct,False,,,65,65
W075,dev,11,1,1,correct,False,,,45,45
W075,dev,13,1,1,correct,False,,,105,105
W075,dev,17,1,1,correct,False,,,66,66
W075,dev,21,1,1,correct,False,,,11,11
W075,dev,25,1,1,correct,False,,,106,106
W075,dev,27,1,1,correct,False,,,49,49
W075,dev,29,1,1,correct,False,,,157,157
W075,dev,33,1,1,correct,False,,,71,71
W075,dev,37,1,1,correct,False,,,139,139
W075,dev,41,1,1,correct,False,,,41,41
W075,dev,45а,1,1,correct,False,,,17,17
W075,dev,45б,1,1,correct,False,,,13,13
W075,dev,46,1,1,correct,False,,,3,3
W075,dev,50,1,1,correct,False,,,5,5
W075,dev,54,1,1,correct,False,,,78,78
W075,dev,58,1,1,correct,False,Первая запись ∠COD исправлена на ∠BOC,,88,88
W075,dev,60,1,1,correct,False,,,74,74
W075,dev,64,1,1,correct,False,,,104,104
W075,dev,68,1,1,correct,False,,,81,81
W075,dev,72,1,1,correct,False,,,49,49
W075,dev,76,1,1,correct,False,Описка в обосновании: «ΔABC = ΔABC» вместо ΔABC = ΔADC,,23,23
W075,dev,80,1,1,correct,False,,,19,19
W075,dev,84а,1,1,correct,False,,,75,75
W075,dev,84б,1,1,correct,False,,,40,40
W075,dev,84в,1,1,correct,False,,,20,20
W075,dev,84г,1,1,correct,False,,,120,120
W075,dev,84д,1,1,correct,False,,,100,100
W075,dev,84е,1,1,correct,False,,,96,96
W075,dev,85,0,1,correct,True,"Режим экзамена: в ответ выписано не то, что спрашивали (не та величина / не доведено / не извлечён корень / не в той форме). Нужная величина была почти найдена — не хватило последнего шага.; Правило 29.09: в задачах формата экзамена ответ должен быть ровно на заданный вопрос → ошибка (раньше — замечание). В ответ записаны обе высоты (BH = 4; BM = 2), требовалась только большая — 4; проверяющий поставил +","[presentation] Требовалось указать большую высоту, то есть 4. Обе высоты найдены верно, но большая не выделена отдельно.",BH=4; BM=2,4
W075,dev,89,1,1,correct,False,,,35,35
W075,dev,93,1,1,correct,False,,,12,12
W075,dev,97,1,1,correct,False,,,"12,5","12,5"
W075,dev,101,1,1,correct,False,,,14,14
W075,dev,105,,0,not_solved,False,"Начато (рисунок, дано) и зачёркнуто",,—,"9,5"
W075,dev,109,1,1,correct,False,,,6,6
W077,dev,Б1-1,1,1,correct,False,"Номер = блок-номер задачи в листе (Б1/Б2/Б3 — блоки 1–3 сборника «14. Прогрессии»). Ответ 61, +",,61,61
W077,dev,Б1-2,1,1,correct,False,"Ответ −41, +",,-41,-41
W077,dev,Б1-3,0,0,incorrect,False,"Неверный ответ: 122, верно 39; Проверяющий зачеркнул и написал 39; ответ ученика неразборчив (122?)","[computational] Разность прогрессии d=(25−17)/(9−5)=2, первый член a1=17−4·2=9, последний (16-й) член a16=9+15·2=39, а не 192.",192,39
W077,dev,Б1-4,0,0,incorrect,False,"Неверный ответ: 4,55, верно 6,3; Проверяющий зачеркнул и написал 6,3","[computational] Сумма первых 7 членов: S7=7/2·(2·0,6+6·0,1)=6,3. Получено 4,55 — арифметическая ошибка.","4,55","6,3"
W077,dev,Б1-5,1,1,correct,False,"Ответ 110 (исправлен учеником), +",,110 (было зачёркнуто 114),110
W077,dev,Б1-6,1,1,correct,False,"Ответ 518, +",,518,518
W077,dev,Б1-7,1,1,correct,False,"Ответ 48, +",,48,48
W077,dev,Б1-8,0,0,incorrect,False,"Неверный ответ: 4,5 (неразборчиво), верно 7; Проверяющий зачеркнул и написал 7","[computational] Высоты: 4,8; 2,4; 1,2; 0,6; 0,3; 0,15; 0,075 м. Впервые меньше 10 см = 0,1 м на 7-м прыжке.",5,7
W077,dev,Б1-9,1,1,correct,False,"Ответ 7,5, +",,"7,5","7,5"
W077,dev,Б1-10,1,1,correct,False,"Ответ 2916, +",,2916,2916
W077,dev,Б2-1.1,1,0,incorrect,False,"Ответ 13, проверяющий поставил + на весь №1","[computational] a5=−7+4·5=13, а не 3.",3,13
W077,dev,Б2-1.2,1,0,incorrect,False,"Ответ 9, проверяющий поставил + на весь №1","[computational] b2=−4/b1=−4/9, b3=−4/b2=9, а не 3.",3,9
W077,dev,Б2-2,1,0,incorrect,False,"Ответ 6,2, +","[computational] a6=a1+5d=−4,3+5·2,1=6,2. Записано 6,12.","6,12","6,2"
W077,dev,Б2-3,1,1,correct,False,"Ответ 37, +",,37,37
W077,dev,Б2-4,1,0,not_solved,False,"Ответ −56,4 (исправлен учеником, прежний зачёркнут), +",,"~~-56,4~~ (зачёркнуто)","-56,4"
W077,dev,Б2-5,1,1,correct,False,"Ответ −7, +",,-7,-7
W077,dev,Б2-6,1,1,correct,False,"Ответ 145, +",,145,145
W077,dev,Б2-7,0,0,incorrect,False,"Неверный ответ: 10, верно −10; Проверяющий дописал минус","[computational] Разность d=−9, поэтому x=−1+d=−10. Потерян знак минус.",10,-10
W077,dev,Б2-9,0,0,incorrect,False,"Неверный ответ: 486 (без минуса), верно −486; Проверяющий дописал минус; первая цифра неразборчива (4 или 9)","[computational] b6=b1·q^5=−2·3^5=−486. Получено 986, потерян минус и ошибка вычисления.",986,-486
W077,dev,Б2-10,1,0,incorrect,False,"Режим training, политика п. 1.1 — замечание (найдено при офлайн-оценке политики 30.09). Было: Неверный ответ: −24 (неразборчиво), верно 9,6 Проверяющий зачеркнул и написал 9,6","[conceptual] −0,4 — это знаменатель прогрессии. Четвёртый член равен b3·q=−24·(−0,4)=9,6.","-0,4","9,6"
W077,dev,Б2-12,0,0,incorrect,False,"Неверный ответ: 32, верно −441; Проверяющий зачеркнул и написал −441","[computational] S6=−7·(2^6−1)/(2−1)=−441, а не 32.",32,-441
W077,dev,Б2-14,1,1,correct,False,"Ответ 32, +",,32,32
W077,dev,Б2-15,1,1,correct,False,"Ответ 58, +",,58,58
W077,dev,Б2-16,0,0,incorrect,False,"Неверный ответ: 155, верно 167; Проверяющий зачеркнул и написал 167","[computational] a28=4+27·6=166, а не 155.",155,166
W077,dev,Б2-17,0,0,incorrect,False,"Неверный ответ: 67400, верно 77400; Проверяющий зачеркнул и написал 77400",[computational] Сумма 9 членов: S9=9/2·(2·3800+8·1200)=77400. Получено 69400.,69400,77400
W077,dev,Б2-19,0,0,incorrect,False,"Неверный ответ: 815 (неразборчиво), верно 945; Проверяющий зачеркнул и написал 945","[conceptual] Через 42 мин прошло 6 периодов полураспада. Изотопа А осталось 960/2^6=15 мг, значит изотопа Б образовалось 960−15=945 мг.",815,945
W077,dev,Б2-20,0,0,incorrect,False,"Неверный ответ: 4, верно 328; Проверяющий зачеркнул и написал 328","[computational] S8=8/2·(2·6+7·10)=328 м, а не 4.",4,328
W077,dev,Б2-22,0,0,incorrect,False,"Неверный ответ: 5, верно 7; Проверяющий зачеркнул и написал 7","[computational] Высоты после отскоков: 320,160,80,40,20,10,5 см. Впервые меньше 6 см после 7-го отскока.",2215,7
W077,dev,Б3-1,1,1,correct,False,"Ответ 5,4, +",,"5,4","5,4"
W077,dev,Б3-2,1,1,correct,False,"Ответ 8, +",,8,8
W077,dev,Б3-3,1,1,correct,False,"Ответ 6, +",,6,6
W077,dev,Б3-5,1,1,correct,False,"Ответ 62720, +",,62720,62720
W077,dev,Б3-6,0,1,correct,False,"Неверный ответ: 78, верно 48; Проверяющий зачеркнул и написал 48",,78,78
W077,dev,Б3-8,1,1,correct,False,"Ответ 17, +",,17,17
W077,dev,Б3-11,0,0,incorrect,False,"Неверный ответ: 140, верно 35; Проверяющий зачеркнул и написал 35","[computational] После 5 делений число увеличивается в 2^5=32 раза, поэтому первоначально было 1120/32=35 инфузорий, а не 140.",140,35
W078,dev,Б1-1,1,1,correct,False,"Номер = блок-номер задачи в листе (Б1/Б2/Б3 — блоки 1–3 сборника «14. Прогрессии»); задачи, отмеченные учеником прочерком, не размечены. Ответ 61, +",,61,61
W078,dev,Б1-2,0,0,incorrect,False,"Неверный ответ: −340 (неразборчиво), верно −41; Проверяющий зачеркнул и написал −41",[computational] Через 4 минуты температура должна уменьшиться на 7·4=28°C: -13-28=-41°C. -34°C получилось бы через 3 минуты.,-34°C,-41°C
W078,dev,Б1-3,0,0,incorrect,False,"Неверный ответ: 40 (неразборчиво), верно 39; Проверяющий зачеркнул и написал 39","[computational] Разность прогрессии d=(25-17)/(9-5)=2. Тогда a16=a9+7d=25+14=39, а не 45.",45,39
W078,dev,Б1-4,1,1,correct,False,"Ответ 6,3, +",,"6,3","6,3"
W078,dev,Б1-5,0,0,incorrect,False,"Неверный ответ: 150, верно 110; Проверяющий зачеркнул и написал 110","[computational] Сумма первых 5 секунд: 30+26+22+18+14=110 м, а не 150 м.",150,110
W078,dev,Б1-6,0,0,incorrect,False,"Неверный ответ: неразборчиво (3..), верно 518; Проверяющий зачеркнул и написал 518","[computational] a14=24+13·2=50; сумма S14=(24+50)·14/2=518, а не 392.",392,518
W078,dev,Б1-7,1,1,correct,False,"Ответ 48, +",,48,48
W078,dev,Б1-8,1,1,correct,False,"Ответ 7, +",,7,7
W078,dev,Б1-9,0,0,incorrect,False,"Неверный ответ: 15, верно 7,5; Проверяющий зачеркнул и написал 7,5","[computational] 36 минут — это 6 периодов полураспада: 480/2^6=480/64=7,5 мг. 15 мг получилось бы через 5 периодов (30 минут).",15,"7,5"
W078,dev,Б1-10,0,0,incorrect,False,"Неверный ответ: 372 (неразборчиво; первый вариант тоже зачёркнут), верно 2916; Проверяющий зачеркнул и написал 2916","[computational] 100 минут — это 5 интервалов по 20 минут: 12·3^5=12·243=2916 мг. 972=12·3^4, то есть учтено только 4 интервала.",972,2916
W078,dev,Б2-2,0,0,incorrect,False,"Неверный ответ: 6,4, верно 6,2; Проверяющий зачеркнул и написал 6,2","[computational] a6=a1+5d=-4,3+5·2,1=-4,3+10,5=6,2, а не 6,9.","6,9","6,2"
W078,dev,Б2-3,1,1,correct,False,"Ответ 37, +",,37,37
W078,dev,Б2-5,1,1,correct,False,"Ответ −7, +",,-7,-7
W078,dev,Б2-7,1,1,correct,False,"Ответ −10, +",,-10,-10
W078,dev,Б2-8,1,0,incorrect,False,"Режим training, политика п. 1.1 — замечание (найдено при офлайн-оценке политики 30.09). Было: Неверный ответ: 5,5, верно 1,1 Проверяющий зачеркнул и написал 1,1","[computational] d=(a12-a7)/(12-7)=(13,9-8,4)/5=5,5/5=1,1. 5,5 — это разность a12-a7, её ещё нужно разделить на 5.","5,5","1,1"
W078,dev,Б2-10,1,1,correct,False,"Ответ 9,6, +",,"9,6","9,6"
W078,dev,Б2-11,1,1,correct,False,"Ответ 615, +",,615,615
W078,dev,Б2-13,1,1,correct,False,"Ответ 12, +",,12,12
W078,dev,Б2-14,1,1,correct,False,"Ответ 32, +",,32,32
W078,dev,Б2-15,1,1,correct,False,"Ответ 58, +",,58,58
W078,dev,Б2-16,0,1,correct,False,"Неверный ответ: 1.. (неразборчиво), верно 167; Проверяющий зачеркнул и написал 167",,166,166
W078,dev,Б2-17,1,1,correct,False,"Ответ 77400 р., +",,77400 р.,77400
W078,dev,Б2-19,1,1,correct,False,"Ответ 945, +",,945,945
W078,dev,Б2-20,1,1,correct,False,"Ответ 328, +",,328,328
W078,dev,Б2-21,1,1,correct,False,"Ответ 5, +",,5,5
W078,dev,Б2-22,1,1,correct,False,"Ответ 7, +",,7,7
W078,dev,Б3-1,1,1,correct,False,"Ответ 5,4 (учеником исправлен), +",,"5,4","5,4"
W078,dev,Б3-2,1,1,correct,False,"Ответ 8, +",,8,8
W078,dev,Б3-3,1,1,correct,False,"Ответ 6 (учеником зачёркнуто 1082, записанное не в ту строку), +",,6,6
W078,dev,Б3-4,1,1,correct,False,"Ответ 1082 (учеником зачёркнуто 62720), +",,1082,1082
W078,dev,Б3-5,1,1,correct,False,"Ответ 62720, +",,62720,62720
W078,dev,Б3-8,1,1,correct,False,"Ответ 17, +",,17,17
W078,dev,Б3-9,1,1,correct,False,"Ответ 16, +",,16,16
W078,dev,Б3-10,0,1,correct,False,"Неверный ответ: 3, верно 2; Проверяющий зачеркнул и написал 2",,3,3
W078,dev,Б3-11,1,1,correct,False,"Ответ 35, +",,35,35
