work,split,task_no,label,pred,verdict,human_missed,label_text,model_errors,student_answer,correct_answer
W001,dev,В1-1.1,1,1,correct,False,,,3,3
W001,dev,В1-1.2,1,1,correct,False,,,1,1
W001,dev,В1-2.1,0,0,incorrect,False,"Подкоренное выражение может быть равно нулю: 0 ≤ 3x − 2, ответ [2/3; 2), а не (2/3; 2)","[conceptual] Подкоренное выражение должно быть неотрицательным: $3x - 2 \ge 0$, а не строго больше нуля. Поэтому левая граница должна быть включена: $[2/3; 2)$.",(2/3; 2),[2/3; 2)
W001,dev,В1-2.2,1,1,correct,False,,,(-∞; -5),(-∞; -5)
W001,dev,В1-2.3,1,1,correct,False,"Не отмечено проверяющим: промежуточная строка 4 − 5x = 0 вместо ≥ 0 и квадратная скобка у −∞ в ответе [−∞; 0,8] (мелочи в записи). Проверяющий: +",,"(-∞; 0,8]","(-∞; 0,8]"
W001,dev,В1-3.1,1,1,correct,False,,,1; 10,1; 10
W001,dev,В1-3.2,,0,not_solved,False,Не дорешано; подсказка проверяющего: перенести √x в правую часть,,,0; 4
W001,dev,В1-4,0,0,incorrect,False,"При переносе знак должен смениться: x² + 4x + 3 > 0, а не < 0; Итоговый ответ (−1; +∞) верный, но не следует из шагов; итогового +/− нет","[computational] При переносе влево $2x+6$ получается $x^2+4x+3 > 0$, а не $< 0$. Из-за взаимной компенсации ошибок (неверный знак неравенства и неверный выбор промежутка) получен верный ответ, но решение ошибочно.",(-1; +∞),(-1; +∞)
W001,dev,В2-1.1,1,1,correct,False,,,2,2
W001,dev,В2-1.2,1,1,correct,False,,,5,5
W001,dev,В2-2.1,0,0,incorrect,False,"Правая часть не возведена в квадрат: должно быть 3 − 2x ≤ 49 | Подкоренное выражение может быть равно нулю: 0 ≤ 3 − 2x; верный ответ [−23; 1,5]","[conceptual] При возведении в квадрат обеих частей неравенства $\sqrt{3-2x} \le 7$ правая часть должна быть равна $7^2 = 49$, а не $7$.","[-2; 1,5)","[-23; 1,5]"
W001,dev,В2-2.2,0,0,incorrect,False,"Нестрогое неравенство: 6 − 6x ≥ 0, ответ (−∞; 1], а не (−∞; 1)","[computational] Из условия $6 - 6x \ge 0$ следует $x \le 1$, то есть промежуток $(-\infty; 1]$ с включённой границей.",(-∞; 1),(-∞; 1]
W001,dev,В2-2.3,1,1,correct,False,,,"(-∞; -5,5)","(-∞; -5,5)"
W001,dev,В2-3.1,1,1,correct,False,,,"-5, 1",-5; 1
W001,dev,В2-3.2,,0,not_solved,False,Не решено; подсказка проверяющего: перенести √x вправо,,,0; 16
W001,dev,В2-4,0,0,incorrect,False,"При переносе знак неравенства не сменён: 26 − x < x² + 8x + 16 ⇔ x² + 9x − 10 > 0, а не < 0; из записанной системы ответ (1; 26] не следует; Проверяющий поставил ×. Итоговый ответ (1; 26] верный; та же ошибка со знаком, что в В1-4","[computational] При переносе слагаемых получается $x^2 + 9x - 10 > 0$, а не $< 0$. Дальнейший ответ получен из-за повторной ошибки с направлением ветвей/знаками интервалов.",(1; 26],(1; 26]
W002,dev,1,1,1,correct,False,,,-2,-2
W002,dev,2,1,1,correct,False,,,-8,-8
W002,dev,3,1,1,correct,False,,,5,5
W002,dev,4,1,1,correct,False,,,10,10
W002,dev,5,1,1,correct,False,"В тетради номер обведён так, что похож на 8",,288,288
W002,dev,6,1,1,correct,False,,,131,131
W002,dev,7,1,0,incorrect,False,,"[conceptual] Точка x = 0 является локальным минимумом, однако наименьшее значение непрерывной функции на отрезке [-5; 3] может достигаться на границе. При x = -5 значение y(-5) = 6·25 - (-125) + 17 = 292? Стоп: y(-5) = 6*(-5)^2 - (-5)^3 + 17 = 150 + 125 + 17 = 292. Но y' = 12x - 3x^2 = 3x(4 - x). На отрезке [-5; 0] производная y' <= 0, значит, функция убывает от y(-5) = 292 до y(0) = 17. На отрезке [0; 3] производная y' >= 0, функция возрастает до y(3) = 44. Следовательно, наименьшее значение действительно достигается в x = 0 и равно 17. Стоп, проверим знаки производной: при x < 0: 3x < 0, 4 - x > 0 => y' < 0. При 0 < x < 4: y' > 0. Функция убывает на [-5; 0] и возрастает на [0; 3]. Значит, x = 0 — глобальный минимум на [-5; 3], y(0) = 17.",17,-258
W002,dev,8,1,1,correct,False,,,12,12
W002,dev,9,0,0,incorrect,False,"Перепутаны знаки производной: при x < 4 y' < 0, при x > 4 y' > 0, значит x = 4 — точка минимума; ответ 4, а не «нет точки минимума»","[computational] Неверно определены знаки производной: y' = 3/2*(sqrt(x) - 2). При x > 4 y' > 0, при 0 <= x < 4 y' < 0. Значит, x = 4 — точка минимума, а не максимума.",нет точки минимума,4
W002,dev,10,1,1,correct,False,,,4,4
W002,dev,11,1,1,correct,False,,,14,14
W002,dev,12,1,1,correct,False,,,-119,-119
W002,dev,13,1,1,correct,False,,,3,3
W002,dev,14,1,1,correct,False,,,-1,-1
W002,dev,15,0,0,not_solved,False,"Неверная производная: (11 − x)' = −1, а не 1; дальше 1 + 11 − x превратилось в 10 − x — две ошибки компенсируют друг друга; верно y' = e^{x+11}(10 − x); Нет разметки, вердикт по сути. Ответ 10 верный. На знаковой прямой «−, +» (это минимум), но подписано max",,,
W002,dev,16,,0,incorrect,False,не решено,"[computational] Производная (11 - x)' равна -1, а не 1. Из-за этого знаки и уравнение для производной определены неверно (хотя получился ответ 10 из-за второй ошибки со знаком).",10,10
W002,dev,17,,0,not_solved,False,не решено,,,
W002,dev,18,,0,not_solved,False,не решено,,,
W002,dev,19,0,1,correct,False,"Ответ не на вопрос: спрашивали наибольшее значение на [−17; −2], а записана точка минимума −1 (вне отрезка); наибольшее значение y(−5) = 7; Нет разметки, вердикт по сути. Производная и критические точки −5, −1 найдены верно",,-1,-1
W003,dev,5а,0,1,correct,False,"Деление на cos x без проверки, что cos x = 0 не является корнем (не потерян ли корень). Нужно рассмотреть случай cos x = 0 отдельно.; Режим exam / политика п. 6.10 (30.09). Было «верно»: Деление на cos x без обоснования, что cos x ≠ 0 не теряет корней; проверяющий не снял",,"x_1 = \pi/4 + 2\pi k, k \in \mathbb{Z}; x_2 = 5\pi/4 + 2\pi n, n \in \mathbb{Z}","x = \pi/4 + \pi k, k \in \mathbb{Z}"
W003,dev,5б,1,1,correct,False,,,-19\pi/4,-19\pi/4
W003,dev,6а,1,1,correct,False,,,"x_1 = \pi/6 + 2\pi k; x_2 = 5\pi/6 + 2\pi n; x_3 = 4\pi/3 + 2\pi h; x_4 = 5\pi/3 + 2\pi c (k, n, h, c \in \mathbb{Z})","x = \pi/6 + 2\pi k; x = 5\pi/6 + 2\pi k; x = -\pi/3 + 2\pi k; x = -2\pi/3 + 2\pi k, k \in \mathbb{Z}"
W003,dev,6б,0,0,incorrect,False,x₄ отсчитан не от той точки: −5π/2 + π/6 вместо −9π/2 + π/6; вышло −7π/3 (вне отрезка) вместо −13π/3,"[conceptual] Точка $-5\pi/2$ не является границей заданного отрезка $[-5\pi; -7\pi/2]$. Полученное число $-7\pi/3$ не входит в отрезок $[-5\pi; -7\pi/2]$, а корень $-11\pi/3$ (серия $5\pi/3 + 2\pi c$ при $c = -3$: $-4\pi + \pi/3 = -11\pi/3$) потерян.",-23\pi/6; -14\pi/3; -7\pi/3,-23\pi/6; -14\pi/3; -11\pi/3
W003,dev,7а,1,1,correct,False,,,"x_1 = \pi/2 + 2\pi k; x_2 = 3\pi/2 + 2\pi n; x_3 = 5\pi/6 + 2\pi h (k, n, h \in \mathbb{Z})","x = \pi/2 + \pi k; x = 5\pi/6 + 2\pi k, k \in \mathbb{Z}"
W003,dev,7б,1,1,correct,False,,,-11\pi/2; -9\pi/2; -31\pi/6,-11\pi/2; -9\pi/2; -31\pi/6
W004,dev,1,1,1,correct,False,,,(-\infty ; 1\frac{3}{5}),"x < 1,6 (или (-\infty; 1\frac{3}{5}))"
W004,dev,2,,0,not_solved,False,"Не дорешано; полный разбор в feedback.docx, ответ [−1; 3]",,нет ответа,[-1; 3]
W004,dev,3,0,0,incorrect,True,"x ≤ 4/3 — нестрогое неравенство, ответ (−1/2; 4/3], а не (−1/2; 4/3); Проверяющий поставил +; скобка на фото круглая (подтверждено)","[conceptual] Потеряна нестрогость неравенства: на числовой прямой точка 1 1/3 закрашена верно ($x \le 1\frac{1}{3}$), но в итоговом ответе записана круглая скобка вместо квадратной.",(-1/2; 1 1/3),(-1/2; 1 1/3]
W004,dev,4,0,0,incorrect,False,"Ошибка при сложении: 3,6 + 2,4 = 6, а не 5; верно 6 < 2x + y < 6,3","[computational] Арифметическая ошибка при сложении левых частей неравенств: $3,6 + 2,4 = 6$, а не $5$.","5 < 2x + y < 6,3","6 < 2x + y < 6,3"
W004,dev,5,0,0,incorrect,False,"Неравенство 3 − 5x < 0 не решено, ответ взят наугад; верно x > 0,6, ответ (0,6; +∞) | Квадратная скобка у бесконечности: +∞]; Мелочь в записи, на фоне основной ошибки","[conceptual] Неверно решено условие отрицательности функции: требовалось решить $3 - 5x < 0$, откуда $-5x < -3$, то есть $x > 0,6$. Кроме того, у символа бесконечности не может стоять квадратная скобка.",[1; +\infty],"(0,6; +\infty)"
W004,dev,6,,0,not_solved,False,"Не решено; разбор в feedback.docx: D: x ≤ 2/3, E: y ≥ 0",,нет ответа,"D(y) = (-\infty; 2/3], E(y) = [0; +\infty)"
W004,dev,7,1,0,incorrect,False,"Режим training, политика п. 2.4 — замечание (найдено при офлайн-оценке политики 30.09). Было: Задача просит целые решения, а в ответе промежуток [4,5; 10); нужно 5, 6, 7, 8, 9 Само решение системы верное","[conceptual] Система неравенств решена верно, но требовалось найти целые решения системы: $5, 6, 7, 8, 9$.","[4,5; 10)","5, 6, 7, 8, 9"
W005,dev,В1-1б,1,1,correct,False,,,"0,5",1/2
W005,dev,В1-2,0,0,incorrect,False,"Знак не определён по четверти: при π < α < 3π/2 sin α < 0, ответ −5/13, а не 5/13","[computational] Не учтена четверть: при π < α < 3π/2 (III четверть) синус отрицателен, поэтому sin α = -5/13.",5/13,-5/13
W005,dev,В1-3.2,1,1,correct,False,,,-1/(sin α + cos α),-1/(sin α + cos α)
W005,dev,В1-3.3,1,1,correct,False,,,tg α,tg α
W005,dev,В1-4,0,0,incorrect,True,"После верного 2 sin 60° cos 15° дважды записано cos 75°, и сокращено cos 75°/(−sin 75°) = −1 — это верно только для cos 15° = sin 75°; Проверяющий поставил +. Ответ −√3 верный; возможно, описка — если считаешь её мелочью записи, ставь 1","[conceptual] Ученик неправомерно сократил cos 15° и sin 75° с коэффициентом 1 (или приравнял их к 1), хотя cos 15° = sin 75°, а в знаменателе стоит sin(360° - 75°) = -sin 75°, однако далее в зачеркнутом и итоговом переходе потеряна правильная структура вычисления, значение выражения равно -(√6+√2)/(...)",-√3,-(√3 + 1)
W005,dev,В1-5,1,1,correct,False,,,тождество доказано,тождество верно
W005,dev,В2-2,0,1,correct,False,"Знак не определён по четверти: при π < α < 3π/2 cos α < 0, ответ −3/5",,-3/5,-3/5
W005,dev,В2-3.1,1,1,correct,False,,"[notational] В первой строке ошибочно записана формула, но на следующем шаге аргументы полусуммы и полуразности применены корректно.",2 sin α cos β,2 sin α cos β
W005,dev,В2-3.2,1,0,incorrect,False,"Режим training, политика п. 1.11 — замечание (найдено при офлайн-оценке политики 30.09). Было: Не доупрощено: 1 − 2 sin α cos α = (sin α − cos α)², ответ 1/(sin α − cos α) Итоговой отметки нет, только подсказка проверяющего; умножение в знаменателе записано похоже на минус","[conceptual] Выражение не упрощено до конца: 1 - sin 2α = (sin α - cos α)^2, дробь сокращается до 1/(sin α - cos α).",(sin α - cos α)/(1 - sin 2α),1/(sin α - cos α)
W005,dev,В2-3.3,1,1,correct,False,,,tg α,tg α
W005,dev,В2-4,1,1,correct,False,,,-√2,-√2
W005,dev,В2-5,1,1,correct,False,,,тождество доказано,тождество верно
W006,dev,25.1а,0,0,incorrect,True,"Потеряна серия корней: sin²x = 0 даёт x = πk, в ответе её нет; Проверяющий поставил +; номер в тетради похож на 23.1; степени записаны как sin x³ вместо sin³x","[conceptual] Уравнение sin^2(x) = 0 выписано, но корни из него (x = pi*k, k in Z) не найдены и потеряны.","x_1 = 5pi/4 + 2pi*n, x_2 = 7pi/4 + 2pi*n, n in Z","pi*k, -pi/4 + 2pi*k, -3pi/4 + 2pi*k, k in Z (или pi*k, 5pi/4 + 2pi*k, 7pi/4 + 2pi*k, k in Z)"
W006,dev,26.4а,0,0,incorrect,False,Не решено уравнение sin x − 1 = 0: потеряна серия x = π/2 + 2πk,"[conceptual] Уравнение sin x - 1 = 0 выписано, но корни из него (x = pi/2 + 2pi*k, k in Z) не найдены и потеряны.","x_1 = 3pi/4 + 2pi*n, x_2 = 5pi/4 + 2pi*n, n in Z","pi/2 + 2pi*k, 3pi/4 + 2pi*k, -3pi/4 + 2pi*k, k in Z"
W006,dev,29.1а,,0,not_solved,False,Не дорешано: верно сведено к 2t³ + √2t² − 2t − √2 = 0; подсказка проверяющего: (t − 1)(t + 1)(t + √2/2) = 0,,не получен,"pi/2 + pi*k, 3pi/4 + 2pi*k, -3pi/4 + 2pi*k, k in Z"
W006,dev,30.2а,,0,not_solved,False,"Не решено, записано только условие",,не получен,"-pi/4 + pi*k, -pi/3 + pi*k, k in Z"
W007,dev,4.3,1,1,correct,False,,"[computational] При раскрытии скобок (x-2)(x+3) получается x^2 + x - 6, а записано +6 - 6. Однако на следующей строке записано верное x^2 + x - 12 = 0, корни найдены верно.",-3; 3; -4,-3; 3; -4
W007,dev,4.11,1,1,correct,False,"Опечатка: x² − 6x − 7x вместо x² − 6x − 7, на решение не повлияла","[notational] Описка при списывании условия второго слагаемого: приписан x к 7, но решено верное уравнение x^2 - 6x - 7 = 0.",-1,-1
W007,dev,5.4,1,0,incorrect,False,"Режим training, политика п. 8.4 — замечание (найдено при офлайн-оценке политики 30.09). Было: 4/12 = 1/3, а не 0,3: корень записан неверно","[computational] Дробь 4/12 = 1/3 записана как 0,3, что является неточным (приближённым) значением. Обыкновенную дробь 1/3 нельзя переводить в конечную десятичную.","0,3; -0,5",1/3; -1/2
W007,dev,5.12,,0,not_solved,False,Начато и зачёркнуто,,,"1,1; 0,75 (или 11/10; 3/4)"
W007,dev,6.3,,0,not_solved,False,"Не решено, записано только условие",,,-3 ± √5
W007,dev,7.2,0,0,incorrect,False,"Ошибка при раскрытии скобок: x² − (3x − 10) = x² − 3x + 10; у этого множителя D < 0, а получены лишние корни 5 и −2 | (−3 − 7)/2 = −5, а не 5; верный ответ −5; 2; Также записано D = 9 − 40 = 49 вместо 9 + 40","[computational] При раскрытии скобок -(3x - 10) должно быть -3x + 10 = 0, у которого D = 9 - 40 < 0 (нет действительных корней). В решении ошибочно потерян знак перед 10. | [computational] Дискриминант вычислен неверно: для уравнения x^2 + 3x - 10 = 0 дискриминант D = 9 - 4*1*(-10) = 49, а записано 9 - 40.",5; -2; 2; 5,2; -5
W007,dev,7.5,0,0,incorrect,False,"Та же ошибка: x² − (x − 6) = x² − x + 6, у него D < 0; лишние корни 3 и −2, верный ответ 2; −3; Итоговой отметки нет, проверяющий исправил знак","[computational] При раскрытии скобок -(x - 6) должно получиться x^2 - x + 6 = 0 (дискриминант D = 1 - 24 < 0, корней нет). Из-за ошибки со знаком появились лишние корни 3 и -2.",3; -2; 2; -3,2; -3
W007,dev,8.3,0,0,incorrect,False,"При x = 1: y = 7 · 1 − 5 = 2; верный ответ (1; 2), (5/7; 0); В строке «= 0», в ответе (1; 3) — несогласованно","[computational] При x = 1 значение y = 7 · 1 - 5 = 2. В решении сначала написано 0, а в скобках указана точка (1; 3). Обе записи неверны.",(1 ; 3) ; (5/7 ; 0),"(1; 2), (5/7; 0)"
W007,dev,8.7,1,1,correct,False,В тетради подписано как 4),,(2 ; 10) (3/4 ; 0),"(2; 10), (3/4; 0)"
W008,dev,14.6а,1,1,correct,False,"Логика верная: HE — проекция MK, средняя линия △ABN ⇒ H — середина AB ⇒ M — середина A₁B₁. Не обосновано, почему основания именно MK = 2 и AN = 4 (MK ∥ AN как следы сечения на параллельных основаниях; HE = MK < AN); опечатка ½AK вместо ½AN; на чертеже N не на BC. Проверяющий: 1б",[notational] Описка: вместо AK должно быть AN (основание трапеции AN = 4).,M — середина A_1B_1 (доказано),Доказано
W008,dev,14.6б,1,1,correct,False,"Ответ √3 верный. Без пояснений: равенство △AMH и △KEN, BE = EN = x (E — середина BN), ∠B = 120°, BC = 4x из B₁K:KC₁ = 1:3. Проверяющий: 2б",,\sqrt{3},\sqrt{3}
W008,dev,14.3а,1,1,correct,False,"A₁M = BM = √(x² + y²) — верно. Треугольник записан как △A₁CM вместо △A₁C₁M; не сказано, что A₁C₁ = AC = y и что CC₁ ⊥ (A₁B₁C₁); сечение на чертеже не выделено. Проверяющий: 1б",,"A_1M = BM = \sqrt{x^2+y^2}, следовательно A_1MB — равнобедренный треугольник",Доказано
W008,dev,14.3б,1,1,correct,False,"Ответ 2√11 верный. Проверяющий поставил «?» у MH = √(x² + 4 − x² − 1), но шаг верный: (A₁B/2)² = (4x² + 4)/4 = x² + 1. Не выписана т. Пифагора для A₁B = √(4x² + 4); первая строка похожа на «ΔB = 2» вместо AB = 2; боковая сторона на чертеже подписана как √(x + 4). Проверяющий: 2б","[presentation] Пропущено промежуточное пояснение нахождения стороны A_1B = \sqrt{4x^2+4} и ее половины A_1H = \sqrt{x^2+1}, из-за чего вычисление высоты сечения MH выглядит не сразу очевидным, хотя на чертеже всё подписано верно.",2\sqrt{11},2\sqrt{11}
W009,dev,Б1-1,1,1,correct,False,,,17,17
W009,dev,Б1-2,1,1,correct,False,,,13,13
W009,dev,Б1-3,1,1,correct,False,,,29,29
W009,dev,Б1-4,1,1,correct,False,,,25,25
W009,dev,Б1-5,1,0,incorrect,False,,"[conceptual] Неверно определены координаты вектора b по рисунку: вектор идет из (3;3) в (5;1), то есть b(2; -2), а не (2; -1).",8,"8,06"
W009,dev,Б1-6,1,0,incorrect,False,,"[conceptual] Неверно определены координаты вектора a по рисунку: конец в (4;4), начало в (1;1), вектор a(3; 3), а не (3; 4). Ошибка случайно скомпенсировалась.",11,11
W009,dev,Б1-7,1,1,correct,False,,,"7,5","7,5"
W009,dev,Б1-8,1,1,correct,False,,,"10,5","10,5"
W009,dev,Б1-9,1,1,correct,False,,,82,82
W009,dev,Б1-10,1,1,correct,False,,,86,86
W009,dev,Б1-11,1,1,correct,False,,,62,62
W009,dev,Б1-12,1,1,correct,False,,,63,63
W009,dev,Б1-13А,1,1,correct,False,,,1,1
W009,dev,Б1-13Б,0,0,incorrect,False,"Неверный знак координаты: b(2; −1), а не (2; 1); a·b = 6 − 4 = 2, а не 10; В Б1-6 на том же рисунке b(2; −1) прочитан верно; проверяющий исправил на 2","[conceptual] Неверно определены координаты вектора b: конец (5; 2), начало (3; 3), следовательно b(2; -1), а не (2; 1).",10,2
W009,dev,Б1-14А,1,1,correct,False,,,41,41
W009,dev,Б1-14Б,1,0,incorrect,False,,"[conceptual] Неверно найдены координаты вектора a: начало (1; 2), конец (9; 6), вектор a(8; 4), а не (8; 5).",71,68
W009,dev,Б2-1,1,1,correct,False,,,10,10
W009,dev,Б2-2,1,1,correct,False,,,13,13
W009,dev,Б2-3,1,1,correct,False,,,15,15
W009,dev,Б2-4,1,1,correct,False,,,17,17
W009,dev,Б2-5,1,1,correct,False,,,"2,9","2,9"
W009,dev,Б2-6,1,1,correct,False,"Ошибка 2,4² = 4,16 исправлена самим учеником",,"2,6","2,6"
W009,dev,Б2-7,1,1,correct,False,,,25,25
W009,dev,Б2-8,1,1,correct,False,,,25,25
W009,dev,Б2-9,1,1,correct,False,"Записано a + 2b − c вместо a + 2b − 3c, но считалось с 3c",,13,13
W009,dev,Б2-10,0,0,incorrect,True,"Ошибка в вычислении: 1 − 6 + 16 = 11, а не −21; a − b + 4c = (0; 11), длина 11, а не 21; Проверяющий поставил +","[computational] Арифметическая ошибка: 1 - 6 + 16 = -5 + 16 = 11, а не -21. Длина вектора равна sqrt(0^2 + 11^2) = 11.",21,21
W009,dev,Б2-11,0,0,incorrect,True,"Неверные знаки координат по рисунку: a(−1; −2), b(6; −1), c(−7; 2); a + b − c = (12; −5), длина 13, а не 5; Проверяющий поставил +; модули координат у ученика верные, ошибка в знаках; первая попытка зачёркнута","[conceptual] Неверно определены координаты вектора a: начало (2;3), конец (3;5), то есть a(1; 2), а также b(6; -1) вместо (-6; 1). Правильный вектор a+b-c = (14; 0), длина 14.",5,14
W009,dev,Б2-12,0,0,incorrect,True,"Все три вектора взяты в обратном направлении (начало минус конец): a(−3; 5), b(−2; −4), c(−8; 3); Ответ 15 верный только потому, что длина не меняется при смене знака всего вектора; проверяющий поставил +","[conceptual] Неверно найдены координаты вектора c: начало (9;1), конец (2;4), следовательно c(-7; 3), а не (8; -3).",15,6
W009,dev,Б2-13,,0,not_solved,False,"Начато и зачёркнуто, у ученика «?»; нет разметки",,,10
W009,dev,Б2-14,,0,not_solved,False,"Начато и зачёркнуто, у ученика «?»; нет разметки",,,17
W009,dev,Б2-15,,0,not_solved,False,"Начато и зачёркнуто, у ученика «?»; нет разметки",,,5
W009,dev,Б2-17,1,1,correct,False,,,21,21
W009,dev,Б2-18,1,1,correct,False,,,18,18
W009,dev,Б2-19,1,1,correct,False,,,-20,-20
W009,dev,Б2-20,1,1,correct,False,,,2,2
W009,dev,Б2-21,1,1,correct,False,,,59,59
W009,dev,Б2-22,1,1,correct,False,,,52,52
W009,dev,Б2-23,1,1,correct,False,,,26,26
W009,dev,Б2-24,1,1,correct,False,,,70,70
W009,dev,Б2-25,0,0,incorrect,True,"Вместо скалярного произведения координаты перемножены покомпонентно, и найдена длина вектора (−16; −30); ответ 34 — длина, а не значение выражения; Проверяющий поставил + | Неверно прочитаны b и c: b(1; −6) (взят в обратном направлении), c(−5; 2) (координаты переставлены); верно: a − b = (6; 6), (a − b)·c = −30 + 12 = −18","[conceptual] Неверно определены координаты векторов по рисунку, а также вместо скалярного произведения (суммы произведений координат) сначала найдены координаты вектора, а затем вычислена его длина.",34,30
W009,dev,Б2-26,0,0,incorrect,True,"Вместо скалярного произведения координаты перемножены покомпонентно, и найдена длина вектора (20; 0); С координатами ученика ответ случайно совпал бы: 5·4 + 0·3 = 20; проверяющий поставил + | Неверно прочитаны координаты: a вертикальный, a(0; 5), а не (5; 0); b(5; 1) и c(−9; −4) взяты в обратном направлении; верно: b + c = (−4; −3), a·(b + c) = −15","[conceptual] Неверно найдены координаты векторов: вектор a имеет координаты (0; 4), b(4; 1), c(8; 3). Кроме того, вместо скалярного произведения посчитана длина псевдовектора.",20,16
W009,dev,Б2-27,0,0,incorrect,True,"Оба вектора взяты в обратном направлении: a(−3; 1), b(−4; −8), у ученика a(3; −1), b(4; 8); Ответ 8 верный, так как (−a)·(−b) = a·b; проверяющий поставил +","[conceptual] Неверно найдены координаты векторов: a(1-4; 4-3) = (-3; 1), b(4-8; 1-7) = (-4; -6). Тогда 2a*b = 2((-3)*(-4) + 1*(-6)) = -36.",8,-36
W009,dev,Б2-28,0,0,incorrect,False,"a и b прочитаны с рисунка в обратном направлении: a(3; 6), b(1; −4); верно a·2b = 6 − 48 = −42, а не −36; Нет разметки, вердикт по сути. У ученика a(−3; −6), b(−2; 4)","[conceptual] Неверно найдены координаты векторов: начало a в (1;1), конец в (4;6), поэтому a(3; 5), а b(8-7; 2-5) = (1; -3).",-36,-24
W009,dev,Б2-29,1,1,correct,False,"Нет разметки, вердикт по сути. Ответ 3/5 верный",,3/5,"0,6"
W009,dev,Б2-30,0,0,incorrect,False,"√3600 = 60, а не 36: cos = 48/60 = 0,8, а не 4/3; Нет разметки, вердикт по сути. Косинус > 1 ученик не заметил","[computational] Ошибка при извлечении корня: sqrt(3600) = 60, а не 36. Ответ 48/60 = 4/5 = 0,8.",4/3,"0,8"
W009,dev,Б2-31,0,0,incorrect,False,"Ошибка в вычислении: 8 + (−32) = −24, а не −26; cos α = −24/40 = −0,6; Проверяющий исправил, но итог записал «0,6» без минуса","[computational] Арифметическая ошибка: 8 + (-32) = -24, а не -26. Итого cos = -24/40 = -0,6.",-13/20,"-0,6"
W009,dev,Б2-32,0,0,incorrect,False,"В знаменателе сумма вместо произведения: |a|·|b| = √(50·50) = 50, а не √(50 + 50) = 10; cos α = −0,8; Ответ −4 невозможен для косинуса, ученик не заметил","[conceptual] В знаменателе формулы косинуса стоит произведение длин векторов |a|*|b| = sqrt(50)*sqrt(50) = 50, а не сумма под корнем. Ответ -40/50 = -0,8.",-4,"-0,8"
W009,dev,Б2-33,,0,not_solved,False,"Начато и зачёркнуто, у ученика «?»",,,"0,6"
W009,dev,Б2-34,0,0,incorrect,False,"В знаменателе сумма вместо произведения: √(10·90) = 30, а не √(10 + 90) = 10; cos = 1, а не 3; Та же ошибка, что в Б2-32; проверяющий исправил и дописал формулу | Оба вектора взяты в обратном направлении: a(3; 1), b(9; 3); На ответ не влияет; не отмечено проверяющим","[conceptual] В знаменателе стоит произведение sqrt(10)*sqrt(90) = sqrt(900) = 30, а не сумма под корнем sqrt(10+90). Косинус не может быть равен 3.",3,1
W009,dev,Б2-35,,0,not_solved,False,"Начато и зачёркнуто, у ученика «?»",,,"-0,6"
W009,dev,Б2-36,,0,not_solved,False,"Начато и зачёркнуто, у ученика «?»",,,"0,96"
W010,dev,Б1-1,1,1,correct,False,,,17,17
W010,dev,Б1-2,1,1,correct,False,,,13,13
W010,dev,Б1-3,1,1,correct,False,,,29,29
W010,dev,Б1-4,1,1,correct,False,,,25,25
W010,dev,Б1-5,1,0,incorrect,False,,"[conceptual] Неверно определены координаты вектора b по рисунку: конец вектора в точке (5; 1), начало в (3; 3), поэтому \vec{b} = (2; -2), а не (2; -1).",8,"8,06"
W010,dev,Б1-6,1,0,incorrect,False,,"[conceptual] Неверно определены координаты вектора a по рисунку: начало (1; 1), конец (4; 4), вектор равен (3; 3), а не (3; 4).",11,"11,05"
W010,dev,Б1-7,1,1,correct,False,,,"7,5","7,5"
W010,dev,Б1-8,1,1,correct,False,,,"10,5","10,5"
W010,dev,Б1-9,1,1,correct,False,,,82,82
W010,dev,Б1-10,1,1,correct,False,,,86,86
W010,dev,Б1-11,1,1,correct,False,,,62,62
W010,dev,Б1-12,1,1,correct,False,,,63,63
W010,dev,Б1-13А,1,1,correct,False,Первая попытка 13–14 зачёркнута самим учеником,,1,1
W010,dev,Б1-13Б,1,0,incorrect,False,,"[conceptual] Неверно сняты координаты вектора a: начало в (1; 1), конец в (4; 5), вектор a равен (3; 4). Скалярное произведение 3*2 + 4*(-1) = 2. Однако правильный ответ 2 получен верно, но в условии координаты были (3; 4).",2,2
W010,dev,Б1-14А,0,1,correct,False,"Ошибка при сложении: 35 + 6 = 41, а не 31; Проверяющий исправил",,41,41
W010,dev,Б1-14Б,0,0,incorrect,False,"Ошибка при умножении: 8 · 7 = 56, а не 72; ответ 71, а не 87; Проверяющий исправил","[conceptual] Координаты вектора a: (9 - 1; 6 - 2) = (8; 4), а записано (8; 5). | [computational] 8 * 7 = 56, а не 72.",87,71
W010,dev,Б2-1,1,1,correct,False,,,10,10
W010,dev,Б2-2,1,1,correct,False,,,13,13
W010,dev,Б2-3,1,1,correct,False,,,15,15
W010,dev,Б2-4,1,1,correct,False,,,17,17
W010,dev,Б2-5,1,1,correct,False,"0,6b подписан как b(−5,4; 2,4)",,"2,9","2,9"
W010,dev,Б2-6,1,1,correct,False,,,"2,6","2,6"
W010,dev,Б2-7,1,1,correct,False,,,25,25
W010,dev,Б2-8,1,1,correct,False,,,25,25
W010,dev,Б2-9,1,1,correct,False,,,13,13
W010,dev,Б2-10,1,1,correct,False,,,11,11
W010,dev,Б2-11,1,0,incorrect,False,,"[conceptual] Неверно найден вектор a: по условию начало (2; 3), конец (3; 5), то есть a = (1; 2), а не (-1; -2).",13,13
W010,dev,Б2-12,1,0,incorrect,False,Первая попытка вычисления длины зачёркнута,"[conceptual] Неверно определены векторы по рисунку: a = (3; -5), b = (2; 4), c = (-7; 3).",15,10
W010,dev,Б2-13,1,0,incorrect,False,4c подписан как c(−8; −12),"[conceptual] Неверно определены векторы по рисунку: начало (3; 7), конец (7; 4), значит a = (4; -3).",51,39
W010,dev,Б2-14,1,0,incorrect,False,,"[conceptual] По условию вектор c имеет начало (-6; 0) и конец (-3; 8), то есть c = (3; 8). Ученик взял неверные координаты.",50,50
W010,dev,Б2-15,1,0,incorrect,False,,[conceptual] По рисунку: b = (9-3; 1-7) = (6; -6); c = (4-1; 3-4) = (3; -1). Вектор b взят с ошибкой.,"2,1","2,1"
W010,dev,Б2-16,0,0,incorrect,False,"Длина не может быть отрицательной: a − 2,7b + 0,4c = (−3,1; 0), длина 3,1, а не −3,1; Координаты и вектор найдены верно; проверяющий исправил и подписал «не может быть отриц.»","[conceptual] Длина вектора не может быть отрицательной; длина вектора (-3,1; 0) равна 3,1. | [conceptual] Неверно определены координаты вектора a по рисунку: (5-3; 5-8) = (2; -3).","-3,1","1,3"
W010,dev,Б2-17,1,1,correct,False,Длины записаны как a = 2√3 вместо |a| = 2√3,,21,21
W010,dev,Б2-18,1,1,correct,False,,,18,18
W010,dev,Б2-19,1,1,correct,False,,,-20,-20
W010,dev,Б2-20,1,1,correct,False,,,2,2
W010,dev,Б2-21,1,1,correct,False,,,59,59
W010,dev,Б2-22,1,1,correct,False,,,52,52
W010,dev,Б2-23,1,1,correct,False,,,26,26
W010,dev,Б2-24,0,0,incorrect,False,"Ошибка при умножении: 6 · 7 = 42, а не 56; ответ 70, а не 84; Проверяющий исправил","[computational] 6 * 7 = 42, а не 56. Правильно: 42 + 28 = 70.",84,70
W010,dev,Б2-25,0,0,incorrect,False,"Ошибка в знаке: a − b = (6; 6), так как 0 − (−6) = 6, а не −6; (a − b)·c = −30 + 12 = −18, а не −42; Координаты по рисунку верные; проверяющий исправил","[conceptual] Неверно сняты векторы по рисунку: a = (6; 0), b = (1; -5), c = (4; -2).",-42,10
W010,dev,Б2-26,1,0,incorrect,False,,"[conceptual] Неверно определены векторы по рисунку: a = (0; 4), b = (4; 1), c = (8; 3).",-15,16
W010,dev,Б2-27,1,0,incorrect,False,,"[conceptual] Неверно определен вектор b: начало (8; 7), конец (4; 1), значит b = (4-8; 1-7) = (-4; -6), а не (-4; -8).",8,12
W010,dev,Б2-28,0,0,incorrect,False,"Ошибка при умножении: 6 · (−8) = −48, а не −46; ответ −42, а не −40; Проверяющий исправил","[conceptual] Конец вектора a в точке (4; 6), начало в (1; 1), значит a = (3; 5), а не (3; 6).",-40,-24
W010,dev,Б2-29,1,1,correct,False,,,"0,6","0,6"
W010,dev,Б2-30,1,1,correct,False,,,"0,8","0,8"
W010,dev,Б2-31,1,1,correct,False,,,"-0,6","-0,6"
W010,dev,Б2-32,1,1,correct,False,,,"-0,8","-0,8"
W010,dev,Б2-33,1,0,incorrect,False,,"[conceptual] Неверно определены векторы по рисунку: вектор a идет из (1; 7) в (6; 4), то есть a = (5; -3); вектор b идет из (6; 1) в (9; 8), то есть b = (3; 7).",0,"0,09"
W010,dev,Б2-34,1,0,incorrect,False,,"[conceptual] Координаты вектора b: (9-1; 6-3) = (8; 3), а не (9; 3).",1,"0,99"
W010,dev,Б2-35,1,0,incorrect,False,,"[conceptual] Вектор a идет из (1; 1) в (4; 5), т.е. a = (3; 4); вектор b идет из (4; 7) в (9; 1), т.е. b = (5; -6).","-0,28","-0,28"
W010,dev,Б2-36,1,0,incorrect,False,,"[conceptual] Вектор a идет из (8; 7) в (1; 2), координаты: (1-8; 2-7) = (-7; -5), а записано (-8; 6).","0,96","0,96"
W011,dev,1.1,1,1,correct,False,,,-3,-3
W011,dev,1.2,1,1,correct,False,,,-5,-5
W011,dev,1.3,1,1,correct,False,,,-6,-6
W011,dev,1.4,1,1,correct,False,,,-10,-10
W011,dev,1.5,1,1,correct,False,,,-6,-6
W011,dev,1.6,1,1,correct,False,,,-4,-4
W011,dev,1.7,1,0,incorrect,False,,"[conceptual] Условие переписано неверно: вместо -24x^2 записано -24x, хотя далее производная найдена как 3x^2 - 48x, но затем решено уравнение 3x^2 - 48 = 0, что даёт корни x = 0 и 16. | [computational] Грубая ошибка при решении уравнения.",0,0
W011,dev,1.8,1,1,correct,False,,,0,0
W011,dev,1.9,1,1,correct,False,,,-6,-6
W011,dev,1.10,1,1,correct,False,,,-2,-2
W011,dev,1.11,1,1,correct,False,,,-8,-8
W011,dev,1.12,1,1,correct,False,,,-5,-5
W011,dev,2.1,1,1,correct,False,,,10,10
W011,dev,2.2,1,1,correct,False,,,4,4
W011,dev,2.3,1,1,correct,False,,,3,3
W011,dev,2.4,1,1,correct,False,,,6,6
W011,dev,2.5,1,1,correct,False,,,7,7
W011,dev,2.6,1,1,correct,False,,,9,9
W011,dev,3.1,1,1,correct,False,Вторая попытка рядом зачёркнута,,3,3
W011,dev,3.2,1,1,correct,False,,,48,48
W011,dev,3.3,1,1,correct,False,,,44,44
W011,dev,3.4,,0,not_solved,False,"Не решено. В листе 3.4: y = −7 + 243x − x³ на [−9; 9] (ответ 1451), ученик переписал без куба (−x), проверяющий написал «опечатка в задании». Номер в тетради похож на 1)",,,1451
W011,dev,3.5,1,1,correct,False,,,243,243
W011,dev,3.6,1,1,correct,False,,,-7,-7
W011,dev,3.7,1,1,correct,False,,,9,9
W011,dev,3.8,1,1,correct,False,,,13,13
W011,dev,4.1,1,0,incorrect,False,,"[conceptual] x = 0 является точкой локального минимума, но на концах отрезка [-5; 6] функция может принимать меньшие значения. y(-5) = 12*25 - (-125) + 3 = 428, а при x = -5 значение не наименьшее, стоп: при x = -5: y = 12*(25) - (-125) + 3 = 428; при x = 6: y = 12*36 - 216 + 3 = 219. Но при x -> -бесконечность? Нет, отрезок [-5; 6], производная y' = 24x - 3x^2 = 3x(8 - x). Знаки на интервалах: при x < 0 производная отрицательна (убывает), при 0 < x < 8 возрастает. Следовательно, x=0 — точка минимума на [-5; 6]. y(0) = 3. Но на левом конце [-5]: y(-5) = 12(25) - (-125) + 3 = 428. Значит минимум действительно в x=0, y(0)=3. Однако ученик не проверил значение на левом конце отрезка, хотя для глобального минимума локальный при смене знака с - на + действительно является наименьшим. Ответ 3 верный!",3,-422
W011,dev,4.2,1,1,correct,False,,,19,19
W011,dev,4.3,1,1,correct,False,,,11,11
W011,dev,4.4,0,1,correct,True,"При делении на 3 разделён только первый член: 42x − 3x² = 0 ⇒ 14x − x² = 0, корни 0 и 14, а не 0 и 14/3; Ответ 5 верный (минимум в x = 0); проверяющий поставил +",,5,5
W011,dev,4.5,1,1,correct,False,,,-117,-117
W011,dev,4.6,1,1,correct,False,,,-1005,-1005
W011,dev,4.7,0,0,incorrect,False,"Ошибка в вычислении: y(−1) = −1 + 6 − 9 + 21 = 17, а не 18; Проверяющий исправил на 17 | Неверные корни по теореме Виета: x² + 4x + 3 = 0 ⇒ x = −3 и −1, а не 4 и −1; На ответ не влияет: −3 — конец отрезка [−3; 0]; не отмечено проверяющим","[computational] Неверно найдены корни уравнения: сумма корней равна -4, произведение 3, корни x = -1 и x = -3 (у ученика 4 и -1). | [conceptual] Точка минимума x = -1, но y(-1) = -1 + 6 - 9 + 21 = 17, а не 18.",18,17
W011,dev,4.8,1,1,correct,False,,,-8,-8
W011,dev,5.1,1,1,correct,False,,,144,144
W011,dev,5.2,1,1,correct,False,,,196,196
W011,dev,6.1,1,1,correct,False,,,36,36
W011,dev,6.2,1,1,correct,False,,,81,81
W011,dev,7.1,1,1,correct,False,Первая попытка зачёркнута,,37,37
W011,dev,7.2,1,1,correct,False,,,22,22
W011,dev,7.3,1,1,correct,False,,,13,13
W011,dev,7.4,1,1,correct,False,,,15,15
W011,dev,8.1,1,1,correct,False,,,-29,-29
W011,dev,8.2,0,0,incorrect,False,"Ошибка в вычислении: 6 · 36 = 216, а не 96; y(36) = 144 − 216 − 5 = −77, а не 43; Проверяющий: «неправильно посчитала здесь»","[computational] 2/3 * 36 * 6 = 144, 6 * 36 = 216 (у ученика 96). Получается 144 - 216 - 5 = -77.",43,-41
W011,dev,8.3,0,0,incorrect,False,"Ошибка в вычислении: 36√36 = 216, а не 96; y(36) = 216 − 324 + 23 = −85, а не −205; Та же ошибка 6 · 36 = 96, что в 8.2; проверяющий исправил","[computational] 36 * sqrt(36) = 36 * 6 = 216, а не 96. Значение: 216 - 324 + 23 = -85.",-205,-85
W011,dev,8.4,1,1,correct,False,,,-8,-8
W011,dev,9.1,1,1,correct,False,,,-2,-2
W011,dev,9.2,1,1,correct,False,,,4,4
W011,dev,9.3,1,1,correct,False,,,-8,-8
W011,dev,9.4,1,1,correct,False,,,-8,-8
W011,dev,10.1,1,1,correct,False,,,1,1
W011,dev,10.2,1,1,correct,False,Свободный член записан неразборчиво (43 или 93); на производную не влияет,,-3,-3
W011,dev,10.3,1,1,correct,False,Свободный член записан как −402 вместо −398 (−400 − 2 вместо −400 + 2); на производную не влияет,,10,10
W011,dev,10.4,1,1,correct,False,,,-3,-3
W011,dev,11.1,0,0,incorrect,False,"Ошибка при раскрытии скобок: −(x + 3) = −x − 3, а не −x + 3; y' = −e^{3−x}(x + 2), точка максимума −2, а не 4; Проверяющий исправил",[computational] При раскрытии скобок: e^{3-x} - e^{3-x}(x+3) = e^{3-x}(1 - (x+3)) = e^{3-x}(1 - x - 3) = e^{3-x}(-2 - x).,4,-2
W011,dev,11.2,0,0,incorrect,False,"Та же ошибка: −(x + 2) = −x − 2; y' = −e^{2−x}(x + 1), точка максимума −1, а не 3; Проверяющий исправил","[computational] Ошибка в знаке перед скобкой: 1 - (x+2) = 1 - x - 2 = -x - 1, откуда x = -1.",3,-1
W011,dev,11.3,1,0,not_solved,False,"В скобке (1 + 4 − x) вместо (−1 + 4 − x), получилось x = 5, ученик исправил ответ на 3 без исправления скобки — описка, исправлена самим учеником",,,3
W011,dev,11.4,1,1,correct,False,,,8,8
W011,dev,12.1,1,1,correct,False,,,-6,-6
W011,dev,12.2,1,1,correct,False,,,-17,-17
W011,dev,12.3,0,0,incorrect,False,"Ошибка при раскрытии скобок: −(7 − x) = −7 + x; y' = e^{7−x}(x − 8), точка минимума 8, а не −8; Проверяющий не отметил: нет ни +, ни исправления (подтверждено по фото)","[computational] Производная сложной функции: ((7-x)e^{7-x})' = -e^{7-x} + (7-x)(-e^{7-x}) = e^{7-x}(-1 - (7-x)) = e^{7-x}(x - 8), откуда x = 8.",-8,8
W011,dev,12.4,0,0,incorrect,False,"Та же ошибка: −(3 − x) = −3 + x; y' = e^{3−x}(x − 4), точка минимума 4, а не −4; Проверяющий исправил","[computational] Ошибка в знаке: -e^{3-x} - e^{3-x}(3-x) = e^{3-x}(-1 - 3 + x) = e^{3-x}(x - 4), откуда x = 4.",-4,4
W011,dev,13.1,1,1,correct,False,,,-3,-3
W011,dev,13.3,1,1,correct,False,,,9,9
W011,dev,14.1,0,0,incorrect,False,"Выбрана точка максимума: y' = e^{x+13}·x(x − 9), знаки + − +, минимум в x = 9, а не 0; Проверяющий подписал «max» у x = 0","[conceptual] При x = 0 производная меняет знак с '+' на '-', то есть 0 — точка максимума. Точкой минимума является x = 9.",0,9
W011,dev,14.3,1,1,correct,False,Нет отметки проверяющего,,4,4
W011,dev,15.1,1,1,correct,False,"Первая попытка зачёркнута; в дискриминанте записано 58² + 3·4·280 вместо 58² − 4·3·280, результат 4 верный",,1,1
W011,dev,15.3,,0,not_solved,False,"Начато и зачёркнуто, у ученика «?»",,,8
W011,dev,16.1,0,0,not_solved,False,"Ошибка при умножении: 6 · 7 = 42, а не 56; y' = 3x² + 26x + 51 = (x + 3)(3x + 17), а не 3x² + 26x + 65 с D < 0; верный ответ 10 (в x = −3); Решение остановлено на D < 0, у ученика «?»; проверяющий советует раскрывать скобки. 56 подтверждено по фото",,,10
W011,dev,16.3,1,1,correct,False,,,4,4
W011,dev,17.1,1,1,correct,False,,,3,3
W011,dev,17.3,0,0,incorrect,False,"Ошибка при раскрытии скобок: 1 − (x − 27) = 28 − x, а не −x − 26; точка максимума 28, наибольшее значение y(28) = 1; Проверяющий расставил скобки | При подстановке потерян множитель e^{28−x}: y(−26) = −53·e^{54}, а не −53","[computational] Ошибка при раскрытии скобок: e^{28-x}(1 - (x-27)) = e^{28-x}(28 - x) = 0, откуда x = 28. | [conceptual] Точка x = -26 даже не принадлежит отрезку [23; 40]. При x = 28 значение y(28) = 1.",-53,1
W011,dev,18.1,1,1,correct,False,,,-21,-21
W011,dev,18.3,1,1,correct,False,,,-24,-24
W011,dev,19.1,1,1,correct,False,,,-35,-35
W011,dev,19.3,1,1,correct,False,,,"-0,5","-0,5"
W011,dev,20.1,0,0,incorrect,False,"В формуле производной частного плюс вместо минуса: для y = −(x² + 1)/x y' = (1 − x²)/x², точка максимума x = 1; Ответ 0 вне области определения; ученик: «не уверена, что так нужно решать»; проверяющий выписал формулу (u/v)'","[notational] Потерян минус в условии: y = -(x^2+1)/x. | [conceptual] Неверная формула производной частного: в числителе должен быть знак минус, а не плюс. | [conceptual] Неверные преобразования выражения и функции.",0,1
W011,dev,21,,0,not_solved,False,"Не решено, у ученика «?»",,,-14
W011,dev,22,,0,not_solved,False,"Не решено, у ученика «?»",,,-6
W011,dev,23,,0,not_solved,False,"Не решено, у ученика «?»",,,12
W012,dev,1,0,0,incorrect,False,"Биссектриса делит прямой угол C: ∠BCD = 45°, ∠BCM = 90° − 35° = 55°, искомый угол 55° − 45° = 10°; ученик разделил пополам угол B (35 : 2 = 17,5); Проверяющий исправил: 55 − 45 = 10","[conceptual] Ученик разделил угол B на 2, вместо того чтобы найти угол между биссектрисой CD и высотой CM. В прямоугольном треугольнике угол между биссектрисой и высотой, опущенными из прямого угла, равен половине разности острых углов: (55° - 35°)/2 = 10° (или ∠ACM = 90° - 55° = 35°, ∠ACD = 45°, тогда ∠DCM = 45° - 35° = 10°).","17,5",10
W012,dev,2,1,0,incorrect,False,,[conceptual] Скалярное произведение находится по формуле x1*x2 + y1*y2 = 8*4 + (-9)*3 = 32 - 27 = 5. Вместо этого записано бессмысленное выражение со степенями.,5,5
W012,dev,3,,0,not_solved,False,"Номер записан, решения нет (верный ответ 132: образующая = R√2)",,,132
W012,dev,4,1,1,correct,False,,,"0,2","0,2"
W012,dev,5,1,1,correct,False,"Нестандартный, но верный ход: P(хотя бы в одном останется) = 1 − 0,13 = 0,87 = 0,7 + 0,7 − a",,"0,53","0,53"
W012,dev,6,1,1,correct,False,,,9,9
W012,dev,7,1,1,correct,False,,,2,2
W012,dev,8,0,0,incorrect,False,"Перевёрнуто отношение: k = Δy/Δx = −2/10 = −0,2, а ученик нашёл Δx/Δy = 10/(−2) = −5; Проверяющий исправил","[computational] Значение производной равно угловому коэффициенту касательной k = \Delta y / \Delta x. По заданным точкам (-5; 0) и (3; -2): k = (-2 - 0)/(3 - (-5)) = -2/8 = -0,25. Ученик перепутал приращения и разделил неправильно.",-5,"-0,25"
W012,dev,9,1,1,correct,False,,,5000,5000
W012,dev,10,1,1,correct,False,,,13,13
W012,dev,11,1,0,incorrect,False,,"[conceptual] Координаты точек взяты с чертежа неверно: гипербола проходит через (2; 2), откуда k = 4, а прямая проходит через (1; -1) и (2; 2), откуда g(x) = 3x - 4. Из-за неверного считывания точек получено неверное уравнение и ответ.","-0,2","-0,5"
W012,dev,12,0,0,incorrect,True,"Ответ не на вопрос: спрашивали точку минимума; y' = 3x(x − 16), знаки + − +, минимум в x = 16, а 0 — точка максимума; Ученик сам подписал «т. max»; проверяющий поставил +","[conceptual] В условии требовалось найти точку минимума, а ученик искал и указал точку максимума (x = 0). Точкой минимума является x = 16.",0,16
W012,dev,13а,0,0,incorrect,False,При переносе −√6 превратилось в +4: должно быть 4sin²x + (√8 + 12)sin x + √6 = 0; Проверяющий обвёл √6 и поставил «?»; 0б за задачу | После замены sin x = t потеряна переменная в линейных членах: 4t² + √8 + 12 + 4 = 0 вместо 4t² + (√8 + 12)t + …; Решение не доведено,"[conceptual] Условие переписано неверно (вместо -2 - \sqrt{8} записано -2\sqrt{18}, вместо \sqrt{6} записано \sqrt{16}), далее допущены грубые ошибки преобразований, и решение брошено на замене t.",,"(-1)^k \arcsin\left(\frac{\sqrt{2}-\sqrt{6}}{4}\right) + \pi k, k \in \mathbb{Z} (или в зависимости от прочтения коэффициентов)"
W012,dev,13б,,0,not_solved,False,Не решено,,,-\arcsin\left(\frac{\sqrt{6}-\sqrt{2}}{4}\right) = -\frac{\pi}{12}
W012,dev,15,0,0,incorrect,False,"9^{x+1} = 3^{2x+2}, а не 3^{2x+1}; числитель t³ − 9t² + 27t − 27 = (t − 3)³; Проверяющий: «это 3-я степень? ничего не понятно», расписал ФСУ; 0б | Переход от t³ − t³ + t³ − 27 к (t − 3) ничем не обоснован и неверен (t³ − 27 ≠ t − 3); Ответ (−∞; 1] верный, но не следует из шагов | Метод рационализации применён без названия и обоснования; ОДЗ x ≠ 1,1 записано, но не решено; Проверяющий: «здесь прописать, что это рационализация + обосновать её», «над оформлением работаем!»","[conceptual] Неверное разложение/замена в числителе: 9^{x+1} = 9 \cdot t^2, а 3^{x+3} = 27t. Числитель равен t^3 - 9t^2 + 27t - 27 = (t-3)^3. Ученик случайно потерял степени и множители, хотя получил верный множитель (t-3), но потерял корень числителя x=3, удовлетворяющий нестрогому неравенству.",(-\infty; 1],(-\infty; 1] \cup \{3\}
W013,dev,1а,0,1,correct,False,"Неверная запись степени: sin x² вместо sin²x (по смыслу решение верное).; Степени записаны как sin x² вместо sin²x. Пункт б) не решён (нарисована окружность с 5π/4 и 7π/4, отбора на [3π/2; 3π] нет). Проверяющий: + | 30.09: → 0 по политике 3.11 (запись sin x² — ошибка, не замечание), решение Ксении",,"x = \pi n, n \in \mathbb{Z}; x = \frac{5\pi}{4} + 2\pi n, n \in \mathbb{Z}; x = \frac{7\pi}{4} + 2\pi n, n \in \mathbb{Z}","x = \pi n, n \in \mathbb{Z}; x = -\frac{\pi}{4} + 2\pi k, k \in \mathbb{Z}; x = -\frac{3\pi}{4} + 2\pi k, k \in \mathbb{Z}"
W013,dev,2а,0,0,incorrect,False,"потеряна серия x = πn: у ученика только x = 3π/4 + 2πn и x = 5π/4 + 2πn (πn дописал проверяющий); Нет разметки, вердикт по сути. cos(2x − 3π/2) = −sin 2x, sin x(2cos x + √2) = 0, x = πn, ±3π/4 + 2πn. Множитель −1 при вынесении sin x опущен (на уравнение = 0 не влияет); Исправлено после разбора ошибок (Ксения)","[conceptual] Из уравнения \sin x = 0 не выписаны корни x = \pi n, n \in \mathbb{Z}.","x = \frac{3\pi}{4} + 2\pi n, n \in \mathbb{Z}; x = \frac{5\pi}{4} + 2\pi n, n \in \mathbb{Z}","x = \pi k, k \in \mathbb{Z}; x = \pm \frac{3\pi}{4} + 2\pi k, k \in \mathbb{Z}"
W013,dev,3а,0,0,incorrect,False,"Потеряна серия корней: уравнение cos x − 1 = 0 записано, но не решено; в ответе нет x = 2πn; Проверяющий дописал cos x = 1 ⇒ x = 2πn; итогового +/− нет. У этого же ученика та же ошибка в 25.1а и 26.4а (W006)","[conceptual] Уравнение \cos x - 1 = 0 не доведено до ответа, потеряна серия x = 2\pi n, n \in \mathbb{Z}.","x = \frac{7\pi}{6} + 2\pi n, n \in \mathbb{Z}; x = \frac{11\pi}{6} + 2\pi n, n \in \mathbb{Z}","x = 2\pi k, k \in \mathbb{Z}; x = -\frac{\pi}{6} + 2\pi k, k \in \mathbb{Z}; x = -\frac{5\pi}{6} + 2\pi k, k \in \mathbb{Z}"
W013,dev,4а,0,1,correct,False,"Неверная запись степеней: sin x⁴, sin(2x)² вместо sin⁴x, sin²(2x) (по смыслу решение верное).; Степени записаны как sin x⁴, sin(2x)². Проверяющий: + | 30.09: → 0 по политике 3.11, как W013 1а",,"x = \pm \frac{\pi}{12} + \frac{\pi n}{2}, n \in \mathbb{Z} (записано четырьмя сериями с шагом \pi n)","x = \pm \frac{\pi}{12} + \frac{\pi k}{2}, k \in \mathbb{Z}"
W014,dev,1,0,0,incorrect,False,"Неверно найдена производная: (4t)' = 4, а не 4t; x'(t) = t + 4, x'(2) = 6, а не 10; Проверяющий исправил: «производная 4t ⇒ 4», «= 6»","[conceptual] Производная от $4t$ равна 4, а не $4t$. Из-за этого получена неверная производная $t + 4t$ вместо $t + 4$.",10,6
W014,dev,2,1,1,correct,False,,,2,2
W014,dev,3,1,1,correct,False,"В первой строке производной +45t вместо +45, в следующей строке исправлено","[notational] Описка в первой строке производной (+45t), которая сразу же исправлена на следующем шаге на +45.",5,5
W014,dev,4,1,1,correct,False,"Корень записан как (−4 + 90)/2 — похоже, 20 написано как 90; результат 8 верный",,8,8
W014,dev,5,1,1,correct,False,,,9,9
W014,dev,6,1,1,correct,False,Число 180 в t² − 8t − 180 = 0 записано похоже на 110; одна строка зачёркнута,,18,18
W014,dev,7.1,1,0,incorrect,False,,"[computational] Неверно определено изменение координат: $\Delta y = 5 - 2 = 3$, $\Delta x = 2 - (-3) = 5$, откуда $k = \frac{3}{5} = 0,6$.","0,4","0,6"
W014,dev,7.2,1,0,incorrect,False,,"[computational] Неверно вычислено изменение по оси $y$: точки $(-6; 2)$ и $(-2; -5)$, $\Delta y = -5 - 2 = -7$, $\Delta x = -2 - (-6) = 4$, поэтому $k = -\frac{7}{4} = -1,75$.","-1,5","-1,75"
W014,dev,7.3,1,1,correct,False,,,"-1,25","-1,25"
W014,dev,7.4,1,1,correct,False,,,"0,25","0,25"
W014,dev,7.5,1,1,correct,False,,"[computational] Верные приращения $\Delta y = 1 - (-5) = 6$, $\Delta x = -2 - (-5) = 3$, откуда $\frac{6}{3} = 2$. Запись $\frac{8}{4}$ ошибочна, хотя и привела случайно к верному значению 2.",2,2
W014,dev,7.6,,0,not_solved,False,Номер без решения,,,"-0,5"
W014,dev,7.7,,0,not_solved,False,Номер без решения,,,"1,6"
W014,dev,7.8,0,0,incorrect,True,"Потерян знак углового коэффициента: касательная убывает, проходит через (−5; 5) и (3; −1), k = −6/8 = −0,75, а не 0,75; Проверяющий поставил +. Минуса в тетради нет (в 7.2 и 7.3 ученик его пишет)","[computational] Потерян знак минус при переводе обыкновенной дроби в десятичную: $-\frac{3}{4} = -0,75$.","0,75","-0,75"
W014,dev,7.9,,0,not_solved,False,Номер без решения,,,"1,4"
W014,dev,7.10,,0,not_solved,False,Номер без решения,,,"3,33"
W014,dev,7.11,,0,not_solved,False,Номер без решения,,,-4
W014,dev,7.12,,0,not_solved,False,Номер без решения,,,"2,25"
W014,dev,7.13,,0,not_solved,False,Номер без решения,,,"0,75"
W014,dev,7.14,,0,not_solved,False,Номер без решения,,,"-0,2"
W014,dev,8,1,,unclear,False,"Исправлено после аудита: ноль производной при x = 3 (по графику), ответ ученика 3 верен; проверяющий поставил −, прежнее объяснение перепутало точки",,x = 3,
W014,dev,9,0,,unclear,False,Записан угловой коэффициент (y = 3) вместо абсциссы: f'(x) = 3 при x = 5; Проверяющий: −,,y = 3,
W014,dev,10а,,0,not_solved,False,Начато и зачёркнуто: записано f'(x) = 0 (верная идея); у проверяющего «?»,,,
W014,dev,10б,,0,not_solved,False,Начато и зачёркнуто; у проверяющего «?»,,,
W014,dev,11,0,,unclear,False,"В точке −1 вершина графика, f'(−1) ≈ 0; наибольшая производная — в точке 2 (по ключу); Проверяющий: −. Только ответ",,-1,
W014,dev,12,0,,unclear,False,"В точке 3 минимум функции, f'(3) ≈ 0; наименьшая производная в точке −1, где функция круто убывает; Проверяющий: −. Только ответ",,3,
W014,dev,13,0,,unclear,False,"В точке 2 вершина графика, f'(2) ≈ 0; наибольшая производная в точке −1, где функция круто возрастает; Проверяющий: −. Только ответ",,2,
W014,dev,14,0,,unclear,False,"В точке 1 функция возрастает, f'(1) > 0; наименьшая производная в точке 2, где функция круто убывает (в точке 3 она только начинает убывать после вершины); Проверяющий: −. Только ответ",,1,
W014,dev,15а,1,,unclear,False,"Режим training (data/cards/modes.csv), политика п. 1.1 — замечание. Было: Не доведено до ответа на вопрос: найдена ордината точки касания y(1) = 7, но c не найдено; нужно f(1) = 3 − 3 + c = 7 ⇒ c = 7 Ответ 7 совпал, потому что f(1) = c; проверяющий поставил +. Перед 6x − 3 = 3 лишняя строка 6x − 3 = 0",,y = 7,
W015,dev,4а,1,1,correct,False,"Построение описано верно (KL ∥ AB в ABD, KN ∥ CD в ACD, NM ∥ AB в ABC; сечение KLMN), но не обосновано, что LM ∥ CD и что KLMN — параллелограмм. Проверяющий: один + на всю задачу",,Сечение KLMN,"Четырёхугольник KLMN, где KL || AB, KN || CD, NM || AB, LM || CD"
W015,dev,4б,1,1,correct,False,"Ответ 90° верный. Записано KM = ½CD = 3 вместо KN; не сказано, что NM = KL = ½AB = 4 и что угол между AB и CD равен ∠KNM (NM ∥ AB, KN ∥ CD)",,90°,90°
W015,dev,5а,0,0,incorrect,False,"Ход мыслей верный, но обоснований недостаточно: не показано, что O — середина B₁C, и почему прямая MO лежит в плоскости α; Логика верная: MO — средняя линия △A₁B₁C ⇒ MO ∥ A₁C ⇒ MO ⊂ α ⇒ O ∈ α. Не сказано, что O — середина B₁C; ссылка на «признак параллельности» вместо нужного свойства. Отдельной отметки нет; Исправлено после разбора ошибок (Ксения): ошибка с пометкой «ход мыслей верный»","[conceptual] Не определено, что такое точка O, и не доказано, что плоскость, параллельная CA_1, обязательно содержит отрезок MO. Утверждается, что любая плоскость, параллельная прямой, содержит среднюю линию, что неверно без построения проекции/параллельного переноса.",Доказано через среднюю линию MO треугольника,Доказательство через середину диагонали CA1 или среднюю линию треугольника A1B1C
W015,dev,5б,1,1,correct,False,"Ответ arccos 0,64 верный (cos = 16/25). Не описано, как направлены оси координат; 16/25 записано похоже на −6/25. Проверяющий: +","[notational] Некорректная запись «arccos = 0,64» вместо «arccos(0,64)» или «угол равен arccos(0,64)».","arccos 0,64 (или arccos(16/25))",arccos(16/25)
W015,dev,7,1,0,incorrect,False,"Ответ 3 верный, но найдено расстояние от O, а не от A: не обосновано, что ρ(A; BSC) = ρ(O; BSC), так как AO ∥ BC ⇒ AO ∥ (BSC) (позже error_type = presentation). SOM ⊥ BC записано похоже на SOM ∥ BC. Проверяющий: +","[conceptual] Найдено расстояние от центра основания O до плоскости BSC (OK = 3). Расстояние от точки A до плоскости BSC равно расстоянию от O до плоскости BSC, так как прямая AO параллельна грани BSC (или BC), однако этот переход вообще не сделан и точка A нигде не упомянута; ученик принял найденное OK за искомое расстояние без обоснования.",3,3
W016,dev,1.2,0,0,incorrect,False,"Перепутаны максимум и минимум: знаки y' «+ − +», точка максимума −5, а не 5; Проверяющий обвёл −5","[conceptual] При переходе через точку x = -5 производная меняет знак с плюса на минус, поэтому x = -5 является точкой максимума. Точка x = 5 является точкой минимума.",5,-5
W016,dev,1.6,1,1,correct,False,,,-4,-4
W016,dev,1.12,1,1,correct,False,,"[presentation] В условии свободный член равен 16, а не 11, однако на производную и нахождение точки максимума это не повлияло.",-5,-5
W016,dev,2.2,1,1,correct,False,Строка с корнями x = ±4 зачёркнута/неразборчива,,4,4
W016,dev,2.3,1,1,correct,False,,,3,3
W016,dev,2.5,1,1,correct,False,,,7,7
W016,dev,3.5,1,1,correct,False,,,243,243
W016,dev,3.7,1,1,correct,False,,,9,9
W016,dev,3.8,1,1,correct,False,"Не отмечено, что x = 4 ∉ [−1; 3]",,13,13
W016,dev,4.1,1,0,incorrect,False,"Второй корень записан неразборчиво (3x(8 − x) = 0, x = 8 ∉ [−5; 6]) — на ответ не влияет","[computational] (-5)^3 = -125, поэтому -(-5)^3 = +125, но исходная функция y = 12x^2 - x^3 + 3 даёт при x = -5: y(-5) = 12(25) - (-125) + 3 = 428. Однако наименьшее значение ищется среди y(-5), y(0)=3, y(6)=219. Но при x = -5 наименьшее? Стоп, x^2=25*12=300, -(-125)=+125. При x=0 значение 3, при x=6 значение 219. Но наименьшее на отрезке [-5; 6] достигается при x = 0 и равно 3.",3,-422
W016,dev,4.3,1,1,correct,False,"Не отмечено, что x = 6 ∉ [−4; 4]",,11,11
W016,dev,4.7,1,1,correct,False,,,17,17
W016,dev,5.1,1,1,correct,False,Знак производной не исследован (почему x = 144 — минимум),,144,144
W016,dev,5.2,1,1,correct,False,"Знак производной не исследован. После 5.2 зачёркнута попытка «3) y = x^{3/2} − 3x + …», пункта 5.3 в условии нет — строку не заводим",,196,196
W016,dev,6.1,1,1,correct,False,Записано y = 3/2·√x вместо 9 = 3/2·√x,,36,36
W016,dev,6.2,1,1,correct,False,,"[presentation] В условии свободный член равен 17, а не 11, но на производную и нахождение точки максимума это не повлияло.",81,81
W016,dev,7.1,1,1,correct,False,"Концы отрезка не проверены (единственная критическая точка — максимум, на ответ не влияет)",,37,37
W016,dev,7.2,1,1,correct,False,Записано 6 · 48 − 32 вместо 6 + 48 − 32,,22,22
W016,dev,7.3,1,1,correct,False,,,13,13
W017,dev,1,0,0,incorrect,False,"Ошибка в знаке: 12(x+5) + 12(x−5) = x²−25 записано с минусом (12(x+5) − 12(x−5)), далее «120−1=x²−25» неизвестно откуда; получено x=12. Верно: 24x = x²−25, x²−24x−25=0, x=25 км/ч; Номера по варианту № 79266553 (task_1: «Вариант»), не по сборнику. Проверяющий обвёл «1» с «откуда?» и зачеркнул ответ 12; подписи «по течению x−5 / против x+5» перепутаны (на сумму не влияет)","[conceptual] Скорость по течению равна сумме собственной скорости и скорости течения (x + 5), а против течения — разности (x - 5). Ученик перепутал их местами. | [conceptual] Плот двигался со скоростью течения (5 км/ч) и прошел 50 км, то есть плыл 10 часов. Лодка вышла на 1 час позже, значит, она была в пути 10 - 1 = 9 часов суммарно в обе стороны. Уравнение должно быть на сумму времен: 108/(x+5) + 108/(x-5) = 9, а не на разность. | [computational] Ученик вычел 1 из левой части вместо того, чтобы перенести или раскрыть скобки (было 12(x+5) - 12(x-5) = 120, справа 1*(x^2 - 25)). | [notational] Запись x^2 = +-144 некорректна, плюс-минус ставится при извлечении корня для x.",12 км/ч,13 км/ч
W017,dev,3,0,0,incorrect,False,"При делении на 2a не учтён a = −1: x₂ = (−14+16)/2 = 1 вместо (−14+16)/(−2) = −1, а x₁ = 15 отброшен как «−15». Ответ 1 км/ч, верно 15 км/ч; Проверяющий дописал минусы в знаменателях, обвёл 15 и написал 15; первая попытка (8(x+5)+6(x−5)) зачёркнута","[conceptual] При приведении дробей 8/(x+5) + 6/(x-5) = 1 к общему знаменателю правая часть равна 1*(x^2 - 25), а не просто 1 (пропущен знаменатель). В последующих строках ученик снова потерял x^2 - 25 и получил линейную часть 14x - 10 = x^2 - 25 со знаковой ошибкой: получилось -x^2 + 14x + 15 = 0 вместо x^2 - 14x - 15 = 0. | [computational] При a = -1 деление должно быть на 2a = -2. Кроме того, собственная скорость 1 км/ч невозможна при скорости течения 5 км/ч (лодка не смогла бы плыть против течения).",1 км/ч,15 км/ч
W017,dev,4,1,1,correct,False,"Ответ 14 км/ч, проверяющий поставил +. Первая попытка с числом 106 зачёркнута; в строке «105(x+16) − 105x = 4» пропущено x(x+16) справа, в следующей строке исправлено",[presentation] Пропущен переход умножения на общий знаменатель x(x+16) (в строке ниже сразу записано 4x^2 + 64x - 1680 = 0).,14 км/ч,14 км/ч
W017,dev,6,1,1,correct,False,"Ответ 18 км/ч, проверяющий поставил +. В строке «153(x+16) − 153x = 4» пропущено x(x+16) справа, в следующей строке исправлено","[presentation] Пропущен знаменатель x(x+16) при записи промежуточного равенства, но в следующем шаге он корректно учтен в правой части (4x^2 + 64x).",18 км/ч,18 км/ч
W018,dev,1,1,1,correct,False,"Номера по варианту № 79266553 (task_1). Ответ 25 км/ч, проверяющий поставил +",,25 км/ч,25 км/ч
W018,dev,3,1,1,correct,False,"Ответ 15 км/ч, проверяющий поставил +",,15 км/ч,15 км/ч
W018,dev,4,0,0,incorrect,False,"Не разделено на 2: x₂ = (−16 + 44)/2 = 14, у ученика x₂ = 28. Ответ 28, верно 14 км/ч; Проверяющий дописал «: 2 = 14» и исправил ответ на 14","[computational] Арифметическая ошибка при вычислении корня: x = (-16 + 44) / 2 = 28 / 2 = 14, а не 28.",28 км/ч,14 км/ч
W018,dev,7,1,1,correct,False,"Ответ 18 км/ч, проверяющий поставил +",,18 км/ч,18 км/ч
W018,dev,11,1,1,correct,False,"Ответ 4 км/ч, проверяющий поставил +",,4 км/ч,4 км/ч
W022,dev,В3-1,0,0,incorrect,False,"Неверная подстановка: x − x(−1−3x) = 8 ⟺ 3x² + 2x − 8 = 0, у ученика x − x − 1 − 3x = 8. Верный ответ (4/3; −5), (−2; 5), у ученика (−3; 8); Схема номеров: В3-N / В4-N — вариант 3 / вариант 4 (task_1 / task_2), ученик решал оба. Нет отметки проверяющего","[conceptual] При подстановке y = -1 - 3x во второе уравнение x - xy = 8 пропущены скобки: x - x(-1 - 3x) = 8, из-за чего вместо умножения x на выражение (-1 - 3x) получилось неверное линейное уравнение.",(-3; 2),"(-1; 2), (2; -7)"
W022,dev,В3-2,1,1,correct,False,5 см и 9 см; описка x² + 4x = 45 = 0; нет отметки проверяющего,,5 см и 9 см,5 см и 9 см
W022,dev,В3-3,1,1,correct,False,"(4; 1), (1; −4); проверяющий +",,(4; 1); (1; -4),"(4; 1), (1; -4)"
W022,dev,В4-1,1,1,correct,False,"(3,2; 0,24), (−3; −1); первая попытка зачёркнута; проверяющий +","[presentation] Сумбурная и ошибочная промежуточная запись при нахождении x для y = -1, однако итоговое значение x = -3 найдено верно (из x - 5(-1) = 2 получается x = -3).","(3,2; 0,24); (-3; -1)","(3,2; 0,24), (-3; -1)"
W022,dev,В4-2,,0,incorrect,False,"Начато, не доведено: ошибка в знаке a² − 13a − 42 = 0 (должно +42, стороны 6 и 7), остановился на (13 ± √337)/2; нет отметки проверяющего","[computational] При переносе слагаемых из 13a - a^2 = 42 в правую часть знаки должны быть a^2 - 13a + 42 = 0, а записано -42. Из-за этого уравнение решено неверно.",(13 ± √337)/2,6 см и 7 см
W022,dev,В4-3,1,1,correct,False,"(3; 1), (−4; 8); проверяющий +",,(3; 1); (-4; 8),"(3; 1), (-4; 8)"
W023,dev,В3-1,1,0,incorrect,False,"Режим training, политика п. 8.5 — замечание (найдено при офлайн-оценке политики 30.09). Было: Корень x = 8/6 = 4/3 заменён приближением 1,3, отсюда y = −4,9; верный ответ (4/3; −5), (−2; 5), у ученика (1,3; −4,9); (−2; 5) Схема номеров: В3-N / В4-N — вариант 3 / вариант 4 (task_1 / task_2), ученик решал оба. Проверяющий: «1,3 ≠ 4/3»","[computational] Дробь 8/6 = 4/3 не равна 1,3 (это бесконечная периодическая дробь 1,(3)). Из-за некорректного округления найдено неверное значение y.","(1,3 ; -4,9) ; (-2 ; 5)","(4/3, -5), (-2, 5)"
W023,dev,В3-2,1,1,correct,False,5 и 9; проверяющий +,"[notational] Записано D = 14 вместо \sqrt{D} = 14, хотя ранее верно найдено D = 196. | [notational] В формуле корней использовано D вместо \sqrt{D}.",a = 5 ; b = 9,5 см и 9 см
W023,dev,В3-3,0,0,incorrect,False,"При возведении в квадрат потеряно удвоенное произведение: (3,4 + 0,6y)² = 11,56 + 4,08y + 0,36y², у ученика 11,56 + 0,36y². Верный ответ (4; 1), (1; −4), у ученика (4,6; 2); Проверяющий: стрелка «а где 2·3,4·0,6y» | Из y² = 4 взят только корень y = 2, потерян y = −2; Проверяющий отдельно не отмечал","[computational] При возведении двучлена (3,4 + 0,6y)^2 в квадрат пропущено удвоенное произведение 2 * 3,4 * 0,6y = 4,08y. | [conceptual] Уравнение y^2 = 4 имеет два корня: y = 2 и y = -2. Отрицательный корень потерян.","(4,6 ; 2)","(4, 1) и (1, -4) [в решении ученика: из-за потери удвоенного произведения получены другие значения; при верном решении уравнения ученика y^2 = 4 было бы также y = -2]"
W023,dev,В4-1,1,1,correct,False,"(3,2; 0,24), (−3; −1); проверяющий +",,"(3,2; 0,24); (-3; -1)","(3,2; 0,24) и (-3; -1)"
W023,dev,В4-2,1,1,correct,False,"6 и 7 см, найдено подбором с проверкой (7·6 = 42, 7 + 6 = 13); проверяющий +","[presentation] Стороны найдены подбором без составления и решения квадратного уравнения, однако правильность проверена.",a = 6; b = 7,6 см и 7 см
W023,dev,В4-3,0,0,incorrect,False,"Потерян y при переносе: y = (4−y)² − 8 ⟺ y² − 9y + 8 = 0 (y = 8, 1), у ученика y² − 8y + 8 = 0. Верный ответ (−4; 8), (3; 1), у ученика (−4; 8); Проверяющий дописал «3; 1» | Вычислительная ошибка: (8 ± √32)/2 = 4 ± 2√2, у ученика 8 и 0 (√32 принят за 8); Пара (4; 0) зачёркнута в ответе; проверяющий отдельно не отмечал","[computational] Неверно приведено уравнение: из y = y^2 - 8y + 8 получается y^2 - 9y + 8 = 0, а не y^2 - 8y + 8 = 0. | [computational] \sqrt{32} = 4\sqrt{2} \neq 8, деление на 2 выполнено с ошибкой (корень из 32 не равен 8).",(-4; 8); (4; 0),"(3, 1) и (-4, 8)"
W024,dev,4.4,0,0,incorrect,False,"Ошибка в знаке: x₂ = (1 − 5)/2 = −2, у ученика 4/2 = 2; ответ −1; 2; 3 вместо −1; −2; 3; Нумерация: задание.номер по листу условия (Задания 4–10). Проверяющий исправил 2 на −2 в решении и в ответе","[computational] Ошибка при вычислении: 1 - 5 = -4, поэтому x_2 = -4/2 = -2, а не 2.",-1; 2; 3,-2; -1; 3
W024,dev,4.5,1,1,correct,False,Проверяющий поставил +,,-4; -3; 2,-4; -3; 2
W024,dev,4.13,1,1,correct,False,Проверяющий поставил +,,-5,-5
W024,dev,4.14,1,1,correct,False,"Первая попытка вычислений зачёркнута (верх стр. 2), решение продолжено на стр. 3; проверяющий поставил +",,-7,-7
W024,dev,5.3,0,0,incorrect,False,"Неверный знаменатель в формуле корней: 2a = 6 (уравнение 3x² − 2x − 1 = 0), у ученика делит на 2; Проверяющий обвёл 3 и исправил знаменатели на 6 | √16 = 4, у ученика подставлено 16: x = (2 ± 16)/2 = 9; −7. Верно x = (2 ± 4)/6 = 1; −1/3; Вторая ошибка в той же задаче; проверяющий отметил только знаменатель","[conceptual] В формуле корней квадратного уравнения подставили D=16 вместо sqrt(D)=4, а в знаменателе взяли 2 вместо 2a = 6.",9; -7,1; -1/3
W024,dev,5.5,0,0,incorrect,False,"Неверный знаменатель: 2a = 20 (10x² − 3x − 1 = 0), у ученика 2: x = (3 ± 7)/2 = −2; 5. Верно x = (3 ± 7)/20 = −1/5; 1/2; Проверяющий обвёл 10 и исправил знаменатели на 20","[conceptual] В знаменателе формулы корней должно быть 2a = 20, а не 2.",-2; 5,-1/2; 1/5
W024,dev,5.11,1,1,correct,False,"Первая попытка зачёркнута; описка в промежуточной строке 4x² − 21x + 28 (должно +26), D посчитан с 26 верно; ответ 3,25; 2; проверяющий поставил +","[computational] Коэффициент при первой степени в уравнении 4x^2 - 21x + 26 = 0 равен -21, поэтому в числителе должно быть -b = 21, а в знаменателе 2a = 8. Знаки числителя и знаменателя ошибочны, но дробь посчитана верно.","3,25; 2","3,25; 2"
W024,dev,5.13,0,0,incorrect,True,"ошибка знака при делении: x₂ = −42/(−28) записано как −1,5, ответ «−1,5; 15/7»; верно 1,5; Формула корней записана с −51 и −28 (для −14x² + 51x − 45 = 0), результат 1,5; 15/7 верный; проверяющий поставил +; Исправлено после разбора ошибок (Ксения)","[computational] Деление отрицательного числа на отрицательное дает положительный результат: -42 / -28 = 1,5. Кроме того, для уравнения 14x^2 - 51x + 45 = 0 числитель должен быть 51 +- 9, а знаменатель 28.","-1,5; 15/7","15/7; 2,5"
W024,dev,6.2,1,1,correct,False,"подкоренные числа в ответе перекрыты красными «3» проверяющего, что было у ученика — неразборчиво; в решении x = 2 ± √3, проверяющий поставил + у обоих корней","[presentation] В решении верно найдены x = 2 - sqrt(3) и x = 2 + sqrt(3), но в строке ответа ошибочно переписано sqrt(2) вместо sqrt(3).",-sqrt(2)+2; sqrt(2)+2,2 - sqrt(3); 2 + sqrt(3)
W024,dev,6.4,1,1,correct,False,"Описка: во второй ветке x − 4 = √7 без минуса, далее x = −√7 + 4 верно; проверяющий поставил +",,4 - sqrt(7); 4 + sqrt(7),4 - sqrt(7); 4 + sqrt(7)
W024,dev,6.6,1,1,correct,False,"небрежная запись 5 под корнем (в строке x = √5+3 похоже на 6, во втором корне ответа похоже на √3); по решению (x−3)² = 5 ответ 3 ± √5; проверяющий поставил +",,3 - sqrt(5); 3 + sqrt(5),3 - sqrt(5); 3 + sqrt(5)
W024,dev,7.1,1,1,correct,False,Первая запись условия зачёркнута; проверяющий поставил +,,-5; 4,-5; 4
W024,dev,7.4,0,0,incorrect,False,"Вычислительная ошибка: x₂ = (−2 + 8)/2 = 6/2 = 3, у ученика 7/2 = 3,5; ответ −5; 3,5 вместо −5; 3; Проверяющий исправил 7 на 6 и 3,5 на 3","[computational] Арифметическая ошибка: (-2 + 8)/2 = 6/2 = 3, а не 3,5.","-5; 3,5",-5; 3
W024,dev,8.1,1,1,correct,False,"Описка x₁ = (7+1)/6 = 8/3 (похоже, должно 8/6), далее 4/3 верно; ответ (4/3; 0), (1; −1); проверяющий поставил +",,(1 1/3; 0); (1; -1),(1 1/3; 0); (1; -1)
W024,dev,8.11,0,0,incorrect,False,"Ошибка при нахождении y: 4·1² − y = 2 ⇒ y = 2, у ученика −y = 2·(−4) = −8, y = 8; ответ (1; 8), (−1; 8) вместо (1; 2), (−1; 2); Проверяющий: «почему умножение?», исправил 8 на 2 в ответе; у ученика подписано «11)», система 2x² + y = 4, 4x² − y = 2 (№11)","[computational] При подстановке x = +-1 вместо 4*1^2 написано 4*10^2, после чего получено неверное значение y.",(1; 8); (-1; 8),(1; 2); (-1; 2)
W024,dev,9.1,,0,not_solved,False,Переписано условие и зачёркнуто,,,"(2; 3), (2; -3)"
W025,dev,4.4,0,0,incorrect,False,"Неверное разложение: (x−2)(x+1)² − 4(x+1) = (x+1)((x−2)(x+1) − 4) ⇒ x² − x − 6 = 0, у ученика (2x − 5)(x + 1) = 0; ответ 2,5; −1 вместо −1; −2; 3; Нумерация: задание.номер по листу условия (Задания 4–10). Проверяющий зачеркнул строку и написал «(x+1)((x−2)(x+1)−4) так правильно»","[conceptual] Неверно вынесен общий множитель $(x+1)$. При вынесении $(x+1)$ из выражения $(x-2)(x+1)(x+1)-4(x+1)$ должно получиться $(x+1)((x-2)(x+1)-4) = (x+1)(x^2-x-6) = 0$, а не линейный множитель.","x = 2,5; x = -1",-1; 3; -2
W025,dev,5.3,0,0,incorrect,False,"Вычислительная ошибка: x₂ = (2 − 4)/6 = −1/3, у ученика 0,5; ответ 1; 0,5 вместо 1; −1/3; Проверяющий исправил 0,5 на −1/3","[computational] Ошибка при вычислении корня: $x_2 = \frac{2 - 4}{6} = -\frac{2}{6} = -\frac{1}{3}$, а не $0,5$.","x_1 = 1; x_2 = 0,5",1; -1/3
W025,dev,5.11,1,1,correct,False,Проверяющий поставил +,"[presentation] Не указаны ограничения на знаменатель ($x \neq 3$), хотя на итоговый ответ это не повлияло.","x_1 = 3,25; x_2 = 2","3,25; 2"
W025,dev,8.11,1,1,correct,False,"Ответ записан как x = 1; x = −1; y = 2, а не парами (1; 2), (−1; 2); проверяющий: «+, но надо записывать (−1;2) и (1;2)»; у ученика «№8(11)»","[presentation] Решением системы уравнений являются пары чисел $(x; y)$, лучше записывать в виде пар $(1; 2)$ и $(-1; 2)$.",x=1; x=-1; y=2,"(1; 2), (-1; 2)"
W025,dev,9.1,0,0,incorrect,False,"Потерян корень: 3y² = 27 ⇒ y = ±3, у ученика только y = 3; верный ответ (2; 3), (2; −3); Проверяющий исправил 3 на ±3; описка 4 − 31 = 3y² (знак), далее 3y² = 27 верно","[computational] При подстановке $x = 2$ получается $4 = 31 - 3y^2 \implies 3y^2 = 31 - 4 = 27$. Однако ученик записал $4 - 31 = 3y^2$, откуда должно следовать $3y^2 = -27$ (нет действительных корней), но на следующем шаге минус был потерян. | [conceptual] Уравнение $y^2 = 9$ дает два корня: $y = \pm 3$, потерян отрицательный корень. Кроме того, $x^2 + 3y^2 = 31$, а $2(x^2 + 3y^2) = 62 = 31x \implies x = 2$, тогда $4 + 3y^2 = 31 \implies 3y^2 = 27 \implies y = \pm 3$. Следовательно, решениями являются пары $(2; 3)$ и $(2; -3)$.",y = 3; x = 2,Решений нет (система не имеет действительных решений)
W026,dev,4.4,0,1,correct,False,"Потерян −4: (x−2)(x+1) − 4 = 0 ⇒ x² − x − 6 = 0, у ученика x² − x − 2 = 0; ответ −1; −1; 2 вместо −1; −2; 3; Нумерация: задание.номер по листу условия (Задания 4–10). Проверяющий обвёл −4 со стрелкой, зачеркнул повтор −1 в ответе","[presentation] Корень -1 является кратным, в ответ достаточно записать различные корни: -1; 2.",-1; -1; 2,-1; 2
W026,dev,4.5,0,1,correct,False,"Потерян −5: (x−1)(x+3) − 5 = 0 ⇒ x² + 2x − 8 = 0, у ученика x² + 2x − 3 = 0 (корни 1; −3); ответ −3; 1 вместо −4; −3; 2; Проверяющий обвёл −5 со стрелкой, зачеркнул корни и ответ","[presentation] Корень -3 кратный, достаточно записать его один раз.",-3; -3; 1,-3; 1
W026,dev,4.13,1,1,correct,False,Проверяющий поставил +,[notational] Использована фигурная скобка (система) для совокупности корней каждого уравнения.,-5,-5
W026,dev,4.14,1,1,correct,False,"Описка (x − 49)² и x − 49 = 0 вместо x² − 49, но корни ±7 верные; «7» в ответе похожа на 4; проверяющий поставил +",[notational] Некорректная запись совокупностей корней внутри системы.,-7,-7
W026,dev,5.3,1,1,correct,False,Первая попытка с D зачёркнута; проверяющий поставил +,"[notational] Описка в числителе: пропущен x в слагаемом 2x, но в следующей строке приведено верное 1 + 2x - 3x^2 = 0.",1; -1/3,-1/3; 1
W026,dev,5.5,1,1,correct,False,"Описка x₂ = −4/20 = 1/5 (минус потерян в записи), в ответе −1/5 верно; проверяющий поставил +",,"0,5; -1/5","-1/5; 0,5"
W026,dev,5.11,1,0,incorrect,False,"Описка −3(x−3) = −3x + 6 (должно +9), свободный член затем исправлен на −26, ответ 2; 3,25 верный; проверяющий поставил +","[computational] При приведении к общему знаменателю дробь -3/(x-3) умножается на (x-3), что даёт -3(x-3) = -3x + 9, а у ученика записано -3x + 6. | [computational] Свободный член вычислен неверно: 1 + 6 - 36 = -29 (должно быть 1 + 9 - 36 = -26), а затем приписана цифра 6 (получилось 26 по исправлению, но дискриминант считался как 441 - 416). Случайное совпадение правильных корней из-за двойной ошибки в знаках/вычислениях.","2; 3,25","2; 13/4 (или 3,25)"
W026,dev,5.13,1,0,incorrect,False,Проверяющий поставил +,"[computational] -42 / (-28) = 42/28 = 3/2 = 1,5, однако -51 + 9 = -42, а корень 1,5 не является корнем исходного уравнения: при x = 1,5 левая часть 1/(1,5-2)^2 - 5/(1,5-2) - 14 = 4 + 10 - 14 = 0. Но -5/(x-2) при раскрытии: -5(x-2) = -5x + 10, 1 + 10 - 56 = -45. Квадратное уравнение -14x^2 + 51x - 45 = 0 имеет корни: x = (-51 ± 9)/(-28), x_1 = -42/(-28) = 1,5. Но проверим исходное: при x = 1,5: 1/(0,5)^2 - 5/(-0,5) - 14 = 4 + 10 - 14 = 0. При x = 15/7: x - 2 = 1/7, 49 - 35 - 14 = 0. Однако 1/(x-2) = y: y^2 - 5y - 14 = 0 => y = 7 или y = -2. При y = 7: x - 2 = 1/7 => x = 2 1/7. При y = -2: x - 2 = -1/2 => x = 1,5. Корни найдены верно, но решение содержит ошибку записи: верный ответ 1,5 и 2 1/7.","1,5; 2 1/7",15/7 (или 2 1/7); 23/14
W026,dev,6.2,1,1,correct,False,Проверяющий поставил +,,\sqrt{3} + 2 ; -\sqrt{3} + 2,2 - \sqrt{3}; 2 + \sqrt{3}
W026,dev,6.4,1,1,correct,False,Проверяющий поставил +,,\sqrt{7}+4; -\sqrt{7}+4,4 - \sqrt{7}; 4 + \sqrt{7}
W026,dev,6.6,1,1,correct,False,Проверяющий поставил +,,\sqrt{5}+3; -\sqrt{5}+3,3 - \sqrt{5}; 3 + \sqrt{5}
W026,dev,7.1,1,1,correct,False,Описка: «D > 0 — нет корней» вместо D < 0; проверяющий поставил +,[presentation] Пропущен переход от x^4 = (x-20)^2 к совокупности уравнений x^2 = -(x-20) и x^2 = x-20.,-5; 4,-5; 4
W026,dev,7.4,1,1,correct,False,Проверяющий поставил +,[notational] Пропущено '= 0' при записи уравнения.,-5; 3,-5; 3
W026,dev,8.1,,0,not_solved,False,"Начато, не доведено: переписана только система; нет отметки проверяющего",,,"(-1; -7), (4/3; 0)"
W028,dev,109,1,1,correct,False,"Номера по сборнику «Задачник ОГЭ 2026 (тренажер)», задание 21 (task_2), блок 1. Ответ 78 кг, проверяющий поставил +",,78 кг,78 кг
W028,dev,112,0,0,incorrect,False,"Неверная доля сухого вещества в высушенных фруктах: взято 0,78 вместо 0,75 (вода 25%). Верно: 45·0,75 = 33,75; 33,75 : 0,25 = 135 кг, у ученика 140,4; Проверяющий зачеркнул 140,4 и написал 135","[conceptual] В условии высушенные фрукты содержат 25% воды, следовательно, сухого вещества 75% (0,75), а не 78% (0,78 взят из предыдущей задачи). Правильно: 45 * 0,75 = 33,75 кг сухого вещества, затем 33,75 / 0,25 = 135 кг.","140,4 кг",135 кг
W028,dev,114,1,1,correct,False,"Ответ 288 кг, проверяющий поставил +",,288 кг,288 кг
W028,dev,117,0,0,incorrect,False,"Перепутаны доли: 396·0,77 и деление на 0,14. Верно: сухого вещества 396·0,14 = 55,44 кг; 55,44 : 0,77 = 72 кг, у ученика 2178; Проверяющий зачеркнул ответ и написал 72","[conceptual] Перепутаны свежие и сухие фрукты: 396 кг — это масса свежих фруктов, в которых сухого вещества 100% - 86% = 14%. Масса сухого вещества равна 396 * 0,14 = 55,44 кг. Тогда масса сухих фруктов равна 55,44 / 0,77 = 72 кг.",2178 кг,72 кг
W028,dev,120,,0,not_solved,False,"Начато, не доведено: 350·0,7 = 245 (неверный подход, верно 350·0,12 : 0,7 = 60), ответа нет; нет отметки проверяющего","[conceptual] 350 кг — масса свежих фруктов, а не сухих. Решение не окончено.",не закончено,60 кг
W028,dev,121,1,1,correct,False,"Ответ 13, проверяющий поставил +",,13,13
W028,dev,124,0,0,incorrect,False,"Ошибки в преобразованиях: уравнение записано как 60/(x+10) − 60/x = 3 (знак), 20(x+10) записано как 2(x+10), D = 64 − 80 посчитано как 144; x = 10 получено случайно. Верно: 60/x − 60/(x+10) = 3, x² + 10x − 200 = 0, x = 10; В ответ выписана скорость второго рабочего (10 вместо 20) — по правилам это не ошибка, отдельной строкой не считается. Исправлено: при смене правил строка с реальными ошибками по ошибке стала 1","[computational] При делении уравнения на 3 дробь 60/(x+10) даёт 20/(x+10), а ученик написал множитель 2 вместо 20 перед (x+10). | [conceptual] В вопросе задачи требуется найти производительность первого рабочего (x + 10), а не второго (x). При верном решении x = 10, а производительность первого равна 20.",10,20
W028,dev,126,0,1,correct,True,"Корни найдены с ошибкой: для −x² − 6x + 280 = 0 деление на 2 вместо 2a = −2, получено x = 20 вместо x = 14 (скорость второго); затем не прибавлено 6. Две ошибки компенсировались, ответ 20 совпал с верным (14 + 6 = 20); Проверяющий поставил +","[notational] Уравнение -x^2 - 6x + 280 = 0 имеет коэффициенты a = -1, b = -6. Формула корней записана с ошибками знаков в a и b, хотя итоговое положительное значение корня вычислено верно.",20,20
W028,dev,127,1,0,incorrect,False,"Политика 30.09, п. 1.3 — замечание, не ошибка (rules/policy.csv). Было: Не ошибка по правилам (рассуждения верны, неверно выписан ответ / не сделан последний шаг): Описка в ответе: в решении x = 13, в ответ записано 23 (√D = 23). Также в строке «130x − 130(x−3) = 3x² − 3x» справа должно быть 3x² − 9x (далее уравнение x² − 3x − 130 = 0 верное); проверяющий исправил первую цифру ответа красной «1» и поставил +; под ней видна синяя 2","[computational] При приведении к общему знаменателю правая часть 3 умножается на x(x-3), получается 3x^2 - 9x, а не 3x^2 - 3x. | [computational] Дискриминант D = 529, а корень из D равен 23, ученик же записал D = 23. | [computational] Найдя корень x = 13, ученик почему-то записал в ответ значение корня из дискриминанта 23.",23,13
W028,dev,129,1,1,correct,False,"Ответ 26, проверяющий поставил +",,26,26
W028,dev,132,0,0,incorrect,False,"Для −x² − 6x + 280 = 0 деление на 2 вместо 2a = −2: получено x = 20 вместо 14. Ответ 20 (скорость второй трубы), верно 14; Проверяющий дописал «− 6 = 14»; несколько зачёркнутых попыток","[conceptual] По условию первая труба пропускает на 6 л/мин МЕНЬШЕ, чем вторая, то есть если II труба равна x, то I труба x - 6 (или если I равна x, то II равна x + 6). | [conceptual] Требовалось найти, сколько литров воды в минуту пропускает первая труба. Правильный ответ: 14.",20,14
W029,dev,97,1,1,correct,False,"Номера по сборнику «Задачник ОГЭ 2026 (тренажер)», задание 21 (task_2); у ученика номер подписан неразборчиво («№9…»), по числам (10 кг, 16 кг, 55%, 61%) это №97. Ответ 87%, проверяющий поставил +",,87%,87%
W029,dev,121,1,1,correct,False,"Ответ 13 деталей, проверяющий поставил +",,13 д/ч,13
W029,dev,127,1,0,incorrect,False,"Ответ 13 л/мин, проверяющий поставил +","[computational] При решении уравнения x^2 - 3x - 130 = 0 формула корней должна быть x = (3 ± 23)/2. Ученик записал -3 вместо +3, но при этом посчитал корни так, будто стояло +3 (13 и -10).",13 л/м,13
W030,dev,97,1,1,correct,False,"Номера по сборнику «Задачник ОГЭ 2026 (тренажер)», задание 21 (task_2); номер у ученика неразборчив, по числам это №97. Ответ 87%, проверяющий поставил +","[presentation] Случайная черновая запись перед составлением системы уравнений (пропущен y и множитель концентрации), на дальнейший ход решения не повлияла.",87%,87%
W030,dev,109,1,1,correct,False,"Ответ 78 кг, проверяющий поставил +. После «x = 1716 : 22 = 78» есть лишняя строка «x = 79» (описка), в ответе 78","[notational] Запись «/ 100» справа от уравнения некорректна как операция, имелось в виду умножение обеих частей на 100. | [presentation] Описка перед ответом, исправленная в итоговом ответе (78 кг).",78 кг.,78 кг
W031,dev,Б1-1,1,1,correct,False,"Нумерация: Б1 — блок 1 (ФИПИ), Б2 — блок 2 (расширенная версия) раздела «15. Треугольники». Проверяющий поставил +",,37,37
W031,dev,Б1-2,1,1,correct,False,Проверяющий поставил +,[notational] Описка в букве отрезка (AL вместо AC).,9,9
W031,dev,Б1-3,1,1,correct,False,Проверяющий поставил +,,76,76
W031,dev,Б1-4,1,1,correct,False,Проверяющий поставил +,,48,48
W031,dev,Б1-5,1,1,correct,False,Проверяющий поставил +,,28,28
W031,dev,Б1-6,1,1,correct,False,Проверяющий поставил +,,56,56
W031,dev,Б1-7,1,1,correct,False,Проверяющий поставил +,,35,35
W031,dev,Б1-8,1,1,correct,False,Проверяющий поставил +,,27,27
W031,dev,Б1-9,1,1,correct,False,Проверяющий поставил +,,44,44
W031,dev,Б1-10,1,1,correct,False,Проверяющий поставил +,,231,231
W031,dev,Б1-11,1,1,correct,False,Проверяющий поставил +,,20,20
W031,dev,Б1-12,1,1,correct,False,Проверяющий поставил +,,26,26
W031,dev,Б1-13,1,1,correct,False,Проверяющий поставил +,,21,21
W031,dev,Б1-16,1,1,correct,False,"Режим training (data/cards/modes.csv), политика п. 1.1 — замечание. Было: Ответ не на вопрос: найдена гипотенуза AB = 41, а радиус описанной окружности R = AB/2 = 20,5 Проверяющий дописал «:2»",,41,41
W031,dev,Б1-17,1,1,correct,False,Проверяющий поставил +,,"0,6","0,6"
W031,dev,Б1-18,1,1,correct,False,Проверяющий поставил +,,"0,85","0,85"
W031,dev,Б1-19,0,0,incorrect,False,"tgB = AC/BC = 22/11 = 2, у ученика перевёрнуто: 11/22 = 0,5; Проверяющий обвёл дробь и исправил 0,5 на 2","[conceptual] Тангенс угла B равен отношению противолежащего катета AC к прилежащему BC, то есть tg B = AC / BC = 22 / 11 = 2.","0,5",2
W031,dev,Б1-20,1,1,correct,False,Только sinB = 5/8 и ответ 20 без выкладок; проверяющий поставил +,,20,20
W031,dev,Б1-21,1,1,correct,False,Проверяющий поставил +,,24,24
W031,dev,Б1-22,1,1,correct,False,Ответ 28 без выкладок; проверяющий поставил +,,28,28
W031,dev,Б2-1а,0,1,correct,True,"Неверный ответ: по рисунку 2α + 66° = 180°, α = 57°; у ученика 114 : 3 = 38; (180 − 66) : 3 = 38; проверяющий поставил +; Проверяющий поставил +. Исправлено после повторной разметки и сверки с ключом",,38,38
W031,dev,Б2-1б,1,1,correct,False,(180 − 110) : 2 = 35; проверяющий поставил +,,35,35
W031,dev,Б2-2,1,1,correct,False,Самоисправление 63 → 58; проверяющий поставил +,,58,58
W031,dev,Б2-3,1,1,correct,False,Проверяющий поставил +,,64,64
W031,dev,Б2-26,0,1,correct,False,"Медианы делятся точкой пересечения 2:1 от вершины: AO = 2/3·36 = 24, у ученика AO = AN : 2 = 18; Проверяющий исправил 18 на 24",,18,18
W031,dev,Б2-27,1,1,correct,False,Проверяющий поставил +,,88,88
W032,dev,Б1-1,1,1,correct,False,"Нумерация: Б1 — блок 1 (ФИПИ), Б2 — блок 2 (расширенная версия) раздела «15. Треугольники». Проверяющий поставил +",,37°,37
W032,dev,Б1-2,1,1,correct,False,Проверяющий поставил +,,9,9
W032,dev,Б1-3,1,1,correct,False,Проверяющий поставил +,,76,76
W032,dev,Б1-4,1,1,correct,False,Проверяющий поставил +,,48,48
W032,dev,Б1-5,1,1,correct,False,Проверяющий поставил +,,28,28
W032,dev,Б1-6,1,1,correct,False,Проверяющий поставил +,,56,56
W032,dev,Б1-7,1,1,correct,False,Проверяющий поставил +,,35,35
W032,dev,Б1-8,1,1,correct,False,Проверяющий поставил +,,27,27
W032,dev,Б1-9,1,1,correct,False,Проверяющий поставил +,,44,44
W032,dev,Б1-10,1,1,correct,False,Проверяющий поставил +,,231,231
W032,dev,Б1-11,1,1,correct,False,"38/19 = 40/MN, MN = 20 (ответ обведён у края листа, «Ответ: 20» на след. странице); проверяющий поставил +",,20,20
W032,dev,Б1-12,1,1,correct,False,Проверяющий поставил +,,26,26
W032,dev,Б1-13,1,1,correct,False,После №13 полностью зачёркнутый фрагмент (номер не определить) — не размечен; проверяющий поставил +,,21,21
W032,dev,Б1-16,1,1,correct,False,"R = AB/2 = 41/2 = 20,5; проверяющий поставил +",,"20,5","20,5"
W032,dev,Б1-17,1,1,correct,False,Проверяющий поставил +,,"0,6","0,6"
W032,dev,Б1-18,1,1,correct,False,Проверяющий поставил +,,"0,85","0,85"
W032,dev,Б1-19,1,1,correct,False,Проверяющий поставил +,,2,2
W032,dev,Б1-20,1,1,correct,False,Проверяющий поставил +,,20,20
W032,dev,Б1-21,1,1,correct,False,Проверяющий поставил +,,24,24
W032,dev,Б1-22,1,1,correct,False,Проверяющий поставил +,,28,28
W032,dev,Б2-1а,0,1,correct,True,"Неверный ответ: по рисунку 2α + 66° = 180°, α = 57°; у ученика (180 − 66) : 3 = 38; Проверяющий поставил +. Исправлено после аудита по ключу",,38,38
W032,dev,Б2-1б,1,1,correct,False,Проверяющий поставил +,,35,35
W032,dev,Б2-2,1,1,correct,False,Проверяющий поставил +,,58,58
W032,dev,Б2-3,1,1,correct,False,Проверяющий поставил +,,64,64
W032,dev,Б2-4,1,1,correct,False,"AB = AM = 7, AC = 14; проверяющий поставил +",,14,14
W032,dev,Б2-5,1,1,correct,False,"MH = HC = 2,5, AH = 10 − 2,5 = 7,5; проверяющий поставил +",,"7,5","7,5"
W032,dev,Б2-6,1,1,correct,False,"MH = HC = 34 ⇒ △BMC равнобедренный, ∠AMB = 180 − 49 = 131; проверяющий поставил +",,131,131
W032,dev,Б2-7,1,1,correct,False,180 − 29 − 39 = 112; проверяющий поставил +,,112,112
W032,dev,Б2-8,1,1,correct,False,"25,5 + 38,5 = 64, ∠NAM = 116; проверяющий поставил +","[computational] В условии угол N равен 51°, а ученик взял 59°. Но из-за компенсации арифметической ошибки при вычитании получен правильный ответ 116°.",116,116
W032,dev,Б2-9,,0,not_solved,False,"Начато, не доведено: только ∠ALB = 180 − 146 = 34, отделено чертой; нет отметки проверяющего",,,60
W035,dev,7.5,1,1,correct,False,"Нумерация: «Задание N, пункт k» → N.k. Проверяющий поставил +",,-3; 2,-3; 2
W035,dev,7.6,1,1,correct,False,Ответ −4; 1; проверяющий поставил +,,-4; 1,-4; 1
W035,dev,7.7,1,1,correct,False,Ответ −4; 2; проверяющий поставил +,,-4; 2,-4; 2
W035,dev,8.8,0,0,incorrect,False,"Ошибка в знаке: из 8x − 10 = y записано y = 10 − 8x; получено 4x² + 3x − 10 = 0, x = −2; 1,25. Верно 4x² − 13x + 10 = 0, x = 2; 1,25; Проверяющий обвёл 8x − 10 = y и 10 − 8x, написал y = 8x − 10 и «?» | Ответ без значений y (записано «−2; 1,25»); верный ответ (2; 6), (1,25; 0)","[computational] Из уравнения 8x - 10 = y следует y = 8x - 10, а не 10 - 8x (ошибка в знаках). | [conceptual] В решении системы уравнений с двумя переменными ответом должны являться пары (x; y), а значения y не найдены вовсе.","-2; 1,25","(1,25; 0); (2; 6)"
W035,dev,8.12,0,0,incorrect,False,"При x = −1 подставлено −5x вместо −5x²: y = 12 + 5 = 17; верно y = 12 − 5·1 = 7. Ответ (1; 7), (−1; 17) неверен, верно (±1; 7); Проверяющий: «там x² = 1 и всё, то есть y = 7 всегда»","[computational] При подстановке x = -1 в формулу y = 12 - 5x^2 получаем y = 12 - 5*(-1)^2 = 12 - 5 = 7, а не 12 + 5 = 17.",(1; 7); (-1; 17),(1; 7); (-1; 7)
W035,dev,9.4,1,1,correct,False,"Первая попытка (markup_2): найден только x = 3, без y; переделано на markup_6 — ответ (3; 4), (3; −4), проверяющий поставил +",,(3; 4); (3; -4),(3; 4); (3; -4)
W035,dev,9.8,0,0,incorrect,True,"Не найдены значения y: в ответе только x = 3; верный ответ (3; 3), (3; −3); Проверяющий поставил + с комментарием «но ещё y надо найти»","[conceptual] Найден только x = 3, переменная y не найдена. Решением системы уравнений должны быть пары чисел (x; y): (3; 3) и (3; -3).",3,(3; 3); (3; -3)
W035,dev,9.12,1,1,correct,False,"Ответ (3; 7), (4; 5) исключено по ОДЗ; проверяющий поставил +. Вверху markup_6 — ещё одна концовка того же решения с ответом (3; 7)",,(3; 7),(3; 7)
W036,dev,3,1,1,correct,False,,,110,110
W036,dev,4,1,1,correct,False,,,94,94
W036,dev,5,1,1,correct,False,,,39,39
W036,dev,6,1,1,correct,False,,,33,33
W036,dev,7,1,1,correct,False,,,36,36
W036,dev,8,1,1,correct,False,,,32,32
W036,dev,9,1,1,correct,False,,,34,34
W036,dev,10,1,1,correct,False,,,26,26
W036,dev,11,1,1,correct,False,,,42,42
W036,dev,12,1,1,correct,False,,,38,38
W036,dev,13,1,1,correct,False,,[notational] Описка в обозначении вершины: вместо точки D написана буква P (\angle DCB).,55,55
W036,dev,14,1,1,correct,False,,,73,73
W036,dev,15,1,1,correct,False,,,64,64
W036,dev,16,1,1,correct,False,,,59,59
W036,dev,17,1,1,correct,False,,,24,24
W036,dev,18,1,1,correct,False,,,28,28
W036,dev,19,1,1,correct,False,,,29,29
W036,dev,20,1,1,correct,False,,,25,25
W036,dev,21,0,0,incorrect,False,"Неверное утверждение ∠ABD = ∠BAD = 45° (∠BAD — острый угол треугольника, он не равен 45°); Проверяющий: «почему BAD = 45?»; в ответ выписан данный угол 14°, хотя нужный 31° найден — по правилам не ошибка","[conceptual] Необоснованно принято, что треугольник ABD равнобедренный прямоугольный, из-за чего углы треугольника найдены неверно. | [conceptual] В качестве ответа выписан исходно данный угол между биссектрисой и высотой, а не меньший острый угол треугольника (31°).",14,31
W036,dev,22,0,1,correct,True,"Неверное утверждение ∠ABD = ∠BAD = 45° в решении (как в №21, 23, 24); на ответ не влияет; Ответ 11 верный; проверяющий поставил +","[conceptual] Ошибочное предположение о равенстве углов при основании треугольника ABD, однако на вычисление угла HBC = 45° - 34° = 11° и угла треугольника это не повлияло.",11,11
W036,dev,23,0,0,incorrect,False,"Неверное утверждение ∠ABD = ∠BAD = 45° (острый угол ∠BAx не равен 45°); на ответ не влияет; В ответ выписан данный угол, хотя нужный найден в первой строке (записан данный угол 9°, верно 45° − 9° = 36°) — по правилам это не ошибка; Проверяющий исправил на 36 и отметил «неправда» у ∠ABD = ∠BAD = 45°","[conceptual] В ответ записана данная в условии разность (угол между высотой и биссектрисой 9°), а не меньший угол треугольника (36°).",9,36
W036,dev,24,0,0,incorrect,False,"Неверное утверждение ∠ABD = ∠BAD = 45° (острый угол ∠BAx не равен 45°); на ответ не влияет; В ответ выписан данный угол, хотя нужный найден в первой строке (записан данный угол 23°, верно 45° − 23° = 22°) — по правилам это не ошибка; Проверяющий исправил на 22; «нет :)» у ∠ABD = ∠BAD = 45°",[conceptual] В ответ записана исходная величина угла DBH вместо меньшего острого угла треугольника (45° - 23° = 22°).,23,22
W036,dev,25,0,0,incorrect,False,"Неверное утверждение ∠ABE = ∠BAE = 45° (острый угол ∠BAx не равен 45°); на ответ не влияет; В ответ выписан данный угол, хотя нужный найден в первой строке (записан данный угол 12° между биссектрисой и медианой; меньший угол 45° − 12° = 33° (ученик сам получил 33 в первой строке)) — по правилам это не ошибка; Проверяющий: «неверно» у ∠ABE = ∠BAE",[conceptual] Ошибочно приравнены угол между катетом и медианой/биссектрисой и угол A треугольника. В ответ выписано исходное данное (12°) вместо 33°.,12,33
W036,dev,26,0,0,incorrect,False,"Неверное утверждение ∠ABE = ∠BAE = 45° (острый угол ∠BAx не равен 45°); на ответ не влияет; В ответ выписан данный угол, хотя нужный найден в первой строке (записан данный угол 19°; верно 45° − 19° = 26°) — по правилам это не ошибка; Проверяющий зачеркнул ответ и написал число (читается как 25/26); ∠ABE = ∠BAE перечёркнуто","[conceptual] Неверное предположение о равенстве углов, и в ответ записан угол из условия (19°) вместо меньшего угла треугольника (26°).",19,26
W036,dev,27,0,0,incorrect,False,"Неверное утверждение ∠ABE = ∠BAE = 45° (острый угол ∠BAx не равен 45°); на ответ не влияет; В ответ выписан данный угол, хотя нужный найден в первой строке (записан данный угол 14°; верно 45° − 14° = 31°) — по правилам это не ошибка; Проверяющий перечеркнул ∠ABE = ∠BAE",[conceptual] В ответ выписано значение угла из условия вместо найденного меньшего угла треугольника (31°).,14,31
W036,dev,28,0,0,incorrect,False,"Неверное утверждение ∠ABE = ∠BAE = 45° (острый угол ∠BAx не равен 45°); на ответ не влияет; В ответ выписан данный угол, хотя нужный найден в первой строке (записан данный угол 18°; верно 45° − 18° = 27°) — по правилам это не ошибка; Проверяющий исправил на 27",[conceptual] В ответ записан угол между медианой и биссектрисой из условия (18°) вместо меньшего угла треугольника (27°).,18,27
W036,dev,29,1,1,correct,False,Страница с №29–30 сфотографирована дважды (solution_1 и solution_13),,78,78
W036,dev,30,1,1,correct,False,,,16,16
W036,dev,31,1,1,correct,False,,,34,34
W036,dev,32,1,1,correct,False,,,84,84
W036,dev,33,1,1,correct,False,,,38,38
W036,dev,34,1,1,correct,False,,,32,32
W036,dev,35,1,1,correct,False,,,64,64
W036,dev,36,0,0,incorrect,False,"Вычислительная ошибка: при ∠C = 105°, ∠CAD = 7° угол A = 14°, ∠B = 180 − 14 − 105 = 61°, а не 63° (подставлено не то значение ∠C); Проверяющий исправил: 14, 105 ⇒ 61","[computational] В условии дано \angle CAD = 7^\circ, ошибочно записано 6°. | [computational] Так как угол CAD = 7°, угол BAC = 14°, а не 12°. Соответственно угол B = 180° - 14° - 105° = 61°.",63,61
W036,dev,38,1,1,correct,False,,,24,24
W037,dev,575,1,1,correct,False,Отрезки 18 и 32 мм; проверяющий поставил +,"[notational] Пропущен квадрат: следовало написать x^2 = 2500/25, откуда x^2 = 100 и x = 10.",18 и 32,18 мм и 32 мм
W037,dev,576,1,0,not_solved,False,Гипотенуза 61 см; проверяющий поставил +. Начало решения на фото не видно,,Решение зачёркнуто,61 см
W037,dev,577,1,1,correct,False,Отрезки 25/13 и 144/13 см; проверяющий поставил +. Подписано «№547» (описка в номере),"[notational] Записано неверное равенство: 25 + 144 = 169, а не корень из 169. Следовало записать √(5² + 12²) = √169 = 13.",25/13 см и 144/13 см (или 1 12/13 см и 11 1/13 см),25/13 см и 144/13 см (или 1 12/13 см и 11 1/13 см)
W037,dev,579,1,1,correct,False,"A₁C₁ = 3,15 м; проверяющий поставил +",,"3,15 м","3,15 м"
W037,dev,580,1,1,correct,False,"Высота 6,936 м; проверяющий поставил +. обведённый ответ читается как 6,9836 или 6,936 (в столбике 6,936)","[notational] Описка в знаменателе левой части формулы: написано «в дерева» вместо «т дерева» (тень дерева). В следующей строчке число подставлено верно: 10,2.","6,936 м","6,936 м"
W037,dev,581,0,0,incorrect,False,"Неверная пропорция: вместо AD = 120 см = 1,2 м взято 0,12, отношение 4,8 : 0,12 = 40 вместо 4,8 : 1,2 = 4; ответ 66 м; Проверяющий: «немного непонятно…» | Взята высота AC = 165 см вместо AB = AC − BC = 153 см (луч попадает в глаз B). Верно FE = 1,53 · 4 = 6,12 м","[conceptual] Неверно составлено подобие треугольников и неверно поняты отрезки на чертеже: человек стоит в точке A, его рост AC = 165 см, отрезок BC = 12 см — это расстояние от макушки до уровня глаз (глаз B находится на высоте 165 − 12 = 153 см). Из подобия вертикального треугольника для человека и дерева отношение высоты дерева FE к высоте глаза (AC − BC) равно отношению DE к AD: FE / (165 − 12) = 480 / 120, откуда FE = 153 · 4 = 612 см = 6,12 м.",66 м,"6,12 м (или 612 см)"
W038,dev,575,1,1,correct,False,Отрезки 18 и 32 мм; проверяющий поставил +,,18; 32,18 мм и 32 мм
W038,dev,576,,0,not_solved,False,"Начато, не доведено (дошёл до c = x + x + 11); нет отметки проверяющего",,,61 см
W038,dev,577,1,0,incorrect,False,"Политика 30.09, п. 8.4 — замечание, не ошибка (rules/policy.csv). Было: Ответ округлён: h ≈ 4,6, b_c ≈ 2, a_c = 11; точные отрезки 25/13 и 144/13 см (≈1,92 и 11,08) Проверяющий зачеркнул ответ «2 см; 11 см»","[computational] В геометрических задачах при отсутствии требования округления ответ необходимо находить в виде токновенных дробей, а не округлять промежуточные и итоговые значения (b_c = 25/13 см, a_c = 144/13 см). Кроме того, не доказано, что треугольник прямоугольный, хотя формула для высоты h = ab/c применима только к прямоугольному треугольнику.","2 см, 11 см",25/13 см и 144/13 см (или 1 12/13 см и 11 1/13 см)
W038,dev,579,1,0,incorrect,False,"Политика 30.09, п. 8.5 — замечание, не ошибка (rules/policy.csv). Было: Округление коэффициента: k = 6,3/3,4 ≈ 1,8, A₁C₁ ≈ 3 м; верно 1,7 · 6,3 / 3,4 = 3,15 м Проверяющий поставил ✗","[computational] Выполнены грубые промежуточные округления. Точный расчет: A_1C_1 = AC * (BC_1 / BC) = 1,7 * (6,3 / 3,4) = 1,7 * 6,3 / 3,4 = 6,3 / 2 = 3,15 м.",3 м,"3,15 м"
W038,dev,580,1,0,incorrect,False,"Политика 30.09, п. 8.5 — замечание, не ошибка (rules/policy.csv). Было: Округление коэффициента: k = 10,2/2,5 ≈ 4,1 (точно 4,08), ответ ≈ 7 м; верно 1,7 · 4,08 = 6,936 м Проверяющий поставил ✗","[computational] В дано неверно выписан рост человека (1,4 м вместо 1,7 м, хотя в вычислении далее использовано 1,7 м). | [computational] Промежуточное округление k = 4,08 до 4,1 привело к искажению ответа. Точный ответ: 1,7 * 10,2 / 2,5 = 6,936 м.",7 м,"6,936 м (или 6,94 м)"
W038,dev,581,0,0,incorrect,False,"Взята высота AC = 1,65 м вместо AB = AC − BC = 1,53 м (глаз в точке B): FE = 1,65 · 4 = 6,6; верно 1,53 · 4 = 6,12 м; Проверяющий зачеркнул 6,6 и написал 6,12","[conceptual] Не учтено положение глаз человека (точка B): уровень глаз находится ниже макушки/точки C на BC = 12 см, поэтому высота уровня глаз от земли составляет AC - BC = 165 - 12 = 153 см = 1,53 м. Высота дерева FE = 1,53 * 4 = 6,12 м.","6,6 м","6,12 м"
W041,dev,7.5,0,0,incorrect,False,"Вычислительная ошибка: x₂ = 4/2 = 2, у ученика записано другое число (вероятно 4); ответ «−3; 4» вместо −3; 2; Нумерация: «Задание N, пункт k» → N.k. Проверяющий исправил на 2 в x₂ и в ответе. исходная цифра под исправлением неразборчива (4 или 1)","[computational] В решении верно найден корень $x_2 = 2$, однако в строку ответа ошибочно выписано число 4 вместо 2.",-3; 4,-3; 2
W041,dev,7.6,1,1,correct,False,Ответ −4; 1; проверяющий поставил +,,"-4, 1",-4; 1
W041,dev,7.7,1,1,correct,False,Ответ −4; 2; проверяющий поставил +,,"-4, 2",-4; 2
W041,dev,8.4,0,0,incorrect,False,"Ошибка в формуле корней: взято b вместо −b, x = (−16 ± 6)/10 = −2,2; −1; верно x = (16 ± 6)/10 = 2,2; 1. Ответ (−2,2; −22), (−1; −16) неверен, верно (1; −6), (2,2; 0); Проверяющий обвёл −b в формуле: «у нас же по формуле −b»","[computational] При решении уравнения $5x^2 - 16x + 11 = 0$ неверно применён коэффициент $b$: вместо $-b = 16$ подставлено $-16$, из-за чего найдены неверные знаки корней ($x$ получились отрицательными).","(-2,2; -22) (-1; -16)","(1; -6), (2,2; 0)"
W041,dev,8.8,1,1,correct,False,"Ответ (1,25; 0), (2; 6); проверяющий поставил +. В записи системы 4x² − 5 = y пропущен x (описка)",,"(1,25; 0) (2; 6)","(1,25; 0), (2; 6)"
W041,dev,8.12,0,0,incorrect,False,"Ошибка в знаке: из 9x² − y = 2 выражено y = 2 − 9x², верно y = 9x² − 2; Проверяющий написал y = 9x² − 2 и грустный смайлик | Ошибка переноса: из 12 − 5x² = 2 − 9x² получено −9x² + 5x² = 2 − 12 (x² = 2,5), верно 4x² = −10. Ответ (±√2,5; −0,5) неверен, верно (±1; 7)","[computational] Из второго уравнения $9x^2 - y = 2$ следует $y = 9x^2 - 2$, а не $y = 2 - 9x^2$.","(\sqrt{2,5}; -0,5) (-\sqrt{2,5}; -0,5)","(1; 7), (-1; 7)"
W041,dev,9.4,1,1,correct,False,"Ответ (3; 4), (3; −4); проверяющий поставил +",,"(3; 4), (3; -4)","(3; 4), (3; -4)"
W041,dev,9.8,1,1,correct,False,"Ответ (3; 3), (3; −3); проверяющий поставил +",,(3; 3) (3; -3),"(3; 3), (3; -3)"
W041,dev,9.12,0,0,incorrect,False,"Ошибка в знаке: y − 5 = 2x + 2y − 18 преобразовано в 2x + y + 13 = 0, верно 2x + y − 13 = 0; дальше при x = 4 из 8 + y + 13 = 0 записано y = 21. Верно: при x = 4 y = 5 (исключено ОДЗ); Проверяющий исправил знак перед 13. ОДЗ x + y ≠ 9 выписано (проверяющий: «Умничка!!!») | Из (y − 7) = 0 подставлено x = 7 вместо y = 7; ответ (4; 21), (7; 27) неверен, верно (3; 7); Проверяющий обвёл y в «Если y = 7». Концовка решения продублирована вверху markup_1","[conceptual] Уравнение $(x-4)(y-7)=0$ распадается на $x=4$ или $y=7$, а не $x=7$. | [computational] При раскрытии скобок $2(x+y-9)$ получилось $2x+2y-12$ вместо $2x+2y-18$.",(4; 21); (7; 27),(6; 7)
W042,dev,8.4,0,0,incorrect,False,"Ошибка в формуле корней: знаменатель 5 вместо 2a = 10, x = (16 ± 6)/5 = 2; 4,4; верно x = 2,2; 1. Ответ (2; −1), (4,4; 11) неверен, верно (1; −6), (2,2; 0); Нумерация: «№N (k)» → N.k (Задание N, пункт k). Проверяющий зачеркнул только (4,4; 11), хотя (2; −1) тоже неверна. красные «+»/«−» в строке 5x² − 11x … 5x … 11 = 0 — неясно, что исправлено; следующая строка 5x² − 16x + 11 = 0 верна","[computational] В знаменателе формулы корней должно быть 2a = 2 * 5 = 10, а не 5. Из-за этого корни x и соответствующие y найдены неверно.","(2; -1); (4,4; 11)","(1; -6), (2,2; 0)"
W042,dev,8.8,1,1,correct,False,"Ответ (2; 6), (1,25; 0); проверяющий поставил +","[presentation] Описка: написано +20 вместо +10, однако на следующей строке приведено верное уравнение 4x^2 - 13x + 10 = 0.","(2; 6); (1,25; 0)","(2; 6), (1,25; 0)"
W042,dev,8.12,1,1,correct,False,"Ответ (1; 7), (−1; 7); проверяющий поставил +",,(1; 7); (-1; 7),"(1; 7), (-1; 7)"
W042,dev,9.4,0,0,incorrect,False,"Потерян корень y = −4: из y² = 16 записано y = 4; ответ (3; 4), верно (3; 4), (3; −4); Проверяющий дописал ± к y = 4",[computational] Из уравнения y^2 = 16 следует y = \pm 4. Потеряно второе значение y = -4 и пара решений (3; -4).,(3; 4),"(3; 4), (3; -4)"
W043,dev,1,1,1,correct,False,,,106,106
W043,dev,2,1,1,correct,False,,,98,98
W043,dev,4,0,0,incorrect,False,"Ошибка в вычислении: 180 − 86 = 94, а не 104; Проверяющий исправил: 180 − 86 = 94","[computational] Арифметическая ошибка при вычитании: 180 - 86 = 94, а не 104.",104,94
W043,dev,6,1,1,correct,False,,,33,33
W043,dev,8,1,1,correct,False,,,32,32
W043,dev,9,1,1,correct,False,,,34,34
W043,dev,10,1,1,correct,False,,,26,26
W043,dev,12,1,1,correct,False,,,38,38
W043,dev,13,1,1,correct,False,,,55,55
W043,dev,14,1,1,correct,False,,,73,73
W043,dev,16,1,1,correct,False,,,59,59
W043,dev,17,1,1,correct,False,,,24,24
W043,dev,18,1,1,correct,False,Ответ исправлен самим учеником (27 → 28),,28,28
W043,dev,19,1,1,correct,False,,,29,29
W043,dev,21,0,0,incorrect,False,Неверное утверждение ∠MCA = ∠A = 85° и ответ 5°; меньший угол равен 45° − 14° = 31°; Проверяющий: «почему?»,"[conceptual] Неверно определена геометрическая конфигурация: угол между высотой и биссектрисой равен 14°, следовательно, угол между биссектрисой и катетами равен 45°, а угол между высотой и катетом равен 45° - 14° = 31° (или 45° + 14° = 59°), откуда меньший угол треугольника равен 31°.",5,31
W043,dev,22,0,0,incorrect,False,"Неверное утверждение ∠A = ∠ACM = 45°; из найденного ∠D = 79° следует ∠A = 90° − 79° = 11°; Проверяющий: «почему?», дописал ∠A = 90° − ∠D = 11",[conceptual] Неверное нахождение углов прямоугольного треугольника. Меньший острый угол треугольника равен 45° - 34° = 11°.,45,11
W043,dev,23,0,0,incorrect,False,"Ответ записан неверно, верный ответ 36°; Проверяющий исправил первую цифру ответа на 3 — проверь по фото, какое число было у ученика; ход решения верный","[conceptual] В условии угол между высотой и биссектрисой равен 9°. Ученик взял число 36 (45 - 9) не в том соотношении, получил 46. Меньший острый угол равен 45° - 9° = 36°.",46,36
W043,dev,24,0,0,incorrect,False,Неверно переписано число: ∠DBC = 45° − 23° = 22°; дальше ответ 20° вместо 22°; Проверяющий: «неправильно переписал»,"[computational] Вместо угла 23° из условия использовано 25° (или 20°), и вычисление 45 - 25 ошибочно. Меньший угол равен 45° - 23° = 22°.",20,22
W043,dev,25,1,1,correct,False,"Ответ 33 (∠A = ∠ABF, △ABF равнобедренный — медиана к гипотенузе); у проверяющего «???» у этого шага без +, итоговый ответ явно не выписан",,33,33
W043,dev,26,1,1,correct,False,,,26,26
W043,dev,28,1,1,correct,False,,,27,27
W043,dev,29,1,1,correct,False,,,78,78
W043,dev,30,0,0,incorrect,False,"Ошибка в вычислении: 90 − 74 = 16, у ученика другое число; Проверяющий исправил на 16","[computational] Арифметическая ошибка: 37 + 37 = 74, а 90 - 74 = 16, а не 18.",18,16
W043,dev,31,0,0,incorrect,False,"Ошибка в вычислении: 90 − 56 = 34, а не 44; Проверяющий исправил на 34","[computational] Вместо угла 28° использован угол 22°, кроме того допущены грубые вычислительные ошибки (22 + 28 = 50, а не 55; 90 - 55 = 35, а не 44). Правильный ответ: 90° - 2·28° = 34° (или 62° - 28° = 34°).",44,34
W043,dev,34,,0,not_solved,False,"Не дорешано: первая попытка зачёркнута, во второй ∠B = 90 − 61 = 29 (перепутан данный угол), ответа нет; проверяющий нарисовал кота","[presentation] Решение не доведено до конца, ответ не получен.",,32
W046,dev,1,1,1,correct,False,"Нумерация — номера 1–60 варианта РЕШУ ОГЭ. Проверяющий поставил +. Вверху markup_1 фрагмент «а) 72/180…, б)…» — не из этого варианта, не размечен",,4,4
W046,dev,2,0,0,incorrect,False,"Неверный выбор варианта: a ≈ −0,5, a − 1 ≈ −1,5, 1/a ≈ −2, по убыванию a, a − 1, 1/a — ответ 1, у ученика 2; Проверяющий зачеркнул и написал 1","[conceptual] При a ≈ -0,4: a = -0,4; a - 1 ≈ -1,4; 1/a ≈ -2,5. В порядке убывания: a, a-1, 1/a, что соответствует варианту 1, а не 2.",2,1
W046,dev,3,1,1,correct,False,"√52 ≈ 7,2 — точка P; проверяющий поставил +",,3,3
W046,dev,4,0,0,incorrect,False,"Неверный выбор: a ≈ −2,3, верно −1 − a > 0 (ответ 2); у ученика 4 (a + 3 = 0,7 > 0, неравенство a + 3 < 0 неверно); Проверяющий исправил на 2","[conceptual] Ученик посчитал -2,3 + 3 = 0,7 > 0, но выбрал вариант 4 (a + 3 < 0), что неверно. Верно утверждение 2: -1 - a = -1 - (-2,3) = 1,3 > 0.",4,2
W046,dev,5,0,0,incorrect,False,"5/9 ≈ 0,56, 11/17 ≈ 0,65 — между ними 0,6 (ответ 4), у ученика 3 (0,5); Проверяющий исправил на 4","[computational] 5/9 ≈ 0,555..., 11/17 ≈ 0,647... Число 0,5 меньше 5/9, а 0,6 лежит между ними. Правильный вариант — 4.",3,4
W046,dev,6,1,0,incorrect,False,Проверяющий поставил +,"[conceptual] По рисунку точка a лежит между 6 и 7 (a ≈ 6,7), а ученик ошибочно взял a = 7,2 (между 7 и 8). Для a ∈ (6; 7) верным является утверждение 1: a - 6 > 0 неверно, но 6 - a < 0, a - 7 < 0, 8 - a > 0. Однако проверим условие: при a ≈ 6,7: 1) a - 6 < 0 ложно; 2) 6 - a > 0 ложно; 3) a - 7 > 0 ложно; 4) 8 - a < 0 ложно. Скорее всего, правильный номер 1 или точка левее 6. Но взяв a=7,2, ученик получил неверное положение.",3,1
W046,dev,7,1,1,correct,False,Проверяющий поставил +,,2,2
W046,dev,8,0,,unclear,False,"a ≈ −2,3, b ≈ 0,7: наибольшее −a ≈ 2,3 (ответ 2); у ученика 3; Проверяющий зачеркнул часть ответа и написал 2. ответ ученика читается как «3 2 4» / «3», какие цифры зачёркнуты — неясно",,4,
W046,dev,9,1,0,not_solved,False,Проверяющий поставил +,,,
W046,dev,10,1,,unclear,False,Проверяющий поставил +,,3,
W046,dev,11,1,,unclear,False,Проверяющий поставил +,,2,
W046,dev,12,1,,unclear,False,Проверяющий поставил +,,3,
W046,dev,13,0,,unclear,False,"Ошибка в знаке при подстановке a = 2, b = −1: (−1 − 2)·2 = −6, у ученика 6 > 0; выбран вариант 1, верно 3 ((b − a)b > 0); Проверяющий исправил на 3",,1,
W046,dev,14,1,0,not_solved,False,Проверяющий поставил +,,,
W046,dev,15,0,,unclear,False,"A — самая левая точка, наименьшее число 0,2 (ответ 1); у ученика 3; также 6/7 = 0,25 неверно (≈0,86); Проверяющий исправил на 1",,3,
W046,dev,16,,0,not_solved,False,"Начато, не доведено: вычислены 45/19 и 52/19, ответа нет; проверяющий написал 3",,нет ответа,3
W046,dev,17,0,0,incorrect,False,Спрашивается неверное утверждение: y − x < 0 неверно (ответ 1); ученик выбрал 2 (x²y > 0 — верно); Проверяющий исправил на 1,"[conceptual] Требовалось найти неверное утверждение. При x < 0 < y и |y| > |x|, утверждение 1: y - x < 0 — неверно (так как y - x > 0), а утверждение 2: x^2 y > 0 — верно.",2,1
W046,dev,18,1,1,correct,False,Проверяющий поставил +,,1,1
W046,dev,19,1,0,incorrect,False,Проверяющий поставил +,"[conceptual] Поскольку x < z < y, разность x - y отрицательна (меньшее минус большее). Это вариант 3, а разность z - x положительна.",1,3
W046,dev,20,,0,not_solved,False,"Начато, не доведено: только деление 90 : 17, ответа нет; проверяющий написал 2",,нет ответа,3
W046,dev,21,,0,not_solved,False,"Начато, не доведено: дошёл до 432/576 = …, ответа нет (промежуточно 432/(−24), затем исправлено); проверяющий написал 0,75","[computational] Упрощение не доведено до конца, выражение (x-3)(x+3)/(x-3)^2 равно (x+3)/(x-3) = (-21+3)/(-21-3) = -18/-24 = 3/4 = 0,75. Ученик не сократил дробь и не получил числового ответа.",нет ответа,"-0,75"
W046,dev,22,1,1,correct,False,Проверяющий поставил +,,27,27
W046,dev,30,1,1,correct,False,"4⁻¹ = 0,25 — вариант 2; проверяющий поставил +",,2,2
W046,dev,39,1,1,correct,False,Проверяющий поставил +,,16,16
W046,dev,41,1,1,correct,False,Проверяющий поставил +,,"0,3","0,3"
W046,dev,42,1,1,correct,False,"Ответ 0,88; проверяющий поставил + и обвёл/дописал цифру 8. вторая цифра после запятой неразборчива (8 или 3)",,"0,88","0,88"
W046,dev,43,1,1,correct,False,Проверяющий поставил +,,"0,8","0,8"
W046,dev,44,0,0,incorrect,False,"Вычислительная ошибка: 0,6 · 0,4 · 0,4 = 0,096, у ученика ≈0,16; Проверяющий зачеркнул и написал 0,096. результат ученика неразборчив","[computational] Ошибка в умножении десятичных дробей: 0,6 * 0,4 * 0,4 = 0,096, а не 0,96.","0,96","0,096"
W046,dev,45,1,1,correct,False,Проверяющий поставил +,,"0,94","0,94"
W046,dev,46,0,0,incorrect,False,"Частота рождения мальчика 0,532 сравнена с вероятностью девочки 0,488 (0,044); вероятность мальчика 1 − 0,488 = 0,512, разница 0,02; Проверяющий зачеркнул 0,044 и написал 0,02","[conceptual] 0,488 — вероятность рождения девочки. Вероятность рождения мальчика равна 1 - 0,488 = 0,512. Частота рождения мальчика 532/1000 = 0,532. Разница: 0,532 - 0,512 = 0,02.","0,044","0,02"
W046,dev,47,1,1,correct,False,Проверяющий поставил +,,"0,1","0,1"
W046,dev,48,0,0,not_solved,False,"Вычислительная ошибка: 0,7 · 0,7 · 0,3 = 0,147, у ученика 0,1…7 (другие цифры); Проверяющий написал 0,147. результат ученика неразборчив","[computational] Вычисление не завершено/зачёркнуто; 0,49 * 0,3 = 0,147, а в столбике у ученика 0,187.",нет ответа,"0,147"
W046,dev,49,0,0,incorrect,False,"Всего 4 участника жребия: 1/4 = 0,25; у ученика 1/2 = 0,5; Проверяющий зачеркнул и написал 0,25","[conceptual] Всего ребят четверо (Миша, Олег, Настя, Галя), поэтому вероятность равна 1/4 = 0,25, а не 1/2.","0,5","0,25"
W046,dev,50,1,0,incorrect,False,Проверяющий поставил +,"[computational] События несовместны, вероятность равна 0,2 + 0,1 = 0,3.","0,7","0,3"
W046,dev,51,1,0,not_solved,False,Проверяющий поставил +,,,
W046,dev,52,1,0,not_solved,False,"Режим training, политика п. 1.1 — замечание (найдено при офлайн-оценке политики 30.09). Было: Найдена вероятность для одного фонарика 0,98; для двух 0,98² = 0,9604 Проверяющий зачеркнул и написал 0,9604",,,
W046,dev,53,1,0,not_solved,False,Проверяющий поставил +,,,
W046,dev,54,1,0,not_solved,False,Проверяющий поставил +,,,
W046,dev,55,1,0,not_solved,False,Проверяющий поставил +,,,
W046,dev,56,1,0,not_solved,False,Проверяющий поставил +,,,
W046,dev,57,1,0,not_solved,False,"Режим training, политика п. 1.3 — замечание (найдено при офлайн-оценке политики 30.09). Было: Лишнее действие: искомая вероятность 0,45 + 0,35 = 0,8, ученик дальше записал 1 − 0,8 = 0,2 Проверяющий обвёл 0,8, + нет",,,
W046,dev,58,1,0,not_solved,False,Проверяющий поставил +,,,
W046,dev,59,1,0,not_solved,False,Проверяющий поставил +,,,
W046,dev,60,1,0,not_solved,False,Проверяющий поставил +,,,
W051,dev,1,0,0,incorrect,False,"Ответ 8 неверный: при R=2√5 из R² = a² + (a/2)² получаем a² = 16, S = 16; Проверяющий дописал «·2 = 16». Нумерация — Блок 1. начало решения не попало на фото (видно только S=√8·√8, S=8, ответ 8); номер задачи предположительно 1 (R=2√5, ответ 16) по исправлению проверяющего; если решалась №3 (R=√10), ответ 8 верен","[conceptual] Решена совершенно другая задача (вероятно, на площадь квадрата), условие задачи №1 не использовано.",8,9
W051,dev,9,1,0,incorrect,False,,"[conceptual] Решалась другая задача, не соответствующая условию №9 (про хорду 30 и расстояние 36).",28°,78
W051,dev,13,1,0,incorrect,False,,"[conceptual] Решалась другая задача, не соответствующая условию №13.","29,5",81
W051,dev,15,1,0,incorrect,False,,[conceptual] Решалась другая задача вместо задачи №15.,"56,5°",36°
W051,dev,17,1,0,incorrect,False,,[conceptual] Решалась другая задача вместо задачи №17.,142,42°
W051,dev,21,1,0,incorrect,False,,[conceptual] Решалась другая задача вместо задачи №21.,72,33°
W051,dev,25,1,0,incorrect,False,,[conceptual] Решалась другая задача вместо задачи №25.,58°,5
W051,dev,27,1,0,incorrect,False,"Нет строки «Ответ», результат ∠NMB = 19 записан",[conceptual] Решалась другая задача вместо задачи №27.,19°,40°
W051,dev,29,1,1,correct,False,,,36,36
W051,dev,31,1,1,correct,False,,,56,56
W051,dev,35,1,1,correct,False,Над задачей зачёркнут заголовок «№33»,,8,8
W051,dev,39,1,1,correct,False,,,6400,6400
W051,dev,43,0,0,incorrect,False,"Радиус вписанной окружности принят за сторону квадрата: a = 2r = 12√2, d = a√2 = 24; у ученика d = √((6√2)²+(6√2)²) = 12; Проверяющий дописал «·2 = 24»","[computational] Сторона квадрата равна a = 2r = 12\sqrt{2}. Ученик ошибочно взял 18\sqrt{2}, затем возвёл как 36*2 вместо 144*2 или 324*2, получив неверный результат 12 вместо 24.",12,24
W051,dev,47,1,1,correct,False,,,19,19
W051,dev,55,,0,not_solved,False,"Начато, не доведено: записано только «Дано», решения нет; проверяющий нарисовал «=(",,,72
W051,dev,67,1,1,correct,False,,,53,53°
W051,dev,69,0,0,incorrect,False,"Неверно переписано условие: в №69 ∠ABC = 70°, ∠CAD = 49° → ∠ABD = 70 − 49 = 21°; ученик взял ∠CAD = 34° (из №70) и получил 36° (для №70: 80 − 34 = 46°); Проверяющий зачеркнул 70°, написал 80° и исправил ответ на 46 (засчитал как №70). номер у ученика «№69», данные смешаны из №69 и №70",[conceptual] Ученик решал задачу с другим числовым значением угла CAD (34° вместо 49°).,36,21°
W051,dev,75,1,1,correct,False,,,66°,66°
W051,dev,79,0,0,incorrect,False,"Вычислительная ошибка: AC² = 29² − 21² = 841 − 441 = 400, AC = 20; у ученика x² = 8², ответ 8; Проверяющий исправил на 20² и ответ 20","[conceptual] Неверно выписано дано (r = 13,5 вместо 14,5), далее в уравнении взято 35 вместо 29, в итоге корень вычислен неверно: x = 8 вместо 20.",8,20
W051,dev,87,1,1,correct,False,,,124°,124°
W051,dev,95,1,1,correct,False,,,114°,114°
W051,dev,99,1,1,correct,False,,,8,8
W051,dev,103,0,1,correct,True,"Ошибки в шагах при верном ответе: √(2a²) = 2a неверно (должно a√2), затем √3872 : 2 = √1936 неверно (√968); ошибки компенсировали друг друга, a = 44; Ответ 44 верный; проверяющий поставил +","[notational] Описка в преобразовании корня: \sqrt{2a^2} записано как 2a, но дальнейшие вычисления согласованы с a\sqrt{2} и привели к верному ответу a = 44.",44,44
W051,dev,107,1,1,correct,False,,,4,4
W051,dev,111,0,0,incorrect,False,"Подставлен неверный радиус: R = 3√3, a = R√3 = 3√3·√3 = 9; у ученика 5√3·√3 = 15; Проверяющий исправил 5 на 3, ответ на 9",[computational] Подставлено r = 5\sqrt{3} вместо данного в условии 3\sqrt{3}. При r = 3\sqrt{3} сторона равна a = 3\sqrt{3} * \sqrt{3} = 9.,15,9
W052,dev,11,0,0,incorrect,False,"Вычислительная ошибка: 90 − 47 = 43, у ученика 53; Нумерация — Блок 1. Проверяющий зачеркнул и написал 43","[conceptual] Решена совершенно другая задача, не соответствующая условию задачи 11 о расстоянии от хорды до касательной.",53,121
W052,dev,12,1,0,incorrect,False,"Режим training (data/cards/modes.csv), политика п. 2.3 и 4.3 — замечание. Было: Не доведено / ответ не на вопрос: 71° — угол при основании треугольника ABC (CBA), искомый ∠ABO = 90 − 71 = 19°; также неверная запись цепочкой 180 − 38 = 142 : 2 = 71 Проверяющий написал «надо (180−38)/2» (замечание к записи), ответ не отметил","[conceptual] Решена посторонняя задача на углы, не соответствующая условию о расстоянии от хорды до параллельной касательной.",71,162
W052,dev,13,1,0,incorrect,False,,[conceptual] Решена сторонняя задача на нахождение вписанного угла.,"29,5",81
W052,dev,14,1,0,incorrect,False,,[conceptual] Решена сторонняя задача на нахождение вписанного угла.,"23,5",144
W052,dev,16,1,0,incorrect,False,,[conceptual] Решена сторонняя задача вместо нахождения угла OMK между радиусом и хордой.,"86,5",15
W052,dev,17,0,0,incorrect,False,"Неверно найдена дуга: ∪AB = 2·∠ACB = 38°, у ученика 19 : 2 = 9,5; верно ∠AOD = 180 − 38 = 142°, у ученика 170,5; Проверяющий расписал верное решение: ∪AB = 19·2 = 38, ∠AOD = 142",[conceptual] Решение не соответствует условию задачи 17 (требовалось найти центральный угол KOM через угол между касательной и хордой).,"170,5",138
W052,dev,19,0,0,incorrect,False,"Вычислительная ошибка: 180 − 146 = 34, у ученика 44; ∠ACB = 34 : 2 = 17°, у ученика 22; Проверяющий исправил 44 на 34 и 22 на 17","[conceptual] В условии меньшая дуга AB равна 152°, угол между касательной и хордой равен половине заключённой в нём дуги: 152° / 2 = 76°. Решалась другая задача.",22,76
W052,dev,20,1,0,incorrect,False,,[conceptual] Решена сторонняя задача. По условию угол равен половине дуги AB: 168° / 2 = 84°.,36,84
W052,dev,22,1,0,incorrect,False,Проверяющий обвёл 24,"[conceptual] В условии дуга AB равна 50°, угол равен 50° / 2 = 25°. Ученик решал другую задачу.",24,25
W052,dev,23,1,0,incorrect,False,,[conceptual] Решена посторонняя задача на углы вместо нахождения расстояния OA.,69,12
W052,dev,24,1,0,incorrect,False,Проверяющий обвёл 65,[conceptual] Решена сторонняя задача на углы вместо нахождения расстояния AO от точки до центра окружности.,65,16
W052,dev,25,1,0,incorrect,False,Ученик сам исправил промежуточные записи,[conceptual] Решена сторонняя задача на углы вместо поиска радиуса окружности.,58,5
W052,dev,26,1,0,incorrect,False,Описка: дуга обозначена ∪MN вместо ∪NB (180 − 86 = 94),[conceptual] Решена сторонняя задача на углы вместо вычисления радиуса окружности.,47,6
W052,dev,28,1,0,incorrect,False,,"[conceptual] Решена сторонняя задача. По условию угол ACO в прямоугольном треугольнике OAC равен 180° - 140° = 40° (угол AOC = 40°), значит угол ACO = 90° - 40° = 50°.",22,50
W052,dev,30,1,1,correct,False,,,52,52
W052,dev,32,1,1,correct,False,,,64,64
W052,dev,34,1,1,correct,False,,,88,88
W052,dev,36,1,1,correct,False,"Политика 30.09, п. 1.3 — замечание, не ошибка (rules/policy.csv). Было: Не ошибка по правилам (рассуждения верны, неверно выписан ответ / не сделан последний шаг): Ответ не на вопрос: радиус найден верно r = 22 : 2 = 11, но дальше записано S = 121 (площадь не спрашивалась); Ученик исправил 44 на 11; проверяющий обвёл 121 знаком корня (√121 = 11), + не поставил. что считать ответом ученика — r = 11 или S = 121",[presentation] Лишнее безошибочное вычисление площади квадрата (в задаче требовался только радиус).,11,11
W052,dev,38,1,1,correct,False,"Политика 30.09, п. 1.3 — замечание, не ошибка (rules/policy.csv). Было: Не ошибка по правилам (рассуждения верны, неверно выписан ответ / не сделан последний шаг): Ответ не на вопрос: радиус найден верно r = 62 : 2 = 31, но дальше записано S = 961 (площадь не спрашивалась); Ученик исправил 124 на 31; проверяющий обвёл 961 знаком корня, + не поставил. аналогично №36",[presentation] Лишнее безошибочное вычисление площади квадрата.,31,31
W052,dev,40,1,1,correct,False,Ученик исправил 224 на 324,,324,324
W052,dev,42,1,1,correct,False,,,196,196
W052,dev,44,1,1,correct,False,,,56,56
W052,dev,46,1,1,correct,False,Номер написан поверх другого (46/48),,96,96
W052,dev,47,1,1,correct,False,,"[presentation] Описка в слагаемых (11 + 14 вместо 7 + 17), но сумма 24 верна, итоговый результат верный.",19,19
W052,dev,49,1,1,correct,False,,,6,6
W052,dev,51,1,1,correct,False,,,9,9
W052,dev,55,1,1,correct,False,,,72,72
W052,dev,58,1,1,correct,False,,,213,213
W052,dev,59,,0,not_solved,False,Зачёркнуто,,,3
W052,dev,62,,0,not_solved,False,Зачёркнуто,,,10
W052,dev,63,1,0,not_solved,False,Первая попытка зачёркнута,,,30
W052,dev,66,1,1,correct,False,"Решено дважды (под заголовками «№66»); в первой записи описка 2·(9√3)·3 вместо ·√3, дальше верно 18·3 = 54. номер первой записи неразборчив (66 или 68)","[presentation] Промежуточная описка в строке (написано 2 * 18 * 3), однако итоговый результат 54 получен верно: 2 * 9 * 3 = 54.",54,54
W052,dev,68,1,1,correct,False,Первые попытки зачёркнуты; итог 120 − 74 = 46,,46,46
W052,dev,69,1,1,correct,False,,,21,21
W052,dev,71,1,1,correct,False,"Политика 30.09, п. 2.1 — замечание, не ошибка (rules/policy.csv). Было: Не ошибка по правилам (рассуждения верны, неверно выписан ответ / не сделан последний шаг): Не доведено до ответа: записано ∠ABC = 51 + 42, значение 93 не вычислено; Проверяющий дописал «=93» и поставил +. считать ли недописанную сумму ошибкой",[presentation] Не записан итоговый результат сложения 51 + 42 = 93.,93,93
W052,dev,73,1,0,incorrect,False,,"[computational] По условию угол ABD равен 78°, а не 138°. Кроме того, 138 + 40 = 178 не соответствует условию: угол ABC = 78° + 40° = 118°.",178,118
W052,dev,75,1,1,correct,False,,,66,66
W052,dev,77,1,1,correct,False,,,81,81
W052,dev,79,1,1,correct,False,Неаккуратная запись AC² = … = √400; первая попытка (сумма квадратов) зачёркнута. Проверяющий обвёл 20,,20,20
W052,dev,82,1,1,correct,False,,,10,10
W052,dev,83,1,1,correct,False,"Ученик исправлял промежуточные числа (r = 15, AB = 30)",,18,18
W052,dev,85,,0,not_solved,False,"Начато, не доведено: найдено только AB = 17; проверяющий дописал BC = √(17² − 8²)",,,15
W052,dev,87,1,1,correct,False,,,124,124
W052,dev,90,1,1,correct,False,,,147,147
W052,dev,92,0,0,incorrect,True,Неверный последний шаг: в равнобедренной трапеции ∠C = ∠B = 180 − 114 = 66°; ученик записал ∠C = 180 − 66 = 114°; Проверяющий обвёл 66 и поставил + (не учёл итоговую строку ∠C = 114),"[conceptual] В трапеции, вписанной в окружность, сумма противоположных углов равна 180°, следовательно, угол C = 180° - угол A = 180° - 114° = 66° (трапеция равнобедренная, угол C = угол B = 180° - 114° = 66°). Ученик неверно перенёс смежные углы.",114,66
W052,dev,94,0,0,incorrect,True,"Неверно найден ∠C: ∠C = ∠B = 180 − 47 = 133°, ученик записал ∠C = 47° (приравнял к ∠A); Проверяющий поставил +","[conceptual] Вписанная трапеция равнобедренная, поэтому противоположные углы дают в сумме 180°: угол C = 180° - угол A = 180° - 47° = 133° (или угол C = угол B = 133°). Ученик ошибочно посчитал, что противоположные углы равны.",47,133
W052,dev,103,1,1,correct,False,,,44,44
W052,dev,112,1,1,correct,False,,[notational] Радиус описанной окружности обычно обозначается как R (a = R*sqrt(3)). Сама формула и вычисления верны: 5*sqrt(3)*sqrt(3) = 15.,15,15
W053,dev,В1-1а,1,1,correct,False,"Нумерация: В1-/В2- — вариант I/II контрольной (task_2/task_1), 7 и 8 — задачи из task_3.jpg. Проверяющий поставил +",,x \in (3; +\infty),x \in (3; +\infty)
W053,dev,В1-1б,1,1,correct,False,Проверяющий поставил +,,x \in (-\infty; -7],x \in (-\infty; -7]
W053,dev,В1-1в,0,0,incorrect,False,"Ошибка деления: −0,2x ≤ −6 ⇒ x ≥ 30, у ученика x ≥ 1,2; Проверяющий написал x ≥ 30","[computational] При делении -6 на -0,2 получается 30, а не 1,2.","x \in [1,2; +\infty)",x \in [30; +\infty)
W053,dev,В1-1г,0,0,incorrect,False,"Ошибка: (1/4)x < −3 ⇒ x < −12 (умножить на 4), у ученика x < 0,75; Проверяющий написал x < −12","[conceptual] Неверно выполнено деление на 1/4: нужно умножить обе части неравенства на 4, получается x < -12.","x < 0,75",x < -12
W053,dev,В1-1д,1,1,correct,False,Проверяющий поставил +,,x \in (-\infty; 0],x \in (-\infty; 0]
W053,dev,В1-2а,0,0,incorrect,True,"7x ≤ 5 ⇒ x ≤ 5/7, у ученика x ≤ 7/5 = 1,4 (перевёрнута дробь); Проверяющий поставил +","[computational] Из 7x <= 5 следует x <= 5/7, а не 7/5.","x \in (-\infty; 1,4]",x \in (-\infty; \frac{5}{7}]
W053,dev,В1-2б,1,1,correct,False,Проверяющий поставил +; первая попытка а) зачёркнута и переписана,,x \in (5; +\infty),x \in (5; +\infty)
W053,dev,В1-2в,1,1,correct,False,Проверяющий поставил +,,x \in (-\infty; 4],x \in (-\infty; 4]
W053,dev,В1-3а,0,0,incorrect,True,"решение до x < 6 верное, но в ответе (−∞; 4) — значения 4 нет в решении, это не описка при переписывании; Проверяющий поставил +; Исправлено после разбора ошибок (Ксения)",[computational] При найденном x < 6 записан промежуток (-infty; 4) вместо (-infty; 6).,x \in (-\infty; 4),x \in (-\infty; 6)
W053,dev,В1-3б,1,1,correct,False,Проверяющий поставил +,[notational] Вместо переменной y в ответе записана x.,x \in (-\infty; -4],y \in (-\infty; -4]
W053,dev,В1-4,0,0,incorrect,False,"Ошибка раскрытия скобок: −4(x − 2) = −4x + 8, у ученика −4x − 8; Проверяющий исправил знак на + | Ошибка домножения правой части на общий знаменатель 12: 2·12 = 24, у ученика 12; итог x > 25, верно x > 29; Не отмечено проверяющим","[computational] При раскрытии скобок -4*(x - 2) должно получиться -4x + 8, а не -4x - 8. Кроме того, в правой части переписано 1/2 вместо 2.",x \in (25; +\infty),x \in (29; +\infty)
W053,dev,В1-5,1,1,correct,False,Проверяющий поставил +,,x \le \frac{7}{15},x \le \frac{7}{15}
W053,dev,В2-1а,1,1,correct,False,Проверяющий поставил +,,x \in (5; +\infty),x \in (5; +\infty)
W053,dev,В2-1б,1,1,correct,False,Проверяющий поставил +,,x \in (-\infty; -6],x \in (-\infty; -6]
W053,dev,В2-1в,0,0,incorrect,False,"Ошибка деления: −0,3x ≤ −9 ⇒ x ≥ 30, у ученика x ≥ 3; Проверяющий дописал 0 (x ≥ 30)","[computational] При делении -9 на -0,3 получается 30, а не 3.",x \in [3; +\infty),x \in [30; +\infty)
W053,dev,В2-1г,0,0,incorrect,False,"Ошибка: (1/4)x < −5 ⇒ x < −20, у ученика x < 1,25; Проверяющий написал −20","[computational] При делении -5 на 1/4 получается -20, а не 1,25.","x \in (-\infty; +1,25)",x \in (-\infty; -20)
W053,dev,В2-1д,1,1,correct,False,Проверяющий поставил +,,x \in (-\infty; 0],x \in (-\infty; 0]
W053,dev,В2-2а,1,1,correct,False,Проверяющий поставил +,,x \le \frac{7}{11},x \in (-\infty; \frac{7}{11}]
W053,dev,В2-2б,0,0,incorrect,False,"7x > 40 ⇒ x > 40/7, у ученика x > 7/40 (перевёрнута дробь); Проверяющий поставил знак вопроса/стрелку","[computational] Из 7x > 40 следует x > 40/7, а не 7/40.",x > \frac{7}{40},x \in (\frac{40}{7}; +\infty)
W053,dev,В2-2в,1,1,correct,False,нет отметки проверяющего,,x \in (-\infty; 2],x \in (-\infty; 2]
W053,dev,В2-3а,1,1,correct,False,Строка «−2x > −9» записана неаккуратно (знак похож на +); нет отметки проверяющего,,"x \in (-\infty; 4,5)","x \in (-\infty; 4,5)"
W053,dev,В2-3б,1,1,correct,False,Проверяющий поставил +,[notational] Вместо переменной y в ответе записана x.,x \in (-\infty; -3],y \in (-\infty; -3]
W053,dev,В2-4,0,0,incorrect,False,"Ошибка раскрытия скобок: −2(x − 5) = −2x + 10, у ученика −2x − 10; итог x < 16, верно x < −4; Проверяющий исправил знак на +","[computational] При раскрытии скобок -2*(x - 5) получается -2x + 10, а не -2x - 10.",x \in (-\infty; 16),x \in (-\infty; -4)
W053,dev,В2-5,1,0,not_solved,False,Проверяющий поставил +,,,x \le \frac{3}{17}
W053,dev,7,0,0,incorrect,False,"−8/(3 − 4x) ≤ 0 ⇔ 3 − 4x > 0 ⇔ x < 3/4; у ученика ответ [3/4; +∞) (неверный знак, к тому же включена точка вне ОДЗ); нет отметки проверяющего","[conceptual] Знаменатель не может быть равен нулю, поэтому точка 3/4 должна быть строго выколотой, скобка круглая: (3/4; +\infty).",x \in [\frac{3}{4}; +\infty),x \in (\frac{3}{4}; +\infty)
W053,dev,8,1,1,correct,False,"Проверяющий поставил +. Вверху markup_3 обрывок «Ответ: x∈(2,5;+∞)» — к какой задаче относится, неясно, не размечен",,x \in (-\frac{10}{3}; +\infty),x \in (-\frac{10}{3}; +\infty)
W054,dev,В1-1а,1,1,correct,False,"Нумерация: В1-/В2- — вариант 1/2 контрольной (task_2/task_1), 7 и 8 — задачи из task_3.jpg. Проверяющий поставил +",,x ∈ (3; ∞),x > 3 (или (3; +∞))
W054,dev,В1-1б,0,0,incorrect,False,"−7x ≥ 49 ⇒ x ≤ −7, ответ (−∞; −7]; у ученика строгое неравенство x < −7 и ответ (−∞; −7) — точка −7 потеряна; запись x < …7 исправлена поверх, минус в ответе, возможно, дописан проверяющим; + нет","[computational] При делении 49 на -7 получается -7, а не 7. Кроме того, знак неравенства должен быть нестрогим в ответе.",x ∈ (-∞; 7),x ≤ -7 (или (-∞; -7])
W054,dev,В1-1в,1,1,correct,False,"Не ошибка по правилам: в строке x > 30 строгий знак, но ответ [30; +∞) верный (скобку ставил сам ученик) — пометка ученику","[notational] В промежуточной строке написан строгий знак вместо x ≥ 30, но в итоговом ответе скобка верная: [30; ∞).",x ∈ [30; ∞),x ≥ 30 (или [30; +∞))
W054,dev,В1-1г,1,1,correct,False,Проверяющий поставил +,,x ∈ (-∞; -12),x < -12 (или (-∞; -12))
W054,dev,В1-1д,1,1,correct,False,"Не ошибка по правилам: в строке x < 0 строгий знак, но ответ (−∞; 0] верный (скобку ставил сам ученик) — пометка ученику",,x ∈ (-∞; 0],x ≤ 0 (или (-∞; 0])
W054,dev,В1-2а,0,0,incorrect,False,"7x ≤ 5 ⇒ x ≤ 5/7 ≈ 0,71; у ученика x ≤ −0,71, ответ (−∞; −0,71] (лишний минус); Проверяющий написал 5/7",[computational] Из 7x ≤ 5 следует x ≤ 5/7 (положительное число). Ученик получил отрицательное значение и перевел в приближенную десятичную дробь.,"x ∈ (-∞; -0,71]",x ≤ 5/7 (или (-∞; 5/7])
W054,dev,В1-2б,1,1,correct,False,"Описка: −9x < 45 вместо −9x < −45, ответ x > 5 верный; проверяющий поставил +","[computational] Описка со знаком при переносе (должно быть -9x < -45), но при дальнейшем делении на -9 знак верно учтён и получен правильный ответ x > 5.",x ∈ (5; ∞),x > 5 (или (5; +∞))
W054,dev,В1-2в,0,0,incorrect,False,"Ошибка приведения подобных: 11,6 − 2,9x ≥ 0 (2,4 + 0,5 = 2,9), у ученика 1,9x; Проверяющий исправил на 2,9 | При делении на отрицательное −1,9 получено x < −11,6 : 1,9 ≈ −6,1 — знак числа неверен (−11,6 : (−1,9) > 0), неравенство стало строгим; верный ответ x ≤ 4; Не отмечено проверяющим","[computational] Ошибка при приведении подобных слагаемых: -2,4x - 0,5x = -2,9x, а не -1,9x. Из -2,9x ≥ -11,6 следует x ≤ 4.","x ∈ (-∞; -6,1]",x ≤ 4 (или (-∞; 4])
W054,dev,В1-3а,0,0,incorrect,True,"Ошибка приведения: 19 − 3x > 7 − x ⇒ 12 − 2x > 0, далее у ученика −4x > −12; Проверяющий поставил + | Ошибка деления: −4x > −12 ⇒ x < 3, у ученика x < −3; верный ответ x < 6; Проверяющий поставил +","[computational] Неверно приведены подобные: 4 - 3x + 15 = 19 - 3x. При переносе слагаемых: -3x + x > 7 - 19, то есть -2x > -12, откуда x < 6.",x ∈ (-∞; -3),x < 6 (или (-∞; 6))
W054,dev,В1-3б,0,0,incorrect,False,"Ошибка переноса: 1,5 − 1,9 − 2,8 = −3,2, т.е. −0,8y ≥ 3,2 ⇒ y ≤ −4; у ученика −0,8y ≥ −3,2, ответ y < 4; Проверяющий дописал минус перед 3,2","[computational] Неверно посчитана свободная часть: 1,5 - 1,9 - 2,8 = -3,2. Получается -0,8y ≥ 3,2, откуда y ≤ -4.",x ∈ (-∞; 4),y ≤ -4 (или (-∞; -4])
W054,dev,В1-4,0,0,incorrect,False,"Неверный знак ответа: x > 29, у ученика x > −29 (минус исправил проверяющий); Исправлено после аудита: вертикальная черта «+» — маркером проверяющего","[computational] Из -x + 29 < 0 получается -x < -29, откуда x > 29, а не x > -29.",x ∈ (-29; ∞),x > 29 (или (29; +∞))
W054,dev,В1-5,0,0,incorrect,False,"Решено уравнение вместо неравенства: 7 − 15x ≥ 0 ⇒ x ≤ 7/15; у ученика x = −7/15 ≈ −0,46; Проверяющий исправил на ≥ и написал ≤ 7/15","[conceptual] Подкоренное выражение должно быть неотрицательным: 7 - 15x ≥ 0. Решено уравнение вместо неравенства, найден один корень вместо числового промежутка.","-0,46",x ≤ 7/15 (или (-∞; 7/15])
W054,dev,В2-1а,1,1,correct,False,Проверяющий поставил +,,x ∈ (5; ∞),x > 5 (или (5; +∞))
W054,dev,В2-1б,0,0,incorrect,True,"−6x ≥ 36 ⇒ x ≤ −6, ответ (−∞; −6]; у ученика строгое x < −6 и круглая скобка; Проверяющий исправил скобку на ] и поставил +. скобка ] жирная — вероятно, исправление проверяющего","[computational] Неравенство нестрогое: должно быть x ≤ -6. Кроме того, в ответе потерян знак минус: записано (-∞; 6).",x ∈ (-∞; 6),x ≤ -6 (или (-∞; -6])
W054,dev,В2-1в,0,0,incorrect,False,"−0,3x ≤ −9 ⇒ x ≥ 30, ответ [30; +∞); у ученика строгое x > 30 и круглая скобка; Проверяющий дописал черту под знаком (≥) и скобку [","[notational] Исходное неравенство нестрогое (≤), поэтому при делении на -0,3 должен получиться нестрогий знак: x ≥ 30, то есть [30; +∞).",x ∈ (30; ∞),x ≥ 30 (или [30; +∞))
W054,dev,В2-1г,0,0,incorrect,True,"(1/4)x < −5 ⇒ x < −20; у ученика x < 20, ответ (−∞; 20); Проверяющий поставил +. минус перед 20 не виден","[computational] При делении -5 на 0,25 получается -20, потерян знак минус.",x ∈ (-∞; 20),x < -20 (или (-∞; -20))
W054,dev,В2-1д,0,0,incorrect,False,"−20x ≥ 0 ⇒ x ≤ 0, ответ (−∞; 0]; у ученика x < 0 и (−∞; 0); нет отметки проверяющего","[conceptual] Условие списано с неверным знаком (в условии -20x ≥ 0), из-за чего в ответе получился строгий промежуток (-∞; 0) вместо (-∞; 0].",x ∈ (-∞; 0),x ≤ 0 (или (-∞; 0])
W054,dev,В2-2а,0,0,incorrect,False,"11x ≤ 7 ⇒ x ≤ 7/11 ≈ 0,64; у ученика ответ (−∞; −0,64] (лишний минус); Проверяющий написал x ≤ 7/11",[computational] Из 11x ≤ 7 следует x ≤ 7/11 > 0. Появился лишний знак минус.,"x ∈ (-∞; -0,64]",x ≤ 7/11 (или (-∞; 7/11])
W054,dev,В2-2б,0,0,incorrect,False,"14 − 3x < 4x − 26 ⇒ 40 − 7x < 0 ⇒ x > 40/7; у ученика x < −40, ответ (−∞; −40); Проверяющий написал −7x","[computational] При переносе -3x вправо или 4x влево получается -7x, а не x. Должно быть -7x < -40, откуда x > 40/7.",x ∈ (-∞; -40),x > 40/7 (или (40/7; +∞))
W054,dev,В2-2в,0,0,incorrect,True,"x ≤ 2, ответ (−∞; 2]; у ученика строгое x < 2; Проверяющий исправил скобку на ] и поставил +. скобка ] жирная — вероятно, исправление проверяющего","[notational] Неравенство нестрогое: из -4,8x ≥ -9,6 следует x ≤ 2, скобка в ответе должна быть квадратной: (-∞; 2].",x ∈ (-∞; 2),x ≤ 2 (или (-∞; 2])
W054,dev,В2-4,0,0,incorrect,False,"Ошибка: (x + 4)/6 < 0 ⇒ x + 4 < 0 (0·6 = 0), у ученика x + 4 < 6; Проверяющий обвёл 0 и 6, написал 0·6 = 0. У ученика задача подписана «а)» | Вычислительная ошибка: из x + 4 < 6 следует x < 2, у ученика x < −1,5; верный ответ x < −4; Не отмечено проверяющим","[computational] Слева уже было вычтено 3 (получено (x+4)/6 < 0). При умножении на 6 правая часть должна остаться 0, а не стать 6. Также при переносе 4 вправо 6 - 4 = 2, а не -1,5.","x ∈ (-∞; -1,5)",x < -4 (или (-∞; -4))
W054,dev,В2-5,0,0,incorrect,False,"Решено уравнение вместо неравенства: 3 − 17x ≥ 0 ⇒ x ≤ 3/17; у ученика x = 0,17; Проверяющий обвёл 0,17 и поставил «?»","[conceptual] Выражение под корнем должно быть неотрицательным: 3 - 17x ≥ 0, откуда x ≤ 3/17. Ученик решил уравнение вместо неравенства.","x = 0,17",x ≤ 3/17 (или (-∞; 3/17])
W054,dev,7,0,0,incorrect,False,"−8/(3 − 4x) ≤ 0 ⇔ 3 − 4x > 0 ⇔ x < 3/4 = 0,75; у ученика 3/4 = 1,3, ответ (−∞; 1,3); нет явной отметки проверяющего (знаки > в строках 3−4x>0, 4x>3 обведены жирно).","[conceptual] Дробь ≤ 0 с отрицательным числителем (-8) означает, что знаменатель строго положителен: 3 - 4x > 0. Ученик ошибочно поставил 3 - 4x < 0, а также неверно перенёс слагаемые и вычислил 3/4.","x ∈ (-∞; 1,3)","x > 3/4 (или (0,75; +∞))"
W054,dev,8,0,0,incorrect,False,"7/(10 + 3x) > 0 ⇔ 3x > −10 ⇔ x > −10/3; у ученика x < 3,3, ответ (−∞; 3,3); Проверяющий зачеркнул и написал x > −10/3",[computational] Из 3x > -10 следует x > -10/3. Ученик сменил знак неравенства на противоположный и потерял минус.,"x ∈ (-∞; 3,3)",x > -10/3 (или (-10/3; +∞))
W055,dev,2,1,1,correct,False,Видно только окончание решения (P = 2·3 + 2·22 = 50) вверху markup_1; отметка проверяющего не видна,,50,50
W055,dev,5,0,0,incorrect,True,"Неверно переписано условие: CK = 18, у ученика KC = 20; BC = 28, P = 2·(10 + 28) = 76, у ученика 80; Проверяющий поставил +. данные ученика совпадают с BK/CK из разных задач (№5: 10 и 18, №6: 11 и 20)","[conceptual] В условии дано CK = 18, а ученик взял отрезок 20, из-за чего получен неверный периметр: должно быть AD = BC = 28, P = 2*(10+28) = 76.",80,76
W055,dev,8,1,1,correct,False,Проверяющий поставил +,,"120, 60, 120, 60","60°, 120°, 60°, 120° (или 60° и 120°)"
W055,dev,10,1,1,correct,False,Проверяющий поставил +,,"120, 60, 120, 60","60°, 120°, 60°, 120° (или 60° и 120°)"
W055,dev,12,1,1,correct,False,Проверяющий поставил +; ответ записан в п. 3–4 без слова «Ответ»,,"120, 60, 120, 60","60°, 120°, 60°, 120° (или 60° и 120°)"
W055,dev,13,1,1,correct,False,Проверяющий поставил +,,8,8
W055,dev,16,1,1,correct,False,Проверяющий поставил +,,6,6
W055,dev,19,1,1,correct,False,Проверяющий поставил +,,5,5
W055,dev,21,1,1,correct,False,Исправлены описки в данных (AC = 12 → 10); проверяющий поставил +,,13,13
W055,dev,22,1,1,correct,False,Проверяющий поставил +,,25,25
W055,dev,24,1,1,correct,False,Проверяющий поставил +; высота обозначена CH/AH непоследовательно,,"14,4","14,4"
W055,dev,26,1,1,correct,False,Проверяющий поставил +,,"16,8","16,8"
W055,dev,27,1,1,correct,False,Проверяющий поставил +,,120/13,120/13
W055,dev,30,0,0,incorrect,False,"Площадь найдена через гипотенузу: S = ½·AC·CB = ½·35·120 = 2100, у ученика ½·125·120 = 7500; h = 2S/AB = 33,6, у ученика 12; Проверяющий исправил на AC·CB, 35 и ·AB","[conceptual] При вычислении площади перемножены гипотенуза и катет вместо двух катетов: катеты равны 35 и 120. S = (35 * 120) / 2 = 2100. | [computational] 15000 / 125 = 120, а не 12. Правильная высота: h = (35 * 120) / 125 = 33,6.",12,"33,6"
W055,dev,32,0,0,incorrect,False,"Вычислительная ошибка: 20·48 = 960, S = 480; у ученика 560/2 = 280; h = 960/52 = 240/13, у ученика 280/26; Проверяющий написал 480","[computational] 20 * 48 = 960, а не 560. | [computational] Из-за арифметической ошибки получен неверный результат. Правильный ответ: (20 * 48) / 52 = 960 / 52 = 240/13.",280/26,240/13
W055,dev,33,1,1,correct,False,Проверяющий поставил +,,26,26
W055,dev,37,1,1,correct,False,Проверяющий поставил +,,40,40
W055,dev,38,1,1,correct,False,Проверяющий поставил +,,25,25
W055,dev,45,1,1,correct,False,"Видно только окончание решения (x = 4(35 − x), MC = 28); проверяющий поставил +. Вверху markup_4 зачёркнутый обрывок «Ответ: 13,44» — к какой задаче, неясно, не размечен",,28,28
W058,dev,1,1,1,correct,False,Есть только markup_2: видна концовка решения; ответ (1/8; 1/2) ∪ (8; 32) верный; проверяющий 2б,"[computational] При переносе 45 в левую часть получилось бы t^4 - 4t^3 - 14t^2 + 36t + 45 < 0. Ученик оставил справа -45, но далее разложил на множители многочлен t^4 - 4t^3 - 14t^2 + 36t + 45 так, будто перенёс 45 с правильным знаком: (t+1)(t^3 - 5t^2 - 9t + 45) = t^4 - 4t^3 - 14t^2 + 36t + 45, однако справа ошибочно написал 0 вместо верного перехода.",x \in (1/8; 1/2) \cup (8; 32),x \in (1/8; 1/2) \cup (8; 32)
W058,dev,2,0,0,incorrect,False,"Неверно выбраны промежутки: числитель −t² − 3t − 11 < 0 при всех t, поэтому нужно t(t+4) < 0, т.е. −4 < log₃x < 0, x ∈ (1/81; 1); у ученика (0; 1/81) ∪ (1; +∞); Проверяющий: «Прописывать почему учитываем только знаменатель», «4 промежутки неверное», 0б","[conceptual] Числитель -t^2 - 3t - 11 = -(t^2 + 3t + 11) строго отрицателен при всех действительных t (дискриминант D = 9 - 44 < 0, старший коэффициент отрицателен). Следовательно, дробь больше или равна 0 тогда и только тогда, когда знаменатель строго меньше нуля: t(t + 4) < 0, то есть t \in (-4; 0). Ученик не учёл знак числителя и решил неравенство t(t + 4) > 0.",x \in (0; 1/81) \cup (1; +\infty),x \in (1/81; 1)
W058,dev,3,0,1,correct,False,"В ограничениях неверно записано t > 0 (на ответ не повлияло). В экзаменной задаче неверное утверждение в решении — ошибка.; Режим exam / политика п. 6.3 (30.09). Было «верно»: Ответ (0; 1) ∪ {8} ∪ (64; +∞) верный; в ограничениях ошибочно записано t > 0 (не использовано) — проверяющий: «?», «Здесь пишешь так, а тут даже не учитываешь», 2б. ∪{8} дописано над строкой ответа","[notational] В ограничениях ошибочно записано t > 0 вместо x > 0 (для t = \log_8 x ограничение знака не требуется), но на дальнейшее решение это не повлияло, так как луч t < 0 был верно включён в ответ.",x \in (0; 1) \quad x \in (64; +\infty) \quad x = 8 (или x \in (0; 1) \cup \{8\} \cup (64; +\infty)),x \in (0; 1) \cup \{8\} \cup (64; +\infty)
W058,dev,4,,0,not_solved,False,"Начато, не доведено",,Не получен,x \in (\sqrt{5}-2; 1) \cup (1; 2]
W060,dev,1,1,1,correct,False,Проверяющий поставил +,,"14,7","14,7"
W060,dev,2,1,0,incorrect,False,"Ответ 2000 = 27000 − (18000 + 7000); фактически дровяная «Огонёк» дороже электрической на 2000 (формулировка задания некорректна), ответ совпадает с эталонным; Проверяющий поставил +; Неточность в условии: по числам разница другого знака, чем в вопросе; ученик записал модуль разности — засчитано","[conceptual] Объём парного отделения равен 14,7 куб. м. Из дровяных печей подходит только печь «Огонёк» (10–18 куб. м) стоимостью 27000 руб. Установка электрической печи «Дельфин» (18000 руб.) с кабелем (7000 руб.) обходится в 25000 руб. Дровяная печь не дешевле, а дороже электрической на 2000 руб. (или разность равна 0/печь не дешевле). Ученик выбрал печь «Килиманджаро», которая не подходит по объёму (до 12 куб. м).",2000,0
W060,dev,3,1,1,correct,False,"Проверяющий поставил +; Неточность в условии: по числам разница другого знака, чем в вопросе; ученик записал модуль разности — засчитано",,8300,8300
W060,dev,4,1,1,correct,False,Проверяющий поставил +,,25660,25660
W060,dev,6,1,1,correct,False,"У ученика 1,6 — верно (сверено Ксенией)",,"1,6","1,6"
W060,dev,7,1,1,correct,False,Проверяющий поставил +,,3,3
W060,dev,8,1,0,incorrect,False,"Ответ 0,02 (x·5^(4x−1)·25^(−2x) = x/5); Проверяющий поставил +","[computational] Преобразование выражения: $x \cdot 5^{4x-1} \cdot (5^2)^{-2x} = x \cdot 5^{4x-1-4x} = x \cdot 5^{-1} = \frac{x}{5}$. При $x = 0,1$: $\frac{0,1}{5} = 0,02$, а не $0,01$.","0,01","0,02"
W060,dev,9,1,1,correct,False,Проверяющий поставил +,,"0,6","0,6"
W060,dev,10,1,1,correct,False,Проверяющий поставил +,,"0,4","0,4"
W060,dev,12,1,1,correct,False,Проверяющий поставил +,,260,260
W060,dev,13,1,1,correct,False,Проверяющий поставил +,,1,1
W060,dev,14,1,1,correct,False,Проверяющий поставил +,,20,20
W060,dev,17,1,1,correct,False,Проверяющий поставил +,,40,40
W060,dev,19,1,1,correct,False,Проверяющий поставил +,,2,2
W060,dev,20,1,1,correct,False,"Проверяющий обвёл точки 11 и 11 + √5, написал «Рисуй точки» (выколотые точки на прямой нарисованы неаккуратно), поставил 2б","[presentation] На числовой прямой лишняя выколотая точка 0, которая не является корнем множителей, но на итоговый интервал и знаки это не повлияло.",x ∈ (11; 11+√5),(11; 11+√5)
W062,dev,Б1-1,1,1,correct,False,Нумерация Б1-N: задачи из Блока 1 (ФИПИ) задачника; во 2-м блоке номера повторяются. Ответ 10 км/ч; проверяющий поставил +,,10 км/ч,10 км/ч
W062,dev,Б1-6,,0,not_solved,False,"Начато, не доведено: вверху стр.1 другой (чёрной) ручкой без номера, уравнение 112/x + 4 = 112/(x−9) (числа №6), решение оборвано. возможно, не часть работы ученика",,,25 км/ч
W062,dev,Б1-9,1,0,incorrect,False,"Ответ 26 км (38t = 98,8; t = 2,6 ч); проверяющий поставил +","[computational] В уравнении расстояние между городами ошибочно записано как 32 км вместо 82 км, затем 32 заменилось на 82, получено 38t = 99,8 (вместо 38t = 82 + 16,8 = 98,8). Далее деление выполнено с ошибкой (99,8/38 ≈ 2,63, округлено), а t должно быть ровно 98,8 / 38 = 2,6 ч. Итоговое расстояние должно быть 10 * 2 = 20 км (поскольку остановку делал первый велосипедист, если он ехал t-0,6 ч, то второй ехал t ч, но время до встречи находится из 28*(t - 0.6) + 10*t = 82 => t = 2,6 ч, s_2 = 10 * 2,6 = 26 км — однако ученик неверно посчитал уравнение, получив 26 км в результате цепочки арифметических ошибок: 99,8/38=2,64, а затем 10*2,64 почему-то стало 26 км).",26 км,20 км
W062,dev,Б1-15,1,1,correct,False,Ответ 80 км/ч; проверяющий поставил +,"[presentation] В решении верно найдено x = 80 км/ч (скорость первого автомобиля), но в строке ответа ошибочно записано 30 км/ч.",30 км/ч (в ответе на стр. 3 описка: написано 30 км/ч вместо найденных x=80),80 км/ч
W062,dev,Б1-45,0,1,correct,False,"Вычислительная ошибка в сумме путей: 450+230+120 = 800, средняя скорость 800 : 10 = 80 км/ч; у ученика сумма и ответ неверные; Проверяющий исправил первую цифру на 8 в сумме, в дроби и в ответе (80). исходные цифры ученика под исправлением неразборчивы",,90 км/ч,90 км/ч
W062,dev,Б1-46,1,1,correct,False,Ответ 55 км/ч; проверяющий поставил +,,55 км/ч,55 км/ч
W062,dev,Б1-69,1,1,correct,False,Ответ 23 км/ч; проверяющий поставил +,"[computational] Описка при раскрытии скобок: 56 * 5 = 280, записано 28, но далее сразу посчитано верно: 270 - 280 = -10.",23 км/ч,23 км/ч
W062,dev,Б1-70,1,1,correct,False,"Ответ 15 км/ч; первая попытка с ошибками зачёркнута, затем решено заново; проверяющий поставил +",,15 км/ч,15 км/ч
W063,dev,Б1-1,1,1,correct,False,Нумерация Б1-N: задачи из Блока 1 (ФИПИ) задачника (во 2-м блоке номера повторяются). Ответ 10 км/ч; проверяющий поставил +,"[notational] Описка в дополнительном множителе: написано x^2+20x вместо x^2+10x, однако само уравнение x^2 + 10x - 200 = 0 на следующей странице получено верно.",10 км/ч,10 км/ч
W063,dev,Б1-9,1,1,correct,False,Ответ 26 км; проверяющий поставил +,,26 км,26 км
W063,dev,Б1-86,1,1,correct,False,Ответ 20 км/ч; проверяющий поставил +,"[notational] Описка при записи условия: написано 294 вместо 297, но при делении на 3 ученик получил верное число 99 (так как 297 : 3 = 99), и дальнейшее решение правильное.",20,20
W063,dev,Б1-97,1,0,incorrect,False,Ответ 87 %; проверяющий поставил +,"[computational] Вместо коэффициента 10 из первого уравнения (10x + 16y = 14,3) ошибочно подставлено 20x. | [computational] Арифметическая ошибка при делении: 5,22 : 4 = 1,305, а не 0,84.",84%,70%
W063,dev,Б1-121,,0,incorrect,False,"Начато, не доведено (оборвано на D = 64 − …). Кроме того, в составлении взята разность x+8 вместо x+13 деталей, уравнение x²+8x+208=0 без корней; верный ответ 13. Нет отметки проверяющего. номер прочитан как №121 (208 деталей, 8 часов)","[conceptual] Неверно составлена модель: по условию первый рабочий делает на 13 деталей в час больше (v_1 = x + 13), а не на 8 (8 часов — это разница во времени). | [conceptual] Уравнение составлено неверно: время первого рабочего меньше времени второго, поэтому должно быть t_2 - t_1 = 8, то есть 208/x - 208/(x+13) = 8. | [presentation] Решение заброшено.",решение не закончено,13
W064,dev,Б1-1,1,1,correct,False,"Нумерация Б1-N: задачи из Блока 1 (ФИПИ) задачника (во 2-м блоке номера повторяются). Номер на странице не виден, определён по числам (60 км, +10, 3 ч). Ответ 10 км/ч; проверяющий поставил +",,10 км/ч,10
W064,dev,Б1-5,1,1,correct,False,"Ответ 16 км/ч (x = 14, x+2 = 16); проверяющий поставил +","[notational] Пропущен знак «минус» перед 448 в формуле дискриминанта, однако вычислено верно.",16 км/ч,16
W064,dev,Б1-9,0,0,incorrect,False,"Ошибка в составлении уравнения: остановка 0,6 ч добавлена не к тому участнику — (82−x)/10 + 0,6 = x/28 вместо x/28 + 0,6 = (82−x)/10 (x — путь первого); верно x = 56, ответ 82 − 56 = 26 км, у ученика 5 км; Проверяющий обвёл знак + перед 6/10 и исправил на −, зачеркнул ответ 5 км | Вычислительная ошибка: из 2464 = 38x деление выполнено как на 32 (2464/32 = 1232/16 = 77), верно 2464/38 ≈ 64,8; Вторая ошибка в той же задаче; проверяющий отдельно не отметил","[conceptual] Неверно составлено уравнение времени: первый велосипедист сделал остановку, поэтому время движения первого меньше времени движения второго на время остановки, то есть t_1 + 36/60 = t_2 (или x/28 + 36/60 = (82 - x)/10). Ученик же прибавил время остановки ко времени второго велосипедиста. | [computational] Неверное умножение на число и преобразование дробей: левая часть домножена на 10, а правая на 10/28. | [computational] При сокращении дроби 2464/38 на 2 в знаменателе получено 16 вместо 19, дальнейшие вычисления ошибочны (2464 не делится нацело на 38).",5 км,20
W064,dev,Б1-15,1,1,correct,False,Ответ 80 км/ч; проверяющий поставил +,,80 км/ч,80
W064,dev,Б1-21,1,1,correct,False,Ответ 14 км/ч; первая запись уравнения зачёркнута; проверяющий поставил +,,14 км/ч,14
W069,dev,5.5,1,1,correct,False,Нумерация: задание.номер по листу условия (Задания 4–10). У ученика «№5(5)»; проверяющий поставил +,,"x_1 = 0,5; x_2 = -0,2","0,5; -0,2 (или 1/2; -1/5)"
W069,dev,8.12,0,0,incorrect,False,"Вычислительная ошибка: 5·1 + y = 12 ⇒ y = 7, у ученика y = 60 / 62 (в ответе «67»); верный ответ (1; 7), (−1; 7); Проверяющий исправил на 7; ответ записан не парами","[computational] Грубая ошибка в вычислении: из 5 + y = 12 следует y = 12 - 5 = 7, а не -60.",x_1=1; x_2=-1; y=-60,"(1; 7), (-1; 7)"
W069,dev,9.1,0,0,incorrect,False,"Потерян корень: 3y² = 27 ⇒ y = ±3, у ученика только y = 3; верный ответ (2; 3), (2; −3); Проверяющий исправил 3 на ±3",[conceptual] Из y^2 = 9 следует y = \pm 3. Потеряно отрицательное значение y = -3.,x = 2; y = 3,"(2; 3), (2; -3)"
W069,dev,9.7,0,0,incorrect,False,"Потерян корень: 4y² = 24 − 2·2² = 16 ⇒ y = ±2, у ученика только y = 2 (без выкладок); верный ответ (2; 2), (2; −2); Проверяющий: «как посчитал?»; «±» над y в ответе, по-видимому, дописан проверяющим (красный)","[conceptual] При x = 2 получаем 4y^2 = 16, то есть y^2 = 4, откуда y = \pm 2. Потеряно решение y = -2.",x=2; y=2,"(2; 2), (2; -2)"
W074,dev,1,1,1,correct,False,,,139,139
W074,dev,3,1,1,correct,False,,,106,106
W074,dev,4,1,1,correct,False,,,119,119
W074,dev,9,1,1,correct,False,,,65,65
W074,dev,11,,0,incorrect,False,"Начато, данные не совпадают с условием (углы 50° и 85° ⇒ ответ 45°), ответа нет, отметки проверяющего нет","[conceptual] Решалась другая задача либо использованы неверные данные и метод. В параллелограмме со сторонами угол B = 50° + 85° = 135°, тогда меньший угол равен 180° - 135° = 45°.",28,45
W074,dev,12,,0,not_solved,False,Начато и зачёркнуто,,не закончено,35
W074,dev,14,1,1,correct,False,,,125,125
W074,dev,17,0,1,correct,False,"Вычислительная ошибка в лишнем шаге: ∠B = 180° − 66° записано как 24° (верно 114°); последней строкой решения стоит ∠B = 24, хотя острый угол — ∠A = 66°; Проверяющий обвёл 66 как ответ. Спорно: если ответом считать 66 — было бы 1","[computational] Лишнее вычисление содержит арифметическую ошибку (180 - 66 = 114, а не 24), однако острый угол параллелограмма найден верно: 66°.",66,66
W074,dev,20,0,1,correct,False,"Вычислительная ошибка: 44 + 44 = 88 записано как 38; дальше 180 − 38 = 92 (верно 88 — это тупой угол, острый ∠A = 88°); Проверяющий обвёл 38",[presentation] Требовалось найти острый угол параллелограмма (88°). Нахождение тупого угла является лишним шагом (к тому же 180 - 88 = 92).,88,88
W074,dev,21,1,1,correct,False,,,11,11
W074,dev,24,1,1,correct,False,,,7,7
W074,dev,25,1,1,correct,False,,,106,106
W074,dev,28,0,0,incorrect,False,Неверный ответ: меньший угол трапеции 180° − 108° = 72°; Проверяющий исправил на 72,"[computational] Арифметическая ошибка: 180 - 108 = 72, а не 73.",73,72
W074,dev,29,1,1,correct,False,,,157,157
W074,dev,31,1,1,correct,False,,,129,129
W074,dev,36,1,1,correct,False,,,4,4
W074,dev,37,1,1,correct,False,,,139,139
W074,dev,39,1,1,correct,False,,,108,108
W074,dev,44,1,1,correct,False,,,59,59
W074,dev,45а,1,1,correct,False,,,17,17
W074,dev,45б,1,1,correct,False,,,13,13
W074,dev,50,0,0,incorrect,False,"Неверно найден отрезок: AF = 7 − 1,5 = 5,5 вместо (a + b)/2; высота равна 5; Проверяющий исправил CF на 5","[computational] Проекция боковой стороны равна (7 - 3)/2 = 2. Тогда длина высоты равна проекции диагонали: 7 - 2 = 5, а не 5,5.","5,5",5
W074,dev,53,0,0,incorrect,False,"Неверно найдена проекция: высота равна (6 + 13)/2 = 9,5, у ученика 1,75 / 7,75; Проверяющий исправил на 9,5","[conceptual] Неверно найден катет прямоугольного треугольника: проекция боковой стороны равна (13 - 6)/2 = 3,5, а высота равна проекции диагонали 13 - 3,5 = 9,5 (или (13 + 6)/2 = 9,5). Делить 3,5 на 2 не требовалось.","1,75","9,5"
W074,dev,54,1,1,correct,False,,,78,78
W074,dev,56,1,1,correct,False,,,54,54
W074,dev,59,0,0,incorrect,False,"Вычислительная ошибка: 180 − (42 + 42) = 96 (у ученика записано 180 − 84 = 76); острый угол между диагоналями 84°, в ответе 76; Проверяющий обвёл 84",[computational] Арифметическая ошибка: 180 - 84 = 96. Острый угол между диагоналями равен 180° - 96° = 84° (или сразу 2 * 42° = 84°).,76,84
W074,dev,60,0,0,incorrect,False,"Неверно: AC = BD = 2·BO = 74; у ученика AC = 56·2 = 112 (удвоена сторона AB); Проверяющий написал 74 (подпись «34·2», по смыслу 37·2)","[conceptual] Диагональ прямоугольника равна двум половинам диагонали: AC = 2 * BO = 2 * 37 = 74, а не удвоенной стороне AB.",112,74
W074,dev,63,1,1,correct,False,,,22,22
W074,dev,65,0,0,incorrect,False,"Решены данные другой задачи: под №65 записано 180 − 76 = 104 (это №64); в №65 угол 35°, ответ 145; Исправлено после аудита по ключу","[conceptual] Взяты неверные данные: угол ромба по условию равен 35°, следовательно, больший угол равен 180° - 35° = 145°.",104,145
W074,dev,68,0,0,incorrect,False,"Неверный ответ: меньший угол ромба 180° − 99° = 81°, у ученика 101; Проверяющий исправил на 81","[computational] Арифметическая ошибка: 180 - 99 = 81, а не 101.",101,81
W074,dev,71,0,0,incorrect,False,"Вычислительная ошибка: 180 − 127 = 53, у ученика 153; Проверяющий: 180 − 127 = 53","[computational] Арифметическая ошибка: 180 - 127 = 53, а не 153.",153,53
W074,dev,73,1,1,correct,False,,,48,48
W074,dev,75,1,0,incorrect,False,"Режим training, политика п. 1.1 — замечание (найдено при офлайн-оценке политики 30.09). Было: Не поделено пополам: ∠ACD = (180° − 56°)/2 = 62°, у ученика 124 Проверяющий исправил на 62","[conceptual] Найден тупой угол ромба BCD = 124°, но не найден требуемый угол ACD, равный половине угла C: 124° / 2 = 62°.",124,62
W074,dev,77,1,1,correct,False,,,12,12
W074,dev,79,0,0,incorrect,False,"Вычислительная ошибка: 180 − 146 = 34, у ученика 36 ⇒ 18; верно 17; Проверяющий: 180 − 146 = 34, 34 : 2 = 17","[computational] Арифметическая ошибка: 180 - 146 = 34, откуда 34 / 2 = 17.",18,17
W074,dev,80,1,0,incorrect,False,"Режим training (data/cards/modes.csv), политика п. 1.3 — замечание. Было: Ответ не на вопрос: высота ромба — катет против угла 30°, AP = 38 : 2 = 19 (ученик нашёл), но в ответ записан другой катет 19√3 Проверяющий обвёл 19","[conceptual] В прямоугольном треугольнике катет, лежащий напротив угла 30°, и есть искомая высота ромба: h = 38 * sin(30°) = 19. Находить второй катет не требовалось.",19\sqrt{3},19
W074,dev,82,1,0,incorrect,False,"Режим training (data/cards/modes.csv), политика п. 1.3 — замечание. Было: Ответ не на вопрос: высота равна 22 : 2 = 11 (ученик нашёл), но в ответ записан другой катет 11√3 Проверяющий обвёл 11",[conceptual] Высота ромба лежит против угла 30° и равна 22 * sin(30°) = 11. Нахождение второго катета ошибочно.,11\sqrt{3},11
W074,dev,85,0,0,incorrect,False,Неверный метод: большая высота = 32 : 8 = 4; у ученика AB = 8² + 8² = 128; Проверяющий написал 4,[conceptual] Неверное решение. Высоты параллелограмма находятся делением площади на сторону: 32 / 8 = 4 и 32 / 16 = 2. Большая высота равна 4.,128,4
W074,dev,89,1,1,correct,False,,,35,35
W074,dev,92,1,1,correct,False,,,80,80
W074,dev,93,0,0,not_solved,False,"Неверная высота: при угле 45° высота равна (8 − 4)/2 = 2, S = 12; у ученика высота 4, S = 24; Проверяющий исправил на 12",,,64
W074,dev,95,1,0,not_solved,False,,,,89
W074,dev,97,1,0,not_solved,False,Первая попытка найти h зачёркнута,,,51
W074,dev,100,1,0,not_solved,False,,,,26
W074,dev,101,1,0,not_solved,False,"Политика 30.09, п. 2.2 — замечание, не ошибка (rules/policy.csv). Было: Не ошибка по правилам (рассуждения верны, неверно выписан ответ / не сделан последний шаг): Не извлечён корень: d² = 196, d = 14; в ответе 196; Проверяющий дописал √196 = 14",,,40
W074,dev,104,1,0,not_solved,False,Записано h = … = 324 = 18 (пропущен корень в записи),,,189
W074,dev,105,0,0,incorrect,False,"Неверный метод: больший отрезок средней линии равен 19 : 2 = 9,5; у ученика (14 + 19) : 2 = 16,5; Проверяющий исправил на 9,5","[conceptual] Найдена длина всей средней линии вместо большего отрезка средней линии. Больший отрезок равен половине большего основания: 19 / 2 = 9,5.","16,5","9,5"
W074,dev,109,1,1,correct,False,,,6,6
W074,dev,112,1,1,correct,False,,,9,9
W075,dev,1,1,1,correct,False,Блок 1 задачника (ФИПИ),,139,139
W075,dev,5,1,1,correct,False,,,78,78
W075,dev,9,1,1,correct,False,,,65,65
W075,dev,11,1,1,correct,False,,,45^\circ,45^\circ
W075,dev,13,1,1,correct,False,,,105^\circ,105^\circ
W075,dev,17,1,1,correct,False,,,66^\circ,66^\circ
W075,dev,21,1,1,correct,False,,,11,11
W075,dev,25,1,1,correct,False,,,106^\circ,106^\circ
W075,dev,27,1,1,correct,False,,,49^\circ,49^\circ
W075,dev,29,1,1,correct,False,,,157^\circ,157^\circ
W075,dev,33,1,1,correct,False,,,71,71
W075,dev,37,1,1,correct,False,,,139^\circ,139^\circ
W075,dev,41,1,1,correct,False,,,41,41
W075,dev,45а,1,0,incorrect,False,,"[conceptual] Ошибочно взято верхнее основание равным 4 (в условии 7), хотя полученный результат 17 случайно совпал с верным (5 + 7 + 5 = 17).",17,17
W075,dev,45б,1,1,correct,False,,,13,13
W075,dev,46,1,1,correct,False,,,3,3
W075,dev,50,1,1,correct,False,,,5,5
W075,dev,54,1,1,correct,False,,,78,78
W075,dev,58,1,1,correct,False,Первая запись ∠COD исправлена на ∠BOC,,88^\circ,88^\circ
W075,dev,60,1,1,correct,False,,,74,74
W075,dev,64,1,1,correct,False,,,104,104
W075,dev,68,1,1,correct,False,,,81^\circ,81^\circ
W075,dev,72,1,1,correct,False,,,49,49
W075,dev,76,1,1,correct,False,Описка в обосновании: «ΔABC = ΔABC» вместо ΔABC = ΔADC,,23,23
W075,dev,80,1,1,correct,False,,,19,19
W075,dev,84а,1,1,correct,False,,,75,75
W075,dev,84б,1,1,correct,False,,,40,40
W075,dev,84в,1,1,correct,False,,,20,20
W075,dev,84г,1,1,correct,False,,,120,120
W075,dev,84д,1,1,correct,False,,,100,100
W075,dev,84е,1,1,correct,False,,,96,96
W075,dev,85,0,1,correct,True,"Режим экзамена: в ответ выписано не то, что спрашивали (не та величина / не доведено / не извлечён корень / не в той форме). Нужная величина была почти найдена — не хватило последнего шага.; Правило 29.09: в задачах формата экзамена ответ должен быть ровно на заданный вопрос → ошибка (раньше — замечание). В ответ записаны обе высоты (BH = 4; BM = 2), требовалась только большая — 4; проверяющий поставил +","[presentation] В условии просили указать только большую высоту (4), ученик выписал обе высоты.",BH = 4; BM = 2,4
W075,dev,89,1,1,correct,False,,,35,35
W075,dev,93,1,1,correct,False,,,12,12
W075,dev,97,1,1,correct,False,,,"12,5","12,5"
W075,dev,101,1,1,correct,False,,,14,14
W075,dev,105,,0,not_solved,False,"Начато (рисунок, дано) и зачёркнуто",,,"9,5"
W075,dev,109,1,1,correct,False,,,6,6
W077,dev,Б1-1,1,1,correct,False,"Номер = блок-номер задачи в листе (Б1/Б2/Б3 — блоки 1–3 сборника «14. Прогрессии»). Ответ 61, +",,61,61
W077,dev,Б1-2,1,1,correct,False,"Ответ −41, +",,-41,-41
W077,dev,Б1-3,0,0,incorrect,False,"Неверный ответ: 122, верно 39; Проверяющий зачеркнул и написал 39; ответ ученика неразборчив (122?)",[conceptual] Разность прогрессии d = (25 - 17) / 4 = 2. Тогда a_16 = a_9 + 7d = 25 + 14 = 39. Ответ 192 неверен.,192,39
W077,dev,Б1-4,0,0,incorrect,False,"Неверный ответ: 4,55, верно 6,3; Проверяющий зачеркнул и написал 6,3","[computational] Сумма за 7 секунд: S_7 = (2*0,6 + 0,1*6)/2 * 7 = (1,2 + 0,6)/2 * 7 = 0,9 * 7 = 6,3 м.","4,55","6,3"
W077,dev,Б1-5,1,1,correct,False,"Ответ 110 (исправлен учеником), +",,110,110
W077,dev,Б1-6,1,1,correct,False,"Ответ 518, +",,518,518
W077,dev,Б1-7,1,1,correct,False,"Ответ 48, +",,48,48
W077,dev,Б1-8,0,0,incorrect,False,"Неверный ответ: 4,5 (неразборчиво), верно 7; Проверяющий зачеркнул и написал 7","[computational] Высоты прыжков: 1-й: 480 см, 2-й: 240 см, 3-й: 120 см, 4-й: 60 см, 5-й: 30 см, 6-й: 15 см, 7-й: 7,5 см < 10 см. Впервые не достигнет высоты 10 см при 7-м прыжке.",5,7
W077,dev,Б1-9,1,1,correct,False,"Ответ 7,5, +",,"7,5","7,5"
W077,dev,Б1-10,1,1,correct,False,"Ответ 2916, +",,2916,2916
W077,dev,Б2-1.1,1,0,incorrect,False,"Ответ 13, проверяющий поставил + на весь №1","[computational] a_1 = -7, a_n+1 = a_n + 5, тогда a_5 = -7 + 4*5 = 13.",3,13
W077,dev,Б2-1.2,1,0,incorrect,False,"Ответ 9, проверяющий поставил + на весь №1","[computational] b_1 = 9, b_2 = -4/9, b_3 = -4 / (-4/9) = 9.",3,9
W077,dev,Б2-2,1,0,incorrect,False,"Ответ 6,2, +","[computational] a_6 = -4,3 + 5 * 2,1 = -4,3 + 10,5 = 6,2.","6,12","6,2"
W077,dev,Б2-3,1,1,correct,False,"Ответ 37, +",,37,37
W077,dev,Б2-4,1,0,not_solved,False,"Ответ −56,4 (исправлен учеником, прежний зачёркнут), +","[presentation] Единственный ответ зачёркнут, нового не записано.",,"-56,4"
W077,dev,Б2-5,1,1,correct,False,"Ответ −7, +",,-7,-7
W077,dev,Б2-6,1,1,correct,False,"Ответ 145, +",,145,145
W077,dev,Б2-7,0,0,incorrect,False,"Неверный ответ: 10, верно −10; Проверяющий дописал минус",[computational] Разность прогрессии d = -28 - (-19) = -9. Тогда x = -1 + (-9) = -10 (потерян знак минус).,10,-10
W077,dev,Б2-9,0,0,incorrect,False,"Неверный ответ: 486 (без минуса), верно −486; Проверяющий дописал минус; первая цифра неразборчива (4 или 9)",[computational] b_6 = b_1 * q^5 = -2 * 3^5 = -2 * 243 = -486.,986,-486
W077,dev,Б2-10,1,0,incorrect,False,"Режим training, политика п. 1.1 — замечание (найдено при офлайн-оценке политики 30.09). Было: Неверный ответ: −24 (неразборчиво), верно 9,6 Проверяющий зачеркнул и написал 9,6","[conceptual] Знаменатель q = 60 / (-150) = -0,4. Четвёртый член: b_4 = b_3 * q = -24 * (-0,4) = 9,6. Найдено значение q вместо b_4.","-0,4","9,6"
W077,dev,Б2-12,0,0,incorrect,False,"Неверный ответ: 32, верно −441; Проверяющий зачеркнул и написал −441",[conceptual] S_6 = -7 * (2^6 - 1) / (2 - 1) = -7 * 63 = -441.,32,-441
W077,dev,Б2-14,1,1,correct,False,"Ответ 32, +",,32,32
W077,dev,Б2-15,1,1,correct,False,"Ответ 58, +",,58,58
W077,dev,Б2-16,0,0,incorrect,False,"Неверный ответ: 155, верно 167; Проверяющий зачеркнул и написал 167","[computational] a_1 = 4, d = 6. a_28 = 4 + 27 * 6 = 4 + 162 = 166.",155,166
W077,dev,Б2-17,0,0,incorrect,False,"Неверный ответ: 67400, верно 77400; Проверяющий зачеркнул и написал 77400","[computational] a_1 = 3800, d = 1200, n = 9. S_9 = (2*3800 + 8*1200)/2 * 9 = (7600 + 9600)/2 * 9 = 8600 * 9 = 77400.",69400,77400
W077,dev,Б2-19,0,0,incorrect,False,"Неверный ответ: 815 (неразборчиво), верно 945; Проверяющий зачеркнул и написал 945",[computational] Периодов полураспада прошло 42/7 = 6. Осталось изотопа А: 960 / 2^6 = 960 / 64 = 15 мг. Масса изотопа Б: 960 - 15 = 945 мг.,815,945
W077,dev,Б2-20,0,0,incorrect,False,"Неверный ответ: 4, верно 328; Проверяющий зачеркнул и написал 328",[conceptual] S_8 = (2*6 + 7*10)/2 * 8 = (12 + 70)*4 = 82 * 4 = 328 м.,4,328
W077,dev,Б2-22,0,0,incorrect,False,"Неверный ответ: 5, верно 7; Проверяющий зачеркнул и написал 7","[conceptual] Высоты: 1: 320, 2: 160, 3: 80, 4: 40, 5: 20, 6: 10, 7: 5 < 6 см. Ответ: 7.",2215,7
W077,dev,Б3-1,1,1,correct,False,"Ответ 5,4, +",,"5,4","5,4"
W077,dev,Б3-2,1,1,correct,False,"Ответ 8, +",,8,8
W077,dev,Б3-3,1,1,correct,False,"Ответ 6, +",,6,6
W077,dev,Б3-5,1,1,correct,False,"Ответ 62720, +",,62720,62720
W077,dev,Б3-6,0,1,correct,False,"Неверный ответ: 78, верно 48; Проверяющий зачеркнул и написал 48",,78,78
W077,dev,Б3-8,1,1,correct,False,"Ответ 17, +",,17,17
W077,dev,Б3-11,0,0,incorrect,False,"Неверный ответ: 140, верно 35; Проверяющий зачеркнул и написал 35",[computational] После пятикратного деления количество увеличивается в 2^5 = 32 раза. Начальное количество: 1120 / 32 = 35.,140,35
W078,dev,Б1-1,1,1,correct,False,"Номер = блок-номер задачи в листе (Б1/Б2/Б3 — блоки 1–3 сборника «14. Прогрессии»); задачи, отмеченные учеником прочерком, не размечены. Ответ 61, +",,61,61
W078,dev,Б1-2,0,0,incorrect,False,"Неверный ответ: −340 (неразборчиво), верно −41; Проверяющий зачеркнул и написал −41",[computational] Через 4 минуты температура будет: -13 - 4 * 7 = -13 - 28 = -41.,-34^\circ C,-41
W078,dev,Б1-3,0,0,incorrect,False,"Неверный ответ: 40 (неразборчиво), верно 39; Проверяющий зачеркнул и написал 39","[computational] Разность прогрессии d = (25 - 17) / 4 = 2. Тогда a_16 = a_9 + 7 * d = 25 + 7 * 2 = 39, а не 45.",45,39
W078,dev,Б1-4,1,1,correct,False,"Ответ 6,3, +",,"6,3","6,3"
W078,dev,Б1-5,0,0,incorrect,False,"Неверный ответ: 150, верно 110; Проверяющий зачеркнул и написал 110",[conceptual] Путь за 5 секунд равен S_5 = (2 * 30 - 4 * 4) / 2 * 5 = (60 - 16) / 2 * 5 = 22 * 5 = 110 м. 150 получилось бы при движении без замедления (30 * 5).,150,110
W078,dev,Б1-6,0,0,incorrect,False,"Неверный ответ: неразборчиво (3..), верно 518; Проверяющий зачеркнул и написал 518",[computational] S_14 = (2 * 24 + 13 * 2) / 2 * 14 = (48 + 26) * 7 = 74 * 7 = 518.,392,518
W078,dev,Б1-7,1,1,correct,False,"Ответ 48, +",,48,48
W078,dev,Б1-8,1,1,correct,False,"Ответ 7, +",,7,7
W078,dev,Б1-9,0,0,incorrect,False,"Неверный ответ: 15, верно 7,5; Проверяющий зачеркнул и написал 7,5","[computational] 36 минут — это 6 периодов полураспада (36/6 = 6). Масса станет 480 / 2^6 = 480 / 64 = 7,5 мг, а 15 мг соответствует 5 периодам.",15,"7,5"
W078,dev,Б1-10,0,0,incorrect,False,"Неверный ответ: 372 (неразборчиво; первый вариант тоже зачёркнут), верно 2916; Проверяющий зачеркнул и написал 2916",[computational] За 100 минут проходит 100 / 20 = 5 периодов утроения. Масса равна 12 * 3^5 = 12 * 243 = 2916 мг. Значение 972 соответствует 4 периодам (12 * 3^4).,972,2916
W078,dev,Б2-2,0,0,incorrect,False,"Неверный ответ: 6,4, верно 6,2; Проверяющий зачеркнул и написал 6,2","[computational] a_6 = a_1 + 5d = -4,3 + 5 * 2,1 = -4,3 + 10,5 = 6,2.","6,9","6,2"
W078,dev,Б2-3,1,1,correct,False,"Ответ 37, +",,37,37
W078,dev,Б2-5,1,1,correct,False,"Ответ −7, +",,-7,-7
W078,dev,Б2-7,1,1,correct,False,"Ответ −10, +",,-10,-10
W078,dev,Б2-8,1,0,incorrect,False,"Режим training, политика п. 1.1 — замечание (найдено при офлайн-оценке политики 30.09). Было: Неверный ответ: 5,5, верно 1,1 Проверяющий зачеркнул и написал 1,1","[computational] a_{12} - a_7 = 5d = 13,9 - 8,4 = 5,5, откуда d = 5,5 / 5 = 1,1.","5,5","1,1"
W078,dev,Б2-10,1,1,correct,False,"Ответ 9,6, +",,"9,6","9,6"
W078,dev,Б2-11,1,1,correct,False,"Ответ 615, +",,615,615
W078,dev,Б2-13,1,1,correct,False,"Ответ 12, +",,12,12
W078,dev,Б2-14,1,1,correct,False,"Ответ 32, +",,32,32
W078,dev,Б2-15,1,1,correct,False,"Ответ 58, +",,58,58
W078,dev,Б2-16,0,1,correct,False,"Неверный ответ: 1.. (неразборчиво), верно 167; Проверяющий зачеркнул и написал 167",,166,166
W078,dev,Б2-17,1,1,correct,False,"Ответ 77400 р., +",,77400 р.,77400
W078,dev,Б2-19,1,1,correct,False,"Ответ 945, +",,945,945
W078,dev,Б2-20,1,1,correct,False,"Ответ 328, +",,328,328
W078,dev,Б2-21,1,1,correct,False,"Ответ 5, +",,5,5
W078,dev,Б2-22,1,1,correct,False,"Ответ 7, +",,7,7
W078,dev,Б3-1,1,1,correct,False,"Ответ 5,4 (учеником исправлен), +",,"5,4","5,4"
W078,dev,Б3-2,1,1,correct,False,"Ответ 8, +",,8,8
W078,dev,Б3-3,1,1,correct,False,"Ответ 6 (учеником зачёркнуто 1082, записанное не в ту строку), +",,6,6
W078,dev,Б3-4,1,1,correct,False,"Ответ 1082 (учеником зачёркнуто 62720), +",,1082,1082
W078,dev,Б3-5,1,1,correct,False,"Ответ 62720, +",,62720,62720
W078,dev,Б3-8,1,1,correct,False,"Ответ 17, +",,17,17
W078,dev,Б3-9,1,1,correct,False,"Ответ 16, +",,16,16
W078,dev,Б3-10,0,1,correct,False,"Неверный ответ: 3, верно 2; Проверяющий зачеркнул и написал 2",,3,3
W078,dev,Б3-11,1,1,correct,False,"Ответ 35, +",,35,35
