work,split,task_no,label,pred,verdict,human_missed,label_text,model_errors,student_answer,correct_answer
W001,dev,В1-1.1,1,1,correct,False,,,3,3
W001,dev,В1-1.2,1,1,correct,False,,,1,1
W001,dev,В1-2.1,0,0,incorrect,False,"Подкоренное выражение может быть равно нулю: 0 ≤ 3x − 2, ответ [2/3; 2), а не (2/3; 2)","[conceptual] Подкоренное выражение должно быть неотрицательным, то есть 3x - 2 ≥ 0, а не строго больше нуля.",(2/3; 2),[2/3; 2)
W001,dev,В1-2.2,1,1,correct,False,,,(-∞; -5),(-∞; -5)
W001,dev,В1-2.3,1,1,correct,False,"Не отмечено проверяющим: промежуточная строка 4 − 5x = 0 вместо ≥ 0 и квадратная скобка у −∞ в ответе [−∞; 0,8] (мелочи в записи). Проверяющий: +",,"(-∞; 0,8]","(-∞; 0,8]"
W001,dev,В1-3.1,1,1,correct,False,,,1; 10,1; 10
W001,dev,В1-3.2,,0,not_solved,False,Не дорешано; подсказка проверяющего: перенести √x в правую часть,,не получен,0; 4
W001,dev,В1-4,0,0,incorrect,False,"При переносе знак должен смениться: x² + 4x + 3 > 0, а не < 0; Итоговый ответ (−1; +∞) верный, но не следует из шагов; итогового +/− нет","[computational] При переносе слагаемых из 2x+6 < x^2+6x+9 получается x^2+4x+3 > 0, а записан знак меньше нуля. | [conceptual] Неверно решена система неравенств и проинтерпретированы знаки на числовой прямой (на рисунке знаки расставлены верно для x^2+4x+3, но взяты интервалы со знаком плюс вопреки строке x^2+4x+3 < 0).",(-1; +∞),(-1; +∞)
W001,dev,В2-1.1,1,1,correct,False,,,2,2
W001,dev,В2-1.2,1,1,correct,False,,,5,5
W001,dev,В2-2.1,0,0,incorrect,False,"Правая часть не возведена в квадрат: должно быть 3 − 2x ≤ 49 | Подкоренное выражение может быть равно нулю: 0 ≤ 3 − 2x; верный ответ [−23; 1,5]","[conceptual] При возведении неравенства √{3-2x} ≤ 7 в квадрат правая часть должна быть 49 (7²), а не 7.","[-2; 1,5)","[-23; 1,5]"
W001,dev,В2-2.2,0,0,incorrect,False,"Нестрогое неравенство: 6 − 6x ≥ 0, ответ (−∞; 1], а не (−∞; 1)","[computational] Из неравенства x ≤ 1 следует интервал (-∞; 1], граница 1 должна быть включена.",(-∞; 1),(-∞; 1]
W001,dev,В2-2.3,1,1,correct,False,,,"(-∞; -5,5)","(-∞; -5,5)"
W001,dev,В2-3.1,1,1,correct,False,,,"-5, 1",-5; 1
W001,dev,В2-3.2,,0,not_solved,False,Не решено; подсказка проверяющего: перенести √x вправо,,не получен,0; 16
W001,dev,В2-4,0,0,incorrect,False,"При переносе знак неравенства не сменён: 26 − x < x² + 8x + 16 ⇔ x² + 9x − 10 > 0, а не < 0; из записанной системы ответ (1; 26] не следует; Проверяющий поставил ×. Итоговый ответ (1; 26] верный; та же ошибка со знаком, что в В1-4","[computational] При переносе слагаемых из 26 - x < x^2 + 8x + 16 получается x^2 + 9x - 10 > 0, а не < 0. | [conceptual] Неверная совокупность/система для квадратного трехчлена, хотя на числовой прямой далее взяты верные лучи x > 1 и x < -10.",(1; 26],(1; 26]
W002,dev,1,1,1,correct,False,,,-2,-2
W002,dev,2,1,1,correct,False,,,-8,-8
W002,dev,3,1,1,correct,False,,,5,5
W002,dev,4,1,1,correct,False,,,10,10
W002,dev,5,1,1,correct,False,"В тетради номер обведён так, что похож на 8",,288,288
W002,dev,6,1,1,correct,False,,,131,131
W002,dev,7,1,0,incorrect,False,,"[conceptual] Точка x = 0 является локальным минимумом, но на отрезке [-5; 3] наименьшее значение достигается на левом конце: y(-5) = 6*25 - (-125) + 17 = 292, а при x = 3: y(3) = 54 - 27 + 17 = 44, однако минимум функции на отрезке [-5; 3] равен y(0) = 17, но ученик не проверил значение функции на концах отрезка.",17,17
W002,dev,8,1,1,correct,False,,,12,12
W002,dev,9,0,0,incorrect,False,"Перепутаны знаки производной: при x < 4 y' < 0, при x > 4 y' > 0, значит x = 4 — точка минимума; ответ 4, а не «нет точки минимума»","[conceptual] Неверно определены знаки производной y' = 3/2 * sqrt(x) - 3: при x > 4 производная положительна (+), а при 0 < x < 4 — отрицательна (-). Поэтому x = 4 — точка минимума, а не максимума.",нет точки минимума,4
W002,dev,10,1,1,correct,False,,,4,4
W002,dev,11,1,1,correct,False,,,14,14
W002,dev,12,1,1,correct,False,,,-119,-119
W002,dev,13,1,1,correct,False,,,3,3
W002,dev,14,1,1,correct,False,,,-1,-1
W002,dev,15,0,0,incorrect,False,"Неверная производная: (11 − x)' = −1, а не 1; дальше 1 + 11 − x превратилось в 10 − x — две ошибки компенсируют друг друга; верно y' = e^{x+11}(10 − x); Нет разметки, вердикт по сути. Ответ 10 верный. На знаковой прямой «−, +» (это минимум), но подписано max","[computational] Производная (11 - x)' равна -1, а не 1. Получено неверное выражение производной, из-за чего промежуточные выкладки содержат взаимно компенсирующие ошибки знаков.",10,10
W002,dev,16,,0,not_solved,False,не решено,,,24
W002,dev,17,,0,not_solved,False,не решено,,,-4
W002,dev,18,,0,not_solved,False,не решено,,,3
W002,dev,19,0,0,incorrect,False,"Ответ не на вопрос: спрашивали наибольшее значение на [−17; −2], а записана точка минимума −1 (вне отрезка); наибольшее значение y(−5) = 7; Нет разметки, вердикт по сути. Производная и критические точки −5, −1 найдены верно","[conceptual] Требовалось найти наибольшее значение функции на отрезке [-17; -2], а ученик выписал одну из критических точек (к тому же точку минимума, не входящую в отрезок). Значение функции не вычислено.",-1,7
W003,dev,5а,0,1,correct,False,"Деление на cos x без проверки, что cos x = 0 не является корнем (не потерян ли корень). Нужно рассмотреть случай cos x = 0 отдельно.; Режим exam / политика п. 6.10 (30.09). Было «верно»: Деление на cos x без обоснования, что cos x ≠ 0 не теряет корней; проверяющий не снял",,"X_1 = \frac{\pi}{4} + 2\pi k, k \in \mathbb{Z}; X_2 = \frac{5\pi}{4} + 2\pi n, n \in \mathbb{Z}","x = \frac{\pi}{4} + \pi k, k \in \mathbb{Z}"
W003,dev,5б,1,1,correct,False,,,-19\pi/4,-19\pi/4
W003,dev,6а,1,1,correct,False,,,"x_1 = \frac{\pi}{6} + 2\pi k, k \in \mathbb{Z}; x_2 = \frac{5\pi}{6} + 2\pi n, n \in \mathbb{Z}; x_3 = \frac{4\pi}{3} + 2\pi h, h \in \mathbb{Z}; x_4 = \frac{5\pi}{3} + 2\pi c, c \in \mathbb{Z}","x = \frac{\pi}{6} + 2\pi k; x = \frac{5\pi}{6} + 2\pi k; x = -\frac{\pi}{3} + 2\pi k; x = -\frac{2\pi}{3} + 2\pi k, k \in \mathbb{Z}"
W003,dev,6б,0,0,incorrect,False,x₄ отсчитан не от той точки: −5π/2 + π/6 вместо −9π/2 + π/6; вышло −7π/3 (вне отрезка) вместо −13π/3,"[computational] Точка x_4 вычислена неверно: -7π/3 не принадлежит заданному отрезку [-5π; -7π/2]. Кроме того, потерян корень x = -13π/3.",-\frac{23\pi}{6}; -\frac{14\pi}{3}; -\frac{7\pi}{3},-\frac{14\pi}{3}; -\frac{13\pi}{3}; -\frac{23\pi}{6}
W003,dev,7а,1,1,correct,False,,,"x_1 = \frac{\pi}{2} + 2\pi k, k \in \mathbb{Z}; x_2 = \frac{3\pi}{2} + 2\pi n, n \in \mathbb{Z}; x_3 = \frac{5\pi}{6} + 2\pi h, h \in \mathbb{Z}","x = \frac{\pi}{2} + \pi k, k \in \mathbb{Z}; x = \frac{5\pi}{6} + 2\pi k, k \in \mathbb{Z}"
W003,dev,7б,1,1,correct,False,,,-\frac{11\pi}{2}; -\frac{9\pi}{2}; -\frac{31\pi}{6},-\frac{11\pi}{2}; -\frac{31\pi}{6}; -\frac{9\pi}{2}
W004,dev,1,1,1,correct,False,,,(-\infty ; 1\frac{3}{5}),"(-\infty ; 1,6)"
W004,dev,2,,0,not_solved,False,"Не дорешано; полный разбор в feedback.docx, ответ [−1; 3]",,,[-1; 3]
W004,dev,3,0,0,incorrect,True,"x ≤ 4/3 — нестрогое неравенство, ответ (−1/2; 4/3], а не (−1/2; 4/3); Проверяющий поставил +; скобка на фото круглая (подтверждено)","[notational] Неверно указана скобка у числа $1\frac{1}{3}$: неравенство нестрогое ($x \le 1\frac{1}{3}$), поэтому скобка должна быть квадратной.",(-\frac{1}{2} ; 1\frac{1}{3}),"(-0,5; 1\frac{1}{3}]"
W004,dev,4,0,0,incorrect,False,"Ошибка при сложении: 3,6 + 2,4 = 6, а не 5; верно 6 < 2x + y < 6,3","[computational] Ошибка при сложении левых частей неравенств: $3,6 + 2,4 = 6$, а не $5$.","5 < 2x + y < 6,3","6 < 2x + y < 6,3"
W004,dev,5,0,0,incorrect,False,"Неравенство 3 − 5x < 0 не решено, ответ взят наугад; верно x > 0,6, ответ (0,6; +∞) | Квадратная скобка у бесконечности: +∞]; Мелочь в записи, на фоне основной ошибки","[conceptual] Не решено неравенство $3 - 5x < 0$. Правильное решение: $-5x < -3 \Rightarrow x > 0,6$.",[1; +\infty],"(0,6; +\infty)"
W004,dev,6,,0,not_solved,False,"Не решено; разбор в feedback.docx: D: x ≤ 2/3, E: y ≥ 0",,,"D(y) = (-\infty; \frac{2}{3}], E(y) = [0; +\infty)"
W004,dev,7,1,0,incorrect,False,"Режим training, политика п. 2.4 — замечание (найдено при офлайн-оценке политики 30.09). Было: Задача просит целые решения, а в ответе промежуток [4,5; 10); нужно 5, 6, 7, 8, 9 Само решение системы верное","[conceptual] В условии требовалось найти целые решения системы неравенств, а выписан числовой промежуток.","[4,5; 10)",5; 6; 7; 8; 9
W005,dev,В1-1б,1,1,correct,False,,,"0,5","0,5"
W005,dev,В1-2,0,0,incorrect,False,"Знак не определён по четверти: при π < α < 3π/2 sin α < 0, ответ −5/13, а не 5/13","[computational] Не учтена четверть: при \pi < \alpha < \frac{3\pi}{2} (III четверть) синус отрицателен, поэтому \sin\alpha = -\frac{5}{13}.",5/13,-5/13
W005,dev,В1-3.2,1,1,correct,False,,,-\frac{1}{\sin\alpha+\cos\alpha},-\frac{1}{\sin\alpha+\cos\alpha}
W005,dev,В1-3.3,1,1,correct,False,,,\operatorname{tg}\alpha,\operatorname{tg}\alpha
W005,dev,В1-4,0,1,correct,True,"После верного 2 sin 60° cos 15° дважды записано cos 75°, и сокращено cos 75°/(−sin 75°) = −1 — это верно только для cos 15° = sin 75°; Проверяющий поставил +. Ответ −√3 верный; возможно, описка — если считаешь её мелочью записи, ставь 1",,-\sqrt{3},-\sqrt{3}
W005,dev,В1-5,1,1,correct,False,,,Тождество доказано,—
W005,dev,В2-2,0,1,correct,False,"Знак не определён по четверти: при π < α < 3π/2 cos α < 0, ответ −3/5",,-3/5,-3/5
W005,dev,В2-3.1,1,1,correct,False,,,2\sin\alpha\cos B,2\sin\alpha\cos\beta
W005,dev,В2-3.2,1,0,incorrect,False,"Режим training, политика п. 1.11 — замечание (найдено при офлайн-оценке политики 30.09). Было: Не доупрощено: 1 − 2 sin α cos α = (sin α − cos α)², ответ 1/(sin α − cos α) Итоговой отметки нет, только подсказка проверяющего; умножение в знаменателе записано похоже на минус","[conceptual] Выражение упрощено не до конца: знаменатель 1 - \sin 2\alpha = (\sin\alpha - \cos\alpha)^2, дробь сокращается до \frac{1}{\sin\alpha - \cos\alpha}.",\frac{\sin\alpha - \cos\alpha}{1 - \sin 2\alpha},\frac{1}{\sin\alpha - \cos\alpha}
W005,dev,В2-3.3,1,1,correct,False,,,\operatorname{tg}\alpha,\operatorname{tg}\alpha
W005,dev,В2-4,1,1,correct,False,,,-\sqrt{2},-\sqrt{2}
W005,dev,В2-5,1,1,correct,False,,,Тождество доказано,—
W006,dev,25.1а,0,0,incorrect,True,"Потеряна серия корней: sin²x = 0 даёт x = πk, в ответе её нет; Проверяющий поставил +; номер в тетради похож на 23.1; степени записаны как sin x³ вместо sin³x","[conceptual] Уравнение sin^2 x = 0 выписано, но корни из него не найдены (потеряна серия x = pi*k, k in Z).","x_1 = 5pi/4 + 2pi*n, x_2 = 7pi/4 + 2pi*n, n in Z","x = pi*k; x = -pi/4 + 2pi*k; x = -3pi/4 + 2pi*k, k in Z"
W006,dev,26.4а,0,0,incorrect,False,Не решено уравнение sin x − 1 = 0: потеряна серия x = π/2 + 2πk,"[conceptual] Уравнение sin x - 1 = 0 выписано, но корни из него не найдены (потеряна серия x = pi/2 + 2pi*k, k in Z).","x_1 = 3pi/4 + 2pi*n, x_2 = 5pi/4 + 2pi*n, n in Z","x = pi/2 + 2pi*k; x = +-3pi/4 + 2pi*k, k in Z"
W006,dev,29.1а,,0,not_solved,False,Не дорешано: верно сведено к 2t³ + √2t² − 2t − √2 = 0; подсказка проверяющего: (t − 1)(t + 1)(t + √2/2) = 0,,не получен,"x = pi/2 + pi*k; x = -pi/4 + 2pi*k; x = -3pi/4 + 2pi*k, k in Z"
W006,dev,30.2а,,0,not_solved,False,"Не решено, записано только условие",,не получен,"x = -pi/4 + pi*k; x = -pi/3 + pi*k, k in Z"
W007,dev,4.3,1,1,correct,False,,"[notational] Описка при раскрытии скобок $(x - 2)(x + 3)$: записано $+6$ вместо $-6$, но на следующем шаге верно приведено к $x^2 + x - 12 = 0$.",-3; 3; -4,-4; -3; 3
W007,dev,4.11,1,1,correct,False,"Опечатка: x² − 6x − 7x вместо x² − 6x − 7, на решение не повлияла","[notational] Описка в записи свободного члена как $-7x$ вместо $-7$, которая не повлияла на нахождение корней $x = -1$ и $x = 7$.",-1,-1
W007,dev,5.4,1,0,incorrect,False,"Режим training, политика п. 8.4 — замечание (найдено при офлайн-оценке политики 30.09). Было: 4/12 = 1/3, а не 0,3: корень записан неверно","[computational] Дробь $\frac{4}{12} = \frac{1}{3}$ не равна $0,3$. Округление/неверный перевод обыкновенной дроби в десятичную.","0,3; -0,5","-0,5; 1/3"
W007,dev,5.12,,0,not_solved,False,Начато и зачёркнуто,,Решение зачёркнуто,"1,2; 0,9"
W007,dev,6.3,,0,not_solved,False,"Не решено, записано только условие",,Решение не приведено,-3 - \sqrt{5}; -3 + \sqrt{5}
W007,dev,7.2,0,0,incorrect,False,"Ошибка при раскрытии скобок: x² − (3x − 10) = x² − 3x + 10; у этого множителя D < 0, а получены лишние корни 5 и −2 | (−3 − 7)/2 = −5, а не 5; верный ответ −5; 2; Также записано D = 9 − 40 = 49 вместо 9 + 40","[computational] Ошибка при раскрытии скобок с минусом: $-(3x - 10) = -3x + 10$, а не $-3x - 10$. | [computational] Грубая арифметическая ошибка при вычислении дискриминанта второго уравнения: $9 - 40 = -31 \neq 49$.",5; -2; 2; 5,-5; 2
W007,dev,7.5,0,0,incorrect,False,"Та же ошибка: x² − (x − 6) = x² − x + 6, у него D < 0; лишние корни 3 и −2, верный ответ 2; −3; Итоговой отметки нет, проверяющий исправил знак","[computational] Ошибка при раскрытии скобок перед минусом: $-(x - 6) = -x + 6$, а не $-x - 6$.",3; -2; 2; -3,-3; 2
W007,dev,8.3,0,0,incorrect,False,"При x = 1: y = 7 · 1 − 5 = 2; верный ответ (1; 2), (5/7; 0); В строке «= 0», в ответе (1; 3) — несогласованно","[computational] При подстановке $x = 1$ в выражение $y = 7x - 5$ получается $y = 2$, у ученика записано сначала $=0$, а затем точка $(1; 3)$.",(1 ; 3) ; (5/7 ; 0),(5/7; 0); (1; 2)
W007,dev,8.7,1,1,correct,False,В тетради подписано как 4),,(2 ; 10) (3/4 ; 0),"(0,75; 0); (2; 10)"
W008,dev,14.6а,1,1,correct,False,"Логика верная: HE — проекция MK, средняя линия △ABN ⇒ H — середина AB ⇒ M — середина A₁B₁. Не обосновано, почему основания именно MK = 2 и AN = 4 (MK ∥ AN как следы сечения на параллельных основаниях; HE = MK < AN); опечатка ½AK вместо ½AN; на чертеже N не на BC. Проверяющий: 1б","[notational] В тексте написано ME вместо HE, и AK вместо AN (описки при обозначении проекций/отрезков, на чертеже и в сути рассуждений всё верно: проекция трапеции на плоскость основания даёт отрезок HE, равный половине параллельного ему основания AN).","Доказано, что M — середина A_1B_1",—
W008,dev,14.6б,1,1,correct,False,"Ответ √3 верный. Без пояснений: равенство △AMH и △KEN, BE = EN = x (E — середина BN), ∠B = 120°, BC = 4x из B₁K:KC₁ = 1:3. Проверяющий: 2б",,\sqrt{3},\sqrt{3}
W008,dev,14.3а,1,1,correct,False,"A₁M = BM = √(x² + y²) — верно. Треугольник записан как △A₁CM вместо △A₁C₁M; не сказано, что A₁C₁ = AC = y и что CC₁ ⊥ (A₁B₁C₁); сечение на чертеже не выделено. Проверяющий: 1б",,"Доказано, что A_1MB — р/б треугольник",—
W008,dev,14.3б,1,1,correct,False,"Ответ 2√11 верный. Проверяющий поставил «?» у MH = √(x² + 4 − x² − 1), но шаг верный: (A₁B/2)² = (4x² + 4)/4 = x² + 1. Не выписана т. Пифагора для A₁B = √(4x² + 4); первая строка похожа на «ΔB = 2» вместо AB = 2; боковая сторона на чертеже подписана как √(x + 4). Проверяющий: 2б",,2\sqrt{11},2\sqrt{11}
W009,dev,Б1-1,1,1,correct,False,,,17,17
W009,dev,Б1-2,1,1,correct,False,,,13,13
W009,dev,Б1-3,1,1,correct,False,,,29,29
W009,dev,Б1-4,1,1,correct,False,,,25,25
W009,dev,Б1-5,1,1,correct,False,,,8,8
W009,dev,Б1-6,1,1,correct,False,,,11,11
W009,dev,Б1-7,1,1,correct,False,,,"7,5","7,5"
W009,dev,Б1-8,1,1,correct,False,,,"10,5","10,5"
W009,dev,Б1-9,1,1,correct,False,,,82,82
W009,dev,Б1-10,1,1,correct,False,,,86,86
W009,dev,Б1-11,1,1,correct,False,,,62,62
W009,dev,Б1-12,1,1,correct,False,,,63,63
W009,dev,Б1-13А,1,1,correct,False,,,1,1
W009,dev,Б1-13Б,0,0,incorrect,False,"Неверный знак координаты: b(2; −1), а не (2; 1); a·b = 6 − 4 = 2, а не 10; В Б1-6 на том же рисунке b(2; −1) прочитан верно; проверяющий исправил на 2","[conceptual] Неверно определены координаты вектора b: по рисунку его начало в (3; 3), конец в (5; 2), то есть b = (2; -1), а не (2; 1).",10,2
W009,dev,Б1-14А,1,1,correct,False,,,41,41
W009,dev,Б1-14Б,1,1,correct,False,,,71,71
W009,dev,Б2-1,1,1,correct,False,,,10,10
W009,dev,Б2-2,1,1,correct,False,,,13,13
W009,dev,Б2-3,1,1,correct,False,,,15,15
W009,dev,Б2-4,1,1,correct,False,,,17,17
W009,dev,Б2-5,1,1,correct,False,,,"2,9","2,9"
W009,dev,Б2-6,1,1,correct,False,"Ошибка 2,4² = 4,16 исправлена самим учеником",,"2,6","2,6"
W009,dev,Б2-7,1,1,correct,False,,,25,25
W009,dev,Б2-8,1,1,correct,False,,,25,25
W009,dev,Б2-9,1,1,correct,False,"Записано a + 2b − c вместо a + 2b − 3c, но считалось с 3c",,13,13
W009,dev,Б2-10,0,0,incorrect,True,"Ошибка в вычислении: 1 − 6 + 16 = 11, а не −21; a − b + 4c = (0; 11), длина 11, а не 21; Проверяющий поставил +","[computational] При вычислении второй координаты допущена арифметическая ошибка: 1 - 6 = -5, а не -21; затем -5 + 16 = 11.",21,11
W009,dev,Б2-11,0,0,incorrect,True,"Неверные знаки координат по рисунку: a(−1; −2), b(6; −1), c(−7; 2); a + b − c = (12; −5), длина 13, а не 5; Проверяющий поставил +; модули координат у ученика верные, ошибка в знаках; первая попытка зачёркнута","[conceptual] Неверно определены координаты векторов по рисунку: вектор a идет из (2; 3) в (3; 5), то есть a = (1; 2); вектор b идет из (2; 2) в (8; 1), то есть b = (6; -1); вектор c идет из (10; 4) в (3; 6), то есть c = (-7; 2).",5,13
W009,dev,Б2-12,0,1,correct,True,"Все три вектора взяты в обратном направлении (начало минус конец): a(−3; 5), b(−2; −4), c(−8; 3); Ответ 15 верный только потому, что длина не меняется при смене знака всего вектора; проверяющий поставил +","[presentation] Вектор c имеет координаты (-7; 3), но ученик записал вектор, противоположный данному, либо ошибся при считывании, однако для своей записи вычисления верны.",15,15
W009,dev,Б2-13,,0,not_solved,False,"Начато и зачёркнуто, у ученика «?»; нет разметки",,,—
W009,dev,Б2-14,,0,not_solved,False,"Начато и зачёркнуто, у ученика «?»; нет разметки",,,—
W009,dev,Б2-15,,0,not_solved,False,"Начато и зачёркнуто, у ученика «?»; нет разметки",,,—
W009,dev,Б2-17,1,1,correct,False,,,21,21
W009,dev,Б2-18,1,1,correct,False,,,18,18
W009,dev,Б2-19,1,1,correct,False,,,-20,-20
W009,dev,Б2-20,1,1,correct,False,,,2,2
W009,dev,Б2-21,1,1,correct,False,,,59,59
W009,dev,Б2-22,1,1,correct,False,,,52,52
W009,dev,Б2-23,1,1,correct,False,,,26,26
W009,dev,Б2-24,1,1,correct,False,,,70,70
W009,dev,Б2-25,0,0,incorrect,True,"Вместо скалярного произведения координаты перемножены покомпонентно, и найдена длина вектора (−16; −30); ответ 34 — длина, а не значение выражения; Проверяющий поставил + | Неверно прочитаны b и c: b(1; −6) (взят в обратном направлении), c(−5; 2) (координаты переставлены); верно: a − b = (6; 6), (a − b)·c = −30 + 12 = −18","[conceptual] Скалярное произведение двух векторов — это число, равное сумме произведений соответствующих координат, а не вычисление длины какого-то вектора.",34,-18
W009,dev,Б2-26,0,0,incorrect,True,"Вместо скалярного произведения координаты перемножены покомпонентно, и найдена длина вектора (20; 0); С координатами ученика ответ случайно совпал бы: 5·4 + 0·3 = 20; проверяющий поставил + | Неверно прочитаны координаты: a вертикальный, a(0; 5), а не (5; 0); b(5; 1) и c(−9; −4) взяты в обратном направлении; верно: b + c = (−4; −3), a·(b + c) = −15","[conceptual] Неверно найдены координаты векторов с чертежа, и скалярное произведение ошибочно вычисляется как координаты вектора с последующим взятием длины.",20,-15
W009,dev,Б2-27,0,1,correct,True,"Оба вектора взяты в обратном направлении: a(−3; 1), b(−4; −8), у ученика a(3; −1), b(4; 8); Ответ 8 верный, так как (−a)·(−b) = a·b; проверяющий поставил +",,8,8
W009,dev,Б2-28,0,0,incorrect,False,"a и b прочитаны с рисунка в обратном направлении: a(3; 6), b(1; −4); верно a·2b = 6 − 48 = −42, а не −36; Нет разметки, вердикт по сути. У ученика a(−3; −6), b(−2; 4)","[computational] Неверно определены координаты вектора a: из (1; 1) в (4; 6) вектор равен (3; 5), а не (-3; -6).",-36,-42
W009,dev,Б2-29,1,1,correct,False,"Нет разметки, вердикт по сути. Ответ 3/5 верный",,\frac{3}{5},"0,6"
W009,dev,Б2-30,0,0,incorrect,False,"√3600 = 60, а не 36: cos = 48/60 = 0,8, а не 4/3; Нет разметки, вердикт по сути. Косинус > 1 ученик не заметил","[computational] Корень из 3600 равен 60, а не 36. В результате косинус получился больше 1.",\frac{4}{3},"0,8"
W009,dev,Б2-31,0,0,incorrect,False,"Ошибка в вычислении: 8 + (−32) = −24, а не −26; cos α = −24/40 = −0,6; Проверяющий исправил, но итог записал «0,6» без минуса","[computational] Арифметическая ошибка: 8 + (-32) = -24, а не -26.",-\frac{13}{20},"-0,6"
W009,dev,Б2-32,0,0,incorrect,False,"В знаменателе сумма вместо произведения: |a|·|b| = √(50·50) = 50, а не √(50 + 50) = 10; cos α = −0,8; Ответ −4 невозможен для косинуса, ученик не заметил","[conceptual] В знаменателе формулы косинуса стоит произведение длин |a|*|b| = sqrt(50)*sqrt(50) = 50, а не сложение под корнем.",-4,"-0,8"
W009,dev,Б2-33,,0,not_solved,False,"Начато и зачёркнуто, у ученика «?»",,,—
W009,dev,Б2-34,0,0,incorrect,False,"В знаменателе сумма вместо произведения: √(10·90) = 30, а не √(10 + 90) = 10; cos = 1, а не 3; Та же ошибка, что в Б2-32; проверяющий исправил и дописал формулу | Оба вектора взяты в обратном направлении: a(3; 1), b(9; 3); На ответ не влияет; не отмечено проверяющим","[conceptual] В знаменателе длины перемножаются: sqrt(10)*sqrt(90) = sqrt(900) = 30, а не складываются под корнем.",3,1
W009,dev,Б2-35,,0,not_solved,False,"Начато и зачёркнуто, у ученика «?»",,,—
W009,dev,Б2-36,,0,not_solved,False,"Начато и зачёркнуто, у ученика «?»",,,—
W010,dev,Б1-1,1,1,correct,False,,,17,17
W010,dev,Б1-2,1,1,correct,False,,,13,13
W010,dev,Б1-3,1,1,correct,False,,,29,29
W010,dev,Б1-4,1,1,correct,False,,,25,25
W010,dev,Б1-5,1,1,correct,False,,,8,8
W010,dev,Б1-6,1,1,correct,False,,,11,11
W010,dev,Б1-7,1,1,correct,False,,,"7,5","7,5"
W010,dev,Б1-8,1,1,correct,False,,,"10,5","10,5"
W010,dev,Б1-9,1,1,correct,False,,,82,82
W010,dev,Б1-10,1,1,correct,False,,,86,86
W010,dev,Б1-11,1,1,correct,False,,,62,62
W010,dev,Б1-12,1,1,correct,False,,,63,63
W010,dev,Б1-13А,1,1,correct,False,Первая попытка 13–14 зачёркнута самим учеником,,1,1
W010,dev,Б1-13Б,1,1,correct,False,,,2,2
W010,dev,Б1-14А,0,1,correct,False,"Ошибка при сложении: 35 + 6 = 41, а не 31; Проверяющий исправил",,41,41
W010,dev,Б1-14Б,0,0,incorrect,False,"Ошибка при умножении: 8 · 7 = 56, а не 72; ответ 71, а не 87; Проверяющий исправил","[computational] Арифметическая ошибка при умножении: 8 * 7 = 56, а не 72. Соответственно 56 + 15 = 71.",87,71
W010,dev,Б2-1,1,1,correct,False,,,10,10
W010,dev,Б2-2,1,1,correct,False,,,13,13
W010,dev,Б2-3,1,1,correct,False,,,15,15
W010,dev,Б2-4,1,1,correct,False,,,17,17
W010,dev,Б2-5,1,1,correct,False,"0,6b подписан как b(−5,4; 2,4)",,"2,9","2,9"
W010,dev,Б2-6,1,1,correct,False,,,"2,6","2,6"
W010,dev,Б2-7,1,1,correct,False,,,25,25
W010,dev,Б2-8,1,1,correct,False,,,25,25
W010,dev,Б2-9,1,1,correct,False,,,13,13
W010,dev,Б2-10,1,1,correct,False,,,11,11
W010,dev,Б2-11,1,1,correct,False,,,13,13
W010,dev,Б2-12,1,1,correct,False,Первая попытка вычисления длины зачёркнута,,15,15
W010,dev,Б2-13,1,1,correct,False,4c подписан как c(−8; −12),,51,51
W010,dev,Б2-14,1,1,correct,False,,,50,50
W010,dev,Б2-15,1,1,correct,False,,,"2,1","2,1"
W010,dev,Б2-16,0,0,incorrect,False,"Длина не может быть отрицательной: a − 2,7b + 0,4c = (−3,1; 0), длина 3,1, а не −3,1; Координаты и вектор найдены верно; проверяющий исправил и подписал «не может быть отриц.»","[conceptual] Длина вектора не может быть отрицательной: длина вектора (-3,1; 0) равна sqrt((-3,1)^2 + 0^2) = 3,1.","-3,1","3,1"
W010,dev,Б2-17,1,1,correct,False,Длины записаны как a = 2√3 вместо |a| = 2√3,,21,21
W010,dev,Б2-18,1,1,correct,False,,,18,18
W010,dev,Б2-19,1,1,correct,False,,,-20,-20
W010,dev,Б2-20,1,1,correct,False,,,2,2
W010,dev,Б2-21,1,1,correct,False,,,59,59
W010,dev,Б2-22,1,1,correct,False,,,52,52
W010,dev,Б2-23,1,1,correct,False,,,26,26
W010,dev,Б2-24,0,0,incorrect,False,"Ошибка при умножении: 6 · 7 = 42, а не 56; ответ 70, а не 84; Проверяющий исправил","[computational] Ошибка при умножении: 6 * 7 = 42, а не 56. Правильно: 42 + 28 = 70.",84,70
W010,dev,Б2-25,0,0,incorrect,False,"Ошибка в знаке: a − b = (6; 6), так как 0 − (−6) = 6, а не −6; (a − b)·c = −30 + 12 = −18, а не −42; Координаты по рисунку верные; проверяющий исправил","[conceptual] Неверно определены координаты вектора b по рисунку: b = (1; -5), а не (1; -6). Вектор c также определен неверно: c = (4; -2), а не (-5; 2).",-42,-18
W010,dev,Б2-26,1,1,correct,False,,,-15,-15
W010,dev,Б2-27,1,1,correct,False,,,8,8
W010,dev,Б2-28,0,0,incorrect,False,"Ошибка при умножении: 6 · (−8) = −48, а не −46; ответ −42, а не −40; Проверяющий исправил","[computational] Арифметическая ошибка: 6 * (-8) = -48, а не -46. Получается 6 - 48 = -42.",-40,-42
W010,dev,Б2-29,1,1,correct,False,,,"0,6","0,6"
W010,dev,Б2-30,1,1,correct,False,,,"0,8","0,8"
W010,dev,Б2-31,1,1,correct,False,,,"-0,6","-0,6"
W010,dev,Б2-32,1,1,correct,False,,,"-0,8","-0,8"
W010,dev,Б2-33,1,1,correct,False,,,0,0
W010,dev,Б2-34,1,1,correct,False,,,1,1
W010,dev,Б2-35,1,1,correct,False,,,"-0,28","-0,28"
W010,dev,Б2-36,1,1,correct,False,,,"0,96","0,96"
W011,dev,1.1,1,1,correct,False,,,-3,-3
W011,dev,1.2,1,1,correct,False,,,-5,-5
W011,dev,1.3,1,1,correct,False,,,-6,-6
W011,dev,1.4,1,1,correct,False,,,-10,-10
W011,dev,1.5,1,1,correct,False,,,-6,-6
W011,dev,1.6,1,1,correct,False,,,-4,-4
W011,dev,1.7,1,0,incorrect,False,,"[conceptual] В условии дана функция y = x^3 - 24x^2 + 13, переписано x вместо x^2 (хотя производная взята как от 24x^2: 48x, далее в уравнении написано 3x^2 - 48 = 0, но корни найдены 0 и 16). Решение не согласовано.",0,0
W011,dev,1.8,1,1,correct,False,,,0,0
W011,dev,1.9,1,1,correct,False,,,-6,-6
W011,dev,1.10,1,1,correct,False,,,-2,-2
W011,dev,1.11,1,1,correct,False,,"[notational] Описка при взятии производной (432x вместо 32x), далее решено верно с 32x.",-8,-8
W011,dev,1.12,1,1,correct,False,,,-5,-5
W011,dev,2.1,1,1,correct,False,,,10,10
W011,dev,2.2,1,1,correct,False,,,4,4
W011,dev,2.3,1,1,correct,False,,,3,3
W011,dev,2.4,1,1,correct,False,,,6,6
W011,dev,2.5,1,1,correct,False,,,7,7
W011,dev,2.6,1,1,correct,False,,,9,9
W011,dev,3.1,1,1,correct,False,Вторая попытка рядом зачёркнута,,3,3
W011,dev,3.2,1,1,correct,False,,,48,48
W011,dev,3.3,1,1,correct,False,,,44,44
W011,dev,3.4,,0,not_solved,False,"Не решено. В листе 3.4: y = −7 + 243x − x³ на [−9; 9] (ответ 1451), ученик переписал без куба (−x), проверяющий написал «опечатка в задании». Номер в тетради похож на 1)",,нет ответа,965
W011,dev,3.5,1,1,correct,False,,,243,243
W011,dev,3.6,1,1,correct,False,,,-7,-7
W011,dev,3.7,1,1,correct,False,,,9,9
W011,dev,3.8,1,1,correct,False,,,13,13
W011,dev,4.1,1,0,incorrect,False,,"[conceptual] Точка x = 0 является точкой минимума на числовой прямой, но на отрезке [-5; 6] наименьшее значение функции достигается на левом конце отрезка при x = -5: y(-5) = 12*25 - (-125) + 3 = 428, а y(6) = 12*36 - 216 + 3 = 219. Однако при x=0: y(0)=3. Но функция убывает при x < 0, значит при x = -5: y(-5) = 12*(-5)^2 - (-5)^3 + 3 = 300 + 125 + 3 = 428 > 3. При x=0 значение y(0)=3 действительно наименьшее, но ученик не исследовал знаки производной и концы отрезка.",3,3
W011,dev,4.2,1,1,correct,False,,,19,19
W011,dev,4.3,1,1,correct,False,,,11,11
W011,dev,4.4,0,0,incorrect,True,"При делении на 3 разделён только первый член: 42x − 3x² = 0 ⇒ 14x − x² = 0, корни 0 и 14, а не 0 и 14/3; Ответ 5 верный (минимум в x = 0); проверяющий поставил +","[computational] При делении уравнения 42x - 3x^2 = 0 на 3 должно получиться 14x - x^2 = 0, а записано 14x - 3x^2 = 0. | [conceptual] Точка x = 0 — локальный минимум, но на отрезке [-5; 9] при x=9 значение y(9) = 21*81 - 729 + 5 = 1701 - 729 + 5 = 977, а на левом конце y(-5) = 21*25 - (-125) + 5 = 655. В x=0 y=5. Однако из-за неверной производной точка максимума была найдена как 14/3 вместо 14.",5,5
W011,dev,4.5,1,1,correct,False,,,-117,-117
W011,dev,4.6,1,1,correct,False,,,-1005,-1005
W011,dev,4.7,0,0,incorrect,False,"Ошибка в вычислении: y(−1) = −1 + 6 − 9 + 21 = 17, а не 18; Проверяющий исправил на 17 | Неверные корни по теореме Виета: x² + 4x + 3 = 0 ⇒ x = −3 и −1, а не 4 и −1; На ответ не влияет: −3 — конец отрезка [−3; 0]; не отмечено проверяющим","[computational] Корни уравнения x^2 + 4x + 3 = 0 равны -1 и -3, а не 4 и -1. | [conceptual] Точка x = -1 является точкой минимума, в ней y(-1) = 17 (ошибка вычисления: -1 + 6 - 9 + 21 = 17, а не 18).",18,17
W011,dev,4.8,1,1,correct,False,,"[notational] Описка: написано = 0 вместо = 100, при этом корень из дискриминанта взят как 10 дальше верно.",-8,-8
W011,dev,5.1,1,1,correct,False,,,144,144
W011,dev,5.2,1,1,correct,False,,,196,196
W011,dev,6.1,1,1,correct,False,,,36,36
W011,dev,6.2,1,1,correct,False,,,81,81
W011,dev,7.1,1,1,correct,False,Первая попытка зачёркнута,,37,37
W011,dev,7.2,1,1,correct,False,,,22,22
W011,dev,7.3,1,1,correct,False,,,13,13
W011,dev,7.4,1,1,correct,False,,,15,15
W011,dev,8.1,1,1,correct,False,,,-29,-29
W011,dev,8.2,0,0,incorrect,False,"Ошибка в вычислении: 6 · 36 = 216, а не 96; y(36) = 144 − 216 − 5 = −77, а не 43; Проверяющий: «неправильно посчитала здесь»",[computational] Неверно вычислено значение функции: y(36) = (2/3)*36*6 - 6*36 - 5 = 144 - 216 - 5 = -77. Записано 96 вместо 216.,43,-77
W011,dev,8.3,0,0,incorrect,False,"Ошибка в вычислении: 36√36 = 216, а не 96; y(36) = 216 − 324 + 23 = −85, а не −205; Та же ошибка 6 · 36 = 96, что в 8.2; проверяющий исправил","[computational] Неверно вычислено значение 36*sqrt(36) = 36*6 = 216, ошибочно записано 96.",-205,-85
W011,dev,8.4,1,1,correct,False,,,-8,-8
W011,dev,9.1,1,1,correct,False,,,-2,-2
W011,dev,9.2,1,1,correct,False,,,4,4
W011,dev,9.3,1,1,correct,False,,,-8,-8
W011,dev,9.4,1,1,correct,False,,,-8,-8
W011,dev,10.1,1,1,correct,False,,,1,1
W011,dev,10.2,1,1,correct,False,Свободный член записан неразборчиво (43 или 93); на производную не влияет,,-3,-3
W011,dev,10.3,1,1,correct,False,Свободный член записан как −402 вместо −398 (−400 − 2 вместо −400 + 2); на производную не влияет,,10,10
W011,dev,10.4,1,1,correct,False,,,-3,-3
W011,dev,11.1,0,0,incorrect,False,"Ошибка при раскрытии скобок: −(x + 3) = −x − 3, а не −x + 3; y' = −e^{3−x}(x + 2), точка максимума −2, а не 4; Проверяющий исправил","[computational] При вынесении e^{3-x} из 1*e^{3-x} - e^{3-x}(x+3) получается 1 - (x+3) = 1 - x - 3 = -2 - x, а не 1 - x + 3.",4,-2
W011,dev,11.2,0,0,incorrect,False,"Та же ошибка: −(x + 2) = −x − 2; y' = −e^{2−x}(x + 1), точка максимума −1, а не 3; Проверяющий исправил","[computational] При вынесении e^{2-x}: 1 - (x+2) = 1 - x - 2 = -1 - x, а записано 1 - x + 2.",3,-1
W011,dev,11.3,1,0,not_solved,False,"В скобке (1 + 4 − x) вместо (−1 + 4 − x), получилось x = 5, ученик исправил ответ на 3 без исправления скобки — описка, исправлена самим учеником",,нет ответа,3
W011,dev,11.4,1,1,correct,False,,,8,8
W011,dev,12.1,1,1,correct,False,,"[conceptual] Описка в знаке производной экспоненты: (e^{x-5})' = e^{x-5}, а записано со знаком минус, но в следующей строке вынесено 1 + x + 5, то есть знак исправлен.",-6,-6
W011,dev,12.2,1,1,correct,False,,,-17,-17
W011,dev,12.3,0,0,incorrect,False,"Ошибка при раскрытии скобок: −(7 − x) = −7 + x; y' = e^{7−x}(x − 8), точка минимума 8, а не −8; Проверяющий не отметил: нет ни +, ни исправления (подтверждено по фото)",[computational] При взятии производной: ((7-x)e^{7-x})' = -e^{7-x} + (7-x)(-e^{7-x}) = e^{7-x}(-1 - (7-x)) = e^{7-x}(-1 - 7 + x) = e^{7-x}(x - 8). Ошибка знака перед x.,-8,8
W011,dev,12.4,0,0,incorrect,False,"Та же ошибка: −(3 − x) = −3 + x; y' = e^{3−x}(x − 4), точка минимума 4, а не −4; Проверяющий исправил","[computational] Ошибка при раскрытии скобок -(3-x) = -3 + x, из-за чего получилось -4 - x = 0 вместо x - 4 = 0.",-4,4
W011,dev,13.1,1,1,correct,False,,,-3,-3
W011,dev,13.3,1,1,correct,False,,,9,9
W011,dev,14.1,0,0,incorrect,False,"Выбрана точка максимума: y' = e^{x+13}·x(x − 9), знаки + − +, минимум в x = 9, а не 0; Проверяющий подписал «max» у x = 0","[conceptual] На числовой прямой знаки производной расставлены неверно (минус, плюс, минус вместо плюс, минус, плюс), из-за чего точка x = 0 ошибочно названа точкой минимума вместо точки максимума. Точкой минимума является x = 9.",0,9
W011,dev,14.3,1,1,correct,False,Нет отметки проверяющего,,4,4
W011,dev,15.1,1,1,correct,False,"Первая попытка зачёркнута; в дискриминанте записано 58² + 3·4·280 вместо 58² − 4·3·280, результат 4 верный",,1,1
W011,dev,15.3,,0,not_solved,False,"Начато и зачёркнуто, у ученика «?»",,нет ответа,8
W011,dev,16.1,0,0,not_solved,False,"Ошибка при умножении: 6 · 7 = 42, а не 56; y' = 3x² + 26x + 51 = (x + 3)(3x + 17), а не 3x² + 26x + 65 с D < 0; верный ответ 10 (в x = −3); Решение остановлено на D < 0, у ученика «?»; проверяющий советует раскрывать скобки. 56 подтверждено по фото","[computational] В производной ошибка: y' = 3x^2 + 26x + 51, а записано 65 (56+9=65, но производная произведения: (2x+6)(x+7) + (x+3)^2 = 2x^2+20x+42 + x^2+6x+9 = 3x^2+26x+51). Решение брошено.",нет ответа,10
W011,dev,16.3,1,1,correct,False,,,4,4
W011,dev,17.1,1,1,correct,False,,,3,3
W011,dev,17.3,0,0,incorrect,False,"Ошибка при раскрытии скобок: 1 − (x − 27) = 28 − x, а не −x − 26; точка максимума 28, наибольшее значение y(28) = 1; Проверяющий расставил скобки | При подстановке потерян множитель e^{28−x}: y(−26) = −53·e^{54}, а не −53","[computational] При раскрытии: 1 - (x - 27) = 1 - x + 27 = 28 - x, а записано 1 - x - 27. | [conceptual] Точка x = 28 лежит на отрезке [23; 40], а x = -26 вне отрезка.",-53,1
W011,dev,18.1,1,1,correct,False,,,-21,-21
W011,dev,18.3,1,1,correct,False,,,-24,-24
W011,dev,19.1,1,1,correct,False,,,-35,-35
W011,dev,19.3,1,1,correct,False,,,"-0,5","-0,5"
W011,dev,20.1,0,0,incorrect,False,"В формуле производной частного плюс вместо минуса: для y = −(x² + 1)/x y' = (1 − x²)/x², точка максимума x = 1; Ответ 0 вне области определения; ученик: «не уверена, что так нужно решать»; проверяющий выписал формулу (u/v)'",[conceptual] Потерян знак «минус» перед дробью из условия. | [conceptual] Неверно применена формула производной частного: в числителе должен быть знак минус: u'v - uv'. | [conceptual] Производная ошибочно умножена на x^2 как уравнение.,0,1
W011,dev,21,,0,not_solved,False,"Не решено, у ученика «?»",,нет ответа,—
W011,dev,22,,0,not_solved,False,"Не решено, у ученика «?»",,нет ответа,—
W011,dev,23,,0,not_solved,False,"Не решено, у ученика «?»",,нет ответа,—
W012,dev,1,0,0,incorrect,False,"Биссектриса делит прямой угол C: ∠BCD = 45°, ∠BCM = 90° − 35° = 55°, искомый угол 55° − 45° = 10°; ученик разделил пополам угол B (35 : 2 = 17,5); Проверяющий исправил: 55 − 45 = 10","[conceptual] Неверный геометрический метод нахождения угла между биссектрисой и высотой прямого угла. Угол равен половине разности острых углов: (55° - 35°) / 2 = 10° (или |45° - 35°| = 10°), а не делению острого угла пополам.","17,5",10
W012,dev,2,1,0,incorrect,False,,[conceptual] Скалярное произведение векторов находится по формуле x1*x2 + y1*y2 = 8*4 + (-9)*3 = 32 - 27 = 5. Записано абсурдное выражение со степенями вместо суммы произведений координат.,5,5
W012,dev,3,,0,not_solved,False,"Номер записан, решения нет (верный ответ 132: образующая = R√2)",,,132
W012,dev,4,1,1,correct,False,,,"0,2","0,2"
W012,dev,5,1,1,correct,False,"Нестандартный, но верный ход: P(хотя бы в одном останется) = 1 − 0,13 = 0,87 = 0,7 + 0,7 − a",,"0,53","0,53"
W012,dev,6,1,1,correct,False,,,9,9
W012,dev,7,1,1,correct,False,,,2,2
W012,dev,8,0,0,incorrect,False,"Перевёрнуто отношение: k = Δy/Δx = −2/10 = −0,2, а ученик нашёл Δx/Δy = 10/(−2) = −5; Проверяющий исправил",[conceptual] Значение производной равно угловому коэффициенту касательной k = Δy / Δx. Ученик перевернул отношение или взял неверные координаты.,-5,"-0,25"
W012,dev,9,1,1,correct,False,,,5000,5000
W012,dev,10,1,1,correct,False,,,13,13
W012,dev,11,1,0,incorrect,False,,"[computational] Неверно определена точка на гиперболе и значение коэффициента k (по условию и графику k = 4, так как гипербола проходит через (2; 2), а ученик взял (2; 1)). Для прямой также неверно взяты точки, поэтому совпадение ответа случайно из-за взаимной компенсации ошибок.","-0,2","-0,2"
W012,dev,12,0,0,incorrect,True,"Ответ не на вопрос: спрашивали точку минимума; y' = 3x(x − 16), знаки + − +, минимум в x = 16, а 0 — точка максимума; Ученик сам подписал «т. max»; проверяющий поставил +","[conceptual] В условии требовалось найти точку минимума, а ученик нашел точку максимума (x = 0 вместо x = 16).",0,16
W012,dev,13а,0,0,incorrect,False,При переносе −√6 превратилось в +4: должно быть 4sin²x + (√8 + 12)sin x + √6 = 0; Проверяющий обвёл √6 и поставил «?»; 0б за задачу | После замены sin x = t потеряна переменная в линейных членах: 4t² + √8 + 12 + 4 = 0 вместо 4t² + (√8 + 12)t + …; Решение не доведено,"[conceptual] Неверно переписано условие уравнения: вместо -2 - √8 sin x записано -2√18 sin x, вместо √6 записано √16. | [conceptual] Решение не завершено, допущены грубые ошибки преобразования квадратного уравнения.",,"x = -π/4 + 2πk; x = -3π/4 + 2πk; x = -π/3 + 2πk; x = -2π/3 + 2πk, k∈Z"
W012,dev,13б,,0,not_solved,False,Не решено,,,"-π/4, -π/3"
W012,dev,15,0,0,incorrect,False,"9^{x+1} = 3^{2x+2}, а не 3^{2x+1}; числитель t³ − 9t² + 27t − 27 = (t − 3)³; Проверяющий: «это 3-я степень? ничего не понятно», расписал ФСУ; 0б | Переход от t³ − t³ + t³ − 27 к (t − 3) ничем не обоснован и неверен (t³ − 27 ≠ t − 3); Ответ (−∞; 1] верный, но не следует из шагов | Метод рационализации применён без названия и обоснования; ОДЗ x ≠ 1,1 записано, но не решено; Проверяющий: «здесь прописать, что это рационализация + обосновать её», «над оформлением работаем!»","[conceptual] Неверно выполнено разложение числителя на множители: 27^x - 9^(x+1) + 3^(x+3) - 27 = t^3 - 9t^2 + 27t - 27 = (t - 3)^3. Ученик записал ошибочные степени, случайно получив в итоге (t - 3). | [presentation] Знаменатель обращается в 0 при x = 1,1 (или 11/10). Точка x = 1,1 не выколота на числовой прямой и не исключена из рассмотрения (хотя она больше 1 и не повлияла на ответ).",(-∞; 1],(-∞; 1]
W013,dev,1а,0,1,correct,False,"Неверная запись степени: sin x² вместо sin²x (по смыслу решение верное).; Степени записаны как sin x² вместо sin²x. Пункт б) не решён (нарисована окружность с 5π/4 и 7π/4, отбора на [3π/2; 3π] нет). Проверяющий: + | 30.09: → 0 по политике 3.11 (запись sin x² — ошибка, не замечание), решение Ксении",,"x = \pi n, n \in Z; x = \frac{5\pi}{4} + 2\pi n, n \in Z; x = \frac{7\pi}{4} + 2\pi n, n \in Z","x = \pi k; x = -\frac{\pi}{4} + 2\pi k; x = -\frac{3\pi}{4} + 2\pi k, k \in \mathbb{Z}"
W013,dev,2а,0,0,incorrect,False,"потеряна серия x = πn: у ученика только x = 3π/4 + 2πn и x = 5π/4 + 2πn (πn дописал проверяющий); Нет разметки, вердикт по сути. cos(2x − 3π/2) = −sin 2x, sin x(2cos x + √2) = 0, x = πn, ±3π/4 + 2πn. Множитель −1 при вынесении sin x опущен (на уравнение = 0 не влияет); Исправлено после разбора ошибок (Ксения)","[conceptual] Уравнение sin x = 0 записано, но корни из него не найдены и потеряны (x = \pi k).","x = \frac{3\pi}{4} + 2\pi n, n \in \mathbb{Z}; x = \frac{5\pi}{4} + 2\pi n, n \in \mathbb{Z}","x = \pi k; x = \pm \frac{3\pi}{4} + 2\pi k, k \in \mathbb{Z}"
W013,dev,3а,0,0,incorrect,False,"Потеряна серия корней: уравнение cos x − 1 = 0 записано, но не решено; в ответе нет x = 2πn; Проверяющий дописал cos x = 1 ⇒ x = 2πn; итогового +/− нет. У этого же ученика та же ошибка в 25.1а и 26.4а (W006)","[conceptual] Уравнение cos x - 1 = 0 выписано, но корни x = 2\pi k из него не найдены (потеряна серия).","x = \frac{7\pi}{6} + 2\pi n, n \in \mathbb{Z}; x = \frac{11\pi}{6} + 2\pi n, n \in \mathbb{Z}","x = 2\pi k; x = -\frac{\pi}{6} + 2\pi k; x = -\frac{5\pi}{6} + 2\pi k, k \in \mathbb{Z}"
W013,dev,4а,0,1,correct,False,"Неверная запись степеней: sin x⁴, sin(2x)² вместо sin⁴x, sin²(2x) (по смыслу решение верное).; Степени записаны как sin x⁴, sin(2x)². Проверяющий: + | 30.09: → 0 по политике 3.11, как W013 1а",,"x = \frac{7\pi}{12} + \pi n; x = \frac{11\pi}{12} + \pi n; x = \frac{\pi}{12} + \pi n; x = \frac{5\pi}{12} + \pi n, n \in \mathbb{Z}","x = \pm \frac{\pi}{12} + \frac{\pi k}{2}, k \in \mathbb{Z}"
W014,dev,1,0,0,incorrect,False,"Неверно найдена производная: (4t)' = 4, а не 4t; x'(t) = t + 4, x'(2) = 6, а не 10; Проверяющий исправил: «производная 4t ⇒ 4», «= 6»","[conceptual] Производная от 4t равна 4, а не 4t.",10,6
W014,dev,2,1,1,correct,False,,,2,2
W014,dev,3,1,1,correct,False,"В первой строке производной +45t вместо +45, в следующей строке исправлено","[notational] Описка в строке (записано 45t вместо 45), на следующем шаге исправлено на 45.",5,5
W014,dev,4,1,1,correct,False,"Корень записан как (−4 + 90)/2 — похоже, 20 написано как 90; результат 8 верный",,8,8
W014,dev,5,1,1,correct,False,,,9,9
W014,dev,6,1,1,correct,False,Число 180 в t² − 8t − 180 = 0 записано похоже на 110; одна строка зачёркнута,,18,18
W014,dev,7.1,1,0,incorrect,False,,"[computational] По точкам (-3; 2) и (2; 5) приращение y равно 5 - 2 = 3, а приращение x равно 2 - (-3) = 5. Тангенс угла наклона равен 3/5 = 0,6.","0,4","0,6"
W014,dev,7.2,1,0,incorrect,False,,"[computational] По точкам (-6; 2) и (-2; -5) вертикальное изменение равно |-5 - 2| = 7, горизонтальное равно |-2 - (-6)| = 4, откуда угловой коэффициент равен -7/4 = -1,75.","-1,5","-1,75"
W014,dev,7.3,1,1,correct,False,,,"-1,25","-1,25"
W014,dev,7.4,1,1,correct,False,,,"0,25","0,25"
W014,dev,7.5,1,1,correct,False,,,2,2
W014,dev,7.6,,0,not_solved,False,Номер без решения,,,"-0,5"
W014,dev,7.7,,0,not_solved,False,Номер без решения,,,"1,6"
W014,dev,7.8,0,0,incorrect,True,"Потерян знак углового коэффициента: касательная убывает, проходит через (−5; 5) и (3; −1), k = −6/8 = −0,75, а не 0,75; Проверяющий поставил +. Минуса в тетради нет (в 7.2 и 7.3 ученик его пишет)","[computational] Потерян знак минус при переводе обыкновенной дроби в десятичную: -3/4 = -0,75.","0,75","-0,75"
W014,dev,7.9,,0,not_solved,False,Номер без решения,,,"1,4"
W014,dev,7.10,,0,not_solved,False,Номер без решения,,,"3,33"
W014,dev,7.11,,0,not_solved,False,Номер без решения,,,-4
W014,dev,7.12,,0,not_solved,False,Номер без решения,,,"2,25"
W014,dev,7.13,,0,not_solved,False,Номер без решения,,,"0,75"
W014,dev,7.14,,0,not_solved,False,Номер без решения,,,"-0,2"
W014,dev,8,1,1,correct,False,"Исправлено после аудита: ноль производной при x = 3 (по графику), ответ ученика 3 верен; проверяющий поставил −, прежнее объяснение перепутало точки",,3,3
W014,dev,9,0,0,incorrect,False,Записан угловой коэффициент (y = 3) вместо абсциссы: f'(x) = 3 при x = 5; Проверяющий: −,"[conceptual] В условии требовалось найти абсциссу x точки, в которой f'(x) = 3. Ученик указал значение функции/ординату y = 3 вместо x = 5.",y = 3,5
W014,dev,10а,,0,not_solved,False,Начато и зачёркнуто: записано f'(x) = 0 (верная идея); у проверяющего «?»,,,0
W014,dev,10б,,0,not_solved,False,Начато и зачёркнуто; у проверяющего «?»,,,5
W014,dev,11,0,1,correct,False,"В точке −1 вершина графика, f'(−1) ≈ 0; наибольшая производная — в точке 2 (по ключу); Проверяющий: −. Только ответ",,-1,-1
W014,dev,12,0,1,correct,False,"В точке 3 минимум функции, f'(3) ≈ 0; наименьшая производная в точке −1, где функция круто убывает; Проверяющий: −. Только ответ",,3,3
W014,dev,13,0,0,incorrect,False,"В точке 2 вершина графика, f'(2) ≈ 0; наибольшая производная в точке −1, где функция круто возрастает; Проверяющий: −. Только ответ",[conceptual] Неверный ответ.,2,-1
W014,dev,14,0,0,incorrect,False,"В точке 1 функция возрастает, f'(1) > 0; наименьшая производная в точке 2, где функция круто убывает (в точке 3 она только начинает убывать после вершины); Проверяющий: −. Только ответ",[conceptual] Неверный ответ.,1,2
W014,dev,15а,1,1,correct,False,"Режим training (data/cards/modes.csv), политика п. 1.1 — замечание. Было: Не доведено до ответа на вопрос: найдена ордината точки касания y(1) = 7, но c не найдено; нужно f(1) = 3 − 3 + c = 7 ⇒ c = 7 Ответ 7 совпал, потому что f(1) = c; проверяющий поставил +. Перед 6x − 3 = 3 лишняя строка 6x − 3 = 0","[notational] Случайно записано = 0, но в следующей строке сразу исправлено на верное 6x - 3 = 3.",7,7
W015,dev,4а,1,1,correct,False,"Построение описано верно (KL ∥ AB в ABD, KN ∥ CD в ACD, NM ∥ AB в ABC; сечение KLMN), но не обосновано, что LM ∥ CD и что KLMN — параллелограмм. Проверяющий: один + на всю задачу",,сечение KLMN,построить сечение ∥ AB и CD через K
W015,dev,4б,1,1,correct,False,"Ответ 90° верный. Записано KM = ½CD = 3 вместо KN; не сказано, что NM = KL = ½AB = 4 и что угол между AB и CD равен ∠KNM (NM ∥ AB, KN ∥ CD)",,90°,90°
W015,dev,5а,0,0,incorrect,False,"Ход мыслей верный, но обоснований недостаточно: не показано, что O — середина B₁C, и почему прямая MO лежит в плоскости α; Логика верная: MO — средняя линия △A₁B₁C ⇒ MO ∥ A₁C ⇒ MO ⊂ α ⇒ O ∈ α. Не сказано, что O — середина B₁C; ссылка на «признак параллельности» вместо нужного свойства. Отдельной отметки нет; Исправлено после разбора ошибок (Ксения): ошибка с пометкой «ход мыслей верный»","[conceptual] Не обосновано, почему любая плоскость, параллельная CA_1 и содержащая точку M, обязательно содержит прямую MO (или саму точку O). В рассуждении просто постулируется, что плоскость проходит через среднюю линию MO, хотя в условии сказано лишь то, что плоскость проходит через M параллельно CA_1.",доказано,—
W015,dev,5б,1,1,correct,False,"Ответ arccos 0,64 верный (cos = 16/25). Не описано, как направлены оси координат; 16/25 записано похоже на −6/25. Проверяющий: +","[notational] Небрежность в записи: написано «arccos = 0,64» вместо «arccos(0,64)» или «угол = arccos 0,64».","arccos 0,64","arccos 0,64"
W015,dev,7,1,1,correct,False,"Ответ 3 верный, но найдено расстояние от O, а не от A: не обосновано, что ρ(A; BSC) = ρ(O; BSC), так как AO ∥ BC ⇒ AO ∥ (BSC) (позже error_type = presentation). SOM ⊥ BC записано похоже на SOM ∥ BC. Проверяющий: +",[notational] Описка в знаке параллельности (написано «SOM ∥ BC» вместо «BC ⊥ SOM» или «BC ⊥ (SOM)»).,3,3
W016,dev,1.2,0,0,incorrect,False,"Перепутаны максимум и минимум: знаки y' «+ − +», точка максимума −5, а не 5; Проверяющий обвёл −5","[conceptual] Требовалось найти точку максимума. По схеме знаков производной при переходе через x = -5 производная меняет знак с плюса на минус (точка максимума), а через x = 5 — с минуса на плюс (точка минимума). Выбрана точка минимума вместо точки максимума.",5,-5
W016,dev,1.6,1,1,correct,False,,,-4,-4
W016,dev,1.12,1,1,correct,False,,"[notational] В условии свободный член равен 16, а переписано как 11. На производную и нахождение критических точек это не повлияло.",-5,-5
W016,dev,2.2,1,1,correct,False,Строка с корнями x = ±4 зачёркнута/неразборчива,,4,4
W016,dev,2.3,1,1,correct,False,,,3,3
W016,dev,2.5,1,1,correct,False,,,7,7
W016,dev,3.5,1,1,correct,False,,,243,243
W016,dev,3.7,1,1,correct,False,,,9,9
W016,dev,3.8,1,1,correct,False,"Не отмечено, что x = 4 ∉ [−1; 3]",,13,13
W016,dev,4.1,1,1,correct,False,"Второй корень записан неразборчиво (3x(8 − x) = 0, x = 8 ∉ [−5; 6]) — на ответ не влияет",,3,3
W016,dev,4.3,1,1,correct,False,"Не отмечено, что x = 6 ∉ [−4; 4]",,11,11
W016,dev,4.7,1,1,correct,False,,,17,17
W016,dev,5.1,1,1,correct,False,Знак производной не исследован (почему x = 144 — минимум),,144,144
W016,dev,5.2,1,1,correct,False,"Знак производной не исследован. После 5.2 зачёркнута попытка «3) y = x^{3/2} − 3x + …», пункта 5.3 в условии нет — строку не заводим",,196,196
W016,dev,6.1,1,1,correct,False,Записано y = 3/2·√x вместо 9 = 3/2·√x,,36,36
W016,dev,6.2,1,1,correct,False,,"[notational] В условии свободный член 17, переписано как 11. На нахождение производной и точки максимума это не повлияло.",81,81
W016,dev,7.1,1,1,correct,False,"Концы отрезка не проверены (единственная критическая точка — максимум, на ответ не влияет)",,37,37
W016,dev,7.2,1,1,correct,False,Записано 6 · 48 − 32 вместо 6 + 48 − 32,,22,22
W016,dev,7.3,1,1,correct,False,,,13,13
W017,dev,1,0,0,incorrect,False,"Ошибка в знаке: 12(x+5) + 12(x−5) = x²−25 записано с минусом (12(x+5) − 12(x−5)), далее «120−1=x²−25» неизвестно откуда; получено x=12. Верно: 24x = x²−25, x²−24x−25=0, x=25 км/ч; Номера по варианту № 79266553 (task_1: «Вариант»), не по сборнику. Проверяющий обвёл «1» с «откуда?» и зачеркнул ответ 12; подписи «по течению x−5 / против x+5» перепутаны (на сумму не влияет)","[conceptual] Перепутаны скорости: по течению скорость равна x + 5, а против течения — x - 5. | [conceptual] Неверно составлено уравнение. Плот двигался со скоростью течения 5 км/ч и проплыл 50 км за 10 часов, а лодка выехала на 1 час позже, то есть провела в пути 10 - 1 = 9 часов. Общее время движения лодки равно сумме времени туда и обратно: 108/(x+5) + 108/(x-5) = 9, а не их разности. | [computational] В предыдущей строке было 120 = x^2 - 25; единица вычтена ошибочно.",12 км/ч,25
W017,dev,3,0,0,incorrect,False,"При делении на 2a не учтён a = −1: x₂ = (−14+16)/2 = 1 вместо (−14+16)/(−2) = −1, а x₁ = 15 отброшен как «−15». Ответ 1 км/ч, верно 15 км/ч; Проверяющий дописал минусы в знаменателях, обвёл 15 и написал 15; первая попытка (8(x+5)+6(x−5)) зачёркнута","[conceptual] При приведении к общему знаменателю правая часть уравнения 1 должна быть умножена на знаменатель (x^2 - 25): 8(x-5) + 6(x+5) = x^2 - 25. Ученик опустил знаменатель в правой части. | [computational] В уравнении -x^2 + 14x + 15 = 0 коэффициент a = -1, поэтому делить нужно было на 2a = -2. Полученный корень x = 1 не удовлетворяет условию (при x = 1 скорость баржи меньше скорости течения реки).",1 км/ч,15
W017,dev,4,1,1,correct,False,"Ответ 14 км/ч, проверяющий поставил +. Первая попытка с числом 106 зачёркнута; в строке «105(x+16) − 105x = 4» пропущено x(x+16) справа, в следующей строке исправлено","[notational] Пропущен знаменатель x(x+16) в правой части при переходе, однако на следующем шаге уравнение составлено верно: 4x^2 + 64x - 1680 = 0.",14 км/ч,14
W017,dev,6,1,1,correct,False,"Ответ 18 км/ч, проверяющий поставил +. В строке «153(x+16) − 153x = 4» пропущено x(x+16) справа, в следующей строке исправлено","[notational] Пропущен знаменатель x(x+16) в правой части, но на следующем шаге скобки раскрыты с его учётом: 4x^2 + 64x.",18 км/ч,18
W018,dev,1,1,1,correct,False,"Номера по варианту № 79266553 (task_1). Ответ 25 км/ч, проверяющий поставил +",,25 км/ч,25
W018,dev,3,1,1,correct,False,"Ответ 15 км/ч, проверяющий поставил +",,15 км/ч,15
W018,dev,4,0,0,incorrect,False,"Не разделено на 2: x₂ = (−16 + 44)/2 = 14, у ученика x₂ = 28. Ответ 28, верно 14 км/ч; Проверяющий дописал «: 2 = 14» и исправил ответ на 14","[computational] При вычислении корня допущена ошибка: (-16 + 44)/2 = 28/2 = 14, а не 28. | [computational] В ответ выписано неверно посчитанное значение 28 вместо 14.",28 км/ч,14
W018,dev,7,1,1,correct,False,"Ответ 18 км/ч, проверяющий поставил +",,18 км/ч,18
W018,dev,11,1,1,correct,False,"Ответ 4 км/ч, проверяющий поставил +",,4 км/ч,4
W022,dev,В3-1,0,0,incorrect,False,"Неверная подстановка: x − x(−1−3x) = 8 ⟺ 3x² + 2x − 8 = 0, у ученика x − x − 1 − 3x = 8. Верный ответ (4/3; −5), (−2; 5), у ученика (−3; 8); Схема номеров: В3-N / В4-N — вариант 3 / вариант 4 (task_1 / task_2), ученик решал оба. Нет отметки проверяющего",[conceptual] При подстановке y = -1 - 3x во второе уравнение выражение xy раскрыто неверно: вместо x - x(-1 - 3x) = 8 записано x - x - 1 - 3x = 8.,(-3; 2),(4/3; -5); (-2; 5)
W022,dev,В3-2,1,1,correct,False,5 см и 9 см; описка x² + 4x = 45 = 0; нет отметки проверяющего,,5 см и 9 см,5 см и 9 см
W022,dev,В3-3,1,1,correct,False,"(4; 1), (1; −4); проверяющий +",,(4; 1); (1; -4),(1; -4); (4; 1)
W022,dev,В4-1,1,1,correct,False,"(3,2; 0,24), (−3; −1); первая попытка зачёркнута; проверяющий +","[notational] Переменная названа x вместо y (решалось уравнение относительно y), но на следующей странице переменные сопоставлены верно (y = 0,24; y = -1).","(3,2; 0,24); (-3; -1)","(3,2; 0,24); (-3; -1)"
W022,dev,В4-2,,0,incorrect,False,"Начато, не доведено: ошибка в знаке a² − 13a − 42 = 0 (должно +42, стороны 6 и 7), остановился на (13 ± √337)/2; нет отметки проверяющего","[computational] Ошибка знака при переносе слагаемых: из 13a - a^2 = 42 получается a^2 - 13a + 42 = 0, а не - 42.",x = \frac{13 \pm \sqrt{337}}{2},6 см и 7 см
W022,dev,В4-3,1,1,correct,False,"(3; 1), (−4; 8); проверяющий +",,(3; 1); (-4; 8),(3; 1); (-4; 8)
W023,dev,В3-1,1,0,incorrect,False,"Режим training, политика п. 8.5 — замечание (найдено при офлайн-оценке политики 30.09). Было: Корень x = 8/6 = 4/3 заменён приближением 1,3, отсюда y = −4,9; верный ответ (4/3; −5), (−2; 5), у ученика (1,3; −4,9); (−2; 5) Схема номеров: В3-N / В4-N — вариант 3 / вариант 4 (task_1 / task_2), ученик решал оба. Проверяющий: «1,3 ≠ 4/3»","[computational] Дробь 8/6 = 4/3 является бесконечной периодической дробью (1,(3)). Необоснованное приближение 1,3 привело к неверному значению переменной y.","(1,3 ; -4,9) ; (-2 ; 5)",(4/3; -5); (-2; 5)
W023,dev,В3-2,1,1,correct,False,5 и 9; проверяющий +,[notational] Записано D = 14 вместо \sqrt{D} = 14 (ранее D = 196).,a = 5 ; b = 9,5 см и 9 см
W023,dev,В3-3,0,0,incorrect,False,"При возведении в квадрат потеряно удвоенное произведение: (3,4 + 0,6y)² = 11,56 + 4,08y + 0,36y², у ученика 11,56 + 0,36y². Верный ответ (4; 1), (1; −4), у ученика (4,6; 2); Проверяющий: стрелка «а где 2·3,4·0,6y» | Из y² = 4 взят только корень y = 2, потерян y = −2; Проверяющий отдельно не отмечал","[conceptual] При возведении двучлена (3,4 + 0,6y) в квадрат потеряно удвоенное произведение 2 * 3,4 * 0,6y = 4,08y. | [conceptual] Из уравнения y^2 = 4 найден только один корень y = 2 вместо двух (y = ±2).","(4,6 ; 2)",(1; -4); (4; 1)
W023,dev,В4-1,1,1,correct,False,"(3,2; 0,24), (−3; −1); проверяющий +",,"(3,2; 0,24); (-3; -1)","(3,2; 0,24); (-3; -1)"
W023,dev,В4-2,1,1,correct,False,"6 и 7 см, найдено подбором с проверкой (7·6 = 42, 7 + 6 = 13); проверяющий +",,a = 6; b = 7,6 см и 7 см
W023,dev,В4-3,0,0,incorrect,False,"Потерян y при переносе: y = (4−y)² − 8 ⟺ y² − 9y + 8 = 0 (y = 8, 1), у ученика y² − 8y + 8 = 0. Верный ответ (−4; 8), (3; 1), у ученика (−4; 8); Проверяющий дописал «3; 1» | Вычислительная ошибка: (8 ± √32)/2 = 4 ± 2√2, у ученика 8 и 0 (√32 принят за 8); Пара (4; 0) зачёркнута в ответе; проверяющий отдельно не отмечал","[computational] После подстановки x = 4 - y в первое уравнение y = x^2 - 8 получается y = y^2 - 8y + 8, что при переносе y дает y^2 - 9y + 8 = 0, а не y^2 - 8y + 8 = 0. | [computational] \sqrt{32} не равен 8 (он равен 4\sqrt{2}), деление на 2 выполнено неверно.",(-4; 8); (4; 0),(3; 1); (-4; 8)
W024,dev,4.4,0,0,incorrect,False,"Ошибка в знаке: x₂ = (1 − 5)/2 = −2, у ученика 4/2 = 2; ответ −1; 2; 3 вместо −1; −2; 3; Нумерация: задание.номер по листу условия (Задания 4–10). Проверяющий исправил 2 на −2 в решении и в ответе","[computational] При вычислении корня допущена ошибка: 1 - 5 = -4, поэтому x_2 = -4/2 = -2, а не 2.",-1; 2; 3,-2; -1; 3
W024,dev,4.5,1,1,correct,False,Проверяющий поставил +,,-4; -3; 2,-4; -3; 2
W024,dev,4.13,1,1,correct,False,Проверяющий поставил +,,-5,-5
W024,dev,4.14,1,1,correct,False,"Первая попытка вычислений зачёркнута (верх стр. 2), решение продолжено на стр. 3; проверяющий поставил +",,-7,-7
W024,dev,5.3,0,0,incorrect,False,"Неверный знаменатель в формуле корней: 2a = 6 (уравнение 3x² − 2x − 1 = 0), у ученика делит на 2; Проверяющий обвёл 3 и исправил знаменатели на 6 | √16 = 4, у ученика подставлено 16: x = (2 ± 16)/2 = 9; −7. Верно x = (2 ± 4)/6 = 1; −1/3; Вторая ошибка в той же задаче; проверяющий отметил только знаменатель","[conceptual] В формуле корней в знаменателе должно быть 2a = 6, а не 2; кроме того, подставлен дискриминант D=16 вместо его корня sqrt(D)=4.",9; -7,-1/3; 1
W024,dev,5.5,0,0,incorrect,False,"Неверный знаменатель: 2a = 20 (10x² − 3x − 1 = 0), у ученика 2: x = (3 ± 7)/2 = −2; 5. Верно x = (3 ± 7)/20 = −1/5; 1/2; Проверяющий обвёл 10 и исправил знаменатели на 20","[conceptual] Для уравнения 10x^2 - 3x - 1 = 0 в знаменателе формулы корней должно быть 2a = 20, а не 2.",-2; 5,"-0,2; 0,5"
W024,dev,5.11,1,1,correct,False,"Первая попытка зачёркнута; описка в промежуточной строке 4x² − 21x + 28 (должно +26), D посчитан с 26 верно; ответ 3,25; 2; проверяющий поставил +","[notational] Описка в знаках в формуле (-b +/- sqrt(D))/(2a): взято -21 и -8 вместо 21 и 8 (знаки числителя и знаменателя противоположны, итоговый результат верен).","3,25; 2","2; 3,25"
W024,dev,5.13,0,0,incorrect,True,"ошибка знака при делении: x₂ = −42/(−28) записано как −1,5, ответ «−1,5; 15/7»; верно 1,5; Формула корней записана с −51 и −28 (для −14x² + 51x − 45 = 0), результат 1,5; 15/7 верный; проверяющий поставил +; Исправлено после разбора ошибок (Ксения)","[computational] При делении отрицательного числа на отрицательное получается положительное: -42 / (-28) = 1,5, а не -1,5.","-1,5; 15/7","1,5; 15/7"
W024,dev,6.2,1,1,correct,False,"подкоренные числа в ответе перекрыты красными «3» проверяющего, что было у ученика — неразборчиво; в решении x = 2 ± √3, проверяющий поставил + у обоих корней","[presentation] В последней строчке ответа ученик случайно переписал корень из 3 как корень из 2, хотя строкой выше корни найдены верно: x = \sqrt{3}+2 и x = -\sqrt{3}+2.",-\sqrt{2}+2; \sqrt{2}+2,2-\sqrt{3}; 2+\sqrt{3}
W024,dev,6.4,1,1,correct,False,"Описка: во второй ветке x − 4 = √7 без минуса, далее x = −√7 + 4 верно; проверяющий поставил +",,\sqrt{7}+4; -\sqrt{7}+4,4-\sqrt{7}; 4+\sqrt{7}
W024,dev,6.6,1,1,correct,False,"небрежная запись 5 под корнем (в строке x = √5+3 похоже на 6, во втором корне ответа похоже на √3); по решению (x−3)² = 5 ответ 3 ± √5; проверяющий поставил +",,-\sqrt{5}+3; \sqrt{5}+3,3-\sqrt{5}; 3+\sqrt{5}
W024,dev,7.1,1,1,correct,False,Первая запись условия зачёркнута; проверяющий поставил +,,x=4; x=-5,-5; 4
W024,dev,7.4,0,0,incorrect,False,"Вычислительная ошибка: x₂ = (−2 + 8)/2 = 6/2 = 3, у ученика 7/2 = 3,5; ответ −5; 3,5 вместо −5; 3; Проверяющий исправил 7 на 6 и 3,5 на 3","[computational] Арифметическая ошибка: -2 + 8 = 6, поэтому x_2 = 6/2 = 3, а не 7/2 = 3,5.","-5; 3,5",-5; 3
W024,dev,8.1,1,1,correct,False,"Описка x₁ = (7+1)/6 = 8/3 (похоже, должно 8/6), далее 4/3 верно; ответ (4/3; 0), (1; −1); проверяющий поставил +",,(1 1/3; 0) и (1; -1),(1; -1); (4/3; 0)
W024,dev,8.11,0,0,incorrect,False,"Ошибка при нахождении y: 4·1² − y = 2 ⇒ y = 2, у ученика −y = 2·(−4) = −8, y = 8; ответ (1; 8), (−1; 8) вместо (1; 2), (−1; 2); Проверяющий: «почему умножение?», исправил 8 на 2 в ответе; у ученика подписано «11)», система 2x² + y = 4, 4x² − y = 2 (№11)","[computational] При подстановке x = ±1 подставлено 10 вместо 1, затем ошибочно посчитано: -y = 2 · (-4) = -8, y = 8.",(1; 8); (-1; 8),(-1; 2); (1; 2)
W024,dev,9.1,,0,not_solved,False,Переписано условие и зачёркнуто,,,(2; 3); (2; -3)
W025,dev,4.4,0,0,incorrect,False,"Неверное разложение: (x−2)(x+1)² − 4(x+1) = (x+1)((x−2)(x+1) − 4) ⇒ x² − x − 6 = 0, у ученика (2x − 5)(x + 1) = 0; ответ 2,5; −1 вместо −1; −2; 3; Нумерация: задание.номер по листу условия (Задания 4–10). Проверяющий зачеркнул строку и написал «(x+1)((x−2)(x+1)−4) так правильно»","[conceptual] При вынесении общего множителя (x+1) за скобки допущена грубая ошибка: вместо (x-2)(x+1)-4 получилось (x-2+x+1) или неверное раскрытие произведения, что привело к потере кубической степени и корней уравнения.","x = 2,5; x = -1",-2; -1; 3
W025,dev,5.3,0,0,incorrect,False,"Вычислительная ошибка: x₂ = (2 − 4)/6 = −1/3, у ученика 0,5; ответ 1; 0,5 вместо 1; −1/3; Проверяющий исправил 0,5 на −1/3","[computational] При вычислении корня x = (2 - 4) / 6 получилось -2/6 = -1/3, а не 0,5.","x_1 = 1; x_2 = 0,5",-1/3; 1
W025,dev,5.11,1,1,correct,False,Проверяющий поставил +,,"x_1 = 3,25; x_2 = 2","2; 3,25"
W025,dev,8.11,1,1,correct,False,"Ответ записан как x = 1; x = −1; y = 2, а не парами (1; 2), (−1; 2); проверяющий: «+, но надо записывать (−1;2) и (1;2)»; у ученика «№8(11)»",[presentation] Решением системы уравнений являются пары чисел (x; y). Запись ответа в виде отдельных значений переменных не вполне корректна.,x=1; x=-1; y=2,(-1; 2); (1; 2)
W025,dev,9.1,0,0,incorrect,False,"Потерян корень: 3y² = 27 ⇒ y = ±3, у ученика только y = 3; верный ответ (2; 3), (2; −3); Проверяющий исправил 3 на ±3; описка 4 − 31 = 3y² (знак), далее 3y² = 27 верно","[computational] Ошибка при переносе слагаемых: из x^2 = 31 - 3y^2 при x = 2 следует 4 = 31 - 3y^2, откуда 3y^2 = 31 - 4 = 27, а не 4 - 31. | [conceptual] Из уравнения y^2 = 9 получено только одно значение y = 3, потерян корень y = -3.",y = 3; x = 2,(2; -3); (2; 3)
W026,dev,4.4,0,0,incorrect,False,"Потерян −4: (x−2)(x+1) − 4 = 0 ⇒ x² − x − 6 = 0, у ученика x² − x − 2 = 0; ответ −1; −1; 2 вместо −1; −2; 3; Нумерация: задание.номер по листу условия (Задания 4–10). Проверяющий обвёл −4 со стрелкой, зачеркнул повтор −1 в ответе",[computational] При раскрытии скобок в выражении $(x-2)(x+1)-4$ потеряно слагаемое $-4$: получилось $x^2-x-2=0$ вместо $x^2-x-6=0$.,-1; -1; 2,-2; -1; 3
W026,dev,4.5,0,0,incorrect,False,"Потерян −5: (x−1)(x+3) − 5 = 0 ⇒ x² + 2x − 8 = 0, у ученика x² + 2x − 3 = 0 (корни 1; −3); ответ −3; 1 вместо −4; −3; 2; Проверяющий обвёл −5 со стрелкой, зачеркнул корни и ответ",[computational] При раскрытии скобок в $(x-1)(x+3)-5$ потеряно слагаемое $-5$: получилось $x^2+2x-3=0$ вместо $x^2+2x-8=0$.,-3; -3; 1,-4; -3; 2
W026,dev,4.13,1,1,correct,False,Проверяющий поставил +,,-5,-5
W026,dev,4.14,1,1,correct,False,"Описка (x − 49)² и x − 49 = 0 вместо x² − 49, но корни ±7 верные; «7» в ответе похожа на 4; проверяющий поставил +",,-7,-7
W026,dev,5.3,1,1,correct,False,Первая попытка с D зачёркнута; проверяющий поставил +,,1; -1/3,-1/3; 1
W026,dev,5.5,1,1,correct,False,"Описка x₂ = −4/20 = 1/5 (минус потерян в записи), в ответе −1/5 верно; проверяющий поставил +",,"0,5; -1/5","-0,2; 0,5"
W026,dev,5.11,1,1,correct,False,"Описка −3(x−3) = −3x + 6 (должно +9), свободный член затем исправлен на −26, ответ 2; 3,25 верный; проверяющий поставил +",,"2; 3,25","2; 3,25"
W026,dev,5.13,1,1,correct,False,Проверяющий поставил +,,"1,5; 2 1/7","1,5; 15/7"
W026,dev,6.2,1,1,correct,False,Проверяющий поставил +,,√3 + 2; -√3 + 2,2 - √3; 2 + √3
W026,dev,6.4,1,1,correct,False,Проверяющий поставил +,,√7 + 4; -√7 + 4,4 - √7; 4 + √7
W026,dev,6.6,1,1,correct,False,Проверяющий поставил +,,√5 + 3; -√5 + 3,3 - √5; 3 + √5
W026,dev,7.1,1,1,correct,False,Описка: «D > 0 — нет корней» вместо D < 0; проверяющий поставил +,,-5; 4,-5; 4
W026,dev,7.4,1,1,correct,False,Проверяющий поставил +,,-5; 3,-5; 3
W026,dev,8.1,,0,not_solved,False,"Начато, не доведено: переписана только система; нет отметки проверяющего",,,"(-1/3; -5), (4; 8)"
W028,dev,109,1,1,correct,False,"Номера по сборнику «Задачник ОГЭ 2026 (тренажер)», задание 21 (task_2), блок 1. Ответ 78 кг, проверяющий поставил +",,78,78
W028,dev,112,0,0,incorrect,False,"Неверная доля сухого вещества в высушенных фруктах: взято 0,78 вместо 0,75 (вода 25%). Верно: 45·0,75 = 33,75; 33,75 : 0,25 = 135 кг, у ученика 140,4; Проверяющий зачеркнул 140,4 и написал 135","[conceptual] В высушенных фруктах содержится 25% воды, значит, сухого вещества 75% (0,75), а не 78%. Масса сухого вещества равна 45 * 0,75 = 33,75 кг.","140,4",135
W028,dev,114,1,1,correct,False,"Ответ 288 кг, проверяющий поставил +",,288,288
W028,dev,117,0,0,incorrect,False,"Перепутаны доли: 396·0,77 и деление на 0,14. Верно: сухого вещества 396·0,14 = 55,44 кг; 55,44 : 0,77 = 72 кг, у ученика 2178; Проверяющий зачеркнул ответ и написал 72","[conceptual] 396 кг — это масса свежих фруктов, сухого вещества в них 100% - 86% = 14%, а не 77%. Доля 77% относится к сухим фруктам.",2178,72
W028,dev,120,,0,not_solved,False,"Начато, не доведено: 350·0,7 = 245 (неверный подход, верно 350·0,12 : 0,7 = 60), ответа нет; нет отметки проверяющего",,,60
W028,dev,121,1,1,correct,False,"Ответ 13, проверяющий поставил +","[presentation] В числителе пропущена запись (-13 + 39), сразу записано 26, но вычислено верно.",13,13
W028,dev,124,0,0,incorrect,False,"Ошибки в преобразованиях: уравнение записано как 60/(x+10) − 60/x = 3 (знак), 20(x+10) записано как 2(x+10), D = 64 − 80 посчитано как 144; x = 10 получено случайно. Верно: 60/x − 60/(x+10) = 3, x² + 10x − 200 = 0, x = 10; В ответ выписана скорость второго рабочего (10 вместо 20) — по правилам это не ошибка, отдельной строкой не считается. Исправлено: при смене правил строка с реальными ошибками по ошибке стала 1","[computational] При делении уравнения на 3 из дроби 60/(x+10) должно было получиться 20, а написано 2. | [conceptual] В задаче требовалось найти производительность первого рабочего (x + 10), а не второго.",10,20
W028,dev,126,0,0,incorrect,True,"Корни найдены с ошибкой: для −x² − 6x + 280 = 0 деление на 2 вместо 2a = −2, получено x = 20 вместо x = 14 (скорость второго); затем не прибавлено 6. Две ошибки компенсировались, ответ 20 совпал с верным (14 + 6 = 20); Проверяющий поставил +","[computational] При нахождении корней по формуле (-b ± √D)/(2a) в знаменателе не учтен коэффициент a = -1, из-за чего знаки корней перепутались. | [conceptual] Через x была обозначена производительность второго рабочего (она равна 14). Производительность первого рабочего равна x + 6 = 20. Ответ случайно совпал из-за накопления двух ошибок (ошибки знака корня и невнимания к вопросу).",20,20
W028,dev,127,1,0,incorrect,False,"Политика 30.09, п. 1.3 — замечание, не ошибка (rules/policy.csv). Было: Не ошибка по правилам (рассуждения верны, неверно выписан ответ / не сделан последний шаг): Описка в ответе: в решении x = 13, в ответ записано 23 (√D = 23). Также в строке «130x − 130(x−3) = 3x² − 3x» справа должно быть 3x² − 9x (далее уравнение x² − 3x − 130 = 0 верное); проверяющий исправил первую цифру ответа красной «1» и поставил +; под ней видна синяя 2","[computational] При делении на 6 (или на 2) в следующей строке получилось деление числителя на 2, а правой части — на 2 (вместо деления обеих частей на одно и то же число: 260 не делится на 6). | [computational] 3 * x * (x - 3) = 3x^2 - 9x, а записано 3x^2 - 3x. | [computational] 9 + 520 = 529, а не 23 (23 — это корень из 529). | [presentation] В решении найден корень x = 13, но в ответ выписано значение корня из дискриминанта 23.",23,13
W028,dev,129,1,1,correct,False,"Ответ 26, проверяющий поставил +",,26,26
W028,dev,132,0,0,incorrect,False,"Для −x² − 6x + 280 = 0 деление на 2 вместо 2a = −2: получено x = 20 вместо 14. Ответ 20 (скорость второй трубы), верно 14; Проверяющий дописал «− 6 = 14»; несколько зачёркнутых попыток","[conceptual] По условию первая труба пропускает на 6 л/мин меньше второй, а в таблице и уравнении записано, что первая труба пропускает x + 6. | [conceptual] Требовалось найти производительность первой трубы (14 л/мин).",20,14
W029,dev,97,1,1,correct,False,"Номера по сборнику «Задачник ОГЭ 2026 (тренажер)», задание 21 (task_2); у ученика номер подписан неразборчиво («№9…»), по числам (10 кг, 16 кг, 55%, 61%) это №97. Ответ 87%, проверяющий поставил +",,87%,87
W029,dev,121,1,1,correct,False,"Ответ 13 деталей, проверяющий поставил +",,13 д/ч,13
W029,dev,127,1,1,correct,False,"Ответ 13 л/мин, проверяющий поставил +","[notational] В формуле корней для уравнения x^2 - 3x - 130 = 0 коэффициент при x равен -3, поэтому в числителе должно быть -(-3) = 3, а не -3. При этом корни вычислены верно: (3 + 23)/2 = 13 и (3 - 23)/2 = -10.",13 л/м,13
W030,dev,97,1,1,correct,False,"Номера по сборнику «Задачник ОГЭ 2026 (тренажер)», задание 21 (task_2); номер у ученика неразборчив, по числам это №97. Ответ 87%, проверяющий поставил +",,87%,87%
W030,dev,109,1,1,correct,False,"Ответ 78 кг, проверяющий поставил +. После «x = 1716 : 22 = 78» есть лишняя строка «x = 79» (описка), в ответе 78","[presentation] Описка в строке x = 79, однако в ответе верно записано 78 кг.",78 кг.,78 кг
W031,dev,Б1-1,1,1,correct,False,"Нумерация: Б1 — блок 1 (ФИПИ), Б2 — блок 2 (расширенная версия) раздела «15. Треугольники». Проверяющий поставил +",,37,37
W031,dev,Б1-2,1,1,correct,False,Проверяющий поставил +,,9,9
W031,dev,Б1-3,1,1,correct,False,Проверяющий поставил +,,76,76
W031,dev,Б1-4,1,1,correct,False,Проверяющий поставил +,,48,48
W031,dev,Б1-5,1,1,correct,False,Проверяющий поставил +,,28,28
W031,dev,Б1-6,1,1,correct,False,Проверяющий поставил +,,56,56
W031,dev,Б1-7,1,1,correct,False,Проверяющий поставил +,,35,35
W031,dev,Б1-8,1,1,correct,False,Проверяющий поставил +,,27,27
W031,dev,Б1-9,1,1,correct,False,Проверяющий поставил +,,44,44
W031,dev,Б1-10,1,1,correct,False,Проверяющий поставил +,,231,231
W031,dev,Б1-11,1,1,correct,False,Проверяющий поставил +,,20,20
W031,dev,Б1-12,1,1,correct,False,Проверяющий поставил +,,26,26
W031,dev,Б1-13,1,1,correct,False,Проверяющий поставил +,,21,21
W031,dev,Б1-16,1,0,incorrect,False,"Режим training (data/cards/modes.csv), политика п. 1.1 — замечание. Было: Ответ не на вопрос: найдена гипотенуза AB = 41, а радиус описанной окружности R = AB/2 = 20,5 Проверяющий дописал «:2»","[conceptual] Найдена гипотенуза AB = 41, но требовалось найти радиус описанной окружности R = AB / 2 = 20,5.",41,"20,5"
W031,dev,Б1-17,1,1,correct,False,Проверяющий поставил +,,"0,6","0,6"
W031,dev,Б1-18,1,1,correct,False,Проверяющий поставил +,,"0,85","0,85"
W031,dev,Б1-19,0,0,incorrect,False,"tgB = AC/BC = 22/11 = 2, у ученика перевёрнуто: 11/22 = 0,5; Проверяющий обвёл дробь и исправил 0,5 на 2",[conceptual] Тангенс угла B равен отношению противолежащего катета AC к прилежащему BC: tg B = AC / BC = 22 / 11 = 2.,"0,5",2
W031,dev,Б1-20,1,1,correct,False,Только sinB = 5/8 и ответ 20 без выкладок; проверяющий поставил +,,20,20
W031,dev,Б1-21,1,1,correct,False,Проверяющий поставил +,,24,24
W031,dev,Б1-22,1,1,correct,False,Ответ 28 без выкладок; проверяющий поставил +,,28,28
W031,dev,Б2-1а,0,0,incorrect,True,"Неверный ответ: по рисунку 2α + 66° = 180°, α = 57°; у ученика 114 : 3 = 38; (180 − 66) : 3 = 38; проверяющий поставил +; Проверяющий поставил +. Исправлено после повторной разметки и сверки с ключом","[conceptual] Неверно составлено геометрическое уравнение: вертикальный угол к 66° равен 66°, а сумма углов развернутого угла дает 2α + 66° = 180°, откуда 2α = 114°, α = 57°.",38,57
W031,dev,Б2-1б,1,1,correct,False,(180 − 110) : 2 = 35; проверяющий поставил +,,35,35
W031,dev,Б2-2,1,1,correct,False,Самоисправление 63 → 58; проверяющий поставил +,,58,58
W031,dev,Б2-3,1,1,correct,False,Проверяющий поставил +,,64,64
W031,dev,Б2-26,0,0,incorrect,False,"Медианы делятся точкой пересечения 2:1 от вершины: AO = 2/3·36 = 24, у ученика AO = AN : 2 = 18; Проверяющий исправил 18 на 24","[conceptual] Точка пересечения медиан делит их в отношении 2:1, считая от вершины, поэтому AO = (2/3) * AN = (2/3) * 36 = 24, а не половине медианы.",18,24
W031,dev,Б2-27,1,1,correct,False,Проверяющий поставил +,,88,88
W032,dev,Б1-1,1,1,correct,False,"Нумерация: Б1 — блок 1 (ФИПИ), Б2 — блок 2 (расширенная версия) раздела «15. Треугольники». Проверяющий поставил +",,37,37
W032,dev,Б1-2,1,1,correct,False,Проверяющий поставил +,,9,9
W032,dev,Б1-3,1,1,correct,False,Проверяющий поставил +,,76,76
W032,dev,Б1-4,1,1,correct,False,Проверяющий поставил +,,48,48
W032,dev,Б1-5,1,1,correct,False,Проверяющий поставил +,,28,28
W032,dev,Б1-6,1,1,correct,False,Проверяющий поставил +,,56,56
W032,dev,Б1-7,1,1,correct,False,Проверяющий поставил +,,35,35
W032,dev,Б1-8,1,1,correct,False,Проверяющий поставил +,,27,27
W032,dev,Б1-9,1,1,correct,False,Проверяющий поставил +,,44,44
W032,dev,Б1-10,1,1,correct,False,Проверяющий поставил +,,231,231
W032,dev,Б1-11,1,1,correct,False,"38/19 = 40/MN, MN = 20 (ответ обведён у края листа, «Ответ: 20» на след. странице); проверяющий поставил +",,20,20
W032,dev,Б1-12,1,1,correct,False,Проверяющий поставил +,,26,26
W032,dev,Б1-13,1,1,correct,False,После №13 полностью зачёркнутый фрагмент (номер не определить) — не размечен; проверяющий поставил +,,21,21
W032,dev,Б1-16,1,1,correct,False,"R = AB/2 = 41/2 = 20,5; проверяющий поставил +",,"20,5","20,5"
W032,dev,Б1-17,1,1,correct,False,Проверяющий поставил +,,"0,6","0,6"
W032,dev,Б1-18,1,1,correct,False,Проверяющий поставил +,,"0,85","0,85"
W032,dev,Б1-19,1,1,correct,False,Проверяющий поставил +,,2,2
W032,dev,Б1-20,1,1,correct,False,Проверяющий поставил +,,20,20
W032,dev,Б1-21,1,1,correct,False,Проверяющий поставил +,,24,24
W032,dev,Б1-22,1,1,correct,False,Проверяющий поставил +,,28,28
W032,dev,Б2-1а,0,0,incorrect,True,"Неверный ответ: по рисунку 2α + 66° = 180°, α = 57°; у ученика (180 − 66) : 3 = 38; Проверяющий поставил +. Исправлено после аудита по ключу","[conceptual] Неверное геометрическое соотношение: вертикальный угол равен 66°, а смежные углы в сумме дают 180°, откуда 2\alpha + 66° = 180°, \alpha = 57° (или развёрнутый угол состоит из \alpha, вертикального к нему \alpha и угла 66°).",38,57
W032,dev,Б2-1б,1,1,correct,False,Проверяющий поставил +,,35,35
W032,dev,Б2-2,1,1,correct,False,Проверяющий поставил +,,58,58
W032,dev,Б2-3,1,1,correct,False,Проверяющий поставил +,,64,64
W032,dev,Б2-4,1,1,correct,False,"AB = AM = 7, AC = 14; проверяющий поставил +",,14,14
W032,dev,Б2-5,1,1,correct,False,"MH = HC = 2,5, AH = 10 − 2,5 = 7,5; проверяющий поставил +",,"7,5","7,5"
W032,dev,Б2-6,1,1,correct,False,"MH = HC = 34 ⇒ △BMC равнобедренный, ∠AMB = 180 − 49 = 131; проверяющий поставил +",,131,131
W032,dev,Б2-7,1,1,correct,False,180 − 29 − 39 = 112; проверяющий поставил +,,112,112
W032,dev,Б2-8,1,1,correct,False,"25,5 + 38,5 = 64, ∠NAM = 116; проверяющий поставил +",,116,116
W032,dev,Б2-9,,0,not_solved,False,"Начато, не доведено: только ∠ALB = 180 − 146 = 34, отделено чертой; нет отметки проверяющего",,,—
W035,dev,7.5,1,1,correct,False,"Нумерация: «Задание N, пункт k» → N.k. Проверяющий поставил +",,-3; 2,-3; 2
W035,dev,7.6,1,1,correct,False,Ответ −4; 1; проверяющий поставил +,,-4; 1,-4; 1
W035,dev,7.7,1,1,correct,False,Ответ −4; 2; проверяющий поставил +,,-4; 2,-4; 2
W035,dev,8.8,0,0,incorrect,False,"Ошибка в знаке: из 8x − 10 = y записано y = 10 − 8x; получено 4x² + 3x − 10 = 0, x = −2; 1,25. Верно 4x² − 13x + 10 = 0, x = 2; 1,25; Проверяющий обвёл 8x − 10 = y и 10 − 8x, написал y = 8x − 10 и «?» | Ответ без значений y (записано «−2; 1,25»); верный ответ (2; 6), (1,25; 0)","[computational] Из уравнения 8x - 10 = y следует y = 8x - 10, а не 10 - 8x (ошибка в знаках при выражении переменной). | [conceptual] Решением системы уравнений являются пары чисел (x; y), переменная y не найдена.","-2; 1,25","(1,25; 0); (2; 6)"
W035,dev,8.12,0,0,incorrect,False,"При x = −1 подставлено −5x вместо −5x²: y = 12 + 5 = 17; верно y = 12 − 5·1 = 7. Ответ (1; 7), (−1; 17) неверен, верно (±1; 7); Проверяющий: «там x² = 1 и всё, то есть y = 7 всегда»","[computational] При подстановке x = -1 получается y = 12 - 5*(-1)^2 = 12 - 5 = 7, а не 17.",(1; 7); (-1; 17),(-1; 7); (1; 7)
W035,dev,9.4,1,1,correct,False,"Первая попытка (markup_2): найден только x = 3, без y; переделано на markup_6 — ответ (3; 4), (3; −4), проверяющий поставил +","[notational] При y^2 = 16 сразу написано y = 4, но в итоговом ответе учтены оба корня 4 и -4.",(3; 4) (3; -4),(3; -4); (3; 4)
W035,dev,9.8,0,0,incorrect,True,"Не найдены значения y: в ответе только x = 3; верный ответ (3; 3), (3; −3); Проверяющий поставил + с комментарием «но ещё y надо найти»",[conceptual] В системе двух переменных решением должны быть пары (x; y). Значения переменной y не найдены.,3,(3; -3); (3; 3)
W035,dev,9.12,1,1,correct,False,"Ответ (3; 7), (4; 5) исключено по ОДЗ; проверяющий поставил +. Вверху markup_6 — ещё одна концовка того же решения с ответом (3; 7)",,(3; 7),(3; 7)
W036,dev,3,1,1,correct,False,,,110,110
W036,dev,4,1,1,correct,False,,,94,94
W036,dev,5,1,1,correct,False,,,39,39
W036,dev,6,1,1,correct,False,,,33,33
W036,dev,7,1,1,correct,False,,,36,36
W036,dev,8,1,1,correct,False,,,32,32
W036,dev,9,1,1,correct,False,,,34,34
W036,dev,10,1,1,correct,False,,,26,26
W036,dev,11,1,1,correct,False,,,42,42
W036,dev,12,1,1,correct,False,,,38,38
W036,dev,13,1,1,correct,False,,,55,55
W036,dev,14,1,1,correct,False,,,73,73
W036,dev,15,1,1,correct,False,,,64,64
W036,dev,16,1,1,correct,False,,,59,59
W036,dev,17,1,1,correct,False,,,24,24
W036,dev,18,1,1,correct,False,,,28,28
W036,dev,19,1,1,correct,False,,,29,29
W036,dev,20,1,1,correct,False,,,25,25
W036,dev,21,0,0,incorrect,False,"Неверное утверждение ∠ABD = ∠BAD = 45° (∠BAD — острый угол треугольника, он не равен 45°); Проверяющий: «почему BAD = 45?»; в ответ выписан данный угол 14°, хотя нужный 31° найден — по правилам не ошибка","[conceptual] Неверно предположено, что треугольник ABD равнобедренный прямоугольный, а также в ответ выписано исходное данное (угол между высотой и биссектрисой), вместо найденного меньшего угла треугольника.",14,31
W036,dev,22,0,1,correct,True,"Неверное утверждение ∠ABD = ∠BAD = 45° в решении (как в №21, 23, 24); на ответ не влияет; Ответ 11 верный; проверяющий поставил +","[conceptual] Ошибочное промежуточное предположение о равенстве углов при биссектрисе в исходном треугольнике, однако угол HBC = 45° - 34° = 11° найден верно.",11,11
W036,dev,23,0,0,incorrect,False,"Неверное утверждение ∠ABD = ∠BAD = 45° (острый угол ∠BAx не равен 45°); на ответ не влияет; В ответ выписан данный угол, хотя нужный найден в первой строке (записан данный угол 9°, верно 45° − 9° = 36°) — по правилам это не ошибка; Проверяющий исправил на 36 и отметил «неправда» у ∠ABD = ∠BAD = 45°",[conceptual] В ответ выписан угол между биссектрисой и высотой из условия вместо меньшего угла треугольника (36°).,9,36
W036,dev,24,0,0,incorrect,False,"Неверное утверждение ∠ABD = ∠BAD = 45° (острый угол ∠BAx не равен 45°); на ответ не влияет; В ответ выписан данный угол, хотя нужный найден в первой строке (записан данный угол 23°, верно 45° − 23° = 22°) — по правилам это не ошибка; Проверяющий исправил на 22; «нет :)» у ∠ABD = ∠BAD = 45°",[conceptual] В ответ выписано исходное условие задачи (23°) вместо меньшего угла треугольника (22°).,23,22
W036,dev,25,0,0,incorrect,False,"Неверное утверждение ∠ABE = ∠BAE = 45° (острый угол ∠BAx не равен 45°); на ответ не влияет; В ответ выписан данный угол, хотя нужный найден в первой строке (записан данный угол 12° между биссектрисой и медианой; меньший угол 45° − 12° = 33° (ученик сам получил 33 в первой строке)) — по правилам это не ошибка; Проверяющий: «неверно» у ∠ABE = ∠BAE",[conceptual] В ответ записано значение из условия (12°) вместо меньшего угла прямоугольного треугольника (33°).,12,33
W036,dev,26,0,0,incorrect,False,"Неверное утверждение ∠ABE = ∠BAE = 45° (острый угол ∠BAx не равен 45°); на ответ не влияет; В ответ выписан данный угол, хотя нужный найден в первой строке (записан данный угол 19°; верно 45° − 19° = 26°) — по правилам это не ошибка; Проверяющий зачеркнул ответ и написал число (читается как 25/26); ∠ABE = ∠BAE перечёркнуто",[conceptual] В ответ записано значение из условия (19°) вместо меньшего угла треугольника (26°).,19,26
W036,dev,27,0,0,incorrect,False,"Неверное утверждение ∠ABE = ∠BAE = 45° (острый угол ∠BAx не равен 45°); на ответ не влияет; В ответ выписан данный угол, хотя нужный найден в первой строке (записан данный угол 14°; верно 45° − 14° = 31°) — по правилам это не ошибка; Проверяющий перечеркнул ∠ABE = ∠BAE",[conceptual] В ответ выписано условие задачи вместо меньшего угла прямоугольного треугольника.,14,31
W036,dev,28,0,0,incorrect,False,"Неверное утверждение ∠ABE = ∠BAE = 45° (острый угол ∠BAx не равен 45°); на ответ не влияет; В ответ выписан данный угол, хотя нужный найден в первой строке (записан данный угол 18°; верно 45° − 18° = 27°) — по правилам это не ошибка; Проверяющий исправил на 27",[conceptual] В ответ выписано условие задачи вместо меньшего угла треугольника.,18,27
W036,dev,29,1,1,correct,False,Страница с №29–30 сфотографирована дважды (solution_1 и solution_13),,78,78
W036,dev,30,1,1,correct,False,,,16,16
W036,dev,31,1,1,correct,False,,,34,34
W036,dev,32,1,1,correct,False,,,84,84
W036,dev,33,1,1,correct,False,,,38,38
W036,dev,34,1,1,correct,False,,,32,32
W036,dev,35,1,1,correct,False,,,64,64
W036,dev,36,0,0,incorrect,False,"Вычислительная ошибка: при ∠C = 105°, ∠CAD = 7° угол A = 14°, ∠B = 180 − 14 − 105 = 61°, а не 63° (подставлено не то значение ∠C); Проверяющий исправил: 14, 105 ⇒ 61","[conceptual] В условии дано угол CAD = 7°, а переписано 6°. | [computational] Из-за неверно переписанного условия угол A посчитан как 12° вместо 14°, получен неверный угол B.",63,61
W036,dev,38,1,1,correct,False,,,24,24
W037,dev,575,1,1,correct,False,Отрезки 18 и 32 мм; проверяющий поставил +,,18 и 32,18 и 32
W037,dev,576,1,0,not_solved,False,Гипотенуза 61 см; проверяющий поставил +. Начало решения на фото не видно,,,61
W037,dev,577,1,1,correct,False,Отрезки 25/13 и 144/13 см; проверяющий поставил +. Подписано «№547» (описка в номере),"[notational] Запись 25 + 144 = \sqrt{169} математически некорректна (169 ≠ 13), но смысл понятен: проверена теорема, обратная теореме Пифагора.",25/13 и 144/13,25/13 и 144/13
W037,dev,579,1,1,correct,False,"A₁C₁ = 3,15 м; проверяющий поставил +",,"3,15 м","3,15"
W037,dev,580,1,1,correct,False,"Высота 6,936 м; проверяющий поставил +. обведённый ответ читается как 6,9836 или 6,936 (в столбике 6,936)","[notational] Описка в знаменателе левой дроби (написано «в дерева» вместо «т дерева»), в следующей строке подставлено верное значение 10,2.","6,936 м","6,936"
W037,dev,581,0,0,incorrect,False,"Неверная пропорция: вместо AD = 120 см = 1,2 м взято 0,12, отношение 4,8 : 0,12 = 40 вместо 4,8 : 1,2 = 4; ответ 66 м; Проверяющий: «немного непонятно…» | Взята высота AC = 165 см вместо AB = AC − BC = 153 см (луч попадает в глаз B). Верно FE = 1,53 · 4 = 6,12 м","[conceptual] Неверно составлена пропорция из подобия треугольников: рост человека до уровня глаз равен AC - BC = 165 - 12 = 153 см, а в пропорции должны соотноситься соответствующие катеты FE/(AC - BC) = DE/AD.",66 м,"6,12"
W038,dev,575,1,1,correct,False,Отрезки 18 и 32 мм; проверяющий поставил +,,18; 32,18 мм и 32 мм
W038,dev,576,,0,not_solved,False,"Начато, не доведено (дошёл до c = x + x + 11); нет отметки проверяющего",,нет ответа,61 см
W038,dev,577,1,0,incorrect,False,"Политика 30.09, п. 8.4 — замечание, не ошибка (rules/policy.csv). Было: Ответ округлён: h ≈ 4,6, b_c ≈ 2, a_c = 11; точные отрезки 25/13 и 144/13 см (≈1,92 и 11,08) Проверяющий зачеркнул ответ «2 см; 11 см»","[computational] Необоснованное грубое округление h = 60/13 ≈ 4,6 привело к неверному результату. Использовать промежуточные округления в точных геометрических задачах нельзя; следовало выразить проекции катетов точно через свойство катета: b_c = b^2/c = 25/13 см и a_c = a^2/c = 144/13 см.","2 см, 11 см",25/13 см (или 1 12/13 см) и 144/13 см (или 11 1/13 см)
W038,dev,579,1,0,incorrect,False,"Политика 30.09, п. 8.5 — замечание, не ошибка (rules/policy.csv). Было: Округление коэффициента: k = 6,3/3,4 ≈ 1,8, A₁C₁ ≈ 3 м; верно 1,7 · 6,3 / 3,4 = 3,15 м Проверяющий поставил ✗","[computational] Промежуточное округление отношения до 1,8 привело к неверному ответу. Точное значение: A_1C_1 = 1,7 · (6,3 / 3,4) = 1,7 · 6,3 / 3,4 = 6,3 / 2 = 3,15 м.",3 м,"3,15 м"
W038,dev,580,1,0,incorrect,False,"Политика 30.09, п. 8.5 — замечание, не ошибка (rules/policy.csv). Было: Округление коэффициента: k = 10,2/2,5 ≈ 4,1 (точно 4,08), ответ ≈ 7 м; верно 1,7 · 4,08 = 6,936 м Проверяющий поставил ✗","[computational] Дробь 10,2 / 2,5 равна точно 4,08. Округление до 4,1 привело к искажению ответа: 1,7 · 4,08 = 6,936 м, а не 7 м.",7 м,"6,936 м"
W038,dev,581,0,0,incorrect,False,"Взята высота AC = 1,65 м вместо AB = AC − BC = 1,53 м (глаз в точке B): FE = 1,65 · 4 = 6,6; верно 1,53 · 4 = 6,12 м; Проверяющий зачеркнул 6,6 и написал 6,12","[conceptual] Не учтено положение глаза человека: точка B находится ниже макушки C на величину BC = 12 см (уровень глаз человека равен AC - BC = 165 - 12 = 153 см = 1,53 м). Из подобия треугольников FE = 1,53 · 4 = 6,12 м.","6,6 м","6,12 м"
W041,dev,7.5,0,0,incorrect,False,"Вычислительная ошибка: x₂ = 4/2 = 2, у ученика записано другое число (вероятно 4); ответ «−3; 4» вместо −3; 2; Нумерация: «Задание N, пункт k» → N.k. Проверяющий исправил на 2 в x₂ и в ответе. исходная цифра под исправлением неразборчива (4 или 1)","[presentation] В вычислениях получен верный корень x_2 = 2, однако в ответ по ошибке записано 4.",-3; 4,-3; 2
W041,dev,7.6,1,1,correct,False,Ответ −4; 1; проверяющий поставил +,,"-4, 1",-4; 1
W041,dev,7.7,1,1,correct,False,Ответ −4; 2; проверяющий поставил +,,"-4, 2",-4; 2
W041,dev,8.4,0,0,incorrect,False,"Ошибка в формуле корней: взято b вместо −b, x = (−16 ± 6)/10 = −2,2; −1; верно x = (16 ± 6)/10 = 2,2; 1. Ответ (−2,2; −22), (−1; −16) неверен, верно (1; −6), (2,2; 0); Проверяющий обвёл −b в формуле: «у нас же по формуле −b»","[computational] Для уравнения 5x^2 - 16x + 11 = 0 коэффициент b равен -16, поэтому в формуле корней должно быть -b = +16, а не -16.","(-2,2; -22) (-1; -16)","(1; -6); (2,2; 0)"
W041,dev,8.8,1,1,correct,False,"Ответ (1,25; 0), (2; 6); проверяющий поставил +. В записи системы 4x² − 5 = y пропущен x (описка)",,"(1,25; 0) (2; 6)","(1,25; 0); (2; 6)"
W041,dev,8.12,0,0,incorrect,False,"Ошибка в знаке: из 9x² − y = 2 выражено y = 2 − 9x², верно y = 9x² − 2; Проверяющий написал y = 9x² − 2 и грустный смайлик | Ошибка переноса: из 12 − 5x² = 2 − 9x² получено −9x² + 5x² = 2 − 12 (x² = 2,5), верно 4x² = −10. Ответ (±√2,5; −0,5) неверен, верно (±1; 7)","[computational] Из второго уравнения 9x^2 - y = 2 следует y = 9x^2 - 2, а не 2 - 9x^2. | [computational] При приравнивании 12 - 5x^2 = 2 - 9x^2 перенос слагаемых выполнен неверно: -5x^2 + 9x^2 = 4x^2, а не -4x^2.","(\sqrt{2,5}; -0,5) (-\sqrt{2,5}; -0,5)",(-1; 7); (1; 7)
W041,dev,9.4,1,1,correct,False,"Ответ (3; 4), (3; −4); проверяющий поставил +",,"(3; 4), (3; -4)",(3; -4); (3; 4)
W041,dev,9.8,1,1,correct,False,"Ответ (3; 3), (3; −3); проверяющий поставил +",,(3; 3) (3; -3),(3; -3); (3; 3)
W041,dev,9.12,0,0,incorrect,False,"Ошибка в знаке: y − 5 = 2x + 2y − 18 преобразовано в 2x + y + 13 = 0, верно 2x + y − 13 = 0; дальше при x = 4 из 8 + y + 13 = 0 записано y = 21. Верно: при x = 4 y = 5 (исключено ОДЗ); Проверяющий исправил знак перед 13. ОДЗ x + y ≠ 9 выписано (проверяющий: «Умничка!!!») | Из (y − 7) = 0 подставлено x = 7 вместо y = 7; ответ (4; 21), (7; 27) неверен, верно (3; 7); Проверяющий обвёл y в «Если y = 7». Концовка решения продублирована вверху markup_1","[conceptual] Из уравнения (x-4)(y-7)=0 следует совокупность x=4 или y=7, а не x=4 или x=7. | [computational] При раскрытии 2(x + y - 9) получается 2x + 2y - 18, а не 2x + 2y - 12.",(4; 21); (7; 27),(3; 7)
W042,dev,8.4,0,0,incorrect,False,"Ошибка в формуле корней: знаменатель 5 вместо 2a = 10, x = (16 ± 6)/5 = 2; 4,4; верно x = 2,2; 1. Ответ (2; −1), (4,4; 11) неверен, верно (1; −6), (2,2; 0); Нумерация: «№N (k)» → N.k (Задание N, пункт k). Проверяющий зачеркнул только (4,4; 11), хотя (2; −1) тоже неверна. красные «+»/«−» в строке 5x² − 11x … 5x … 11 = 0 — неясно, что исправлено; следующая строка 5x² − 16x + 11 = 0 верна","[computational] При вычислении корней квадратного уравнения через дискриминант в знаменателе должно быть 2a = 10, а записано 5 (a).","(2; -1); (4,4; 11)","(1; -6); (2,2; 0)"
W042,dev,8.8,1,1,correct,False,"Ответ (2; 6), (1,25; 0); проверяющий поставил +","[notational] Описка при вычитании (написано +20 вместо +10), которая сразу же исправлена на следующей строке: 4x^2 - 13x + 10 = 0.","(2; 6); (1,25; 0)","(1,25; 0); (2; 6)"
W042,dev,8.12,1,1,correct,False,"Ответ (1; 7), (−1; 7); проверяющий поставил +",,(1; 7); (-1; 7),(-1; 7); (1; 7)
W042,dev,9.4,0,0,incorrect,False,"Потерян корень y = −4: из y² = 16 записано y = 4; ответ (3; 4), верно (3; 4), (3; −4); Проверяющий дописал ± к y = 4","[conceptual] Потерян отрицательный корень: из y^2 = 16 следует y = ±4, поэтому потеряно решение (3; -4).",(3; 4),(3; -4); (3; 4)
W043,dev,1,1,1,correct,False,,,106,106
W043,dev,2,1,1,correct,False,,,98,98
W043,dev,4,0,0,incorrect,False,"Ошибка в вычислении: 180 − 86 = 94, а не 104; Проверяющий исправил: 180 − 86 = 94","[computational] Арифметическая ошибка: 180 - 86 = 94, а не 104.",104,94
W043,dev,6,1,1,correct,False,,,33,33
W043,dev,8,1,1,correct,False,,,32,32
W043,dev,9,1,1,correct,False,,,34,34
W043,dev,10,1,1,correct,False,,,26,26
W043,dev,12,1,1,correct,False,,,38,38
W043,dev,13,1,1,correct,False,,,55,55
W043,dev,14,1,1,correct,False,,,73,73
W043,dev,16,1,1,correct,False,,,59,59
W043,dev,17,1,1,correct,False,,,24,24
W043,dev,18,1,1,correct,False,Ответ исправлен самим учеником (27 → 28),,28,28
W043,dev,19,1,1,correct,False,,,29,29
W043,dev,21,0,0,incorrect,False,Неверное утверждение ∠MCA = ∠A = 85° и ответ 5°; меньший угол равен 45° − 14° = 31°; Проверяющий: «почему?»,"[conceptual] Неверные рассуждения при нахождении углов треугольника: угол между высотой и биссектрисой равен 14°, значит, острые углы равны 45° - 14° = 31° и 45° + 14° = 59°.",5,31
W043,dev,22,0,0,incorrect,False,"Неверное утверждение ∠A = ∠ACM = 45°; из найденного ∠D = 79° следует ∠A = 90° − 79° = 11°; Проверяющий: «почему?», дописал ∠A = 90° − ∠D = 11","[conceptual] В решении верно найден меньший острый угол 11° (45° - 34° = 11°), однако в качестве ответа ошибочно указано 45°.",45,11
W043,dev,23,0,0,incorrect,False,"Ответ записан неверно, верный ответ 36°; Проверяющий исправил первую цифру ответа на 3 — проверь по фото, какое число было у ученика; ход решения верный","[conceptual] В условии дан угол между высотой и биссектрисой, равный 9°, а в решении берутся числа 36 и 54, не соответствующие условию. | [computational] 90 - 54 = 36, а не 46.",46,36
W043,dev,24,0,0,incorrect,False,Неверно переписано число: ∠DBC = 45° − 23° = 22°; дальше ответ 20° вместо 22°; Проверяющий: «неправильно переписал»,"[conceptual] В условии угол равен 23°, в решении ошибочно использовано число 25, а вычитание 45 - 25 дало 26.",20,22
W043,dev,25,1,1,correct,False,"Ответ 33 (∠A = ∠ABF, △ABF равнобедренный — медиана к гипотенузе); у проверяющего «???» у этого шага без +, итоговый ответ явно не выписан",,33,33
W043,dev,26,1,1,correct,False,,,26,26
W043,dev,28,1,1,correct,False,,,27,27
W043,dev,29,1,1,correct,False,,,78,78
W043,dev,30,0,0,incorrect,False,"Ошибка в вычислении: 90 − 74 = 16, у ученика другое число; Проверяющий исправил на 16","[computational] Арифметическая ошибка: 37 + 37 = 74, а 90 - 74 = 16.",18,16
W043,dev,31,0,0,incorrect,False,"Ошибка в вычислении: 90 − 56 = 34, а не 44; Проверяющий исправил на 34","[computational] Вместо 28° подставлено 22°, затем сумма 22 + 28 ошибочно сосчитана как 55, а 90 - 55 сосчитано как 44.",44,34
W043,dev,34,,0,not_solved,False,"Не дорешано: первая попытка зачёркнута, во второй ∠B = 90 − 61 = 29 (перепутан данный угол), ответа нет; проверяющий нарисовал кота",,,32
W046,dev,1,1,1,correct,False,"Нумерация — номера 1–60 варианта РЕШУ ОГЭ. Проверяющий поставил +. Вверху markup_1 фрагмент «а) 72/180…, б)…» — не из этого варианта, не размечен",,4,4
W046,dev,2,0,0,incorrect,False,"Неверный выбор варианта: a ≈ −0,5, a − 1 ≈ −1,5, 1/a ≈ −2, по убыванию a, a − 1, 1/a — ответ 1, у ученика 2; Проверяющий зачеркнул и написал 1","[conceptual] При a ≈ -0,4 имеем: 1/a ≈ -2,5; a - 1 ≈ -1,4; a ≈ -0,4. В порядке убывания: a, a - 1, 1/a, что соответствует варианту 1.",2,1
W046,dev,3,1,1,correct,False,"√52 ≈ 7,2 — точка P; проверяющий поставил +",,3,3
W046,dev,4,0,0,incorrect,False,"Неверный выбор: a ≈ −2,3, верно −1 − a > 0 (ответ 2); у ученика 4 (a + 3 = 0,7 > 0, неравенство a + 3 < 0 неверно); Проверяющий исправил на 2","[computational] При a ≈ -2,3 имеем a + 3 ≈ 0,7 > 0, неравенство a + 3 < 0 неверно. Верно неравенство -1 - a > 0 (-1 - (-2,3) = 1,3 > 0), что соответствует варианту 2.",4,2
W046,dev,5,0,0,incorrect,False,"5/9 ≈ 0,56, 11/17 ≈ 0,65 — между ними 0,6 (ответ 4), у ученика 3 (0,5); Проверяющий исправил на 4","[computational] 5/9 ≈ 0,555... и 11/17 ≈ 0,647. Число 0,5 не попадает в интервал (0,555; 0,647), а 0,6 попадает (вариант 4).",3,4
W046,dev,6,1,1,correct,False,Проверяющий поставил +,,3,3
W046,dev,7,1,1,correct,False,Проверяющий поставил +,,2,2
W046,dev,8,0,0,incorrect,False,"a ≈ −2,3, b ≈ 0,7: наибольшее −a ≈ 2,3 (ответ 2); у ученика 3; Проверяющий зачеркнул часть ответа и написал 2. ответ ученика читается как «3 2 4» / «3», какие цифры зачёркнуты — неясно","[conceptual] Для a ≈ -1,7 и b ≈ 0,7 получаем: -a ≈ 1,7, а a - b ≈ -2,4. Наибольшим является число -a (вариант 2).",4,2
W046,dev,9,1,0,not_solved,False,Проверяющий поставил +,,,4
W046,dev,10,1,1,correct,False,Проверяющий поставил +,,3,3
W046,dev,11,1,1,correct,False,Проверяющий поставил +,,2,2
W046,dev,12,1,1,correct,False,Проверяющий поставил +,,3,3
W046,dev,13,0,0,incorrect,False,"Ошибка в знаке при подстановке a = 2, b = −1: (−1 − 2)·2 = −6, у ученика 6 > 0; выбран вариант 1, верно 3 ((b − a)b > 0); Проверяющий исправил на 3","[computational] Число -6 отрицательно, а не положительно. Положительным является выражение (b - a)b = (-3) * (-1) = 3 > 0 (вариант 3).",1,3
W046,dev,14,1,1,correct,False,Проверяющий поставил +,,2,2
W046,dev,15,0,0,incorrect,False,"A — самая левая точка, наименьшее число 0,2 (ответ 1); у ученика 3; также 6/7 = 0,25 неверно (≈0,86); Проверяющий исправил на 1","[conceptual] Точка A самая левая, то есть соответствует наименьшему числу. Наименьшее число 0,2 (вариант 1), а 6/7 ≈ 0,857.",3,1
W046,dev,16,,0,not_solved,False,"Начато, не доведено: вычислены 45/19 и 52/19, ответа нет; проверяющий написал 3",,,3
W046,dev,17,0,0,incorrect,False,Спрашивается неверное утверждение: y − x < 0 неверно (ответ 1); ученик выбрал 2 (x²y > 0 — верно); Проверяющий исправил на 1,"[conceptual] По условию x < 0 < y и |y| > |x|. Тогда x^2 * y > 0 верно, а y - x < 0 неверно (так как y - x > 0). Требовалось указать неверное утверждение (вариант 1).",2,1
W046,dev,18,1,1,correct,False,Проверяющий поставил +,,1,1
W046,dev,19,1,1,correct,False,Проверяющий поставил +,,1,1
W046,dev,20,,0,not_solved,False,"Начато, не доведено: только деление 90 : 17, ответа нет; проверяющий написал 2",,,3
W046,dev,21,,0,not_solved,False,"Начато, не доведено: дошёл до 432/576 = …, ответа нет (промежуточно 432/(−24), затем исправлено); проверяющий написал 0,75",,,"-0,75"
W046,dev,22,1,1,correct,False,Проверяющий поставил +,,27,27
W046,dev,30,1,1,correct,False,"4⁻¹ = 0,25 — вариант 2; проверяющий поставил +",,2,2
W046,dev,39,1,1,correct,False,Проверяющий поставил +,,16,16
W046,dev,41,1,1,correct,False,Проверяющий поставил +,,"0,3","0,3"
W046,dev,42,1,1,correct,False,"Ответ 0,88; проверяющий поставил + и обвёл/дописал цифру 8. вторая цифра после запятой неразборчива (8 или 3)",,"0,88","0,88"
W046,dev,43,1,1,correct,False,Проверяющий поставил +,,"0,8","0,8"
W046,dev,44,0,0,incorrect,False,"Вычислительная ошибка: 0,6 · 0,4 · 0,4 = 0,096, у ученика ≈0,16; Проверяющий зачеркнул и написал 0,096. результат ученика неразборчив","[computational] 0,6 * 0,4 * 0,4 = 0,096, допущена ошибка в положении десятичной запятой.","0,96","0,096"
W046,dev,45,1,1,correct,False,Проверяющий поставил +,,"0,94","0,94"
W046,dev,46,0,0,incorrect,False,"Частота рождения мальчика 0,532 сравнена с вероятностью девочки 0,488 (0,044); вероятность мальчика 1 − 0,488 = 0,512, разница 0,02; Проверяющий зачеркнул 0,044 и написал 0,02","[conceptual] 0,488 — это вероятность рождения девочки. Вероятность рождения мальчика равна 1 - 0,488 = 0,512. Частота равна 532/1000 = 0,532. Разность: 0,532 - 0,512 = 0,02.","0,044","0,02"
W046,dev,47,1,1,correct,False,Проверяющий поставил +,,"0,1","0,1"
W046,dev,48,0,0,incorrect,False,"Вычислительная ошибка: 0,7 · 0,7 · 0,3 = 0,147, у ученика 0,1…7 (другие цифры); Проверяющий написал 0,147. результат ученика неразборчив","[computational] 0,7 * 0,7 * 0,3 = 0,49 * 0,3 = 0,147 (в столбике 49 * 3 посчитано неверно как 184).","0,187","0,147"
W046,dev,49,0,0,incorrect,False,"Всего 4 участника жребия: 1/4 = 0,25; у ученика 1/2 = 0,5; Проверяющий зачеркнул и написал 0,25","[conceptual] Всего ребят четверо (Миша, Олег, Настя, Галя), поэтому вероятность равна 1/4 = 0,25.","0,5","0,25"
W046,dev,50,1,0,incorrect,False,Проверяющий поставил +,"[conceptual] События несовместны, вероятности складываются: 0,2 + 0,1 = 0,3.","0,7","0,3"
W046,dev,51,1,1,correct,False,Проверяющий поставил +,,"0,5","0,5"
W046,dev,52,1,0,incorrect,False,"Режим training, политика п. 1.1 — замечание (найдено при офлайн-оценке политики 30.09). Было: Найдена вероятность для одного фонарика 0,98; для двух 0,98² = 0,9604 Проверяющий зачеркнул и написал 0,9604","[conceptual] 0,98 — это вероятность того, что один фонарик исправен. Для двух фонариков: 0,98 * 0,98 = 0,9604.","0,98","0,9604"
W046,dev,53,1,1,correct,False,Проверяющий поставил +,,"0,85","0,85"
W046,dev,54,1,1,correct,False,Проверяющий поставил +,,"0,9409","0,9409"
W046,dev,55,1,1,correct,False,Проверяющий поставил +,,"0,92","0,92"
W046,dev,56,1,1,correct,False,Проверяющий поставил +,,"0,75","0,75"
W046,dev,57,1,0,incorrect,False,"Режим training, политика п. 1.3 — замечание (найдено при офлайн-оценке политики 30.09). Было: Лишнее действие: искомая вероятность 0,45 + 0,35 = 0,8, ученик дальше записал 1 − 0,8 = 0,2 Проверяющий обвёл 0,8, + нет","[conceptual] Нужно было найти вероятность того, что достанется задача по одной из этих двух тем, то есть P = 0,45 + 0,35 = 0,8. Лишнее вычитание из 1 привело к неверному ответу.","0,2","0,8"
W046,dev,58,1,1,correct,False,Проверяющий поставил +,,"0,4","0,4"
W046,dev,59,1,1,correct,False,Проверяющий поставил +,,"0,89","0,89"
W046,dev,60,1,1,correct,False,Проверяющий поставил +,,"0,2","0,2"
W051,dev,1,0,0,incorrect,False,"Ответ 8 неверный: при R=2√5 из R² = a² + (a/2)² получаем a² = 16, S = 16; Проверяющий дописал «·2 = 16». Нумерация — Блок 1. начало решения не попало на фото (видно только S=√8·√8, S=8, ответ 8); номер задачи предположительно 1 (R=2√5, ответ 16) по исправлению проверяющего; если решалась №3 (R=√10), ответ 8 верен","[conceptual] Сторона квадрата не равна \sqrt{8}. Радиус OA = 2\sqrt{5}, если сторона a, то a^2 + (a/2)^2 = (2\sqrt{5})^2 = 20, откуда 5a^2/4 = 20, a^2 = 16, площадь S = 16.",8,16
W051,dev,9,1,0,incorrect,False,,"[conceptual] В условии Б2-9: хорда 30, расстояние 36, найти диаметр. Ученик решил постороннюю задачу с касательными и углом 56°.",28°,78
W051,dev,13,1,0,incorrect,False,,"[conceptual] В условии Б2-13: радиус 65, хорда 126, найти расстояние до касательной. Ученик нашёл вписанный угол по центральному 58° (описка: 59°).","29,5",81
W051,dev,15,1,0,incorrect,False,,"[conceptual] В условии Б2-15: угол между хордой и касательной равен 54°, найти угол OMK. Ученик решал задачу на центральный угол 113°.","56,5°",36
W051,dev,17,1,0,incorrect,False,,"[conceptual] В условии Б2-17: угол между хордой и касательной равен 69°, найти угол KOM. Ученик решал задачу с диаметрами AC и BD и углом 19°.",142,42
W051,dev,21,1,0,incorrect,False,,"[conceptual] В условии Б2-21: дуга 66°, найти угол между хордой и касательной. Ученик решал задачу о диаметрах и угле 54°.",72,33
W051,dev,25,1,0,incorrect,False,,"[conceptual] В условии Б2-25: угол между касательными 60°, OA=10, найти радиус. Ученик решал задачу об углах в окружности с углом 32°.",58°,5
W051,dev,27,1,0,incorrect,False,"Нет строки «Ответ», результат ∠NMB = 19 записан","[conceptual] В условии Б2-27: дуга AD = 130°, найти угол ACO. Ученик решал задачу с углом NBA = 71°.",19°,40
W051,dev,29,1,1,correct,False,,,36,36
W051,dev,31,1,1,correct,False,,,56,56
W051,dev,35,1,1,correct,False,Над задачей зачёркнут заголовок «№33»,,8,8
W051,dev,39,1,1,correct,False,,"[notational] Случайная ошибочная запись a = 20, которая затем перечёркнута/исправлена на d = 2r = 80, S = 80 * 80 = 6400.",6400,6400
W051,dev,43,0,0,incorrect,False,"Радиус вписанной окружности принят за сторону квадрата: a = 2r = 12√2, d = a√2 = 24; у ученика d = √((6√2)²+(6√2)²) = 12; Проверяющий дописал «·2 = 24»","[computational] Если r = 6\sqrt{2}, то сторона квадрата a = 2r = 12\sqrt{2}. Ученик записал 18\sqrt{2}, затем возвёл как 36*2 вместо (12\sqrt{2})^2, получив диагональ 12 вместо 24.",12,24
W051,dev,47,1,1,correct,False,,,19,19
W051,dev,55,,0,not_solved,False,"Начато, не доведено: записано только «Дано», решения нет; проверяющий нарисовал «=(",,,72
W051,dev,67,1,1,correct,False,,,53,53
W051,dev,69,0,0,incorrect,False,"Неверно переписано условие: в №69 ∠ABC = 70°, ∠CAD = 49° → ∠ABD = 70 − 49 = 21°; ученик взял ∠CAD = 34° (из №70) и получил 36° (для №70: 80 − 34 = 46°); Проверяющий зачеркнул 70°, написал 80° и исправил ответ на 46 (засчитал как №70). номер у ученика «№69», данные смешаны из №69 и №70","[conceptual] В условии угол CAD равен 49°, а у ученика записано 34°. Соответственно получено 70 - 34 = 36 вместо 70 - 49 = 21.",36,21
W051,dev,75,1,1,correct,False,,,66°,66
W051,dev,79,0,0,incorrect,False,"Вычислительная ошибка: AC² = 29² − 21² = 841 − 441 = 400, AC = 20; у ученика x² = 8², ответ 8; Проверяющий исправил на 20² и ответ 20","[conceptual] В условии радиус равен 14,5, а у ученика записано r = 13,5. Далее в вычислениях диаметр записан как 35 вместо 29. | [computational] Грубая ошибка вычисления разности квадратов: 35^2 - 21^2 = 1225 - 441 = 784 = 28^2, а не 8^2.",8,20
W051,dev,87,1,1,correct,False,,,124,124
W051,dev,95,1,1,correct,False,,,114°,114
W051,dev,99,1,1,correct,False,,,8,8
W051,dev,103,0,1,correct,True,"Ошибки в шагах при верном ответе: √(2a²) = 2a неверно (должно a√2), затем √3872 : 2 = √1936 неверно (√968); ошибки компенсировали друг друга, a = 44; Ответ 44 верный; проверяющий поставил +","[notational] Описка в промежуточной строке, которая далее исправлена через возведение в корень: a = \sqrt{3872 / 2} (или ученик исправил соотношение и получил a = 44).",44,44
W051,dev,107,1,1,correct,False,,,4,4
W051,dev,111,0,0,incorrect,False,"Подставлен неверный радиус: R = 3√3, a = R√3 = 3√3·√3 = 9; у ученика 5√3·√3 = 15; Проверяющий исправил 5 на 3, ответ на 9","[computational] В условии и в «Дано» радиус R = 3\sqrt{3}, однако в вычислениях подставлено 5\sqrt{3}, получено 15 вместо 3\sqrt{3} * \sqrt{3} = 9.",15,9
W052,dev,11,0,0,incorrect,False,"Вычислительная ошибка: 90 − 47 = 43, у ученика 53; Нумерация — Блок 1. Проверяющий зачеркнул и написал 43","[computational] Арифметическая ошибка: 90 − 47 = 43, а не 53.",53,43
W052,dev,12,1,1,correct,False,"Режим training (data/cards/modes.csv), политика п. 2.3 и 4.3 — замечание. Было: Не доведено / ответ не на вопрос: 71° — угол при основании треугольника ABC (CBA), искомый ∠ABO = 90 − 71 = 19°; также неверная запись цепочкой 180 − 38 = 142 : 2 = 71 Проверяющий написал «надо (180−38)/2» (замечание к записи), ответ не отметил",,71,19
W052,dev,13,1,1,correct,False,,,"29,5","29,5"
W052,dev,14,1,1,correct,False,,,"23,5","23,5"
W052,dev,16,1,1,correct,False,,,"86,5","86,5"
W052,dev,17,0,0,incorrect,False,"Неверно найдена дуга: ∪AB = 2·∠ACB = 38°, у ученика 19 : 2 = 9,5; верно ∠AOD = 180 − 38 = 142°, у ученика 170,5; Проверяющий расписал верное решение: ∪AB = 19·2 = 38, ∠AOD = 142",[conceptual] Неверное использование условия или угла: дуга AB не равна 19:2.,"170,5",142
W052,dev,19,0,0,incorrect,False,"Вычислительная ошибка: 180 − 146 = 34, у ученика 44; ∠ACB = 34 : 2 = 17°, у ученика 22; Проверяющий исправил 44 на 34 и 22 на 17","[computational] Арифметическая ошибка: 180 − 146 = 34, а не 44.",22,17
W052,dev,20,1,1,correct,False,,,36,36
W052,dev,22,1,1,correct,False,Проверяющий обвёл 24,,24,24
W052,dev,23,1,1,correct,False,,,69,69
W052,dev,24,1,1,correct,False,Проверяющий обвёл 65,,65,65
W052,dev,25,1,1,correct,False,Ученик сам исправил промежуточные записи,,58,58
W052,dev,26,1,1,correct,False,Описка: дуга обозначена ∪MN вместо ∪NB (180 − 86 = 94),,47,47
W052,dev,28,1,1,correct,False,,"[notational] Описка при записи разности (написано 484), далее корректно посчитано 44 : 2 = 22.",22,22
W052,dev,30,1,1,correct,False,,,52,52
W052,dev,32,1,1,correct,False,,,64,64
W052,dev,34,1,1,correct,False,,,88,88
W052,dev,36,1,1,correct,False,"Политика 30.09, п. 1.3 — замечание, не ошибка (rules/policy.csv). Было: Не ошибка по правилам (рассуждения верны, неверно выписан ответ / не сделан последний шаг): Ответ не на вопрос: радиус найден верно r = 22 : 2 = 11, но дальше записано S = 121 (площадь не спрашивалась); Ученик исправил 44 на 11; проверяющий обвёл 121 знаком корня (√121 = 11), + не поставил. что считать ответом ученика — r = 11 или S = 121",,11,11
W052,dev,38,1,1,correct,False,"Политика 30.09, п. 1.3 — замечание, не ошибка (rules/policy.csv). Было: Не ошибка по правилам (рассуждения верны, неверно выписан ответ / не сделан последний шаг): Ответ не на вопрос: радиус найден верно r = 62 : 2 = 31, но дальше записано S = 961 (площадь не спрашивалась); Ученик исправил 124 на 31; проверяющий обвёл 961 знаком корня, + не поставил. аналогично №36",,31,31
W052,dev,40,1,1,correct,False,Ученик исправил 224 на 324,,324,324
W052,dev,42,1,1,correct,False,,,196,196
W052,dev,44,1,1,correct,False,,,56,56
W052,dev,46,1,1,correct,False,Номер написан поверх другого (46/48),,96,96
W052,dev,47,1,1,correct,False,,,19,19
W052,dev,49,1,1,correct,False,,,6,6
W052,dev,51,1,1,correct,False,,,9,9
W052,dev,55,1,1,correct,False,,,72,72
W052,dev,58,1,1,correct,False,,,213,213
W052,dev,59,,0,not_solved,False,Зачёркнуто,,,3
W052,dev,62,,0,not_solved,False,Зачёркнуто,,,10
W052,dev,63,1,1,correct,False,Первая попытка зачёркнута,,30,30
W052,dev,66,1,1,correct,False,"Решено дважды (под заголовками «№66»); в первой записи описка 2·(9√3)·3 вместо ·√3, дальше верно 18·3 = 54. номер первой записи неразборчив (66 или 68)",,54,54
W052,dev,68,1,1,correct,False,Первые попытки зачёркнуты; итог 120 − 74 = 46,,46,46
W052,dev,69,1,1,correct,False,,,21,21
W052,dev,71,1,1,correct,False,"Политика 30.09, п. 2.1 — замечание, не ошибка (rules/policy.csv). Было: Не ошибка по правилам (рассуждения верны, неверно выписан ответ / не сделан последний шаг): Не доведено до ответа: записано ∠ABC = 51 + 42, значение 93 не вычислено; Проверяющий дописал «=93» и поставил +. считать ли недописанную сумму ошибкой",,93,93
W052,dev,73,1,0,incorrect,False,,[conceptual] Взято неверное значение угла ABD (138 вместо 78). Должно быть 78 + 40 = 118.,178,118
W052,dev,75,1,1,correct,False,,,66,66
W052,dev,77,1,1,correct,False,,,81,81
W052,dev,79,1,1,correct,False,Неаккуратная запись AC² = … = √400; первая попытка (сумма квадратов) зачёркнута. Проверяющий обвёл 20,,20,20
W052,dev,82,1,1,correct,False,,,10,10
W052,dev,83,1,1,correct,False,"Ученик исправлял промежуточные числа (r = 15, AB = 30)",,18,18
W052,dev,85,,0,not_solved,False,"Начато, не доведено: найдено только AB = 17; проверяющий дописал BC = √(17² − 8²)",,,15
W052,dev,87,1,1,correct,False,,,124,124
W052,dev,90,1,1,correct,False,,,147,147
W052,dev,92,0,0,incorrect,True,Неверный последний шаг: в равнобедренной трапеции ∠C = ∠B = 180 − 114 = 66°; ученик записал ∠C = 180 − 66 = 114°; Проверяющий обвёл 66 и поставил + (не учёл итоговую строку ∠C = 114),"[conceptual] Вписанная в окружность трапеция является равнобедренной, поэтому противоположные углы в сумме дают 180°: угол C = 180° − угол A = 180° − 114° = 66°.",114,66
W052,dev,94,0,0,incorrect,True,"Неверно найден ∠C: ∠C = ∠B = 180 − 47 = 133°, ученик записал ∠C = 47° (приравнял к ∠A); Проверяющий поставил +","[conceptual] Вписанная трапеция равнобедренная, угол C равен углу B: 180° − 47° = 133°, а не 47°.",47,133
W052,dev,103,1,1,correct,False,,,44,44
W052,dev,112,1,1,correct,False,,"[notational] Описка в формуле (вместо R*sqrt(3) написано r*sqrt(3) и умножение на 3), но итоговый ответ 15 получен верный (5*sqrt(3)*sqrt(3) = 15).",15,15
W053,dev,В1-1а,1,1,correct,False,"Нумерация: В1-/В2- — вариант I/II контрольной (task_2/task_1), 7 и 8 — задачи из task_3.jpg. Проверяющий поставил +",,(3; +\infty),(3; +\infty)
W053,dev,В1-1б,1,1,correct,False,Проверяющий поставил +,,(-\infty; -7],(-\infty; -7]
W053,dev,В1-1в,0,0,incorrect,False,"Ошибка деления: −0,2x ≤ −6 ⇒ x ≥ 30, у ученика x ≥ 1,2; Проверяющий написал x ≥ 30","[computational] При делении -6 на -0,2 получается 30, а не 1,2.","[1,2; +\infty)",[30; +\infty)
W053,dev,В1-1г,0,0,incorrect,False,"Ошибка: (1/4)x < −3 ⇒ x < −12 (умножить на 4), у ученика x < 0,75; Проверяющий написал x < −12",[conceptual] Неверное действие при решении линейного неравенства: нужно было умножить обе части на 4 или разделить -3 на 1/4 (получится -12).,"x < 0,75",(-\infty; -12)
W053,dev,В1-1д,1,1,correct,False,Проверяющий поставил +,,(-\infty; 0],(-\infty; 0]
W053,dev,В1-2а,0,0,incorrect,True,"7x ≤ 5 ⇒ x ≤ 5/7, у ученика x ≤ 7/5 = 1,4 (перевёрнута дробь); Проверяющий поставил +","[computational] Из уравнения 7x \le 5 следует x \le 5/7, а не 7/5.","x \le \frac{7}{5} = 1,4",(-\infty; 5/7]
W053,dev,В1-2б,1,1,correct,False,Проверяющий поставил +; первая попытка а) зачёркнута и переписана,,(5; +\infty),(5; +\infty)
W053,dev,В1-2в,1,1,correct,False,Проверяющий поставил +,,(-\infty; 4],(-\infty; 4]
W053,dev,В1-3а,0,0,incorrect,True,"решение до x < 6 верное, но в ответе (−∞; 4) — значения 4 нет в решении, это не описка при переписывании; Проверяющий поставил +; Исправлено после разбора ошибок (Ксения)","[notational] В предпоследней строке получено верное x < 6, но в итоговом промежутке ошибочно записано 4 вместо 6.",(-\infty; 4),(-\infty; 6)
W053,dev,В1-3б,1,1,correct,False,Проверяющий поставил +,"[notational] В неравенстве переменная y, а в ответе записан x.",(-\infty; -4],(-\infty; -4]
W053,dev,В1-4,0,0,incorrect,False,"Ошибка раскрытия скобок: −4(x − 2) = −4x + 8, у ученика −4x − 8; Проверяющий исправил знак на + | Ошибка домножения правой части на общий знаменатель 12: 2·12 = 24, у ученика 12; итог x > 25, верно x > 29; Не отмечено проверяющим","[conceptual] Неверно переписана правая часть: вместо 2 записано 1/2. | [computational] При раскрытии скобок -(4)(x - 2) должно получиться -4x + 8, а не -4x - 8.",(25; +\infty),(29; +\infty)
W053,dev,В1-5,1,1,correct,False,Проверяющий поставил +,,x \le \frac{7}{15},(-\infty; 7/15]
W053,dev,В2-1а,1,1,correct,False,Проверяющий поставил +,,(5; +\infty),(5; +\infty)
W053,dev,В2-1б,1,1,correct,False,Проверяющий поставил +,,(-\infty; -6],(-\infty; -6]
W053,dev,В2-1в,0,0,incorrect,False,"Ошибка деления: −0,3x ≤ −9 ⇒ x ≥ 30, у ученика x ≥ 3; Проверяющий дописал 0 (x ≥ 30)","[computational] При делении -9 на -0,3 получается 30, а не 3.",[3; +\infty),[30; +\infty)
W053,dev,В2-1г,0,0,incorrect,False,"Ошибка: (1/4)x < −5 ⇒ x < −20, у ученика x < 1,25; Проверяющий написал −20","[computational] Деление -5 на 1/4 дает -20, а не 1,25.","x < 1,25",(-\infty; -20)
W053,dev,В2-1д,1,1,correct,False,Проверяющий поставил +,,(-\infty; 0],(-\infty; 0]
W053,dev,В2-2а,1,1,correct,False,Проверяющий поставил +,,x \le \frac{7}{11},(-\infty; 7/11]
W053,dev,В2-2б,0,0,incorrect,False,"7x > 40 ⇒ x > 40/7, у ученика x > 7/40 (перевёрнута дробь); Проверяющий поставил знак вопроса/стрелку","[computational] Из 7x > 40 следует x > 40/7, перепутаны числитель и знаменатель.",x > \frac{7}{40},(40/7; +\infty)
W053,dev,В2-2в,1,1,correct,False,нет отметки проверяющего,,(-\infty; 2],(-\infty; 2]
W053,dev,В2-3а,1,1,correct,False,Строка «−2x > −9» записана неаккуратно (знак похож на +); нет отметки проверяющего,,"(-\infty; 4,5)","(-\infty; 4,5)"
W053,dev,В2-3б,1,1,correct,False,Проверяющий поставил +,"[notational] В неравенстве была переменная y, в ответе записан x.",(-\infty; -3],(-\infty; -3]
W053,dev,В2-4,0,0,incorrect,False,"Ошибка раскрытия скобок: −2(x − 5) = −2x + 10, у ученика −2x − 10; итог x < 16, верно x < −4; Проверяющий исправил знак на +","[computational] При раскрытии скобок -(2)(x - 5) должно получиться -2x + 10, а не -2x - 10. | [computational] При переносе -10 знак уже был изменен, в итоге получилось 16 вместо верного -4.",(-\infty; 16),(-\infty; -4)
W053,dev,В2-5,1,0,not_solved,False,Проверяющий поставил +,,не закончено (зачёркнуто),(-\infty; 3/17]
W053,dev,7,0,0,incorrect,False,"−8/(3 − 4x) ≤ 0 ⇔ 3 − 4x > 0 ⇔ x < 3/4; у ученика ответ [3/4; +∞) (неверный знак, к тому же включена точка вне ОДЗ); нет отметки проверяющего","[conceptual] Поскольку числитель отрицателен (-8 < 0), для выполнения неравенства вида дробь <= 0 знаменатель должен быть строго больше нуля: 3 - 4x > 0. | [computational] Из -4x <= -3 при делении на -4 знак неравенства меняется: x >= 3/4. В итоге в ответ неверно включена точка 3/4, несмотря на ОДЗ.",[\frac{3}{4}; +\infty),"(-\infty; 0,75)"
W053,dev,8,1,1,correct,False,"Проверяющий поставил +. Вверху markup_3 обрывок «Ответ: x∈(2,5;+∞)» — к какой задаче относится, неясно, не размечен",,(-\frac{10}{3}; +\infty),(-10/3; +\infty)
W054,dev,В1-1а,1,1,correct,False,"Нумерация: В1-/В2- — вариант 1/2 контрольной (task_2/task_1), 7 и 8 — задачи из task_3.jpg. Проверяющий поставил +",,x \in (3; \infty),(3; +\infty)
W054,dev,В1-1б,0,0,incorrect,False,"−7x ≥ 49 ⇒ x ≤ −7, ответ (−∞; −7]; у ученика строгое неравенство x < −7 и ответ (−∞; −7) — точка −7 потеряна; запись x < …7 исправлена поверх, минус в ответе, возможно, дописан проверяющим; + нет","[computational] При делении 49 на -7 получается -7, а знак неравенства должен быть нестрогим; в ответе потерян минус и скобка круглая вместо квадратной.",x \in (-\infty; 7),(-\infty; -7]
W054,dev,В1-1в,1,1,correct,False,"Не ошибка по правилам: в строке x > 30 строгий знак, но ответ [30; +∞) верный (скобку ставил сам ученик) — пометка ученику","[notational] В промежуточной строке написан строгий знак вместо нестрогого, но в ответе скобка квадратная.",x \in [30; \infty),[30; +\infty)
W054,dev,В1-1г,1,1,correct,False,Проверяющий поставил +,,x \in (-\infty; -12),(-\infty; -12)
W054,dev,В1-1д,1,1,correct,False,"Не ошибка по правилам: в строке x < 0 строгий знак, но ответ (−∞; 0] верный (скобку ставил сам ученик) — пометка ученику",,x \in (-\infty; 0],(-\infty; 0]
W054,dev,В1-2а,0,0,incorrect,False,"7x ≤ 5 ⇒ x ≤ 5/7 ≈ 0,71; у ученика x ≤ −0,71, ответ (−∞; −0,71] (лишний минус); Проверяющий написал 5/7","[computational] При делении положительного числа 5 на 7 получается положительное число 5/7, а не отрицательное -0,71.","x \in (-\infty; -0,71]",(-\infty; 5/7]
W054,dev,В1-2б,1,1,correct,False,"Описка: −9x < 45 вместо −9x < −45, ответ x > 5 верный; проверяющий поставил +",[computational] Описка со знаком при переносе: из 45 - 9x < 0 следует -9x < -45. Однако далее деление выполнено верно: x > 5.,x \in (5; \infty),(5; +\infty)
W054,dev,В1-2в,0,0,incorrect,False,"Ошибка приведения подобных: 11,6 − 2,9x ≥ 0 (2,4 + 0,5 = 2,9), у ученика 1,9x; Проверяющий исправил на 2,9 | При делении на отрицательное −1,9 получено x < −11,6 : 1,9 ≈ −6,1 — знак числа неверен (−11,6 : (−1,9) > 0), неравенство стало строгим; верный ответ x ≤ 4; Не отмечено проверяющим","[computational] Неверно приведено слагаемое с x: -2,4x - 0,5x = -2,9x, а не -1,9x.","x \in (-\infty; -6,1]",(-\infty; 4]
W054,dev,В1-3а,0,0,incorrect,True,"Ошибка приведения: 19 − 3x > 7 − x ⇒ 12 − 2x > 0, далее у ученика −4x > −12; Проверяющий поставил + | Ошибка деления: −4x > −12 ⇒ x < 3, у ученика x < −3; верный ответ x < 6; Проверяющий поставил +","[computational] Неверно приведены подобные слагаемые: 4 - 3x + 15 > 7 - x даёт 19 - 3x > 7 - x, то есть -2x > -12.",x \in (-\infty; -3),(-\infty; 6)
W054,dev,В1-3б,0,0,incorrect,False,"Ошибка переноса: 1,5 − 1,9 − 2,8 = −3,2, т.е. −0,8y ≥ 3,2 ⇒ y ≤ −4; у ученика −0,8y ≥ −3,2, ответ y < 4; Проверяющий дописал минус перед 3,2","[computational] Грубая ошибка при переносе и приведении слагаемых: 1,5 - 1,9 - 2,8 = -3,2, а не +3,2.",x \in (-\infty; 4),(-\infty; -4]
W054,dev,В1-4,0,0,incorrect,False,"Неверный знак ответа: x > 29, у ученика x > −29 (минус исправил проверяющий); Исправлено после аудита: вертикальная черта «+» — маркером проверяющего","[computational] Из -x + 29 < 0 следует -x < -29, то есть x > 29, а не x > -29.",x \in (-29; \infty),(29; +\infty)
W054,dev,В1-5,0,0,incorrect,False,"Решено уравнение вместо неравенства: 7 − 15x ≥ 0 ⇒ x ≤ 7/15; у ученика x = −7/15 ≈ −0,46; Проверяющий исправил на ≥ и написал ≤ 7/15",[conceptual] Выражение под корнем должно быть неотрицательным: 7 - 15x >= 0. Вместо решения неравенства решено уравнение.,"-0,46",(-\infty; 7/15]
W054,dev,В2-1а,1,1,correct,False,Проверяющий поставил +,,x \in (5; \infty),(5; +\infty)
W054,dev,В2-1б,0,0,incorrect,True,"−6x ≥ 36 ⇒ x ≤ −6, ответ (−∞; −6]; у ученика строгое x < −6 и круглая скобка; Проверяющий исправил скобку на ] и поставил +. скобка ] жирная — вероятно, исправление проверяющего","[computational] Неравенство нестрогое (должно быть <=), а в ответе потерян знак минус (-6 превратилось в 6).",x \in (-\infty; 6),(-\infty; -6]
W054,dev,В2-1в,0,0,incorrect,False,"−0,3x ≤ −9 ⇒ x ≥ 30, ответ [30; +∞); у ученика строгое x > 30 и круглая скобка; Проверяющий дописал черту под знаком (≥) и скобку [","[conceptual] Неравенство нестрогое, скобка должна быть квадратной: [30; +\infty).",x \in (30; \infty),[30; +\infty)
W054,dev,В2-1г,0,0,incorrect,True,"(1/4)x < −5 ⇒ x < −20; у ученика x < 20, ответ (−∞; 20); Проверяющий поставил +. минус перед 20 не виден","[computational] При делении отрицательного числа -5 на 0,25 потерян знак минус.",x \in (-\infty; 20),(-\infty; -20)
W054,dev,В2-1д,0,0,incorrect,False,"−20x ≥ 0 ⇒ x ≤ 0, ответ (−∞; 0]; у ученика x < 0 и (−∞; 0); нет отметки проверяющего","[conceptual] Неверно переписано условие (строгий знак вместо нестрогого), скобка должна быть квадратной: (-\infty; 0].",x \in (-\infty; 0),(-\infty; 0]
W054,dev,В2-2а,0,0,incorrect,False,"11x ≤ 7 ⇒ x ≤ 7/11 ≈ 0,64; у ученика ответ (−∞; −0,64] (лишний минус); Проверяющий написал x ≤ 7/11","[computational] Из 11x <= 7 следует x <= 7/11, число положительное, а получен отрицательный результат.","x \in (-\infty; -0,64]",(-\infty; 7/11]
W054,dev,В2-2б,0,0,incorrect,False,"14 − 3x < 4x − 26 ⇒ 40 − 7x < 0 ⇒ x > 40/7; у ученика x < −40, ответ (−∞; −40); Проверяющий написал −7x","[computational] Ошибка при приведении слагаемых: -3x - 4x = -7x, а не +x.",x \in (-\infty; -40),(40/7; +\infty)
W054,dev,В2-2в,0,0,incorrect,True,"x ≤ 2, ответ (−∞; 2]; у ученика строгое x < 2; Проверяющий исправил скобку на ] и поставил +. скобка ] жирная — вероятно, исправление проверяющего","[conceptual] Неравенство нестрогое, должна быть квадратная скобка: (-\infty; 2].",x \in (-\infty; 2),(-\infty; 2]
W054,dev,В2-4,0,0,incorrect,False,"Ошибка: (x + 4)/6 < 0 ⇒ x + 4 < 0 (0·6 = 0), у ученика x + 4 < 6; Проверяющий обвёл 0 и 6, написал 0·6 = 0. У ученика задача подписана «а)» | Вычислительная ошибка: из x + 4 < 6 следует x < 2, у ученика x < −1,5; верный ответ x < −4; Не отмечено проверяющим","[computational] В числителе (x + 22 - 18) = x + 4, но в правой части был 0, а на следующем шаге почему-то умножается на 6 и получается < 6 вместо < 0, далее x < -1,5.","x \in (-\infty; -1,5)",(-\infty; -4)
W054,dev,В2-5,0,0,incorrect,False,"Решено уравнение вместо неравенства: 3 − 17x ≥ 0 ⇒ x ≤ 3/17; у ученика x = 0,17; Проверяющий обвёл 0,17 и поставил «?»",[conceptual] Выражение под корнем должно быть неотрицательным: 3 - 17x >= 0. Вместо неравенства решено уравнение.,"x = 0,17",(-\infty; 3/17]
W054,dev,7,0,0,incorrect,False,"−8/(3 − 4x) ≤ 0 ⇔ 3 − 4x > 0 ⇔ x < 3/4 = 0,75; у ученика 3/4 = 1,3, ответ (−∞; 1,3); нет явной отметки проверяющего (знаки > в строках 3−4x>0, 4x>3 обведены жирно).","[computational] Из 3 - 4x < 0 следует -4x < -3, то есть 4x > 3, а не 4x < 3. Кроме того, 3/4 = 0,75, а не 1,3.","x \in (-\infty; 1,3)","(-\infty; 0,75)"
W054,dev,8,0,0,incorrect,False,"7/(10 + 3x) > 0 ⇔ 3x > −10 ⇔ x > −10/3; у ученика x < 3,3, ответ (−∞; 3,3); Проверяющий зачеркнул и написал x > −10/3","[computational] Из 3x > -10 следует x > -10/3 (-3,33...), а записано x < 3,3.","x \in (-\infty; 3,3)",(-10/3; +\infty)
W055,dev,2,1,1,correct,False,Видно только окончание решения (P = 2·3 + 2·22 = 50) вверху markup_1; отметка проверяющего не видна,,50,50
W055,dev,5,0,0,incorrect,True,"Неверно переписано условие: CK = 18, у ученика KC = 20; BC = 28, P = 2·(10 + 28) = 76, у ученика 80; Проверяющий поставил +. данные ученика совпадают с BK/CK из разных задач (№5: 10 и 18, №6: 11 и 20)","[conceptual] Неверно списано условие задачи: в условии дано CK = 18, а записано KL = 20, из-за чего получен неверный периметр (80 вместо 76).",80,76
W055,dev,8,1,1,correct,False,Проверяющий поставил +,,"120, 60, 120, 60","60°, 120°"
W055,dev,10,1,1,correct,False,Проверяющий поставил +,,"120, 60, 120, 60","60°, 120°"
W055,dev,12,1,1,correct,False,Проверяющий поставил +; ответ записан в п. 3–4 без слова «Ответ»,"[presentation] Значения углов найдены верно в пунктах 3 и 4, но строчка «Ответ» не записана.","120, 60 (в строках 3 и 4)","60°, 120°"
W055,dev,13,1,1,correct,False,Проверяющий поставил +,,8,8
W055,dev,16,1,1,correct,False,Проверяющий поставил +,,6,6
W055,dev,19,1,1,correct,False,Проверяющий поставил +,,5,5
W055,dev,21,1,1,correct,False,Исправлены описки в данных (AC = 12 → 10); проверяющий поставил +,,13,13
W055,dev,22,1,1,correct,False,Проверяющий поставил +,,25,25
W055,dev,24,1,1,correct,False,Проверяющий поставил +; высота обозначена CH/AH непоследовательно,,"14,4","14,4"
W055,dev,26,1,1,correct,False,Проверяющий поставил +,,"16,8","16,8"
W055,dev,27,1,1,correct,False,Проверяющий поставил +,,120/13,120/13
W055,dev,30,0,0,incorrect,False,"Площадь найдена через гипотенузу: S = ½·AC·CB = ½·35·120 = 2100, у ученика ½·125·120 = 7500; h = 2S/AB = 33,6, у ученика 12; Проверяющий исправил на AC·CB, 35 и ·AB","[conceptual] При вычислении площади перемножены гипотенуза и катет вместо двух катетов (AC=35 и CB=120). | [computational] 15000 / 125 = 120, а не 12.",12,"33,6"
W055,dev,32,0,0,incorrect,False,"Вычислительная ошибка: 20·48 = 960, S = 480; у ученика 560/2 = 280; h = 960/52 = 240/13, у ученика 280/26; Проверяющий написал 480","[computational] Ошибка в умножении: 20 * 48 = 960 (а не 560), откуда S = 480.",280/26,240/13
W055,dev,33,1,1,correct,False,Проверяющий поставил +,,26,26
W055,dev,37,1,1,correct,False,Проверяющий поставил +,,40,40
W055,dev,38,1,1,correct,False,Проверяющий поставил +,,25,25
W055,dev,45,1,1,correct,False,"Видно только окончание решения (x = 4(35 − x), MC = 28); проверяющий поставил +. Вверху markup_4 зачёркнутый обрывок «Ответ: 13,44» — к какой задаче, неясно, не размечен",[presentation] Не записано подобие треугольников и отношение сходственных сторон AB/CD = AM/MC.,28,28
W058,dev,1,1,1,correct,False,Есть только markup_2: видна концовка решения; ответ (1/8; 1/2) ∪ (8; 32) верный; проверяющий 2б,,x \in (1/8; 1/2) \cup (8; 32),(1/8; 1/2) \cup (8; 32)
W058,dev,2,0,0,incorrect,False,"Неверно выбраны промежутки: числитель −t² − 3t − 11 < 0 при всех t, поэтому нужно t(t+4) < 0, т.е. −4 < log₃x < 0, x ∈ (1/81; 1); у ученика (0; 1/81) ∪ (1; +∞); Проверяющий: «Прописывать почему учитываем только знаменатель», «4 промежутки неверное», 0б","[conceptual] Числитель $-t^2 - 3t - 11 = -(t^2 + 3t + 11)$ строго отрицателен при всех действительных $t$ ($D = 9 - 44 < 0$). Поэтому для выполнения неравенства знака $\ge 0$ знаменатель $t(t + 4)$ должен быть отрицательным, то есть $t(t + 4) < 0$, откуда $t \in (-4; 0)$, а не $(-\infty; -4) \cup (0; +\infty)$.",x \in (0; 1/81) \cup (1; +\infty),(1/81; 1)
W058,dev,3,0,1,correct,False,"В ограничениях неверно записано t > 0 (на ответ не повлияло). В экзаменной задаче неверное утверждение в решении — ошибка.; Режим exam / политика п. 6.3 (30.09). Было «верно»: Ответ (0; 1) ∪ {8} ∪ (64; +∞) верный; в ограничениях ошибочно записано t > 0 (не использовано) — проверяющий: «?», «Здесь пишешь так, а тут даже не учитываешь», 2б. ∪{8} дописано над строкой ответа","[notational] Ограничение $t > 0$ лишнее (логарифм может принимать любые действительные значения), однако далее при решении неравенства $t < 0$ не было отброшено и учтено корректно.","x \in (0; 1) \cup (64; +\infty), x = 8",(0; 1) \cup \{8\} \cup (64; +\infty)
W058,dev,4,,0,not_solved,False,"Начато, не доведено",,Не получен,[-1 + \sqrt{5}; 1) \cup [2; +\infty)
W060,dev,1,1,1,correct,False,Проверяющий поставил +,,"14,7","14,7"
W060,dev,2,1,1,correct,False,"Ответ 2000 = 27000 − (18000 + 7000); фактически дровяная «Огонёк» дороже электрической на 2000 (формулировка задания некорректна), ответ совпадает с эталонным; Проверяющий поставил +; Неточность в условии: по числам разница другого знака, чем в вопросе; ученик записал модуль разности — засчитано",,2000,2000
W060,dev,3,1,1,correct,False,"Проверяющий поставил +; Неточность в условии: по числам разница другого знака, чем в вопросе; ученик записал модуль разности — засчитано",,8300,8300
W060,dev,4,1,1,correct,False,Проверяющий поставил +,,25660,25660
W060,dev,6,1,1,correct,False,"У ученика 1,6 — верно (сверено Ксенией)",,"1,6","1,6"
W060,dev,7,1,1,correct,False,Проверяющий поставил +,,3,3
W060,dev,8,1,0,incorrect,False,"Ответ 0,02 (x·5^(4x−1)·25^(−2x) = x/5); Проверяющий поставил +","[computational] При вычислении выражения x * 5^(4x-1) * (5^2)^(-2x) = x * 5^(-1) = x/5 при x = 0,1 получается 0,1 / 5 = 0,02, а не 0,01.","0,01","0,02"
W060,dev,9,1,1,correct,False,Проверяющий поставил +,,"0,6","0,6"
W060,dev,10,1,1,correct,False,Проверяющий поставил +,,"0,4","0,4"
W060,dev,12,1,1,correct,False,Проверяющий поставил +,,260,260
W060,dev,13,1,1,correct,False,Проверяющий поставил +,,1,1
W060,dev,14,1,1,correct,False,Проверяющий поставил +,,20,20
W060,dev,17,1,1,correct,False,Проверяющий поставил +,,40,40
W060,dev,19,1,1,correct,False,Проверяющий поставил +,,2,2
W060,dev,20,1,1,correct,False,"Проверяющий обвёл точки 11 и 11 + √5, написал «Рисуй точки» (выколотые точки на прямой нарисованы неаккуратно), поставил 2б","[presentation] Лишняя точка 0 на числовой прямой, не влияющая на итоговый интервал решения.",(11; 11 + \sqrt{5}),(11; 11 + \sqrt{5})
W062,dev,Б1-1,1,1,correct,False,Нумерация Б1-N: задачи из Блока 1 (ФИПИ) задачника; во 2-м блоке номера повторяются. Ответ 10 км/ч; проверяющий поставил +,,10 км/ч,10
W062,dev,Б1-6,,0,not_solved,False,"Начато, не доведено: вверху стр.1 другой (чёрной) ручкой без номера, уравнение 112/x + 4 = 112/(x−9) (числа №6), решение оборвано. возможно, не часть работы ученика",,,25
W062,dev,Б1-9,1,0,incorrect,False,"Ответ 26 км (38t = 98,8; t = 2,6 ч); проверяющий поставил +","[computational] В условии расстояние между городами равно 82 км, в уравнении ученик ошибочно записал 32, затем в следующей строке прибавил 16,8 к 82, получил 38t = 99,8, неверно округлил t = 2,64 и получил ответ 26 (вместо точного уравнения 38t = 98,8, t = 2,6, S_2 = 26).",26 км,26
W062,dev,Б1-15,1,1,correct,False,Ответ 80 км/ч; проверяющий поставил +,"[presentation] На стр. 3 выписана строка «Ответ: 30 км/ч», однако само решение задачи №15 доведено до верного значения x = 80.",80,80
W062,dev,Б1-45,0,1,correct,False,"Вычислительная ошибка в сумме путей: 450+230+120 = 800, средняя скорость 800 : 10 = 80 км/ч; у ученика сумма и ответ неверные; Проверяющий исправил первую цифру на 8 в сумме, в дроби и в ответе (80). исходные цифры ученика под исправлением неразборчивы",,90 км/ч,90
W062,dev,Б1-46,1,1,correct,False,Ответ 55 км/ч; проверяющий поставил +,,55 км/ч,55
W062,dev,Б1-69,1,1,correct,False,Ответ 23 км/ч; проверяющий поставил +,"[notational] Описка при раскрытии скобок: записано 28 вместо 280, но далее вычислено верно: 270 - 280 = -10.",23 км/ч,23
W062,dev,Б1-70,1,1,correct,False,"Ответ 15 км/ч; первая попытка с ошибками зачёркнута, затем решено заново; проверяющий поставил +",,15 км/ч,15
W063,dev,Б1-1,1,1,correct,False,Нумерация Б1-N: задачи из Блока 1 (ФИПИ) задачника (во 2-м блоке номера повторяются). Ответ 10 км/ч; проверяющий поставил +,,10 км/ч,10
W063,dev,Б1-9,1,1,correct,False,Ответ 26 км; проверяющий поставил +,,26 км,26
W063,dev,Б1-86,1,1,correct,False,Ответ 20 км/ч; проверяющий поставил +,"[presentation] Описка при записи условия: написано 294 вместо 297, однако при делении на 3 сразу же получено верное число 99.",20,20
W063,dev,Б1-97,1,0,incorrect,False,Ответ 87 %; проверяющий поставил +,"[computational] Вместо коэффициента 10 перед x ошибочно подставлено 20 (было $10x + 16y = 14,3$). | [computational] Арифметическая ошибка: $20x - 16x = 4x$, а $14,3 - 19,52 = -5,22$. | [computational] Деление $-5,22$ на $-4$ дает $1,305$, а не $0,84$.",84%,87
W063,dev,Б1-121,,0,not_solved,False,"Начато, не доведено (оборвано на D = 64 − …). Кроме того, в составлении взята разность x+8 вместо x+13 деталей, уравнение x²+8x+208=0 без корней; верный ответ 13. Нет отметки проверяющего. номер прочитан как №121 (208 деталей, 8 часов)",,,13
W064,dev,Б1-1,1,1,correct,False,"Нумерация Б1-N: задачи из Блока 1 (ФИПИ) задачника (во 2-м блоке номера повторяются). Номер на странице не виден, определён по числам (60 км, +10, 3 ч). Ответ 10 км/ч; проверяющий поставил +",,10 км/ч.,10
W064,dev,Б1-5,1,1,correct,False,"Ответ 16 км/ч (x = 14, x+2 = 16); проверяющий поставил +","[notational] Пропущен знак минус перед свободным коэффициентом (-448), однако сам дискриминант посчитан верно: 16 + 3584 = 3600.",16 км/ч.,16
W064,dev,Б1-9,0,0,incorrect,False,"Ошибка в составлении уравнения: остановка 0,6 ч добавлена не к тому участнику — (82−x)/10 + 0,6 = x/28 вместо x/28 + 0,6 = (82−x)/10 (x — путь первого); верно x = 56, ответ 82 − 56 = 26 км, у ученика 5 км; Проверяющий обвёл знак + перед 6/10 и исправил на −, зачеркнул ответ 5 км | Вычислительная ошибка: из 2464 = 38x деление выполнено как на 32 (2464/32 = 1232/16 = 77), верно 2464/38 ≈ 64,8; Вторая ошибка в той же задаче; проверяющий отдельно не отметил","[conceptual] Время остановки первого велосипедиста добавлено ко времени второго, а не первого. Поскольку останавливался первый, уравнение времени до встречи должно иметь вид: x/28 + 36/60 = (82 - x)/10. | [computational] Арифметическая ошибка при сокращении дроби: 38 / 2 = 19, а не 16.",5 км,26
W064,dev,Б1-15,1,1,correct,False,Ответ 80 км/ч; проверяющий поставил +,,80 км/ч.,80
W064,dev,Б1-21,1,1,correct,False,Ответ 14 км/ч; первая запись уравнения зачёркнута; проверяющий поставил +,,14 км/ч.,14
W069,dev,5.5,1,1,correct,False,Нумерация: задание.номер по листу условия (Задания 4–10). У ученика «№5(5)»; проверяющий поставил +,,"x_1 = 0,5; x_2 = -0,2","-0,2; 0,5"
W069,dev,8.12,0,0,incorrect,False,"Вычислительная ошибка: 5·1 + y = 12 ⇒ y = 7, у ученика y = 60 / 62 (в ответе «67»); верный ответ (1; 7), (−1; 7); Проверяющий исправил на 7; ответ записан не парами","[computational] Ошибка при нахождении y: из уравнения 5 + y = 12 следует y = 12 - 5 = 7, а не -60.",x_1=1; x_2=-1; y=-60,(-1; 7); (1; 7)
W069,dev,9.1,0,0,incorrect,False,"Потерян корень: 3y² = 27 ⇒ y = ±3, у ученика только y = 3; верный ответ (2; 3), (2; −3); Проверяющий исправил 3 на ±3","[computational] Из 3y^2 = 27 следует y^2 = 9, откуда y = ±3. Отрицательный корень y = -3 потерян.",x = 2; y = 3,(2; -3); (2; 3)
W069,dev,9.7,0,0,incorrect,False,"Потерян корень: 4y² = 24 − 2·2² = 16 ⇒ y = ±2, у ученика только y = 2 (без выкладок); верный ответ (2; 2), (2; −2); Проверяющий: «как посчитал?»; «±» над y в ответе, по-видимому, дописан проверяющим (красный)","[computational] При x = 2 получаем 4y^2 = 24 - 8 = 16, откуда y^2 = 4, то есть y = ±2. Потеряно значение y = -2.",x = 2; y = 2,(2; -2); (2; 2)
W074,dev,1,1,1,correct,False,,,139,139
W074,dev,3,1,1,correct,False,,,106,106
W074,dev,4,1,1,correct,False,,,119,119
W074,dev,9,1,1,correct,False,,,65,65
W074,dev,11,,0,not_solved,False,"Начато, данные не совпадают с условием (углы 50° и 85° ⇒ ответ 45°), ответа нет, отметки проверяющего нет",,нет решения,45
W074,dev,12,,0,not_solved,False,Начато и зачёркнуто,,нет решения,35
W074,dev,14,1,1,correct,False,,,125,125
W074,dev,17,0,0,incorrect,False,"Вычислительная ошибка в лишнем шаге: ∠B = 180° − 66° записано как 24° (верно 114°); последней строкой решения стоит ∠B = 24, хотя острый угол — ∠A = 66°; Проверяющий обвёл 66 как ответ. Спорно: если ответом считать 66 — было бы 1","[computational] В условии требовалось найти острый угол параллелограмма (он равен 66°). Ученик начал искать соседний угол B и ошибся в вычислении: 180 - 66 = 114, а не 24.",24,66
W074,dev,20,0,0,incorrect,False,"Вычислительная ошибка: 44 + 44 = 88 записано как 38; дальше 180 − 38 = 92 (верно 88 — это тупой угол, острый ∠A = 88°); Проверяющий обвёл 38",[conceptual] Острый угол параллелограмма равен 88° (2 * 44°). Находить 180° - 88° не требовалось (это тупой угол).,92,88
W074,dev,21,1,1,correct,False,,,11,11
W074,dev,24,1,1,correct,False,,,7,7
W074,dev,25,1,1,correct,False,,,106,106
W074,dev,28,0,0,incorrect,False,Неверный ответ: меньший угол трапеции 180° − 108° = 72°; Проверяющий исправил на 72,"[computational] 180 - 108 = 72, а не 73.",73,72
W074,dev,29,1,1,correct,False,,,157,157
W074,dev,31,1,1,correct,False,,,129,129
W074,dev,36,1,1,correct,False,,,4,4
W074,dev,37,1,1,correct,False,,,139,139
W074,dev,39,1,1,correct,False,,,108,108
W074,dev,44,1,1,correct,False,,,59,59
W074,dev,45а,1,1,correct,False,,,17,17
W074,dev,45б,1,1,correct,False,,,13,13
W074,dev,50,0,0,incorrect,False,"Неверно найден отрезок: AF = 7 − 1,5 = 5,5 вместо (a + b)/2; высота равна 5; Проверяющий исправил CF на 5","[conceptual] Отрезок большего основания равен (7 - 3)/2 = 2. Тогда проекция диагонали равна 7 - 2 = 5, и высота равна 5, а не 5,5.","5,5",5
W074,dev,53,0,0,incorrect,False,"Неверно найдена проекция: высота равна (6 + 13)/2 = 9,5, у ученика 1,75 / 7,75; Проверяющий исправил на 9,5","[conceptual] Неверный метод: полуразность оснований равна (13 - 6)/2 = 3,5. Высота равна полусумме оснований: (13 + 6)/2 = 9,5.","1,75","9,5"
W074,dev,54,1,1,correct,False,,,78,78
W074,dev,56,1,1,correct,False,,,54,54
W074,dev,59,0,0,incorrect,False,"Вычислительная ошибка: 180 − (42 + 42) = 96 (у ученика записано 180 − 84 = 76); острый угол между диагоналями 84°, в ответе 76; Проверяющий обвёл 84","[computational] 180 - 84 = 96 (острый угол равен 180 - 96 = 84°), также допущена арифметическая ошибка: 180 - 84 ≠ 76.",76,84
W074,dev,60,0,0,incorrect,False,"Неверно: AC = BD = 2·BO = 74; у ученика AC = 56·2 = 112 (удвоена сторона AB); Проверяющий написал 74 (подпись «34·2», по смыслу 37·2)",[conceptual] Диагональ прямоугольника равна 2 * BO = 2 * 37 = 74. Ученик умножил сторону AB=56 на 2.,112,74
W074,dev,63,1,1,correct,False,,,22,22
W074,dev,65,0,0,incorrect,False,"Решены данные другой задачи: под №65 записано 180 − 76 = 104 (это №64); в №65 угол 35°, ответ 145; Исправлено после аудита по ключу","[conceptual] В условии угол равен 35°, а ученик решал для 76°.",104,145
W074,dev,68,0,0,incorrect,False,"Неверный ответ: меньший угол ромба 180° − 99° = 81°, у ученика 101; Проверяющий исправил на 81","[computational] 180 - 99 = 81, а не 101.",101,81
W074,dev,71,0,0,incorrect,False,"Вычислительная ошибка: 180 − 127 = 53, у ученика 153; Проверяющий: 180 − 127 = 53","[computational] 180 - 127 = 53, а не 153.",153,53
W074,dev,73,1,1,correct,False,,,48,48
W074,dev,75,1,0,incorrect,False,"Режим training, политика п. 1.1 — замечание (найдено при офлайн-оценке политики 30.09). Было: Не поделено пополам: ∠ACD = (180° − 56°)/2 = 62°, у ученика 124 Проверяющий исправил на 62","[conceptual] Найден смежный угол BCD=124°, но не найдена половина этого угла (угол ACD = 124° / 2 = 62°).",124,62
W074,dev,77,1,1,correct,False,,,12,12
W074,dev,79,0,0,incorrect,False,"Вычислительная ошибка: 180 − 146 = 34, у ученика 36 ⇒ 18; верно 17; Проверяющий: 180 − 146 = 34, 34 : 2 = 17","[computational] 180 - 146 = 34, а не 36. Из-за этого получено 34 / 2 = 17, а не 18.",18,17
W074,dev,80,1,0,incorrect,False,"Режим training (data/cards/modes.csv), политика п. 1.3 — замечание. Было: Ответ не на вопрос: высота ромба — катет против угла 30°, AP = 38 : 2 = 19 (ученик нашёл), но в ответ записан другой катет 19√3 Проверяющий обвёл 19","[conceptual] Катет, лежащий против угла 30°, и есть искомая высота ромба (h = 38 * sin 30° = 19). Ученик посчитал этот катет за проекцию AP и далее искал другой катет по теореме Пифагора.",19\sqrt{3},19
W074,dev,82,1,0,incorrect,False,"Режим training (data/cards/modes.csv), политика п. 1.3 — замечание. Было: Ответ не на вопрос: высота равна 22 : 2 = 11 (ученик нашёл), но в ответ записан другой катет 11√3 Проверяющий обвёл 11","[conceptual] Высота ромба равна 22 * sin 30° = 11, лишний шаг с теоремой Пифагора.",11\sqrt{3},11
W074,dev,85,0,0,incorrect,False,Неверный метод: большая высота = 32 : 8 = 4; у ученика AB = 8² + 8² = 128; Проверяющий написал 4,[conceptual] Неверный метод. Высоты параллелограмма находятся делением площади на сторону: 32 / 8 = 4 и 32 / 16 = 2. Большая высота равна 4.,128,4
W074,dev,89,1,1,correct,False,,,35,35
W074,dev,92,1,1,correct,False,,,80,80
W074,dev,93,0,0,incorrect,False,"Неверная высота: при угле 45° высота равна (8 − 4)/2 = 2, S = 12; у ученика высота 4, S = 24; Проверяющий исправил на 12","[conceptual] Высота трапеции равна (8 - 4)/2 = 2 (так как угол 45°), а не 4. Площадь равна 6 * 2 = 12.",24,12
W074,dev,95,1,1,correct,False,,,18,18
W074,dev,97,1,1,correct,False,Первая попытка найти h зачёркнута,,"12,5","12,5"
W074,dev,100,1,1,correct,False,,,72,72
W074,dev,101,1,0,incorrect,False,"Политика 30.09, п. 2.2 — замечание, не ошибка (rules/policy.csv). Было: Не ошибка по правилам (рассуждения верны, неверно выписан ответ / не сделан последний шаг): Не извлечён корень: d² = 196, d = 14; в ответе 196; Проверяющий дописал √196 = 14",[conceptual] Не извлечен корень из суммы квадратов катетов: d^2 = 196 => d = 14.,196,14
W074,dev,104,1,1,correct,False,Записано h = … = 324 = 18 (пропущен корень в записи),,18,18
W074,dev,105,0,0,incorrect,False,"Неверный метод: больший отрезок средней линии равен 19 : 2 = 9,5; у ученика (14 + 19) : 2 = 16,5; Проверяющий исправил на 9,5","[conceptual] Найдена средняя линия трапеции, а требовалось найти больший из отрезков средней линии, на которые её делит диагональ (он равен половине большего основания: 19 / 2 = 9,5).","16,5","9,5"
W074,dev,109,1,1,correct,False,,,6,6
W074,dev,112,1,1,correct,False,,,9,9
W075,dev,1,1,1,correct,False,Блок 1 задачника (ФИПИ),,139,139
W075,dev,5,1,1,correct,False,,,78,78
W075,dev,9,1,1,correct,False,,,65,65
W075,dev,11,1,1,correct,False,,,45^\circ,45
W075,dev,13,1,1,correct,False,,,105^\circ,105
W075,dev,17,1,1,correct,False,,,66^\circ,66
W075,dev,21,1,1,correct,False,,,11,11
W075,dev,25,1,1,correct,False,,,106^\circ,106
W075,dev,27,1,1,correct,False,,,49^\circ,49
W075,dev,29,1,1,correct,False,,,157^\circ,157
W075,dev,33,1,1,correct,False,,,71,71
W075,dev,37,1,1,correct,False,,,139^\circ,139
W075,dev,41,1,1,correct,False,,,41,41
W075,dev,45а,1,1,correct,False,,,17,17
W075,dev,45б,1,1,correct,False,,,13,13
W075,dev,46,1,1,correct,False,,,3,3
W075,dev,50,1,1,correct,False,,,5,5
W075,dev,54,1,1,correct,False,,,78,78
W075,dev,58,1,1,correct,False,Первая запись ∠COD исправлена на ∠BOC,,88^\circ,88
W075,dev,60,1,1,correct,False,,,74,74
W075,dev,64,1,1,correct,False,,,104,104
W075,dev,68,1,1,correct,False,,,81^\circ,81
W075,dev,72,1,1,correct,False,,,49,49
W075,dev,76,1,1,correct,False,Описка в обосновании: «ΔABC = ΔABC» вместо ΔABC = ΔADC,,23,23
W075,dev,80,1,1,correct,False,,,19,19
W075,dev,84а,1,1,correct,False,,,75,75
W075,dev,84б,1,1,correct,False,,,40,40
W075,dev,84в,1,1,correct,False,,,20,20
W075,dev,84г,1,1,correct,False,,,120,120
W075,dev,84д,1,1,correct,False,,,100,100
W075,dev,84е,1,1,correct,False,,,96,96
W075,dev,85,0,1,correct,True,"Режим экзамена: в ответ выписано не то, что спрашивали (не та величина / не доведено / не извлечён корень / не в той форме). Нужная величина была почти найдена — не хватило последнего шага.; Правило 29.09: в задачах формата экзамена ответ должен быть ровно на заданный вопрос → ошибка (раньше — замечание). В ответ записаны обе высоты (BH = 4; BM = 2), требовалась только большая — 4; проверяющий поставил +","[presentation] В условии требовалось указать только большую высоту (4), ученик выписал обе высоты.",BH = 4; BM = 2,4
W075,dev,89,1,1,correct,False,,,35,35
W075,dev,93,1,1,correct,False,,,12,12
W075,dev,97,1,1,correct,False,,,"12,5","12,5"
W075,dev,101,1,1,correct,False,,,14,14
W075,dev,105,,0,not_solved,False,"Начато (рисунок, дано) и зачёркнуто",,,"9,5"
W075,dev,109,1,1,correct,False,,,6,6
W077,dev,Б1-1,1,1,correct,False,"Номер = блок-номер задачи в листе (Б1/Б2/Б3 — блоки 1–3 сборника «14. Прогрессии»). Ответ 61, +",,61,61
W077,dev,Б1-2,1,1,correct,False,"Ответ −41, +",,-41,-41
W077,dev,Б1-3,0,0,incorrect,False,"Неверный ответ: 122, верно 39; Проверяющий зачеркнул и написал 39; ответ ученика неразборчив (122?)","[conceptual] Неверно найден член прогрессии. Разность прогрессии d = (25 - 17) / 4 = 2, тогда a_16 = a_9 + 7d = 25 + 14 = 39.",192,39
W077,dev,Б1-4,0,0,incorrect,False,"Неверный ответ: 4,55, верно 6,3; Проверяющий зачеркнул и написал 6,3","[computational] Неверно вычислена сумма первых 7 членов: S_7 = (2*0,6 + 0,1*6)/2 * 7 = 1,8/2 * 7 = 6,3.","4,55","6,3"
W077,dev,Б1-5,1,1,correct,False,"Ответ 110 (исправлен учеником), +",,110,110
W077,dev,Б1-6,1,1,correct,False,"Ответ 518, +",,518,518
W077,dev,Б1-7,1,1,correct,False,"Ответ 48, +",,48,48
W077,dev,Б1-8,0,0,incorrect,False,"Неверный ответ: 4,5 (неразборчиво), верно 7; Проверяющий зачеркнул и написал 7","[computational] Неверно определен номер отскока. Высоты: 1-й — 4,8 м, 2-й — 2,4 м, 3-й — 1,2 м, 4-й — 0,6 м, 5-й — 0,3 м, 6-й — 0,15 м, 7-й — 0,075 м < 0,1 м.",5,7
W077,dev,Б1-9,1,1,correct,False,"Ответ 7,5, +",,"7,5","7,5"
W077,dev,Б1-10,1,1,correct,False,"Ответ 2916, +",,2916,2916
W077,dev,Б2-1.1,1,0,incorrect,False,"Ответ 13, проверяющий поставил + на весь №1","[computational] a_5 = a_1 + 4*5 = -7 + 20 = 13, а не 3.",3,13
W077,dev,Б2-1.2,1,0,incorrect,False,"Ответ 9, проверяющий поставил + на весь №1","[computational] b_2 = -4/9, тогда b_3 = -4 / (-4/9) = 9, а не 3.",3,9
W077,dev,Б2-2,1,0,incorrect,False,"Ответ 6,2, +","[computational] a_6 = -4,3 + 5 * 2,1 = -4,3 + 10,5 = 6,2, а не 6,12.","6,12","6,2"
W077,dev,Б2-3,1,1,correct,False,"Ответ 37, +",,37,37
W077,dev,Б2-4,1,0,not_solved,False,"Ответ −56,4 (исправлен учеником, прежний зачёркнут), +",,нет ответа (зачёркнуто),"-56,4"
W077,dev,Б2-5,1,1,correct,False,"Ответ −7, +",,-7,-7
W077,dev,Б2-6,1,1,correct,False,"Ответ 145, +",,145,145
W077,dev,Б2-7,0,0,incorrect,False,"Неверный ответ: 10, верно −10; Проверяющий дописал минус","[computational] Потерян знак минус. Разность прогрессии равна -9, поэтому x = -1 + (-9) = -10.",10,-10
W077,dev,Б2-9,0,0,incorrect,False,"Неверный ответ: 486 (без минуса), верно −486; Проверяющий дописал минус; первая цифра неразборчива (4 или 9)",[computational] b_6 = -2 * 3^5 = -2 * 243 = -486.,986,-486
W077,dev,Б2-10,1,0,incorrect,False,"Режим training, политика п. 1.1 — замечание (найдено при офлайн-оценке политики 30.09). Было: Неверный ответ: −24 (неразборчиво), верно 9,6 Проверяющий зачеркнул и написал 9,6","[computational] Знаменатель q = 60 / (-150) = -0,4. Четвертый член равен b_4 = -24 * (-0,4) = 9,6, а найден только знаменатель прогрессии.","-0,4","9,6"
W077,dev,Б2-12,0,0,incorrect,False,"Неверный ответ: 32, верно −441; Проверяющий зачеркнул и написал −441",[conceptual] Неверно найдена сумма первых 6 членов: S_6 = -7*(1 - 2^6)/(1 - 2) = -7*(63) = -441.,32,-441
W077,dev,Б2-14,1,1,correct,False,"Ответ 32, +",,32,32
W077,dev,Б2-15,1,1,correct,False,"Ответ 58, +",,58,58
W077,dev,Б2-16,0,0,incorrect,False,"Неверный ответ: 155, верно 167; Проверяющий зачеркнул и написал 167","[computational] В первой строке 4 квадрата, тогда в 28-й: 4 + 27 * 6 = 166 + ? = 167 (или 4 + 28*6-6 = 166, по условию a_1=4, d=6 -> a_28 = 4 + 27*6 = 166... с учётом эталона 167: 5 квадратов в первой строке или ошибка в вычислениях, в любом случае 155 неверно).",155,167
W077,dev,Б2-17,0,0,incorrect,False,"Неверный ответ: 67400, верно 77400; Проверяющий зачеркнул и написал 77400",[computational] Сумма за 9 метров: S_9 = (2*3800 + 1200*8)/2 * 9 = (7600 + 9600)/2 * 9 = 8600 * 9 = 77400 руб.,69400,77400
W077,dev,Б2-19,0,0,incorrect,False,"Неверный ответ: 815 (неразборчиво), верно 945; Проверяющий зачеркнул и написал 945",[computational] Прошло 42/7 = 6 периодов. Осталось изотопа А: 960 / 2^6 = 960 / 64 = 15 мг. Масса изотопа Б: 960 - 15 = 945 мг.,815,945
W077,dev,Б2-20,0,0,incorrect,False,"Неверный ответ: 4, верно 328; Проверяющий зачеркнул и написал 328",[conceptual] Требовалось найти пройденное расстояние за 8 секунд: S_8 = (2*6 + 10*7)/2 * 8 = (12 + 70)*4 = 328 м.,4,328
W077,dev,Б2-22,0,0,incorrect,False,"Неверный ответ: 5, верно 7; Проверяющий зачеркнул и написал 7","[conceptual] Ответ не имеет смысла в контексте задачи. Высота после отскоков: 1-й: 320, 2-й: 160, 3-й: 80, 4-й: 40, 5-й: 20, 6-й: 10, 7-й: 5 (< 6 см). Верный ответ: 7.",2215,7
W077,dev,Б3-1,1,1,correct,False,"Ответ 5,4, +",,"5,4","5,4"
W077,dev,Б3-2,1,1,correct,False,"Ответ 8, +",,8,8
W077,dev,Б3-3,1,1,correct,False,"Ответ 6, +",,6,6
W077,dev,Б3-5,1,1,correct,False,"Ответ 62720, +",,62720,62720
W077,dev,Б3-6,0,0,incorrect,False,"Неверный ответ: 78, верно 48; Проверяющий зачеркнул и написал 48","[computational] С 08:00 до 18:00 прошло 10 часов, часы отстали на 30 мин (то есть на 3 мин в час). За 16 часов они отстанут на 16 * 3 = 48 минут.",78,48
W077,dev,Б3-8,1,1,correct,False,"Ответ 17, +",,17,17
W077,dev,Б3-11,0,0,incorrect,False,"Неверный ответ: 140, верно 35; Проверяющий зачеркнул и написал 35",[computational] После пятикратного деления число инфузорий увеличилось в 2^5 = 32 раза. Исходно было 1120 / 32 = 35 инфузорий.,140,35
W078,dev,Б1-1,1,1,correct,False,"Номер = блок-номер задачи в листе (Б1/Б2/Б3 — блоки 1–3 сборника «14. Прогрессии»); задачи, отмеченные учеником прочерком, не размечены. Ответ 61, +",,61,61
W078,dev,Б1-2,0,0,incorrect,False,"Неверный ответ: −340 (неразборчиво), верно −41; Проверяющий зачеркнул и написал −41",[computational] Через 4 минуты температура уменьшится на 4 * 7 = 28 градусов: -13 - 28 = -41.,-34^\circ C,-41
W078,dev,Б1-3,0,0,incorrect,False,"Неверный ответ: 40 (неразборчиво), верно 39; Проверяющий зачеркнул и написал 39",[computational] Разность d = (25 - 17) / 4 = 2. Число мест в 16-м ряду равно 25 + 2 * (16 - 9) = 25 + 14 = 39.,45,39
W078,dev,Б1-4,1,1,correct,False,"Ответ 6,3, +",,"6,3","6,3"
W078,dev,Б1-5,0,0,incorrect,False,"Неверный ответ: 150, верно 110; Проверяющий зачеркнул и написал 110",[computational] Путь за первые 5 секунд: 30 + 26 + 22 + 18 + 14 = 110 м.,150,110
W078,dev,Б1-6,0,0,incorrect,False,"Неверный ответ: неразборчиво (3..), верно 518; Проверяющий зачеркнул и написал 518",[computational] Сумма мест во всех 14 рядах: S_14 = (2 * 24 + 2 * 13) / 2 * 14 = (48 + 26) * 7 = 74 * 7 = 518.,392,518
W078,dev,Б1-7,1,1,correct,False,"Ответ 48, +",,48,48
W078,dev,Б1-8,1,1,correct,False,"Ответ 7, +",,7,7
W078,dev,Б1-9,0,0,incorrect,False,"Неверный ответ: 15, верно 7,5; Проверяющий зачеркнул и написал 7,5","[computational] За 36 минут пройдет 36 / 6 = 6 периодов полураспада. Масса составит 480 / 2^6 = 480 / 64 = 7,5 мг.",15,"7,5"
W078,dev,Б1-10,0,0,incorrect,False,"Неверный ответ: 372 (неразборчиво; первый вариант тоже зачёркнут), верно 2916; Проверяющий зачеркнул и написал 2916",[computational] За 100 минут пройдет 100 / 20 = 5 интервалов увеличения массы. Масса составит 12 * 3^5 = 12 * 243 = 2916 мг.,972,2916
W078,dev,Б2-2,0,0,incorrect,False,"Неверный ответ: 6,4, верно 6,2; Проверяющий зачеркнул и написал 6,2","[computational] a_6 = a_1 + 5d = -4,3 + 5 * 2,1 = -4,3 + 10,5 = 6,2.","6,9","6,2"
W078,dev,Б2-3,1,1,correct,False,"Ответ 37, +",,37,37
W078,dev,Б2-5,1,1,correct,False,"Ответ −7, +",,-7,-7
W078,dev,Б2-7,1,1,correct,False,"Ответ −10, +",,-10,-10
W078,dev,Б2-8,1,0,incorrect,False,"Режим training, политика п. 1.1 — замечание (найдено при офлайн-оценке политики 30.09). Было: Неверный ответ: 5,5, верно 1,1 Проверяющий зачеркнул и написал 1,1","[computational] Разность прогрессии d = (a_12 - a_7) / 5 = (13,9 - 8,4) / 5 = 5,5 / 5 = 1,1. Разность не была поделена на количество шагов.","5,5","1,1"
W078,dev,Б2-10,1,1,correct,False,"Ответ 9,6, +",,"9,6","9,6"
W078,dev,Б2-11,1,1,correct,False,"Ответ 615, +",,615,615
W078,dev,Б2-13,1,1,correct,False,"Ответ 12, +",,12,12
W078,dev,Б2-14,1,1,correct,False,"Ответ 32, +",,32,32
W078,dev,Б2-15,1,1,correct,False,"Ответ 58, +",,58,58
W078,dev,Б2-16,0,1,correct,False,"Неверный ответ: 1.. (неразборчиво), верно 167; Проверяющий зачеркнул и написал 167",,166,166
W078,dev,Б2-17,1,1,correct,False,"Ответ 77400 р., +",,77400 р.,77400
W078,dev,Б2-19,1,1,correct,False,"Ответ 945, +",,945,945
W078,dev,Б2-20,1,1,correct,False,"Ответ 328, +",,328,328
W078,dev,Б2-21,1,1,correct,False,"Ответ 5, +",,5,5
W078,dev,Б2-22,1,1,correct,False,"Ответ 7, +",,7,7
W078,dev,Б3-1,1,1,correct,False,"Ответ 5,4 (учеником исправлен), +",,"5,4","5,4"
W078,dev,Б3-2,1,1,correct,False,"Ответ 8, +",,8,8
W078,dev,Б3-3,1,1,correct,False,"Ответ 6 (учеником зачёркнуто 1082, записанное не в ту строку), +",,6,6
W078,dev,Б3-4,1,1,correct,False,"Ответ 1082 (учеником зачёркнуто 62720), +",,1082,1082
W078,dev,Б3-5,1,1,correct,False,"Ответ 62720, +",,62720,62720
W078,dev,Б3-8,1,1,correct,False,"Ответ 17, +",,17,17
W078,dev,Б3-9,1,1,correct,False,"Ответ 16, +",,16,16
W078,dev,Б3-10,0,0,incorrect,False,"Неверный ответ: 3, верно 2; Проверяющий зачеркнул и написал 2",[computational] Всего капель за курс: 15 + 20 + 25 + 30 + 35*3 + 30 + 25 + 20 = 270 капель. Для 270 капель достаточно 2 пузырьков по 140 капель (280 капель).,3,2
W078,dev,Б3-11,1,1,correct,False,"Ответ 35, +",,35,35
