work,split,task_no,label,pred,verdict,human_missed,label_text,model_errors,student_answer,correct_answer
W001,dev,В1-1.1,1,1,correct,False,,,3,3
W001,dev,В1-1.2,1,1,correct,False,,,1,1
W001,dev,В1-2.1,0,0,incorrect,False,"Подкоренное выражение может быть равно нулю: 0 ≤ 3x − 2, ответ [2/3; 2), а не (2/3; 2)","[conceptual] Подкоренное выражение должно быть неотрицательным: 3x - 2 ≥ 0, а не строго больше нуля. Поэтому левая граница входит в ответ: [2/3; 2).",(2/3; 2),[2/3; 2)
W001,dev,В1-2.2,1,1,correct,False,,,(-∞; -5),(-∞; -5)
W001,dev,В1-2.3,1,1,correct,False,"Не отмечено проверяющим: промежуточная строка 4 − 5x = 0 вместо ≥ 0 и квадратная скобка у −∞ в ответе [−∞; 0,8] (мелочи в записи). Проверяющий: +",,"(-∞; 0,8]","(-∞; 0,8]"
W001,dev,В1-3.1,1,1,correct,False,,,1; 10,1; 10
W001,dev,В1-3.2,,0,not_solved,False,Не дорешано; подсказка проверяющего: перенести √x в правую часть,,,0; 4
W001,dev,В1-4,0,0,incorrect,False,"При переносе знак должен смениться: x² + 4x + 3 > 0, а не < 0; Итоговый ответ (−1; +∞) верный, но не следует из шагов; итогового +/− нет","[computational] При переносе слагаемых из 2x+6 < x^2+6x+9 получается x^2+4x+3 > 0, а не < 0. Далее допущена компенсаторная ошибка в решении неравенства, случайно приведшая к верному интервалу.",(-1; +∞),(-1; +∞)
W001,dev,В2-1.1,1,1,correct,False,,,2,2
W001,dev,В2-1.2,1,1,correct,False,,,5,5
W001,dev,В2-2.1,0,0,incorrect,False,"Правая часть не возведена в квадрат: должно быть 3 − 2x ≤ 49 | Подкоренное выражение может быть равно нулю: 0 ≤ 3 − 2x; верный ответ [−23; 1,5]","[conceptual] При возведении неравенства √(3-2x) ≤ 7 в квадрат правая часть должна быть 7^2 = 49, а не 7. Должно быть: 0 ≤ 3-2x ≤ 49.","[-2; 1,5)","[-23; 1,5]"
W001,dev,В2-2.2,0,0,incorrect,False,"Нестрогое неравенство: 6 − 6x ≥ 0, ответ (−∞; 1], а не (−∞; 1)","[computational] Из 6 - 6x ≥ 0 следует x ≤ 1, то есть скобка у 1 должна быть квадратной: (-∞; 1].",(-∞; 1),(-∞; 1]
W001,dev,В2-2.3,1,1,correct,False,,,"(-∞; -5,5)","(-∞; -5,5)"
W001,dev,В2-3.1,1,1,correct,False,,,-5; 1,-5; 1
W001,dev,В2-3.2,,0,not_solved,False,Не решено; подсказка проверяющего: перенести √x вправо,,,0; 32
W001,dev,В2-4,0,0,incorrect,False,"При переносе знак неравенства не сменён: 26 − x < x² + 8x + 16 ⇔ x² + 9x − 10 > 0, а не < 0; из записанной системы ответ (1; 26] не следует; Проверяющий поставил ×. Итоговый ответ (1; 26] верный; та же ошибка со знаком, что в В1-4","[computational] При переносе из 26-x < x^2+8x+16 получается x^2+9x-10 > 0, а записан знак < 0 (далее ошибка скомпенсирована неверным выбором промежутков).",(1; 26],(1; 26]
W002,dev,1,1,1,correct,False,,,-2,-2
W002,dev,2,1,1,correct,False,,,-8,-8
W002,dev,3,1,1,correct,False,,,5,5
W002,dev,4,1,1,correct,False,,,10,10
W002,dev,5,1,1,correct,False,"В тетради номер обведён так, что похож на 8",,288,288
W002,dev,6,1,1,correct,False,,,131,131
W002,dev,7,1,0,incorrect,False,,"[conceptual] Точка x = 0 является точкой минимума, но для нахождения наименьшего значения на отрезке [-5; 3] необходимо также проверить значение на левом конце: y(-5) = 6·25 - (-125) + 17 = 292, y(3) = 54 - 27 + 17 = 44, наименьшее действительно 17, однако проверка концов отрезка не проведена, а на числовой прямой неверно расставлены знаки производной (производная 3x(4-x) отрицательна при x < 0 и положительна при 0 < x < 4, у ученика знаки -, +, -, но стрелки и логика не обоснованы).",17,17
W002,dev,8,1,1,correct,False,,,12,12
W002,dev,9,0,0,incorrect,False,"Перепутаны знаки производной: при x < 4 y' < 0, при x > 4 y' > 0, значит x = 4 — точка минимума; ответ 4, а не «нет точки минимума»","[conceptual] Неверно определены знаки производной y' = 1.5√x - 3. При x > 4 производная положительна, при 0 < x < 4 — отрицательна. Следовательно, точка x = 4 является точкой минимума, а не максимума.",нет точки минимума,4
W002,dev,10,1,1,correct,False,,,4,4
W002,dev,11,1,1,correct,False,,,14,14
W002,dev,12,1,1,correct,False,,,-119,-119
W002,dev,13,1,1,correct,False,,,3,3
W002,dev,14,1,1,correct,False,,,-1,-1
W002,dev,15,0,0,incorrect,False,"Неверная производная: (11 − x)' = −1, а не 1; дальше 1 + 11 − x превратилось в 10 − x — две ошибки компенсируют друг друга; верно y' = e^{x+11}(10 − x); Нет разметки, вердикт по сути. Ответ 10 верный. На знаковой прямой «−, +» (это минимум), но подписано max","[computational] Производная (11 - x)' равна -1, а не 1. Из-за этого и последующих ошибок в арифметике получилось верное число случайно.",10,10
W002,dev,16,,0,not_solved,False,не решено,,,24
W002,dev,17,,0,not_solved,False,не решено,,,-4
W002,dev,18,,0,not_solved,False,не решено,,,2
W002,dev,19,0,0,incorrect,False,"Ответ не на вопрос: спрашивали наибольшее значение на [−17; −2], а записана точка минимума −1 (вне отрезка); наибольшее значение y(−5) = 7; Нет разметки, вердикт по сути. Производная и критические точки −5, −1 найдены верно","[conceptual] В задаче требовалось найти наибольшее значение функции на отрезке [-17; -2], а не точку экстремума. Точка максимума x = -5 принадлежит отрезку, и наибольшее значение равно y(-5) = 7.",-1,7
W003,dev,5а,0,1,correct,False,"Деление на cos x без проверки, что cos x = 0 не является корнем (не потерян ли корень). Нужно рассмотреть случай cos x = 0 отдельно.; Режим exam / политика п. 6.10 (30.09). Было «верно»: Деление на cos x без обоснования, что cos x ≠ 0 не теряет корней; проверяющий не снял","[presentation] Ответ для tg x = 1 можно было записать одной серией: x = π/4 + πk, k ∈ ℤ. Запись двумя сериями не является ошибкой.",X_1 = \frac{\pi}{4} + 2\pi k; k \in \mathbb{Z}; X_2 = \frac{5\pi}{4} + 2\pi n; n \in \mathbb{Z},"x = \frac{\pi}{4} + \pi k, k \in \mathbb{Z}"
W003,dev,5б,1,1,correct,False,,,-19\pi/4,-19\pi/4
W003,dev,6а,1,1,correct,False,,,"x_1 = \frac{\pi}{6} + 2\pi k, k \in \mathbb{Z}; x_2 = \frac{5\pi}{6} + 2\pi n, n \in \mathbb{Z}; x_3 = \frac{4\pi}{3} + 2\pi h, h \in \mathbb{Z}; x_4 = \frac{5\pi}{3} + 2\pi c, c \in \mathbb{Z}","x = \frac{\pi}{6} + 2\pi k; x = \frac{5\pi}{6} + 2\pi k; x = -\frac{\pi}{3} + 2\pi k; x = -\frac{2\pi}{3} + 2\pi k, k \in \mathbb{Z}"
W003,dev,6б,0,0,incorrect,False,x₄ отсчитан не от той точки: −5π/2 + π/6 вместо −9π/2 + π/6; вышло −7π/3 (вне отрезка) вместо −13π/3,[computational] Опорная точка и вычисление выполнены неверно: корень из серии 5π/3 + 2πc на отрезке [-5π; -7π/2] равен -4π - π/3 = -13π/3. Значение -7π/3 не принадлежит заданному отрезку.,-23\pi/6; -14\pi/3; -7\pi/3,-14\pi/3; -13\pi/3; -23\pi/6
W003,dev,7а,1,1,correct,False,,"[presentation] Решение уравнения cos x = 0 можно записать одной серией x = π/2 + πk, k ∈ ℤ. Разбиение на две серии не является ошибкой.","x_1 = \frac{\pi}{2} + 2\pi k, k \in \mathbb{Z}; x_2 = \frac{3\pi}{2} + 2\pi n, n \in \mathbb{Z}; x_3 = \frac{5\pi}{6} + 2\pi h, h \in \mathbb{Z}","x = \frac{\pi}{2} + \pi k; x = \frac{5\pi}{6} + 2\pi k, k \in \mathbb{Z}"
W003,dev,7б,1,1,correct,False,,,-11\pi/2; -9\pi/2; -31\pi/6,-11\pi/2; -31\pi/6; -9\pi/2
W004,dev,1,1,1,correct,False,,,(-\infty ; 1\frac{3}{5}),"(-∞; 1,6)"
W004,dev,2,,0,not_solved,False,"Не дорешано; полный разбор в feedback.docx, ответ [−1; 3]",,не закончено,[-1; 3]
W004,dev,3,0,0,incorrect,True,"x ≤ 4/3 — нестрогое неравенство, ответ (−1/2; 4/3], а не (−1/2; 4/3); Проверяющий поставил +; скобка на фото круглая (подтверждено)","[notational] В итоговом ответе правая граница должна быть включена (квадратная скобка), так как неравенство нестрогое: x <= 1 1/3. Правильно: (-1/2; 1 1/3].",(-1/2 ; 1 1/3),"(-0,5; 4/3]"
W004,dev,4,0,0,incorrect,False,"Ошибка при сложении: 3,6 + 2,4 = 6, а не 5; верно 6 < 2x + y < 6,3","[computational] Ошибка при сложении левых частей неравенств: 3,6 + 2,4 = 6,0, а не 5.","5 < 2x + y < 6,3","6 < 2x + y < 6,3"
W004,dev,5,0,0,incorrect,False,"Неравенство 3 − 5x < 0 не решено, ответ взят наугад; верно x > 0,6, ответ (0,6; +∞) | Квадратная скобка у бесконечности: +∞]; Мелочь в записи, на фоне основной ошибки","[conceptual] Неравенство 3 - 5x < 0 решено неверно: -5x < -3 => x > 3/5 (то есть x > 0,6). Кроме того, у знака бесконечности всегда ставится круглая скобка.",[1; +\infty],"(0,6; +∞)"
W004,dev,6,,0,not_solved,False,"Не решено; разбор в feedback.docx: D: x ≤ 2/3, E: y ≥ 0",,нет ответа,"D(y) = (-∞; 2/3], E(y) = [0; +∞)"
W004,dev,7,1,0,incorrect,False,"Режим training, политика п. 2.4 — замечание (найдено при офлайн-оценке политики 30.09). Было: Задача просит целые решения, а в ответе промежуток [4,5; 10); нужно 5, 6, 7, 8, 9 Само решение системы верное","[conceptual] В задании требовалось найти целые решения системы неравенств, а не числовой промежуток. Целые решения: 5, 6, 7, 8, 9.","[4,5; 10)",5; 6; 7; 8; 9
W005,dev,В1-1б,1,1,correct,False,,,"0,5","0,5"
W005,dev,В1-2,0,0,incorrect,False,"Знак не определён по четверти: при π < α < 3π/2 sin α < 0, ответ −5/13, а не 5/13","[computational] Не учтён знак синуса в III четверти: при \pi < \alpha < \frac{3\pi}{2} синус отрицателен, поэтому \sin\alpha = -\frac{5}{13}.",5/13,-5/13
W005,dev,В1-3.2,1,1,correct,False,,,-1/(\sin\alpha+\cos\alpha),-1/(\sin\alpha + \cos\alpha)
W005,dev,В1-3.3,1,1,correct,False,,"[presentation] Описка при сокращении: в числителе после раскрытия скобок стояло 2\sin^2\alpha, записано как 2\sin\alpha, но итоговый ответ верный.",\operatorname{tg}\alpha,tg \alpha
W005,dev,В1-4,0,0,incorrect,True,"После верного 2 sin 60° cos 15° дважды записано cos 75°, и сокращено cos 75°/(−sin 75°) = −1 — это верно только для cos 15° = sin 75°; Проверяющий поставил +. Ответ −√3 верный; возможно, описка — если считаешь её мелочью записи, ставь 1","[conceptual] Не обосновано сокращение \cos 15^\circ и \sin(360^\circ-75^\circ) = -\sin 75^\circ; \cos 15^\circ \neq \sin 75^\circ со знаком плюс без формулы приведения \sin 75^\circ = \cos 15^\circ. Зачёркнутые промежуточные шаги содержали неверные переходы, сокращение произведено с ошибкой знака/функции, случайно давшей эталонный ответ.",-\sqrt{3},-\sqrt{3}
W005,dev,В1-5,1,1,correct,False,,,(1+\sin\alpha)/\cos\alpha,—
W005,dev,В2-2,0,1,correct,False,"Знак не определён по четверти: при π < α < 3π/2 cos α < 0, ответ −3/5",,-3/5,"-0,6"
W005,dev,В2-3.1,1,0,not_solved,False,,"[presentation] Итоговое выражение зачёркнуто, решение брошено.",нет ответа (зачёркнут верный результат),2\sin\alpha\cos\beta
W005,dev,В2-3.2,1,0,incorrect,False,"Режим training, политика п. 1.11 — замечание (найдено при офлайн-оценке политики 30.09). Было: Не доупрощено: 1 − 2 sin α cos α = (sin α − cos α)², ответ 1/(sin α − cos α) Итоговой отметки нет, только подсказка проверяющего; умножение в знаменателе записано похоже на минус","[conceptual] Выражение не упрощено до конца: знаменатель 1 - \sin 2\alpha сворачивается в (\sin\alpha - \cos\alpha)^2, после сокращения получается \frac{1}{\sin\alpha - \cos\alpha}.",(\sin\alpha - \cos\alpha)/(1 - \sin 2\alpha),1/(\sin\alpha - \cos\alpha)
W005,dev,В2-3.3,1,1,correct,False,,,\operatorname{tg}\alpha,tg \alpha
W005,dev,В2-4,1,0,incorrect,False,,"[computational] В числителе внезапно появился знак минус, которого не было на предыдущем шаге.",-\sqrt{2},-\sqrt{2}
W005,dev,В2-5,1,1,correct,False,,,(1+\cos\alpha)/\sin\alpha,—
W006,dev,25.1а,0,0,incorrect,True,"Потеряна серия корней: sin²x = 0 даёт x = πk, в ответе её нет; Проверяющий поставил +; номер в тетради похож на 23.1; степени записаны как sin x³ вместо sin³x","[conceptual] Уравнение sin^2 x = 0 выписано, но не решено: потеряна серия корней x = pi*k, k in Z. | [notational] Степени функций ошибочно записаны как степени аргументов: sin x^3 вместо sin^3 x и cos x^2 вместо cos^2 x.","x_1 = 5pi/4 + 2pi*n, n in Z; x_2 = 7pi/4 + 2pi*n, n in Z","pi*k, -pi/4 + 2pi*k, -3pi/4 + 2pi*k, k in Z"
W006,dev,26.4а,0,0,incorrect,False,Не решено уравнение sin x − 1 = 0: потеряна серия x = π/2 + 2πk,"[conceptual] Уравнение sin x - 1 = 0 выписано, но корни для него не найдены: потеряна серия x = pi/2 + 2pi*k, k in Z.","x_1 = 3pi/4 + 2pi*n, n in Z; x_2 = 5pi/4 + 2pi*n, n in Z","pi/2 + 2pi*k, +-3pi/4 + 2pi*k, k in Z"
W006,dev,29.1а,,0,not_solved,False,Не дорешано: верно сведено к 2t³ + √2t² − 2t − √2 = 0; подсказка проверяющего: (t − 1)(t + 1)(t + √2/2) = 0,,Решение не закончено,"pi/2 + pi*k, -pi/4 + pi*k, k in Z"
W006,dev,30.2а,,0,not_solved,False,"Не решено, записано только условие",,Решение отсутствует,"-pi/4 + pi*k, -pi/3 + pi*k, k in Z"
W007,dev,4.3,1,1,correct,False,,"[presentation] При раскрытии скобок (x - 2)(x + 3) должно быть -6, ученик написал +6, но в следующей строке x^2 + x - 12 = 0 свободный член посчитан верно (-6 - 6 = -12), описка исправлена сразу.",-3; 3; -4,-4; -3; 3
W007,dev,4.11,1,1,correct,False,"Опечатка: x² − 6x − 7x вместо x² − 6x − 7, на решение не повлияла","[notational] Не дописаны «= 0» и случайно дописан лишний x к числу 7, однако в следующей строке уравнение решено верно.",-1,-1
W007,dev,5.4,1,0,incorrect,False,"Режим training, политика п. 8.4 — замечание (найдено при офлайн-оценке политики 30.09). Было: 4/12 = 1/3, а не 0,3: корень записан неверно","[computational] Дробь 4/12 = 1/3 не равна конечной десятичной дроби 0,3. Округление обыкновенной дроби до 0,3 является вычислительной ошибкой.","0,3; -0,5","-0,5; 1/3"
W007,dev,5.12,,0,not_solved,False,Начато и зачёркнуто,,нет ответа,"1,2; 0,8"
W007,dev,6.3,,0,not_solved,False,"Не решено, записано только условие",,нет ответа,-3 ± √5
W007,dev,7.2,0,0,incorrect,False,"Ошибка при раскрытии скобок: x² − (3x − 10) = x² − 3x + 10; у этого множителя D < 0, а получены лишние корни 5 и −2 | (−3 − 7)/2 = −5, а не 5; верный ответ −5; 2; Также записано D = 9 − 40 = 49 вместо 9 + 40","[conceptual] При раскрытии скобок x^2 - (3x - 10) получается x^2 - 3x + 10 = 0 (нет действительных корней), а у ученика ошибочно записано x^2 - 3x - 10 = 0. Также во второй части x^2 + (3x - 10) = 0 должно быть x^2 + 3x - 10 = 0, что даёт корни 2 и -5.",5; -2; 2; 5,-5; 2
W007,dev,7.5,0,0,incorrect,False,"Та же ошибка: x² − (x − 6) = x² − x + 6, у него D < 0; лишние корни 3 и −2, верный ответ 2; −3; Итоговой отметки нет, проверяющий исправил знак","[conceptual] При раскрытии x^2 - (x - 6) получается x^2 - x + 6 = 0 (нет вещественных корней, D < 0), а у ученика ошибочно x^2 - x - 6 = 0. Появились лишние корни 3 и -2.",3; -2; 2; -3,-3; 2
W007,dev,8.3,0,0,incorrect,False,"При x = 1: y = 7 · 1 − 5 = 2; верный ответ (1; 2), (5/7; 0); В строке «= 0», в ответе (1; 3) — несогласованно","[computational] При подстановке x = 1 в y = 7x - 5 получается y = 2, у ученика вычислено с ошибками и записан ответ (1; 3).",(1; 3); (5/7; 0),(5/7; 0); (1; 2)
W007,dev,8.7,1,1,correct,False,В тетради подписано как 4),,(2; 10); (3/4; 0),"(0,75; 0); (2; 10)"
W008,dev,14.6а,1,1,correct,False,"Логика верная: HE — проекция MK, средняя линия △ABN ⇒ H — середина AB ⇒ M — середина A₁B₁. Не обосновано, почему основания именно MK = 2 и AN = 4 (MK ∥ AN как следы сечения на параллельных основаниях; HE = MK < AN); опечатка ½AK вместо ½AN; на чертеже N не на BC. Проверяющий: 1б","[notational] Описка в обозначении отрезков (вместо HE написано ME, вместо AN написано AK), при этом суть верная: проекция основания MK равна HE = 2, что составляет половину AN = 4, откуда H — середина AB, а M — середина A_1B_1.",M — середина A_1B_1,—
W008,dev,14.6б,1,1,correct,False,"Ответ √3 верный. Без пояснений: равенство △AMH и △KEN, BE = EN = x (E — середина BN), ∠B = 120°, BC = 4x из B₁K:KC₁ = 1:3. Проверяющий: 2б",,\sqrt{3},\sqrt{3}
W008,dev,14.3а,1,1,correct,False,"A₁M = BM = √(x² + y²) — верно. Треугольник записан как △A₁CM вместо △A₁C₁M; не сказано, что A₁C₁ = AC = y и что CC₁ ⊥ (A₁B₁C₁); сечение на чертеже не выделено. Проверяющий: 1б",,A_1MB — р/б треугольник,—
W008,dev,14.3б,1,1,correct,False,"Ответ 2√11 верный. Проверяющий поставил «?» у MH = √(x² + 4 − x² − 1), но шаг верный: (A₁B/2)² = (4x² + 4)/4 = x² + 1. Не выписана т. Пифагора для A₁B = √(4x² + 4); первая строка похожа на «ΔB = 2» вместо AB = 2; боковая сторона на чертеже подписана как √(x + 4). Проверяющий: 2б",,2\sqrt{11},2\sqrt{11}
W009,dev,Б1-1,1,1,correct,False,,,17,17
W009,dev,Б1-2,1,1,correct,False,,,13,13
W009,dev,Б1-3,1,1,correct,False,,,29,29
W009,dev,Б1-4,1,1,correct,False,,,25,25
W009,dev,Б1-5,1,1,correct,False,,,8,8
W009,dev,Б1-6,1,1,correct,False,,,11,11
W009,dev,Б1-7,1,1,correct,False,,,"7,5","7,5"
W009,dev,Б1-8,1,1,correct,False,,,"10,5","10,5"
W009,dev,Б1-9,1,1,correct,False,,,82,82
W009,dev,Б1-10,1,1,correct,False,,,86,86
W009,dev,Б1-11,1,1,correct,False,,,62,62
W009,dev,Б1-12,1,1,correct,False,,,63,63
W009,dev,Б1-13А,1,1,correct,False,,,1,1
W009,dev,Б1-13Б,0,0,incorrect,False,"Неверный знак координаты: b(2; −1), а не (2; 1); a·b = 6 − 4 = 2, а не 10; В Б1-6 на том же рисунке b(2; −1) прочитан верно; проверяющий исправил на 2","[conceptual] Неверно определены координаты векторов по рисунку: вектор a имеет координаты (3; 4), вектор b имеет координаты (2; -1). При правильных координатах скалярное произведение равно 3*2 + 4*(-1) = 2.",10,2
W009,dev,Б1-14А,1,1,correct,False,,,41,41
W009,dev,Б1-14Б,1,1,correct,False,,,71,71
W009,dev,Б2-1,1,1,correct,False,,,10,10
W009,dev,Б2-2,1,1,correct,False,,,13,13
W009,dev,Б2-3,1,1,correct,False,,,15,15
W009,dev,Б2-4,1,1,correct,False,,,17,17
W009,dev,Б2-5,1,1,correct,False,,,"2,9","2,9"
W009,dev,Б2-6,1,1,correct,False,"Ошибка 2,4² = 4,16 исправлена самим учеником",,"2,6","2,6"
W009,dev,Б2-7,1,1,correct,False,,,25,25
W009,dev,Б2-8,1,1,correct,False,,,25,25
W009,dev,Б2-9,1,1,correct,False,"Записано a + 2b − c вместо a + 2b − 3c, но считалось с 3c","[conceptual] Вместо вектора a + 2b - 3c вычислялся a + 2b - c (пропущен коэффициент 3 перед вектором c, хотя координаты 3c были найдены выше).",13,13
W009,dev,Б2-10,0,0,incorrect,True,"Ошибка в вычислении: 1 − 6 + 16 = 11, а не −21; a − b + 4c = (0; 11), длина 11, а не 21; Проверяющий поставил +","[computational] Арифметическая ошибка: 1 - 6 + 16 = -5 + 16 = 11, а не -21. Длина вектора равна 11.",21,11
W009,dev,Б2-11,0,0,incorrect,True,"Неверные знаки координат по рисунку: a(−1; −2), b(6; −1), c(−7; 2); a + b − c = (12; −5), длина 13, а не 5; Проверяющий поставил +; модули координат у ученика верные, ошибка в знаках; первая попытка зачёркнута","[conceptual] Неверно сняты координаты векторов по рисунку: a = (1; 2), b = (6; -1), c = (-7; 2). Итоговый вектор a + b - c = (14; -1), его длина sqrt(197).",5,13
W009,dev,Б2-12,0,0,incorrect,True,"Все три вектора взяты в обратном направлении (начало минус конец): a(−3; 5), b(−2; −4), c(−8; 3); Ответ 15 верный только потому, что длина не меняется при смене знака всего вектора; проверяющий поставил +","[conceptual] Неверно определены координаты вектора c по рисунку: начало (9; 1), конец (2; 4), значит c = (-7; 3). Ответ 15 получен из-за серии компенсирующих ошибок в координатах.",15,15
W009,dev,Б2-13,,0,not_solved,False,"Начато и зачёркнуто, у ученика «?»; нет разметки",,,
W009,dev,Б2-14,,0,not_solved,False,"Начато и зачёркнуто, у ученика «?»; нет разметки",,,
W009,dev,Б2-15,,0,not_solved,False,"Начато и зачёркнуто, у ученика «?»; нет разметки",,,
W009,dev,Б2-17,1,1,correct,False,,,21,21
W009,dev,Б2-18,1,1,correct,False,,,18,18
W009,dev,Б2-19,1,1,correct,False,,,-20,-20
W009,dev,Б2-20,1,1,correct,False,,,2,2
W009,dev,Б2-21,1,1,correct,False,,,59,59
W009,dev,Б2-22,1,1,correct,False,,,52,52
W009,dev,Б2-23,1,1,correct,False,,,26,26
W009,dev,Б2-24,1,1,correct,False,,,70,70
W009,dev,Б2-25,0,0,incorrect,True,"Вместо скалярного произведения координаты перемножены покомпонентно, и найдена длина вектора (−16; −30); ответ 34 — длина, а не значение выражения; Проверяющий поставил + | Неверно прочитаны b и c: b(1; −6) (взят в обратном направлении), c(−5; 2) (координаты переставлены); верно: a − b = (6; 6), (a − b)·c = −30 + 12 = −18","[conceptual] Неверно определены координаты векторов: a(6; 0), b(1; -5), c(4; -2). Кроме того, скалярное произведение векторов — это число, а не длина вектора.",34,-18
W009,dev,Б2-26,0,0,incorrect,True,"Вместо скалярного произведения координаты перемножены покомпонентно, и найдена длина вектора (20; 0); С координатами ученика ответ случайно совпал бы: 5·4 + 0·3 = 20; проверяющий поставил + | Неверно прочитаны координаты: a вертикальный, a(0; 5), а не (5; 0); b(5; 1) и c(−9; −4) взяты в обратном направлении; верно: b + c = (−4; −3), a·(b + c) = −15","[conceptual] Неверно сняты координаты векторов с рисунка: a(0; 4), b(4; 1), c(8; 3). Кроме того, скалярное произведение — это скаляр (сумма произведений соответствующих координат), а не вектор и не его длина.",20,-15
W009,dev,Б2-27,0,1,correct,True,"Оба вектора взяты в обратном направлении: a(−3; 1), b(−4; −8), у ученика a(3; −1), b(4; 8); Ответ 8 верный, так как (−a)·(−b) = a·b; проверяющий поставил +",,8,8
W009,dev,Б2-28,0,0,incorrect,False,"a и b прочитаны с рисунка в обратном направлении: a(3; 6), b(1; −4); верно a·2b = 6 − 48 = −42, а не −36; Нет разметки, вердикт по сути. У ученика a(−3; −6), b(−2; 4)","[conceptual] Неверно определены координаты вектора b по рисунку: из точки (7; 5) в (8; 2) вектор равен (1; -3), а не (-2; 4). Также для вектора a из (1; 1) в (4; 6) координаты (3; 5), а не (-3; -6).",-36,-42
W009,dev,Б2-29,1,1,correct,False,"Нет разметки, вердикт по сути. Ответ 3/5 верный",,3/5,"0,6"
W009,dev,Б2-30,0,0,incorrect,False,"√3600 = 60, а не 36: cos = 48/60 = 0,8, а не 4/3; Нет разметки, вердикт по сути. Косинус > 1 ученик не заметил","[computational] Ошибка при извлечении корня: \sqrt{3600} = 60, а не 36. Косинус равен 48/60 = 0,8.",4/3,"0,8"
W009,dev,Б2-31,0,0,incorrect,False,"Ошибка в вычислении: 8 + (−32) = −24, а не −26; cos α = −24/40 = −0,6; Проверяющий исправил, но итог записал «0,6» без минуса","[computational] Арифметическая ошибка: 8 - 32 = -24, а не -26. Итоговый косинус равен -24/40 = -0,6.",-13/20,"-0,6"
W009,dev,Б2-32,0,0,incorrect,False,"В знаменателе сумма вместо произведения: |a|·|b| = √(50·50) = 50, а не √(50 + 50) = 10; cos α = −0,8; Ответ −4 невозможен для косинуса, ученик не заметил","[conceptual] В знаменателе формулы косинуса стоит произведение длин векторов |a|*|b|, то есть \sqrt{50} * \sqrt{50} = 50, а не сумма под корнем. Косинус угла не может быть равен -4.",-4,"-0,8"
W009,dev,Б2-33,,0,not_solved,False,"Начато и зачёркнуто, у ученика «?»",,,
W009,dev,Б2-34,0,0,incorrect,False,"В знаменателе сумма вместо произведения: √(10·90) = 30, а не √(10 + 90) = 10; cos = 1, а не 3; Та же ошибка, что в Б2-32; проверяющий исправил и дописал формулу | Оба вектора взяты в обратном направлении: a(3; 1), b(9; 3); На ответ не влияет; не отмечено проверяющим","[conceptual] В знаменателе стоит произведение модулей векторов \sqrt{10} * \sqrt{90} = \sqrt{900} = 30, а не корень из суммы. Косинус равен 30/30 = 1 (косинус не может быть равен 3).",3,1
W009,dev,Б2-35,,0,not_solved,False,"Начато и зачёркнуто, у ученика «?»",,,
W009,dev,Б2-36,,0,not_solved,False,"Начато и зачёркнуто, у ученика «?»",,,
W010,dev,Б1-1,1,1,correct,False,,,17,17
W010,dev,Б1-2,1,1,correct,False,,,13,13
W010,dev,Б1-3,1,1,correct,False,,,29,29
W010,dev,Б1-4,1,1,correct,False,,,25,25
W010,dev,Б1-5,1,1,correct,False,,,8,8
W010,dev,Б1-6,1,1,correct,False,,,11,11
W010,dev,Б1-7,1,1,correct,False,,,"7,5","7,5"
W010,dev,Б1-8,1,1,correct,False,,,"10,5","10,5"
W010,dev,Б1-9,1,1,correct,False,,,82,82
W010,dev,Б1-10,1,1,correct,False,,,86,86
W010,dev,Б1-11,1,1,correct,False,,,62,62
W010,dev,Б1-12,1,1,correct,False,,,63,63
W010,dev,Б1-13А,1,1,correct,False,Первая попытка 13–14 зачёркнута самим учеником,,1,1
W010,dev,Б1-13Б,1,1,correct,False,,,2,2
W010,dev,Б1-14А,0,1,correct,False,"Ошибка при сложении: 35 + 6 = 41, а не 31; Проверяющий исправил",,41,41
W010,dev,Б1-14Б,0,0,incorrect,False,"Ошибка при умножении: 8 · 7 = 56, а не 72; ответ 71, а не 87; Проверяющий исправил","[computational] Ошибка при умножении: 8 * 7 = 56, а не 72. Соответственно, 56 + 15 = 71.",87,71
W010,dev,Б2-1,1,1,correct,False,,,10,10
W010,dev,Б2-2,1,1,correct,False,,,13,13
W010,dev,Б2-3,1,1,correct,False,,,15,15
W010,dev,Б2-4,1,1,correct,False,,,17,17
W010,dev,Б2-5,1,1,correct,False,"0,6b подписан как b(−5,4; 2,4)",,"2,9","2,9"
W010,dev,Б2-6,1,1,correct,False,,,"2,6","2,6"
W010,dev,Б2-7,1,1,correct,False,,,25,25
W010,dev,Б2-8,1,1,correct,False,,,25,25
W010,dev,Б2-9,1,1,correct,False,,,13,13
W010,dev,Б2-10,1,1,correct,False,,,11,11
W010,dev,Б2-11,1,1,correct,False,,,13,13
W010,dev,Б2-12,1,1,correct,False,Первая попытка вычисления длины зачёркнута,,15,15
W010,dev,Б2-13,1,1,correct,False,4c подписан как c(−8; −12),,51,51
W010,dev,Б2-14,1,1,correct,False,,,50,50
W010,dev,Б2-15,1,1,correct,False,,,"2,1","2,1"
W010,dev,Б2-16,0,0,incorrect,False,"Длина не может быть отрицательной: a − 2,7b + 0,4c = (−3,1; 0), длина 3,1, а не −3,1; Координаты и вектор найдены верно; проверяющий исправил и подписал «не может быть отриц.»","[conceptual] Длина вектора не может быть отрицательной: длина вектора (-3,1; 0) равна sqrt((-3,1)^2 + 0^2) = 3,1.","-3,1","3,1"
W010,dev,Б2-17,1,1,correct,False,Длины записаны как a = 2√3 вместо |a| = 2√3,,21,21
W010,dev,Б2-18,1,1,correct,False,,,18,18
W010,dev,Б2-19,1,1,correct,False,,,-20,-20
W010,dev,Б2-20,1,1,correct,False,,,2,2
W010,dev,Б2-21,1,1,correct,False,,,59,59
W010,dev,Б2-22,1,1,correct,False,,,52,52
W010,dev,Б2-23,1,1,correct,False,,,26,26
W010,dev,Б2-24,0,0,incorrect,False,"Ошибка при умножении: 6 · 7 = 42, а не 56; ответ 70, а не 84; Проверяющий исправил","[computational] Ошибка при умножении: 6 * 7 = 42, а не 56. Правильно: 42 + 28 = 70.",84,70
W010,dev,Б2-25,0,0,incorrect,False,"Ошибка в знаке: a − b = (6; 6), так как 0 − (−6) = 6, а не −6; (a − b)·c = −30 + 12 = −18, а не −42; Координаты по рисунку верные; проверяющий исправил","[conceptual] Неверно определены координаты векторов по рисунку. Должно быть: a = (6; 0), b = (1; -5), c = (4; -2). Тогда a - b = (5; 5), (a - b)*c = 5*4 + 5*(-2) = 10, либо при других считываниях знаков также допущены ошибки в координатах.",-42,-18
W010,dev,Б2-26,1,1,correct,False,,,-15,-15
W010,dev,Б2-27,1,1,correct,False,,,8,8
W010,dev,Б2-28,0,0,incorrect,False,"Ошибка при умножении: 6 · (−8) = −48, а не −46; ответ −42, а не −40; Проверяющий исправил","[computational] Ошибка при вычислении: 6 * (-8) = -48, а не -46. Соответственно, 6 - 48 = -42.",-40,-42
W010,dev,Б2-29,1,1,correct,False,,,"0,6","0,6"
W010,dev,Б2-30,1,1,correct,False,,,"0,8","0,8"
W010,dev,Б2-31,1,1,correct,False,,,"-0,6","-0,6"
W010,dev,Б2-32,1,1,correct,False,,,"-0,8","-0,8"
W010,dev,Б2-33,1,1,correct,False,,,0,0
W010,dev,Б2-34,1,1,correct,False,,,1,1
W010,dev,Б2-35,1,1,correct,False,,,"-0,28","-0,28"
W010,dev,Б2-36,1,1,correct,False,,,"0,96","0,96"
W011,dev,1.1,1,1,correct,False,,,-3,-3
W011,dev,1.2,1,1,correct,False,,,-5,-5
W011,dev,1.3,1,1,correct,False,,,-6,-6
W011,dev,1.4,1,1,correct,False,,,-10,-10
W011,dev,1.5,1,1,correct,False,,,-6,-6
W011,dev,1.6,1,1,correct,False,,,-4,-4
W011,dev,1.7,1,0,incorrect,False,,"[conceptual] Условие переписано неверно: вместо 24x^2 записано 24x, затем при взятии производной возникло 48x, а в уравнении 3x^2 - 48 = 0 потерян x.",0,0
W011,dev,1.8,1,1,correct,False,,,0,0
W011,dev,1.9,1,1,correct,False,,,-6,-6
W011,dev,1.10,1,1,correct,False,,,-2,-2
W011,dev,1.11,1,1,correct,False,,"[presentation] Описка при записи производной (432x вместо 32x), далее решено верно.",-8,-8
W011,dev,1.12,1,1,correct,False,,"[presentation] Свободный член списан как 14 вместо 16, на производную и ответ не повлияло.",-5,-5
W011,dev,2.1,1,1,correct,False,,,10,10
W011,dev,2.2,1,1,correct,False,,,4,4
W011,dev,2.3,1,1,correct,False,,,3,3
W011,dev,2.4,1,1,correct,False,,,6,6
W011,dev,2.5,1,1,correct,False,,,7,7
W011,dev,2.6,1,1,correct,False,,,9,9
W011,dev,3.1,1,1,correct,False,Вторая попытка рядом зачёркнута,,3,3
W011,dev,3.2,1,1,correct,False,,,48,48
W011,dev,3.3,1,1,correct,False,,,44,44
W011,dev,3.4,,0,not_solved,False,"Не решено. В листе 3.4: y = −7 + 243x − x³ на [−9; 9] (ответ 1451), ученик переписал без куба (−x), проверяющий написал «опечатка в задании». Номер в тетради похож на 1)",,,1451
W011,dev,3.5,1,1,correct,False,,"[computational] При подстановке -5 в функцию: -(-5)^3 = +125, а не -125. На нахождение максимума не повлияло.",243,243
W011,dev,3.6,1,1,correct,False,,,-7,-7
W011,dev,3.7,1,1,correct,False,,,9,9
W011,dev,3.8,1,1,correct,False,,,13,13
W011,dev,4.1,1,1,correct,False,,,3,3
W011,dev,4.2,1,1,correct,False,,,19,19
W011,dev,4.3,1,1,correct,False,,,11,11
W011,dev,4.4,0,0,incorrect,True,"При делении на 3 разделён только первый член: 42x − 3x² = 0 ⇒ 14x − x² = 0, корни 0 и 14, а не 0 и 14/3; Ответ 5 верный (минимум в x = 0); проверяющий поставил +","[computational] При делении 42x - 3x^2 на 3 получилось 14x - 3x^2 вместо 14x - x^2. Однако наименьшее значение функции на [-5; 9] достигается в x = -5: y(-5) = 21(25) - (-125) + 5 = 655, а y(0)=5, y(9)=977, здесь наименьшее значение действительно 5, но в x=0 локальный минимум, а знаки монотонности определены неверно.",5,5
W011,dev,4.5,1,1,correct,False,,,-117,-117
W011,dev,4.6,1,1,correct,False,,,-1005,-1005
W011,dev,4.7,0,0,incorrect,False,"Ошибка в вычислении: y(−1) = −1 + 6 − 9 + 21 = 17, а не 18; Проверяющий исправил на 17 | Неверные корни по теореме Виета: x² + 4x + 3 = 0 ⇒ x = −3 и −1, а не 4 и −1; На ответ не влияет: −3 — конец отрезка [−3; 0]; не отмечено проверяющим","[computational] Корни уравнения x^2+4x+3=0 равны -1 и -3, а не 4 и -1. | [conceptual] В точке x=-1 локальный минимум, но на отрезке [-3; 0] наименьшее значение достигается в точке x=-3: y(-3) = -27 + 54 - 27 + 21 = 21, а y(-1) = -1 + 6 - 9 + 21 = 17. Верный ответ 17.",18,17
W011,dev,4.8,1,1,correct,False,,"[presentation] Описка: написано 0 вместо 100, при этом корень извлечен как 10.",-8,-8
W011,dev,5.1,1,1,correct,False,,,144,144
W011,dev,5.2,1,1,correct,False,,,196,196
W011,dev,6.1,1,1,correct,False,,,36,36
W011,dev,6.2,1,1,correct,False,,,81,81
W011,dev,7.1,1,1,correct,False,Первая попытка зачёркнута,,37,37
W011,dev,7.2,1,1,correct,False,,,22,22
W011,dev,7.3,1,1,correct,False,,,13,13
W011,dev,7.4,1,1,correct,False,,,15,15
W011,dev,8.1,1,1,correct,False,,,-29,-29
W011,dev,8.2,0,0,incorrect,False,"Ошибка в вычислении: 6 · 36 = 216, а не 96; y(36) = 144 − 216 − 5 = −77, а не 43; Проверяющий: «неправильно посчитала здесь»",[computational] Неверно вычислено значение функции: y(36) = 2/3 * 36 * 6 - 6 * 36 - 5 = 144 - 216 - 5 = -77.,43,-77
W011,dev,8.3,0,0,incorrect,False,"Ошибка в вычислении: 36√36 = 216, а не 96; y(36) = 216 − 324 + 23 = −85, а не −205; Та же ошибка 6 · 36 = 96, что в 8.2; проверяющий исправил","[computational] x*sqrt(x) при x=36 равно 36*6 = 216, а не 96. Значение: 216 - 324 + 23 = -85.",-205,-85
W011,dev,8.4,1,1,correct,False,,,-8,-8
W011,dev,9.1,1,1,correct,False,,,-2,-2
W011,dev,9.2,1,1,correct,False,,,4,4
W011,dev,9.3,1,1,correct,False,,,-8,-8
W011,dev,9.4,1,1,correct,False,,,-8,-8
W011,dev,10.1,1,1,correct,False,,,1,1
W011,dev,10.2,1,1,correct,False,Свободный член записан неразборчиво (43 или 93); на производную не влияет,,-3,-3
W011,dev,10.3,1,1,correct,False,Свободный член записан как −402 вместо −398 (−400 − 2 вместо −400 + 2); на производную не влияет,,10,10
W011,dev,10.4,1,1,correct,False,,,-3,-3
W011,dev,11.1,0,0,incorrect,False,"Ошибка при раскрытии скобок: −(x + 3) = −x − 3, а не −x + 3; y' = −e^{3−x}(x + 2), точка максимума −2, а не 4; Проверяющий исправил","[computational] При вынесении e^{3-x} из e^{3-x} - e^{3-x}(x+3) получается 1 - (x+3) = 1 - x - 3 = -2 - x, откуда x = -2.",4,-2
W011,dev,11.2,0,0,incorrect,False,"Та же ошибка: −(x + 2) = −x − 2; y' = −e^{2−x}(x + 1), точка максимума −1, а не 3; Проверяющий исправил","[computational] При раскрытии скобок перед (x+2) стоит минус: 1 - x - 2 = -1 - x, откуда x = -1.",3,-1
W011,dev,11.3,1,0,not_solved,False,"В скобке (1 + 4 − x) вместо (−1 + 4 − x), получилось x = 5, ученик исправил ответ на 3 без исправления скобки — описка, исправлена самим учеником",,,3
W011,dev,11.4,1,1,correct,False,,,8,8
W011,dev,12.1,1,1,correct,False,,"[conceptual] Производная e^{x-5} равна +e^{x-5}, а не -e^{x-5}. При этом в скобках записано 1+x+5, то есть две ошибки знака взаимно скомпенсировались.",-6,-6
W011,dev,12.2,1,1,correct,False,,,-17,-17
W011,dev,12.3,0,0,incorrect,False,"Ошибка при раскрытии скобок: −(7 − x) = −7 + x; y' = e^{7−x}(x − 8), точка минимума 8, а не −8; Проверяющий не отметил: нет ни +, ни исправления (подтверждено по фото)","[computational] -(7-x) = -7 + x, скобка должна быть (-1 - 7 + x) = x - 8, откуда x = 8.",-8,8
W011,dev,12.4,0,0,incorrect,False,"Та же ошибка: −(3 − x) = −3 + x; y' = e^{3−x}(x − 4), точка минимума 4, а не −4; Проверяющий исправил","[computational] -(3-x) = -3 + x, скобка (-1 - 3 + x) = x - 4 = 0, откуда x = 4.",-4,4
W011,dev,13.1,1,1,correct,False,,,-3,-3
W011,dev,13.3,1,1,correct,False,,,9,9
W011,dev,14.1,0,0,incorrect,False,"Выбрана точка максимума: y' = e^{x+13}·x(x − 9), знаки + − +, минимум в x = 9, а не 0; Проверяющий подписал «max» у x = 0","[conceptual] Коэффициент при старшей степени x^2 положителен, поэтому знаки производной: + на (-inf; 0), - на (0; 9), + на (9; +inf). Точка минимума — 9, а не 0.",0,9
W011,dev,14.3,1,1,correct,False,Нет отметки проверяющего,,4,4
W011,dev,15.1,1,1,correct,False,"Первая попытка зачёркнута; в дискриминанте записано 58² + 3·4·280 вместо 58² − 4·3·280, результат 4 верный",,1,1
W011,dev,15.3,,0,not_solved,False,"Начато и зачёркнуто, у ученика «?»",,,8
W011,dev,16.1,0,0,not_solved,False,"Ошибка при умножении: 6 · 7 = 42, а не 56; y' = 3x² + 26x + 51 = (x + 3)(3x + 17), а не 3x² + 26x + 65 с D < 0; верный ответ 10 (в x = −3); Решение остановлено на D < 0, у ученика «?»; проверяющий советует раскрывать скобки. 56 подтверждено по фото","[computational] 2*7 + 6 = 20, 20 + 6 = 26, но 2*7*... (2x+6)(x+7) = 2x^2+20x+42, а не 56. Решение брошено с вопросом.",,10
W011,dev,16.3,1,1,correct,False,,,4,4
W011,dev,17.1,1,1,correct,False,,,3,3
W011,dev,17.3,0,0,incorrect,False,"Ошибка при раскрытии скобок: 1 − (x − 27) = 28 − x, а не −x − 26; точка максимума 28, наибольшее значение y(28) = 1; Проверяющий расставил скобки | При подстановке потерян множитель e^{28−x}: y(−26) = −53·e^{54}, а не −53","[computational] 1 - (x - 27) = 28 - x, откуда x = 28. Получено x = -26, не лежащее на отрезке [23; 40]. При x=28: y(28) = 1*e^0 = 1.",-53,1
W011,dev,18.1,1,1,correct,False,,,-21,-21
W011,dev,18.3,1,1,correct,False,,,-24,-24
W011,dev,19.1,1,1,correct,False,,,-35,-35
W011,dev,19.3,1,1,correct,False,,,"-0,5","-0,5"
W011,dev,20.1,0,0,incorrect,False,"В формуле производной частного плюс вместо минуса: для y = −(x² + 1)/x y' = (1 − x²)/x², точка максимума x = 1; Ответ 0 вне области определения; ученик: «не уверена, что так нужно решать»; проверяющий выписал формулу (u/v)'","[conceptual] Неверная формула производной частного: в числителе должен быть знак минус, а также в условии функция с минусом: y = -(x^2+1)/x. | [conceptual] Нельзя домножать само выражение производной на x^2, приравнивать к нулю нужно исходную дробь.",0,1
W011,dev,21,,0,not_solved,False,"Не решено, у ученика «?»",,,
W011,dev,22,,0,not_solved,False,"Не решено, у ученика «?»",,,
W011,dev,23,,0,not_solved,False,"Не решено, у ученика «?»",,,
W012,dev,1,0,0,incorrect,False,"Биссектриса делит прямой угол C: ∠BCD = 45°, ∠BCM = 90° − 35° = 55°, искомый угол 55° − 45° = 10°; ученик разделил пополам угол B (35 : 2 = 17,5); Проверяющий исправил: 55 − 45 = 10","[conceptual] Неверный метод нахождения угла между биссектрисой и высотой. В прямоугольном треугольнике угол между высотой и биссектрисой из прямого угла равен полуразности острых углов: |A - B| / 2 = |55° - 35°| / 2 = 10° (или ∠BCD - ∠BCM = 45° - (90° - 35°) = 45° - 55° ... точнее ∠BCM = 90° - 35° = 55°? Нет, в треугольнике BCM: ∠B = 35°, значит ∠BCM = 90° - 35° = 55° невозможно, так как ∠C = 90°, ∠BCM = 90° - 35° = 55° — это угол ACM, а ∠BCM = 90° - 55° = 35°. Тогда ∠DCM = 45° - 35° = 10°).","17,5",10
W012,dev,2,1,0,incorrect,False,,"[conceptual] Формула скалярного произведения векторов a(x1, y1) и b(x2, y2) — это x1*x2 + y1*y2 = 8*4 + (-9)*3 = 32 - 27 = 5. Записаны бессмысленные операции со степенями, ответ совпал случайно.",5,5
W012,dev,3,,0,not_solved,False,"Номер записан, решения нет (верный ответ 132: образующая = R√2)",,,132
W012,dev,4,1,1,correct,False,,,"0,2","0,2"
W012,dev,5,1,1,correct,False,"Нестандартный, но верный ход: P(хотя бы в одном останется) = 1 − 0,13 = 0,87 = 0,7 + 0,7 − a",,"0,53","0,53"
W012,dev,6,1,1,correct,False,,,9,9
W012,dev,7,1,1,correct,False,,,2,2
W012,dev,8,0,0,incorrect,False,"Перевёрнуто отношение: k = Δy/Δx = −2/10 = −0,2, а ученик нашёл Δx/Δy = 10/(−2) = −5; Проверяющий исправил","[computational] Значение производной равно угловому коэффициенту касательной: k = Δy / Δx = (-2 - 0) / (3 - (-5)) = -2 / 8 = -0,25. Вычислено неверное отношение.",-5,"-0,25"
W012,dev,9,1,1,correct,False,,,5000,5000
W012,dev,10,1,1,correct,False,,,13,13
W012,dev,11,1,0,incorrect,False,,"[conceptual] Неверно определены по графику точки функций: по условию гипербола проходит через (2; 2), откуда k = 4, а прямая через (1; -1) и (2; 2), откуда g(x) = 3x - 4. Ученик взял неверные координаты точек (2; 1) и (1; -4). Ответ -0,2 получился случайно из уравнения 5x^2 - 9x - 2 = 0.","-0,2","-0,2"
W012,dev,12,0,0,incorrect,True,"Ответ не на вопрос: спрашивали точку минимума; y' = 3x(x − 16), знаки + − +, минимум в x = 16, а 0 — точка максимума; Ученик сам подписал «т. max»; проверяющий поставил +","[conceptual] В условии требовалось найти точку минимума, а найдена точка максимума. Точка минимума функции равна 16.",0,16
W012,dev,13а,0,0,incorrect,False,При переносе −√6 превратилось в +4: должно быть 4sin²x + (√8 + 12)sin x + √6 = 0; Проверяющий обвёл √6 и поставил «?»; 0б за задачу | После замены sin x = t потеряна переменная в линейных членах: 4t² + √8 + 12 + 4 = 0 вместо 4t² + (√8 + 12)t + …; Решение не доведено,"[conceptual] Неверно переписано условие задачи: вместо -2 - \sqrt{8}\sin x записано -2\sqrt{18}\sin x, а вместо \sqrt{6} записано \sqrt{16}. | [conceptual] Грубые ошибки в алгебраических преобразованиях и замене переменной; решение не доведено до ответа.",,"x = -π/4 + 2πk; x = -3π/4 + 2πk; x = -π/3 + 2πk; x = -2π/3 + 2πk, k∈Z"
W012,dev,13б,,0,not_solved,False,Не решено,,,"-π/4, -π/3"
W012,dev,15,0,0,incorrect,False,"9^{x+1} = 3^{2x+2}, а не 3^{2x+1}; числитель t³ − 9t² + 27t − 27 = (t − 3)³; Проверяющий: «это 3-я степень? ничего не понятно», расписал ФСУ; 0б | Переход от t³ − t³ + t³ − 27 к (t − 3) ничем не обоснован и неверен (t³ − 27 ≠ t − 3); Ответ (−∞; 1] верный, но не следует из шагов | Метод рационализации применён без названия и обоснования; ОДЗ x ≠ 1,1 записано, но не решено; Проверяющий: «здесь прописать, что это рационализация + обосновать её», «над оформлением работаем!»","[computational] Неверный переход при замене 3^x = t: 9^{x+1} = 9 \cdot t^2, 3^{x+3} = 27t, а не t^3. Числитель должен раскладываться как t^3 - 9t^2 + 27t - 27 = (t - 3)^3. | [conceptual] Случайно получен множитель (t - 3) из неверного выражения t^3 - t^3 + t^3 - 27 = t^3 - 27 = (t-3)(t^2+3t+9).",(-\infty; 1],(-\infty; 1]
W013,dev,1а,0,1,correct,False,"Неверная запись степени: sin x² вместо sin²x (по смыслу решение верное).; Степени записаны как sin x² вместо sin²x. Пункт б) не решён (нарисована окружность с 5π/4 и 7π/4, отбора на [3π/2; 3π] нет). Проверяющий: + | 30.09: → 0 по политике 3.11 (запись sin x² — ошибка, не замечание), решение Ксении","[notational] Степень записана у аргумента, а не у функции: следует писать \sin^2 x, а не \sin x^2.","x = \pi n, n \in Z; x = 5\pi/4 + 2\pi n, n \in Z; x = 7\pi/4 + 2\pi n, n \in Z","x = \pi k; x = -\pi/4 + 2\pi k; x = -3\pi/4 + 2\pi k, k \in \mathbb{Z}"
W013,dev,2а,0,0,incorrect,False,"потеряна серия x = πn: у ученика только x = 3π/4 + 2πn и x = 5π/4 + 2πn (πn дописал проверяющий); Нет разметки, вердикт по сути. cos(2x − 3π/2) = −sin 2x, sin x(2cos x + √2) = 0, x = πn, ±3π/4 + 2πn. Множитель −1 при вынесении sin x опущен (на уравнение = 0 не влияет); Исправлено после разбора ошибок (Ксения)","[conceptual] Уравнение \sin x = 0 записано, но серия решений x = \pi n для него не выписана в ответ, корни потеряны.","x = 3\pi/4 + 2\pi n, n \in \mathbb{Z}; x = 5\pi/4 + 2\pi n, n \in \mathbb{Z}","x = \pi k; x = \pm 3\pi/4 + 2\pi k, k \in \mathbb{Z}"
W013,dev,3а,0,0,incorrect,False,"Потеряна серия корней: уравнение cos x − 1 = 0 записано, но не решено; в ответе нет x = 2πn; Проверяющий дописал cos x = 1 ⇒ x = 2πn; итогового +/− нет. У этого же ученика та же ошибка в 25.1а и 26.4а (W006)","[conceptual] Уравнение \cos x - 1 = 0 получено, но не решено: потеряна серия корней x = 2\pi n.","x = 7\pi/6 + 2\pi n, n \in \mathbb{Z}; x = 11\pi/6 + 2\pi n, n \in \mathbb{Z}","x = 2\pi k; x = -\pi/6 + 2\pi k; x = -5\pi/6 + 2\pi k, k \in \mathbb{Z}"
W013,dev,4а,0,1,correct,False,"Неверная запись степеней: sin x⁴, sin(2x)² вместо sin⁴x, sin²(2x) (по смыслу решение верное).; Степени записаны как sin x⁴, sin(2x)². Проверяющий: + | 30.09: → 0 по политике 3.11, как W013 1а","[notational] Степени записаны некорректно у аргумента (\sin x^4, \sin x^2), правильная запись: \sin^4 x, \sin^2 x.","x = 7\pi/12 + \pi n; x = 11\pi/12 + \pi n; x = \pi/12 + \pi n; x = 5\pi/12 + \pi n, n \in \mathbb{Z}","x = \pm \pi/12 + \pi k/2, k \in \mathbb{Z}"
W014,dev,1,0,0,incorrect,False,"Неверно найдена производная: (4t)' = 4, а не 4t; x'(t) = t + 4, x'(2) = 6, а не 10; Проверяющий исправил: «производная 4t ⇒ 4», «= 6»","[conceptual] Производная от $4t$ равна 4, а не $4t$. | [computational] Из-за неверной производной получено неверное значение скорости.",10,6
W014,dev,2,1,1,correct,False,,,2,2
W014,dev,3,1,1,correct,False,"В первой строке производной +45t вместо +45, в следующей строке исправлено","[presentation] Описка при дифференцировании ($45t$ вместо $45$), которая сразу же исправлена на следующей строке.",5,5
W014,dev,4,1,1,correct,False,"Корень записан как (−4 + 90)/2 — похоже, 20 написано как 90; результат 8 верный",,8,8
W014,dev,5,1,1,correct,False,,,9,9
W014,dev,6,1,1,correct,False,Число 180 в t² − 8t − 180 = 0 записано похоже на 110; одна строка зачёркнута,,18,18
W014,dev,7.1,1,1,correct,False,,,"0,4","0,4"
W014,dev,7.2,1,1,correct,False,,,"-1,5","-1,5"
W014,dev,7.3,1,1,correct,False,,,"-1,25","-1,25"
W014,dev,7.4,1,1,correct,False,,,"0,25","0,25"
W014,dev,7.5,1,1,correct,False,,,2,2
W014,dev,7.6,,0,not_solved,False,Номер без решения,,,"-0,5"
W014,dev,7.7,,0,not_solved,False,Номер без решения,,,"1,6"
W014,dev,7.8,0,0,incorrect,True,"Потерян знак углового коэффициента: касательная убывает, проходит через (−5; 5) и (3; −1), k = −6/8 = −0,75, а не 0,75; Проверяющий поставил +. Минуса в тетради нет (в 7.2 и 7.3 ученик его пишет)","[computational] Потерян знак минус: $-\frac{3}{4} = -0,75$.","0,75","-0,75"
W014,dev,7.9,,0,not_solved,False,Номер без решения,,,"1,4"
W014,dev,7.10,,0,not_solved,False,Номер без решения,,,"3,33"
W014,dev,7.11,,0,not_solved,False,Номер без решения,,,-4
W014,dev,7.12,,0,not_solved,False,Номер без решения,,,"2,25"
W014,dev,7.13,,0,not_solved,False,Номер без решения,,,"0,75"
W014,dev,7.14,,0,not_solved,False,Номер без решения,,,"-0,2"
W014,dev,8,1,1,correct,False,"Исправлено после аудита: ноль производной при x = 3 (по графику), ответ ученика 3 верен; проверяющий поставил −, прежнее объяснение перепутало точки",,3,3
W014,dev,9,0,0,incorrect,False,Записан угловой коэффициент (y = 3) вместо абсциссы: f'(x) = 3 при x = 5; Проверяющий: −,"[conceptual] Требовалось найти абсциссу точки ($x$), в которой $f'(x) = 3$. Абсцисса равна 5.",y = 3,5
W014,dev,10а,,0,not_solved,False,Начато и зачёркнуто: записано f'(x) = 0 (верная идея); у проверяющего «?»,,,0
W014,dev,10б,,0,not_solved,False,Начато и зачёркнуто; у проверяющего «?»,,,5
W014,dev,11,0,0,incorrect,False,"В точке −1 вершина графика, f'(−1) ≈ 0; наибольшая производная — в точке 2 (по ключу); Проверяющий: −. Только ответ",[conceptual] Неверно определена точка с наибольшим значением производной.,-1,2
W014,dev,12,0,0,incorrect,False,"В точке 3 минимум функции, f'(3) ≈ 0; наименьшая производная в точке −1, где функция круто убывает; Проверяющий: −. Только ответ",[conceptual] Неверно определена точка с наименьшим значением производной.,3,-1
W014,dev,13,0,0,incorrect,False,"В точке 2 вершина графика, f'(2) ≈ 0; наибольшая производная в точке −1, где функция круто возрастает; Проверяющий: −. Только ответ",[conceptual] Ответ не совпадает с верным.,2,-1
W014,dev,14,0,0,incorrect,False,"В точке 1 функция возрастает, f'(1) > 0; наименьшая производная в точке 2, где функция круто убывает (в точке 3 она только начинает убывать после вершины); Проверяющий: −. Только ответ",[conceptual] Ответ не совпадает с верным.,1,2
W014,dev,15а,1,1,correct,False,"Режим training (data/cards/modes.csv), политика п. 1.1 — замечание. Было: Не доведено до ответа на вопрос: найдена ордината точки касания y(1) = 7, но c не найдено; нужно f(1) = 3 − 3 + c = 7 ⇒ c = 7 Ответ 7 совпал, потому что f(1) = c; проверяющий поставил +. Перед 6x − 3 = 3 лишняя строка 6x − 3 = 0",,7,7
W015,dev,4а,1,1,correct,False,"Построение описано верно (KL ∥ AB в ABD, KN ∥ CD в ACD, NM ∥ AB в ABC; сечение KLMN), но не обосновано, что LM ∥ CD и что KLMN — параллелограмм. Проверяющий: один + на всю задачу","[presentation] Не указано соединение точек L и M, а также тот факт, что LM ∥ CD.",сеч: KLMN,"Четырёхугольник KLMN (где KL ∥ AB, KN ∥ CD, NM ∥ AB, ML ∥ CD)"
W015,dev,4б,1,1,correct,False,"Ответ 90° верный. Записано KM = ½CD = 3 вместо KN; не сказано, что NM = KL = ½AB = 4 и что угол между AB и CD равен ∠KNM (NM ∥ AB, KN ∥ CD)",,90°,90°
W015,dev,5а,0,0,incorrect,False,"Ход мыслей верный, но обоснований недостаточно: не показано, что O — середина B₁C, и почему прямая MO лежит в плоскости α; Логика верная: MO — средняя линия △A₁B₁C ⇒ MO ∥ A₁C ⇒ MO ⊂ α ⇒ O ∈ α. Не сказано, что O — середина B₁C; ссылка на «признак параллельности» вместо нужного свойства. Отдельной отметки нет; Исправлено после разбора ошибок (Ксения): ошибка с пометкой «ход мыслей верный»","[conceptual] Отрезок MO параллелен CA₁ только если O — конкретная точка (середина CB₁). Ученик утверждает, что *любая* плоскость проходит через MO, хотя плоскость может пересекать грань иначе. Не доказано, что если плоскость α проходит через M и параллельна CA₁, то она обязана содержать именно точку O.",Доказано через среднюю линию MO,"Доказательство через рассмотрение плоскости, проходящей через диагональ CA₁ и параллельной ей прямой, содержащей точку M, либо через признак параллельности прямой и плоскости"
W015,dev,5б,1,1,correct,False,"Ответ arccos 0,64 верный (cos = 16/25). Не описано, как направлены оси координат; 16/25 записано похоже на −6/25. Проверяющий: +","[notational] Некорректная запись: написано «arccos = 0,64» вместо «угол равен arccos(0,64)».","arccos 0,64 (записано как arccos = 0,64)","arccos(16/25) (или arccos 0,64)"
W015,dev,7,1,1,correct,False,"Ответ 3 верный, но найдено расстояние от O, а не от A: не обосновано, что ρ(A; BSC) = ρ(O; BSC), так как AO ∥ BC ⇒ AO ∥ (BSC) (позже error_type = presentation). SOM ⊥ BC записано похоже на SOM ∥ BC. Проверяющий: +","[notational] Описка в обозначении отношения: плоскость SOM перпендикулярна BC, а не параллельна, что верно раскрыто в скобках (OM ⊥ BC, SO ⊥ BC). | [notational] Описка: OK ⊥ SM (или OK — высота треугольника SOM к SM).",3,3
W016,dev,1.2,0,0,incorrect,False,"Перепутаны максимум и минимум: знаки y' «+ − +», точка максимума −5, а не 5; Проверяющий обвёл −5","[conceptual] Смена знака производной с плюса на минус происходит в точке $x = -5$, поэтому точкой максимума является $-5$, а не $5$ (в точке $5$ функция имеет минимум).",5,-5
W016,dev,1.6,1,1,correct,False,,,-4,-4
W016,dev,1.12,1,1,correct,False,,,-5,-5
W016,dev,2.2,1,1,correct,False,Строка с корнями x = ±4 зачёркнута/неразборчива,,4,4
W016,dev,2.3,1,1,correct,False,,,3,3
W016,dev,2.5,1,1,correct,False,,,7,7
W016,dev,3.5,1,1,correct,False,,,243,243
W016,dev,3.7,1,1,correct,False,,,9,9
W016,dev,3.8,1,1,correct,False,"Не отмечено, что x = 4 ∉ [−1; 3]",,13,13
W016,dev,4.1,1,1,correct,False,"Второй корень записан неразборчиво (3x(8 − x) = 0, x = 8 ∉ [−5; 6]) — на ответ не влияет",,3,3
W016,dev,4.3,1,1,correct,False,"Не отмечено, что x = 6 ∉ [−4; 4]",,11,11
W016,dev,4.7,1,1,correct,False,,,17,17
W016,dev,5.1,1,1,correct,False,Знак производной не исследован (почему x = 144 — минимум),,144,144
W016,dev,5.2,1,1,correct,False,"Знак производной не исследован. После 5.2 зачёркнута попытка «3) y = x^{3/2} − 3x + …», пункта 5.3 в условии нет — строку не заводим",,196,196
W016,dev,6.1,1,1,correct,False,Записано y = 3/2·√x вместо 9 = 3/2·√x,,36,36
W016,dev,6.2,1,1,correct,False,,,81,81
W016,dev,7.1,1,1,correct,False,"Концы отрезка не проверены (единственная критическая точка — максимум, на ответ не влияет)",,37,37
W016,dev,7.2,1,1,correct,False,Записано 6 · 48 − 32 вместо 6 + 48 − 32,,22,22
W016,dev,7.3,1,1,correct,False,,,13,13
W017,dev,1,0,0,incorrect,False,"Ошибка в знаке: 12(x+5) + 12(x−5) = x²−25 записано с минусом (12(x+5) − 12(x−5)), далее «120−1=x²−25» неизвестно откуда; получено x=12. Верно: 24x = x²−25, x²−24x−25=0, x=25 км/ч; Номера по варианту № 79266553 (task_1: «Вариант»), не по сборнику. Проверяющий обвёл «1» с «откуда?» и зачеркнул ответ 12; подписи «по течению x−5 / против x+5» перепутаны (на сумму не влияет)","[conceptual] Перепутаны скорости: по течению реки скорость равна x + 5, а против течения x - 5. | [computational] Арифметическая ошибка: левая часть равна 12x + 60 - 12x + 60 = 120, откуда взялось вычитание 1 (120 - 1 = x^2 - 25) — неверно.",12 км/ч,25
W017,dev,3,0,0,incorrect,False,"При делении на 2a не учтён a = −1: x₂ = (−14+16)/2 = 1 вместо (−14+16)/(−2) = −1, а x₁ = 15 отброшен как «−15». Ответ 1 км/ч, верно 15 км/ч; Проверяющий дописал минусы в знаменателях, обвёл 15 и написал 15; первая попытка (8(x+5)+6(x−5)) зачёркнута","[conceptual] При приведении дробей 8/(x+5) + 6/(x-5) = 1 к общему знаменателю правая часть должна умножаться на (x+5)(x-5), а в строке 8(x-5)+6(x+5)=1 правая часть осталась единицей без знаменателя. | [computational] Знаменатель при нахождении корней квадратного уравнения ax^2+bx+c=0 равен 2a = 2*(-1) = -2, а не 2.",1 км/ч,15
W017,dev,4,1,1,correct,False,"Ответ 14 км/ч, проверяющий поставил +. Первая попытка с числом 106 зачёркнута; в строке «105(x+16) − 105x = 4» пропущено x(x+16) справа, в следующей строке исправлено",[notational] Пропущен знаменатель x(x+16) в правой части при переходе к равенству (на следующем шаге он учтен верно: 4x^2 + 64x).,14 км/ч,14
W017,dev,6,1,1,correct,False,"Ответ 18 км/ч, проверяющий поставил +. В строке «153(x+16) − 153x = 4» пропущено x(x+16) справа, в следующей строке исправлено",[notational] Пропущен знаменатель x(x+16) в правой части при записи (на следующем шаге он учтен верно: 4x^2 + 64x).,18 км/ч,18
W018,dev,1,1,1,correct,False,"Номера по варианту № 79266553 (task_1). Ответ 25 км/ч, проверяющий поставил +",,25 км/ч,25
W018,dev,3,1,1,correct,False,"Ответ 15 км/ч, проверяющий поставил +",,15 км/ч,15
W018,dev,4,0,0,incorrect,False,"Не разделено на 2: x₂ = (−16 + 44)/2 = 14, у ученика x₂ = 28. Ответ 28, верно 14 км/ч; Проверяющий дописал «: 2 = 14» и исправил ответ на 14","[computational] При вычислении корня x = (-16 + 44) / 2 = 28 / 2 = 14, а не 28.",28 км/ч,14
W018,dev,7,1,1,correct,False,"Ответ 18 км/ч, проверяющий поставил +",,18 км/ч,18
W018,dev,11,1,1,correct,False,"Ответ 4 км/ч, проверяющий поставил +",,4 км/ч,4
W019,dev,1,0,0,incorrect,True,"Доказательство DE ∥ AC построено по кругу: равенство соответственных углов ∠BDE = ∠BAC, ∠BED = ∠BCA постулируется без обоснования, из него выводится параллельность и подобие «по 1-му признаку». Верно: BD/BA = BE/BC = 1/3 и общий ∠B ⇒ △DBE ~ △ABC (2-й признак) ⇒ ∠BDE = ∠BAC ⇒ DE ∥ AC; Строка «1» — пункт «Доказать». Проверяющий поставил +","[conceptual] Порочный круг в доказательстве: равенство соответственных углов при прямых DE и AC не дано в условии и не следует из него напрямую без предварительного доказательства подобия треугольников по второму признаку (две пропорциональные стороны BD/BA = BE/BC и общий угол B). Ученик безосновательно заявил равенство углов и из него вывел параллельность, а затем подобие по первому признаку.",DE ∥ AC доказано через равенство углов и 1-й признак подобия,DE ∥ AC
W019,dev,1а,1,1,correct,False,"DE : AC = 1/3, проверяющий поставил +; отношения BD/BA и BE/BC = 1/3 посчитаны здесь",,1/3,1:3 (или 1/3)
W019,dev,1б,1,1,correct,False,"P_ABC : P_DBE = 3 : 1, проверяющий поставил +",,3/1,3:1 (или 3)
W019,dev,1в,1,1,correct,False,"S_DBE : S_ABC = 1 : 9, проверяющий поставил +",,1/9,1:9 (или 1/9)
W019,dev,2,1,1,correct,False,"Ответ 2√20 и 2√80 (= 4√5 и 8√5) не упрощён; проверяющий обвёл + и дописал «= 4√5», «= 8√5»","[presentation] Значения найдены верно, но не вынесен множитель из-под знака корня: 2√20 = 4√5, 2√80 = 8√5.",2\sqrt{20}; 2\sqrt{80},4\sqrt{5}; 8\sqrt{5}
W019,dev,3,0,0,incorrect,True,"Доказательства нет: перечислены свойства трапеции (BC ∥ AD, равные высоты, суммы углов 180°) без вывода из условия; в «Дано» BC = 8 вместо 9. Верно: △ABC ~ △DCA (6/10 = 9/15 = 15/25 = 3/5) ⇒ ∠BCA = ∠CAD ⇒ BC ∥ AD, а BC ≠ AD, значит ABCD — трапеция; Проверяющий поставил +","[conceptual] В условии BC = 9 см, ученик переписал BC = 8 см. Само доказательство отсутствует: ученик просто перечислил утверждения (BC ∥ AD, суммы углов 180°), не обосновав ни одно из них данными длинами сторон. Требовалось доказать подобие △ABC и △DCA по трем сторонам (AB/CD = BC/CA = AC/DA = 3/5), откуда следует равенство накрест лежащих углов BCA и CAD, а значит, BC ∥ AD.",Доказано через перечисление свойств/признаков трапеции,ABCD — трапеция
W019,dev,4,,0,not_solved,False,"Начато, не доведено: найдено только HC = 10, AH не найдено (верно AH = 20). Проверяющий написал «нам надо AH»",,не получен,25
W020,dev,1,1,1,correct,False,"Ответ (−∞; 0] ∪ [2; +∞) верный; проверяющий: «Супер!», 2б. Вверху страницы — посторонняя запись (классная работа), не размечается",,x ∈ (-∞; 0] ∪ [2; +∞),(-∞; 0] ∪ [2; +∞)
W020,dev,2,0,0,incorrect,False,"Не изменён знак неравенства при основании 1/5 < 1: должно быть x²+2x+1/x−5 ≥ (x²+5x−7)/x, т.е. (x−1)(x−2)(x+4)/x ≥ 0; с учётом ОДЗ (x²+5x−7 > 0, x > 0) верный ответ [2; +∞), у ученика [1; 2]; Проверяющий обвёл знак ≤, написал «Функция log_{1/5}x убывающая => знак меняется», 0б","[conceptual] Потеряно слагаемое \log_{\frac{1}{5}} \frac{1}{x} из правой части при переходе на 2-ю страницу (вместо сложения логарифмов и умножения подлогарифмических выражений ученик просто опустил этот логарифм). | [conceptual] Так как основание логарифма 1/5 < 1, при переходе к подлогарифмическим выражениям знак неравенства должен был поменяться на противоположный (\ge).",x ∈ [1; 2],[2; +∞)
W020,dev,3,0,0,incorrect,False,"Неверно разложен знаменатель: x²+5x+6 = (x+2)(x+3), у ученика (x+1)(x+2); отсюда граница −2 вместо −3. Верный ответ (−∞; −3) ∪ [0; 1], у ученика (−∞; −2) ∪ (0; 1); Проверяющий: «внимательнее», стрелка на −2; оценка 1б (1б или 2б) | Концы 0 и 1 не включены в ответ, хотя неравенство нестрогое и при x = 0, x = 1 выражение равно 0: должно быть [0; 1]; по фото скобки у (0; 1) читаются как круглые; проверяющий отдельно не отмечал","[computational] Знаменатель x^2 + 5x + 6 раскладывается на множители как (x + 2)(x + 3), а не (x + 1)(x + 2). | [computational] Неверно пересечены множества решений и потеряна выколотая точка -3 из ОДЗ/знаменателя, а также включение/исключение границы 0 (в ОДЗ x(x+3) >= 0 точка 0 входит).",x ∈ (-∞; -2) ∪ (0; 1],(-∞; -3) ∪ [0; 1]
W020,dev,4,0,0,incorrect,False,"Ошибка в методе интервалов: для (x+5)(x+3)/((x+11)(x−1)) ≤ 0 (переход к нему верный) ответ (−11; −5] ∪ [−3; 1), у ученика [−5; −3] (взят промежуток со знаком +); Проверяющий расставил знаки на оси, «Не понятно как промежутки определял», 0б","[conceptual] Дробь \frac{(x+5)(x+3)}{(x+11)(x-1)} \le 0 методом интервалов имеет решение (-11; -5] ∪ [-3; 1). Ученик выбрал только один из двух промежутков, удовлетворяющих знаку «минус».",x ∈ [-5; -3],(-11; -5] ∪ [-3; 1)
W020,dev,5,0,0,incorrect,False,"Сравнение показателей выполнено сложением вместо вычитания: знак(5^a − 5^b) = знак(a − b), a − b = (4x²+4x+8) − (−3x²+10x+8) = 7x² − 6x; у ученика x² + 24x + 16. Верный ответ (−∞; 0) ∪ (0; 6/7], у ученика (−∞; −12−8√2] ∪ [−12+8√2; 0); Проверяющий исправил знаки в показателе (+3x², −20x, −8), 0б | Ошибка при переписывании показателя: 0,2^(3x²−10x−8) = 5^(−3x²+10x+8), у ученика −20x вместо −10x; Проверяющий отдельно не отмечал","[notational] Условие списано с ошибкой: в показателе степени записано 20x вместо 10x. | [computational] Ошибка при вычитании степеней: показатель 0.2^{...} равен 5^{-(3x^2-20x-8)} = 5^{-3x^2+20x+8}. Разность показателей должна быть: (4x^2+4x+8) - (-3x^2+20x+8) = 7x^2 - 16x, а не x^2+24x+16.",x ∈ (-∞; -12-8√2] ∪ [-12+8√2; 0),(-∞; 0) ∪ (0; 6/7]
W021,dev,1,0,0,incorrect,True,"Доказательство DE ∥ AC по кругу: углы ∠BDE = ∠BAC, ∠BED = ∠BCA названы «равными как соответственные» — это уже предполагает DE ∥ AC; длины отрезков не использованы. Верно: BD/BA = BE/BC = 1/3 и общий ∠B ⇒ △DBE ~ △ABC ⇒ ∠BDE = ∠BAC ⇒ DE ∥ AC; Строка «1» — пункт «Доказать». Проверяющий поставил +","[conceptual] Порочный круг в доказательстве: соответственные углы объявляются равными до того, как доказана параллельность прямых DE и AC (или подобие треугольников). Для доказательства следовало использовать равенство отношений сторон: BD/BA = BE/BC = 1/3 и общий угол B, откуда по второму признаку следует подобие треугольников BDE и ABC, а уже затем равенство соответственных углов и параллельность DE || AC.",DE || AC,DE || AC
W021,dev,1а,1,1,correct,False,"DE : AC = BD : BA = 1/3, проверяющий поставил +",,1/3,1 : 3
W021,dev,1б,1,1,correct,False,"P_ABC : P_DBE = 3 : 1, проверяющий поставил +",,3 : 1,3 : 1
W021,dev,1в,1,1,correct,False,"S_DBE : S_ABC = 1 : 9, проверяющий поставил +",,1:9,1 : 9
W022,dev,В3-1,0,0,incorrect,False,"Неверная подстановка: x − x(−1−3x) = 8 ⟺ 3x² + 2x − 8 = 0, у ученика x − x − 1 − 3x = 8. Верный ответ (4/3; −5), (−2; 5), у ученика (−3; 8); Схема номеров: В3-N / В4-N — вариант 3 / вариант 4 (task_1 / task_2), ученик решал оба. Нет отметки проверяющего","[conceptual] При подстановке выражения y = -1 - 3x вместо y во второе уравнение x - xy = 8 пропущены скобки: должно быть x - x(-1 - 3x) = 8, то есть x + x + 3x^2 = 8, а не x - x - 1 - 3x = 8. | [computational] Грубая ошибка в вычислении y и подстановке.",(-3; 2),"(4/3; -5), (-2; 5)"
W022,dev,В3-2,1,1,correct,False,5 см и 9 см; описка x² + 4x = 45 = 0; нет отметки проверяющего,"[presentation] Формально не указано, что корень -9 не подходит по смыслу задачи (длина стороны прямоугольника должна быть положительной).",5 см и 9 см,5 см и 9 см
W022,dev,В3-3,1,1,correct,False,"(4; 1), (1; −4); проверяющий +",,(4; 1); (1; -4),"(1; -4), (4; 1)"
W022,dev,В4-1,1,1,correct,False,"(3,2; 0,24), (−3; −1); первая попытка зачёркнута; проверяющий +","[notational] Корни квадратного уравнения относительно переменной y ошибочно обозначены как x_1 и x_2, однако далее подставлены как значения y.","(3,2; 0,24); (-3; -1)","(3,2; 0,24), (-3; -1)"
W022,dev,В4-2,,0,incorrect,False,"Начато, не доведено: ошибка в знаке a² − 13a − 42 = 0 (должно +42, стороны 6 и 7), остановился на (13 ± √337)/2; нет отметки проверяющего","[computational] При переносе слагаемых из уравнения 13a - a^2 = 42 в правую часть знаки должны быть a^2 - 13a + 42 = 0, а записано -42.",x = (13 ± √337)/2,6 см и 7 см
W022,dev,В4-3,1,1,correct,False,"(3; 1), (−4; 8); проверяющий +",,(3; 1); (-4; 8),"(3; 1), (-4; 8)"
W023,dev,В3-1,1,0,incorrect,False,"Режим training, политика п. 8.5 — замечание (найдено при офлайн-оценке политики 30.09). Было: Корень x = 8/6 = 4/3 заменён приближением 1,3, отсюда y = −4,9; верный ответ (4/3; −5), (−2; 5), у ученика (1,3; −4,9); (−2; 5) Схема номеров: В3-N / В4-N — вариант 3 / вариант 4 (task_1 / task_2), ученик решал оба. Проверяющий: «1,3 ≠ 4/3»","[computational] Неверно выполнено деление/округление: 8/6 = 4/3 = 1,(3). Нельзя самовольно округлять до 1,3, корень следовало оставить в виде обыкновенной дроби 4/3, из-за чего значение y_1 также найдено неверно (-5).","(1,3 ; -4,9) ; (-2 ; 5)",(4/3; -5); (-2; 5)
W023,dev,В3-2,1,1,correct,False,5 и 9; проверяющий +,[notational] Записано D = 14 вместо \sqrt{D} = 14 (ранее верно вычислено D = 196).,a = 5 ; b = 9,5 см и 9 см
W023,dev,В3-3,0,0,incorrect,False,"При возведении в квадрат потеряно удвоенное произведение: (3,4 + 0,6y)² = 11,56 + 4,08y + 0,36y², у ученика 11,56 + 0,36y². Верный ответ (4; 1), (1; −4), у ученика (4,6; 2); Проверяющий: стрелка «а где 2·3,4·0,6y» | Из y² = 4 взят только корень y = 2, потерян y = −2; Проверяющий отдельно не отмечал","[conceptual] При возведении в квадрат суммы (3,4 + 0,6y)^2 потеряно удвоенное произведение 2 * 3,4 * 0,6y = 4,08y. | [computational] Даже в полученном неполном квадратном уравнении y^2 = 4 потерян второй корень y = -2.","(4,6 ; 2)",(1; -4); (4; 1)
W023,dev,В4-1,1,1,correct,False,"(3,2; 0,24), (−3; −1); проверяющий +",,"(3,2; 0,24); (-3; -1)","(3,2; 0,24); (-3; -1)"
W023,dev,В4-2,1,1,correct,False,"6 и 7 см, найдено подбором с проверкой (7·6 = 42, 7 + 6 = 13); проверяющий +","[presentation] Решение найдено методом перебора сумм, дающих 13, без составления квадратного уравнения, однако верность подобранных чисел проверена подстановкой в формулы периметра и площади.",a = 6; b = 7,6 см и 7 см
W023,dev,В4-3,0,0,incorrect,False,"Потерян y при переносе: y = (4−y)² − 8 ⟺ y² − 9y + 8 = 0 (y = 8, 1), у ученика y² − 8y + 8 = 0. Верный ответ (−4; 8), (3; 1), у ученика (−4; 8); Проверяющий дописал «3; 1» | Вычислительная ошибка: (8 ± √32)/2 = 4 ± 2√2, у ученика 8 и 0 (√32 принят за 8); Пара (4; 0) зачёркнута в ответе; проверяющий отдельно не отмечал","[computational] Из уравнения y = y^2 - 8y + 8 не перенесён y в правую часть: должно получиться y^2 - 9y + 8 = 0, а ученик просто приравнял y^2 - 8y + 8 к нулю. | [computational] Арифметическая ошибка: \sqrt{32} посчитан как 8 (так как 8/2 = 4), что неверно.",(-4; 8); (4; 0),(3; 1); (-4; 8)
W024,dev,4.4,0,0,incorrect,False,"Ошибка в знаке: x₂ = (1 − 5)/2 = −2, у ученика 4/2 = 2; ответ −1; 2; 3 вместо −1; −2; 3; Нумерация: задание.номер по листу условия (Задания 4–10). Проверяющий исправил 2 на −2 в решении и в ответе","[computational] Ошибка в вычислении: (1 - 5)/2 = -4/2 = -2, а не 2.",-1; 2; 3,-2; -1; 3
W024,dev,4.5,1,1,correct,False,Проверяющий поставил +,,-4; -3; 2,-4; -3; 2
W024,dev,4.13,1,1,correct,False,Проверяющий поставил +,,-5,-5
W024,dev,4.14,1,1,correct,False,"Первая попытка вычислений зачёркнута (верх стр. 2), решение продолжено на стр. 3; проверяющий поставил +",,-7,-7
W024,dev,5.3,0,0,incorrect,False,"Неверный знаменатель в формуле корней: 2a = 6 (уравнение 3x² − 2x − 1 = 0), у ученика делит на 2; Проверяющий обвёл 3 и исправил знаменатели на 6 | √16 = 4, у ученика подставлено 16: x = (2 ± 16)/2 = 9; −7. Верно x = (2 ± 4)/6 = 1; −1/3; Вторая ошибка в той же задаче; проверяющий отметил только знаменатель","[computational] В формуле корней использован дискриминант D=16 вместо \sqrt{D}=4, а также в знаменателе стоит 2 вместо 2a=6.",9; -7,-1/3; 1
W024,dev,5.5,0,0,incorrect,False,"Неверный знаменатель: 2a = 20 (10x² − 3x − 1 = 0), у ученика 2: x = (3 ± 7)/2 = −2; 5. Верно x = (3 ± 7)/20 = −1/5; 1/2; Проверяющий обвёл 10 и исправил знаменатели на 20","[computational] В знаменателе формулы корней должно быть 2a = 20, а не 2.",-2; 5,"-0,2; 0,5"
W024,dev,5.11,1,1,correct,False,"Первая попытка зачёркнута; описка в промежуточной строке 4x² − 21x + 28 (должно +26), D посчитан с 26 верно; ответ 3,25; 2; проверяющий поставил +",,"3,25; 2","2; 3,25"
W024,dev,5.13,0,0,incorrect,True,"ошибка знака при делении: x₂ = −42/(−28) записано как −1,5, ответ «−1,5; 15/7»; верно 1,5; Формула корней записана с −51 и −28 (для −14x² + 51x − 45 = 0), результат 1,5; 15/7 верный; проверяющий поставил +; Исправлено после разбора ошибок (Ксения)","[computational] Ошибка со знаком: -42 / (-28) = +1,5, а не -1,5.","-1,5; 15/7","1,5; 15/7"
W024,dev,6.2,1,0,incorrect,False,"подкоренные числа в ответе перекрыты красными «3» проверяющего, что было у ученика — неразборчиво; в решении x = 2 ± √3, проверяющий поставил + у обоих корней","[computational] В предпоследней строке верно получено x=\sqrt{3}+2 и x=-\sqrt{3}+2, но в итоговом ответе число 3 под корнем ошибочно заменено на 2.",-\sqrt{2}+2; \sqrt{2}+2,2-\sqrt{3}; 2+\sqrt{3}
W024,dev,6.4,1,1,correct,False,"Описка: во второй ветке x − 4 = √7 без минуса, далее x = −√7 + 4 верно; проверяющий поставил +",,\sqrt{7}+4; -\sqrt{7}+4,4-\sqrt{7}; 4+\sqrt{7}
W024,dev,6.6,1,1,correct,False,"небрежная запись 5 под корнем (в строке x = √5+3 похоже на 6, во втором корне ответа похоже на √3); по решению (x−3)² = 5 ответ 3 ± √5; проверяющий поставил +",,-\sqrt{5}+3; \sqrt{5}+3,3-\sqrt{5}; 3+\sqrt{5}
W024,dev,7.1,1,1,correct,False,Первая запись условия зачёркнута; проверяющий поставил +,,4; -5,-5; 4
W024,dev,7.4,0,0,incorrect,False,"Вычислительная ошибка: x₂ = (−2 + 8)/2 = 6/2 = 3, у ученика 7/2 = 3,5; ответ −5; 3,5 вместо −5; 3; Проверяющий исправил 7 на 6 и 3,5 на 3","[computational] Ошибка в арифметике: (-2 + 8)/2 = 6/2 = 3, а не 3,5.","-5; 3,5",-5; 3
W024,dev,8.1,1,1,correct,False,"Описка x₁ = (7+1)/6 = 8/3 (похоже, должно 8/6), далее 4/3 верно; ответ (4/3; 0), (1; −1); проверяющий поставил +",,(1 1/3; 0) и (1; -1),(1; -1); (4/3; 0)
W024,dev,8.11,0,0,incorrect,False,"Ошибка при нахождении y: 4·1² − y = 2 ⇒ y = 2, у ученика −y = 2·(−4) = −8, y = 8; ответ (1; 8), (−1; 8) вместо (1; 2), (−1; 2); Проверяющий: «почему умножение?», исправил 8 на 2 в ответе; у ученика подписано «11)», система 2x² + y = 4, 4x² − y = 2 (№11)","[conceptual] При подстановке x=1 вместо 4x^2 записано 4 * 10^2, после чего неверно решено уравнение относительно y.",(1; 8); (-1; 8),(-1; 2); (1; 2)
W024,dev,9.1,,0,not_solved,False,Переписано условие и зачёркнуто,,,(2; 3); (2; -3)
W025,dev,4.4,0,0,incorrect,False,"Неверное разложение: (x−2)(x+1)² − 4(x+1) = (x+1)((x−2)(x+1) − 4) ⇒ x² − x − 6 = 0, у ученика (2x − 5)(x + 1) = 0; ответ 2,5; −1 вместо −1; −2; 3; Нумерация: задание.номер по листу условия (Задания 4–10). Проверяющий зачеркнул строку и написал «(x+1)((x−2)(x+1)−4) так правильно»","[conceptual] Ошибка при вынесении общего множителя (x+1): из выражения (x-2)(x+1)^2 - 4(x+1) при вынесении (x+1) получается (x+1)((x-2)(x+1) - 4) = (x+1)(x^2 - x - 6) = 0, а не линейный множитель.","x=2,5; x=-1",-2; -1; 3
W025,dev,5.3,0,0,incorrect,False,"Вычислительная ошибка: x₂ = (2 − 4)/6 = −1/3, у ученика 0,5; ответ 1; 0,5 вместо 1; −1/3; Проверяющий исправил 0,5 на −1/3","[computational] Неверно вычислен корень: x = (2 - 4)/6 = -2/6 = -1/3, а не 0,5.","x_1 = 1; x_2 = 0,5",-1/3; 1
W025,dev,5.11,1,1,correct,False,Проверяющий поставил +,,"x_1 = 3,25; x_2 = 2","2; 3,25"
W025,dev,8.11,1,1,correct,False,"Ответ записан как x = 1; x = −1; y = 2, а не парами (1; 2), (−1; 2); проверяющий: «+, но надо записывать (−1;2) и (1;2)»; у ученика «№8(11)»",[notational] Решением системы уравнений являются пары чисел (1; 2) и (-1; 2). Желательно записывать ответ в виде пар.,x=1; x=-1; y=2,(-1; 2); (1; 2)
W025,dev,9.1,0,0,incorrect,False,"Потерян корень: 3y² = 27 ⇒ y = ±3, у ученика только y = 3; верный ответ (2; 3), (2; −3); Проверяющий исправил 3 на ±3; описка 4 − 31 = 3y² (знак), далее 3y² = 27 верно","[computational] При подстановке x=2 в x^2 = 31 - 3y^2 получается 4 = 31 - 3y^2, откуда 3y^2 = 31 - 4 = 27, а ученик записал 4 - 31 = 3y^2, потеряв минус (хотя дальше написал 3y^2 = 27). | [conceptual] Из уравнения y^2 = 9 следует y = ±3, потерян корень y = -3 и соответствующая пара (2; -3).",y = 3; x = 2,(2; -3); (2; 3)
W026,dev,4.4,0,0,incorrect,False,"Потерян −4: (x−2)(x+1) − 4 = 0 ⇒ x² − x − 6 = 0, у ученика x² − x − 2 = 0; ответ −1; −1; 2 вместо −1; −2; 3; Нумерация: задание.номер по листу условия (Задания 4–10). Проверяющий обвёл −4 со стрелкой, зачеркнул повтор −1 в ответе",[computational] При раскрытии скобок $(x-2)(x+1)-4$ потеряна четвёрка: получилось $x^2-x-2=0$ вместо $x^2-x-6=0$.,-1; -1; 2,-2; -1; 3
W026,dev,4.5,0,0,incorrect,False,"Потерян −5: (x−1)(x+3) − 5 = 0 ⇒ x² + 2x − 8 = 0, у ученика x² + 2x − 3 = 0 (корни 1; −3); ответ −3; 1 вместо −4; −3; 2; Проверяющий обвёл −5 со стрелкой, зачеркнул корни и ответ",[computational] При раскрытии скобок $((x-1)(x+3)-5)$ потеряна пятёрка: получилось $x^2+2x-3=0$ вместо $x^2+2x-8=0$.,-3; -3; 1,-4; -3; 2
W026,dev,4.13,1,1,correct,False,Проверяющий поставил +,,-5,-5
W026,dev,4.14,1,1,correct,False,"Описка (x − 49)² и x − 49 = 0 вместо x² − 49, но корни ±7 верные; «7» в ответе похожа на 4; проверяющий поставил +",,-7,-7
W026,dev,5.3,1,1,correct,False,Первая попытка с D зачёркнута; проверяющий поставил +,,1; -1/3,-1/3; 1
W026,dev,5.5,1,1,correct,False,"Описка x₂ = −4/20 = 1/5 (минус потерян в записи), в ответе −1/5 верно; проверяющий поставил +",,"0,5; -1/5","-0,2; 0,5"
W026,dev,5.11,1,1,correct,False,"Описка −3(x−3) = −3x + 6 (должно +9), свободный член затем исправлен на −26, ответ 2; 3,25 верный; проверяющий поставил +",,"2; 3,25","2; 3,25"
W026,dev,5.13,1,1,correct,False,Проверяющий поставил +,,"1,5; 2 1/7","1,5; 15/7"
W026,dev,6.2,1,1,correct,False,Проверяющий поставил +,,√3 + 2; -√3 + 2,2-√3; 2+√3
W026,dev,6.4,1,1,correct,False,Проверяющий поставил +,,√7 + 4; -√7 + 4,4-√7; 4+√7
W026,dev,6.6,1,1,correct,False,Проверяющий поставил +,,√5 + 3; -√5 + 3,3-√5; 3+√5
W026,dev,7.1,1,1,correct,False,Описка: «D > 0 — нет корней» вместо D < 0; проверяющий поставил +,,-5; 4,-5; 4
W026,dev,7.4,1,1,correct,False,Проверяющий поставил +,,-5; 3,-5; 3
W026,dev,8.1,,0,not_solved,False,"Начато, не доведено: переписана только система; нет отметки проверяющего",,,"(1; -1), (4/3; 0)"
W027,dev,2,0,0,incorrect,False,"Вычислительная ошибка при приведении подобных: 1/x + 7/x = 8/x, т.е. x³ + x² − 10x + 8 ≥ 0 (корни 1, 2, −4), у ученика x³ + x² − 10x − 6. Верный ответ [2; +∞), у ученика [3; +∞); Проверяющий исправил на +8/x; задания 1 в работе нет","[computational] При переносе слагаемых из правой части: 2x - x = x, 1/x - (-7/x) = 8/x (у ученика -6/x), -5 - 5 = -10. Верное выражение: x^2 + x + 8/x - 10 >= 0. | [presentation] Система ограничений (ОДЗ) выписана не до конца и фактически не решена.",[3; +\infty),[2; +\infty)
W027,dev,3,0,0,incorrect,False,"Ошибка в знаке: x²−6x+9 − (x²+3x) = −9x + 9, у ученика −3x + 9 (−x²+3x вместо −x²−3x). Верный ответ (−∞; −3) ∪ [0; 1]; Проверяющий: «меняем знак», «и здесь тоже» | Не учтено ОДЗ x(x+3) ≥ 0: в ответ попал промежуток (−2; 0), где √(x²+3x) не определён; ответ читается как «(−∞; 3) ∪ (2; 3]», вероятно (−∞; −3) ∪ (−2; 3] с пропущенными минусами","[computational] При вычитании подкоренного выражения: -(x^2 + 3x) = -x^2 - 3x, а у ученика записано +3x, из-за чего получилось -3x + 9 вместо -9x + 9. | [conceptual] Неверно решена система неравенств с учётом условий существования корней.",(-\infty; -3) \cup (2; 3],(-\infty; -3) \cup [0; 1]
W027,dev,4,0,0,incorrect,False,Знак неравенства ≤ без причины заменён на ≥; получен ответ к противоположному неравенству (−∞; −11) ∪ [−5; −3] ∪ (1; +∞). Верный ответ (−11; −5] ∪ [−3; 1); Проверяющий обвёл знаки ≤/≥ в нескольких строках,"[computational] Знак исходного неравенства был <= 0, однако при переходе по методу рационализации ученик сменил знак на >= 0 без оснований, из-за чего в ответ взяты противоположные интервалы.",(-\infty; -11) \cup [-5; -3] \cup (1; +\infty),(-11; -5] \cup [-3; 1)
W027,dev,5,0,0,incorrect,False,"Знак неравенства ≤ заменён на ≥ без причины (после перехода к рационализации записано (7x²−6x)/x ≥ 0); Проверяющий отдельно не отмечал | Сокращение на x без учёта знака знаменателя вместо метода интервалов: (7x−6)·x/x ≤ 0 ⟺ x ≤ 6/7, x ≠ 0. Верный ответ (−∞; 0) ∪ (0; 6/7], у ученика [6/7; +∞); Проверяющий обвёл x в знаменателе: «а знаменатель?», «по методу интервалов!!»",[computational] Снова знак исходного неравенства <= 0 самовольно заменен на >= 0. | [conceptual] Сокращение на x при решении дробно-рационального неравенства без учета знака переменной x (потерян знаменатель). Метод интервалов не был применен.,[\frac{6}{7}; +\infty),(-\infty; 0) \cup (0; 6/7]
W027,dev,6,,0,not_solved,False,"Начато, не доведено (записано условие и 2^√x − 2 > 0 при x > 1)",,Решение не завершено,{0} \cup (1; 3]
W027,dev,7,0,0,incorrect,False,"Потерян знак при разложении: −(4x−x²−3)(x−2)² ≥ 0 ⟺ (x−1)(x−3)(x−2)² ≥ 0, у ученика ≤ 0 и x ∈ [1; 3]. Верный ответ (−∞; 1] ∪ {2} ∪ [3; +∞), у ученика R; Проверяющий обвёл минус | Добавлено необоснованное условие 3^(4x−x²−3) − 1 > 0 и множества объединены, отсюда ответ R; Проверяющий: «откуда? Поясни», про основание 1/2 < 1 — «f(x) убывающая»","[conceptual] Условие 3^{4x-x^2-3}-1 > 0 абсолютно лишнее (показательное выражение существует при любых x). При этом ОДЗ логарифма x^2 - 4x + 5 > 0 выполнено всегда, но в систему зачем-то добавлено условие (2). | [computational] 4x - x^2 - 3 = -(x - 1)(x - 3), а не (x - 1)(x - 3). Пропущен знак минус. | [conceptual] Вместо пересечения условий системы ученик объединил множества или сделал неверный вывод, записав в ответ всю числовую прямую.",R,(-\infty; 1] \cup {2} \cup [3; +\infty)
W028,dev,109,1,1,correct,False,"Номера по сборнику «Задачник ОГЭ 2026 (тренажер)», задание 21 (task_2), блок 1. Ответ 78 кг, проверяющий поставил +",,78 кг,78
W028,dev,112,0,0,incorrect,False,"Неверная доля сухого вещества в высушенных фруктах: взято 0,78 вместо 0,75 (вода 25%). Верно: 45·0,75 = 33,75; 33,75 : 0,25 = 135 кг, у ученика 140,4; Проверяющий зачеркнул 140,4 и написал 135","[conceptual] В высушенных фруктах содержится 25% воды, значит, сухого вещества 75% (0,75), а не 78% (взяты данные из предыдущей задачи). Масса сухого вещества равна 45 · 0,75 = 33,75 кг, а масса свежих фруктов: 33,75 / 0,25 = 135 кг.","140,4 кг",135
W028,dev,114,1,1,correct,False,"Ответ 288 кг, проверяющий поставил +",,288 кг,288
W028,dev,117,0,0,incorrect,False,"Перепутаны доли: 396·0,77 и деление на 0,14. Верно: сухого вещества 396·0,14 = 55,44 кг; 55,44 : 0,77 = 72 кг, у ученика 2178; Проверяющий зачеркнул ответ и написал 72","[conceptual] В условии 396 кг — это масса свежих фруктов, а не сухих. Масса сухого вещества: 396 · 0,14 = 55,44 кг. Масса сухих фруктов: 55,44 / 0,77 = 72 кг.",2178 кг,72
W028,dev,120,,0,not_solved,False,"Начато, не доведено: 350·0,7 = 245 (неверный подход, верно 350·0,12 : 0,7 = 60), ответа нет; нет отметки проверяющего","[conceptual] Решение не закончено. Кроме того, 350 кг — масса свежих фруктов, а не сухих.",не получен,60
W028,dev,121,1,1,correct,False,"Ответ 13, проверяющий поставил +",,13,13
W028,dev,124,0,0,incorrect,False,"Ошибки в преобразованиях: уравнение записано как 60/(x+10) − 60/x = 3 (знак), 20(x+10) записано как 2(x+10), D = 64 − 80 посчитано как 144; x = 10 получено случайно. Верно: 60/x − 60/(x+10) = 3, x² + 10x − 200 = 0, x = 10; В ответ выписана скорость второго рабочего (10 вместо 20) — по правилам это не ошибка, отдельной строкой не считается. Исправлено: при смене правил строка с реальными ошибками по ошибке стала 1","[computational] При делении уравнения на 3 получилось 20, но во втором слагаемом записано 2(x+10) вместо 20(x+10). | [conceptual] Через x обозначена производительность второго рабочего, а требовалось найти производительность первого (x + 10 = 20 деталей в час).",10,20
W028,dev,126,0,0,incorrect,True,"Корни найдены с ошибкой: для −x² − 6x + 280 = 0 деление на 2 вместо 2a = −2, получено x = 20 вместо x = 14 (скорость второго); затем не прибавлено 6. Две ошибки компенсировались, ответ 20 совпал с верным (14 + 6 = 20); Проверяющий поставил +","[computational] В уравнении -x^2 - 6x + 280 = 0 коэффициент a = -1, поэтому x = (6 ± 34)/(-2). При этом корень x = 20 соответствует производительности второго рабочего (или допущена двойная ошибка со знаками), но требовалось найти производительность первого рабочего (должно быть x + 6, правильный ответ: первый делает 20 дет/ч, второй — 14 дет/ч). Ученик получил число 20 в результате взаимно компенсирующих ошибок.",20,20
W028,dev,127,1,0,incorrect,False,"Политика 30.09, п. 1.3 — замечание, не ошибка (rules/policy.csv). Было: Не ошибка по правилам (рассуждения верны, неверно выписан ответ / не сделан последний шаг): Описка в ответе: в решении x = 13, в ответ записано 23 (√D = 23). Также в строке «130x − 130(x−3) = 3x² − 3x» справа должно быть 3x² − 9x (далее уравнение x² − 3x − 130 = 0 верное); проверяющий исправил первую цифру ответа красной «1» и поставил +; под ней видна синяя 2","[notational] Записано D = 23 вместо sqrt(D) = 23 (D = 529). | [computational] Корень уравнения x = 13 найден верно, но в строке ответа ошибочно выписано значение корня из дискриминанта (23) вместо x.",23,13
W028,dev,129,1,1,correct,False,"Ответ 26, проверяющий поставил +",,26,26
W028,dev,132,0,0,incorrect,False,"Для −x² − 6x + 280 = 0 деление на 2 вместо 2a = −2: получено x = 20 вместо 14. Ответ 20 (скорость второй трубы), верно 14; Проверяющий дописал «− 6 = 14»; несколько зачёркнутых попыток","[conceptual] По условию первая труба пропускает на 6 л/мин МЕНЬШЕ, чем вторая, а у ученика записано, что первая пропускает x+6 (больше). | [conceptual] Требовалось найти производительность первой трубы (14 л/мин). Получено значение для более быстрой трубы.",20,14
W029,dev,97,1,1,correct,False,"Номера по сборнику «Задачник ОГЭ 2026 (тренажер)», задание 21 (task_2); у ученика номер подписан неразборчиво («№9…»), по числам (10 кг, 16 кг, 55%, 61%) это №97. Ответ 87%, проверяющий поставил +",,87%,87
W029,dev,121,1,1,correct,False,"Ответ 13 деталей, проверяющий поставил +",,13 д/ч,13
W029,dev,127,1,0,incorrect,False,"Ответ 13 л/мин, проверяющий поставил +","[computational] При решении уравнения x^2 - 3x - 130 = 0 формула корней должна быть x = (3 ± 23)/2. Записано -3, из-за чего положительный корень получился (-3+23)/2 = 10, но ученик записал x_2 = 13.",13 л/м,13
W030,dev,97,1,1,correct,False,"Номера по сборнику «Задачник ОГЭ 2026 (тренажер)», задание 21 (task_2); номер у ученика неразборчив, по числам это №97. Ответ 87%, проверяющий поставил +","[presentation] Описка в первой строке (пропущен y: написано 10x + 16 = 26), однако далее система составлена и решена верно.",87%,87
W030,dev,109,1,1,correct,False,"Ответ 78 кг, проверяющий поставил +. После «x = 1716 : 22 = 78» есть лишняя строка «x = 79» (описка), в ответе 78","[presentation] Случайная описка в строке $x = 79$, при этом выше посчитано $x = 1716 : 22 = 78$ и в ответе верно указано 78 кг.",78 кг.,78
W031,dev,Б1-1,1,1,correct,False,"Нумерация: Б1 — блок 1 (ФИПИ), Б2 — блок 2 (расширенная версия) раздела «15. Треугольники». Проверяющий поставил +",,37,37
W031,dev,Б1-2,1,1,correct,False,Проверяющий поставил +,,9,9
W031,dev,Б1-3,1,1,correct,False,Проверяющий поставил +,,76,76
W031,dev,Б1-4,1,1,correct,False,Проверяющий поставил +,,48,48
W031,dev,Б1-5,1,1,correct,False,Проверяющий поставил +,,28,28
W031,dev,Б1-6,1,1,correct,False,Проверяющий поставил +,,56,56
W031,dev,Б1-7,1,1,correct,False,Проверяющий поставил +,,35,35
W031,dev,Б1-8,1,1,correct,False,Проверяющий поставил +,,27,27
W031,dev,Б1-9,1,1,correct,False,Проверяющий поставил +,,44,44
W031,dev,Б1-10,1,1,correct,False,Проверяющий поставил +,,231,231
W031,dev,Б1-11,1,1,correct,False,Проверяющий поставил +,,20,20
W031,dev,Б1-12,1,1,correct,False,Проверяющий поставил +,,26,26
W031,dev,Б1-13,1,1,correct,False,Проверяющий поставил +,,21,21
W031,dev,Б1-16,1,0,incorrect,False,"Режим training (data/cards/modes.csv), политика п. 1.1 — замечание. Было: Ответ не на вопрос: найдена гипотенуза AB = 41, а радиус описанной окружности R = AB/2 = 20,5 Проверяющий дописал «:2»","[conceptual] Найдена гипотенуза AB = 41, но требовалось найти радиус описанной окружности, который равен половине гипотенузы: R = 41 / 2 = 20,5.",41,"20,5"
W031,dev,Б1-17,1,1,correct,False,Проверяющий поставил +,,"0,6","0,6"
W031,dev,Б1-18,1,1,correct,False,Проверяющий поставил +,,"0,85","0,85"
W031,dev,Б1-19,0,0,incorrect,False,"tgB = AC/BC = 22/11 = 2, у ученика перевёрнуто: 11/22 = 0,5; Проверяющий обвёл дробь и исправил 0,5 на 2","[conceptual] Тангенс угла B равен отношению противолежащего катета AC к прилежащему BC, то есть tg B = AC / BC = 22 / 11 = 2, а не наоборот.","0,5",2
W031,dev,Б1-20,1,1,correct,False,Только sinB = 5/8 и ответ 20 без выкладок; проверяющий поставил +,,20,20
W031,dev,Б1-21,1,1,correct,False,Проверяющий поставил +,,24,24
W031,dev,Б1-22,1,1,correct,False,Ответ 28 без выкладок; проверяющий поставил +,,28,28
W031,dev,Б2-1а,0,0,incorrect,True,"Неверный ответ: по рисунку 2α + 66° = 180°, α = 57°; у ученика 114 : 3 = 38; (180 − 66) : 3 = 38; проверяющий поставил +; Проверяющий поставил +. Исправлено после повторной разметки и сверки с ключом","[conceptual] Неверно составлено геометрическое уравнение: вертикальный угол равен 66°, сумма двух равных углов alpha составляет 180° - 66° = 114°, поэтому alpha = 114° / 2 = 57°, а не деление на 3.",38,57
W031,dev,Б2-1б,1,1,correct,False,(180 − 110) : 2 = 35; проверяющий поставил +,,35,35
W031,dev,Б2-2,1,1,correct,False,Самоисправление 63 → 58; проверяющий поставил +,,58,58
W031,dev,Б2-3,1,1,correct,False,Проверяющий поставил +,,64,64
W031,dev,Б2-26,0,0,incorrect,False,"Медианы делятся точкой пересечения 2:1 от вершины: AO = 2/3·36 = 24, у ученика AO = AN : 2 = 18; Проверяющий исправил 18 на 24","[conceptual] Медианы точкой пересечения делятся в отношении 2:1, считая от вершины. Поэтому AO = 2/3 * AN = 2/3 * 36 = 24, а не деление пополам.",18,24
W031,dev,Б2-27,1,1,correct,False,Проверяющий поставил +,,88,88
W032,dev,Б1-1,1,1,correct,False,"Нумерация: Б1 — блок 1 (ФИПИ), Б2 — блок 2 (расширенная версия) раздела «15. Треугольники». Проверяющий поставил +",,37,37
W032,dev,Б1-2,1,1,correct,False,Проверяющий поставил +,,9,9
W032,dev,Б1-3,1,1,correct,False,Проверяющий поставил +,,76,76
W032,dev,Б1-4,1,1,correct,False,Проверяющий поставил +,,48,48
W032,dev,Б1-5,1,1,correct,False,Проверяющий поставил +,,28,28
W032,dev,Б1-6,1,1,correct,False,Проверяющий поставил +,,56,56
W032,dev,Б1-7,1,1,correct,False,Проверяющий поставил +,,35,35
W032,dev,Б1-8,1,1,correct,False,Проверяющий поставил +,,27,27
W032,dev,Б1-9,1,1,correct,False,Проверяющий поставил +,,44,44
W032,dev,Б1-10,1,1,correct,False,Проверяющий поставил +,,231,231
W032,dev,Б1-11,1,1,correct,False,"38/19 = 40/MN, MN = 20 (ответ обведён у края листа, «Ответ: 20» на след. странице); проверяющий поставил +","[presentation] Ответ был зачёркнут на следующей странице, хотя вычисления приведены верно.",20,20
W032,dev,Б1-12,1,1,correct,False,Проверяющий поставил +,,26,26
W032,dev,Б1-13,1,1,correct,False,После №13 полностью зачёркнутый фрагмент (номер не определить) — не размечен; проверяющий поставил +,,21,21
W032,dev,Б1-16,1,1,correct,False,"R = AB/2 = 41/2 = 20,5; проверяющий поставил +",,"20,5","20,5"
W032,dev,Б1-17,1,1,correct,False,Проверяющий поставил +,,"0,6","0,6"
W032,dev,Б1-18,1,1,correct,False,Проверяющий поставил +,,"0,85","0,85"
W032,dev,Б1-19,1,1,correct,False,Проверяющий поставил +,,2,2
W032,dev,Б1-20,1,1,correct,False,Проверяющий поставил +,[notational] Обозначение угла B вместо \sin B в формуле отношения сторон.,20,20
W032,dev,Б1-21,1,1,correct,False,Проверяющий поставил +,[notational] Обозначение угла B вместо \cos B.,24,24
W032,dev,Б1-22,1,1,correct,False,Проверяющий поставил +,,28,28
W032,dev,Б2-1а,0,0,incorrect,True,"Неверный ответ: по рисунку 2α + 66° = 180°, α = 57°; у ученика (180 − 66) : 3 = 38; Проверяющий поставил +. Исправлено после аудита по ключу","[conceptual] Неверное геометрическое уравнение. Развёрнутый угол образуют 66° и два равных угла α, поэтому 2α + 66° = 180°, откуда α = (180° - 66°) / 2 = 57°.",38,57
W032,dev,Б2-1б,1,1,correct,False,Проверяющий поставил +,,35,35
W032,dev,Б2-2,1,1,correct,False,Проверяющий поставил +,,58,58
W032,dev,Б2-3,1,1,correct,False,Проверяющий поставил +,[notational] Описка в обозначении угла (написано C1A вместо CMA).,64,64
W032,dev,Б2-4,1,1,correct,False,"AB = AM = 7, AC = 14; проверяющий поставил +","[presentation] Не обосновано, что треугольник ABM равнобедренный (биссектриса совпадает с высотой).",14,14
W032,dev,Б2-5,1,1,correct,False,"MH = HC = 2,5, AH = 10 − 2,5 = 7,5; проверяющий поставил +",,"7,5","7,5"
W032,dev,Б2-6,1,1,correct,False,"MH = HC = 34 ⇒ △BMC равнобедренный, ∠AMB = 180 − 49 = 131; проверяющий поставил +",,131,131
W032,dev,Б2-7,1,1,correct,False,180 − 29 − 39 = 112; проверяющий поставил +,,112,112
W032,dev,Б2-8,1,1,correct,False,"25,5 + 38,5 = 64, ∠NAM = 116; проверяющий поставил +","[computational] В условии угол N равен 51°, а не 59°. Но 59 : 2 = 29,5 вычислено с ошибкой (59/2 = 29,5, однако 51/2 = 25,5), при этом сумма 29,5 + 38,5 = 68° дала верный ответ 180° - 68° = 112°, но написано 116. Правильный ответ 180° - (51°+77°)/2 = 180° - 64° = 116° совпал случайно из-за двойной ошибки.",116,116
W032,dev,Б2-9,,0,not_solved,False,"Начато, не доведено: только ∠ALB = 180 − 146 = 34, отделено чертой; нет отметки проверяющего",,,
W033,dev,1,1,1,correct,False,"Ответ [−2,3; log₅6) ∪ [2,5; +∞) верный; основная часть решения зачёркнута самим учеником, переходы не обоснованы (найдены только нули и расставлены знаки). Проверяющий: «Как к этому пришли?», 0б — 0б за необоснованность, ошибки в выкладках нет",,"[-2,3; \log_5 6) \cup [2,5; +\infty)","[-2,3; \log_5 6) \cup [2,5; +\infty)"
W033,dev,2,1,1,correct,False,"Первая попытка на стр. 1 не доведена (проверяющий: «Анализ всегда ≥ 0», 0б); повторное решение на стр. 3, ответ [−9; 1 + log₉2) верный, проверяющий 2б, «Поясни, что √(x+9) > 0 и это не влияет на знак», «Пиши разборчиво!»",,[-9; 1+\log_9 2),[-9; 1+\log_9 2)
W033,dev,3,1,1,correct,False,"Ответ [1/⁵√5; 25] верный; проверяющий: «Подробнее!», 2б",,[\frac{1}{\sqrt[5]{5}}; 25],[1/\sqrt[5]{5}; 25]
W033,dev,4,,0,not_solved,False,"Начато, не доведено (верный ответ [−1/2; 0) ∪ (0; 1]); проверяющий обвёл 3^(−2/x), 0б",,,(-\infty; -1] \cup [1; +\infty)
W033,dev,5,,0,not_solved,False,"Начато, не доведено: неравносильный переход (потерян множитель x³/4, «не должно быть лишних множителей, всё в логарифм переносим»), последняя строка зачёркнута, ответа нет; верный ответ (−∞; 1,2]","[conceptual] Коэффициент x^3/4 был оторван от логарифма при попытке применить метод рационализации к разности логарифмов, допущены ошибки в выкладках, решение брошено.",,"[0; 1,4)"
W033,dev,6,,0,not_solved,False,"Начато, не доведено",,,(-5; -4] \cup [-6; -5)
W034,dev,1,,0,not_solved,False,"Начато, не доведено (остановился на log₂x² < −3): ошибка — log₂²(x⁴) = 4log₂²(x²), у ученика 2log₂²(x²); проверяющий: «т.к. log₂ в квадрате, то 2 тоже входит в квадрат», 0б. Верный ответ (−∞; −2^(3/4)] ∪ [−1/2; 0) ∪ (0; 1/2] ∪ [2^(3/4); +∞)","[conceptual] Неверно вынесена степень из аргумента логарифма: \(\log_2^2(x^4) = (\log_2(x^4))^2 = (2\log_2(x^2))^2 = 4\log_2^2(x^2)\), а у ученика получилось \(2\log_2^2(x^2)\).",не закончено,(-\infty; -2] \cup [-\frac{\sqrt{2}}{4}; 0) \cup (0; \frac{\sqrt{2}}{4}] \cup [2; +\infty)
W034,dev,2,1,1,correct,False,"Ответ (−∞; −1] ∪ [2; +∞) верный; переход от −1 ≤ −2/x ≤ 2 к x не расписан. Проверяющий: «Обосновывать смену знака», «А дальше?», «Эту часть нужно расписать, не понятно как пришли к ответу», «ОДЗ x ≠ 0», 0б — 0б за необоснованность, ошибки нет",,x \in (-\infty; -1] \cup [2; +\infty),(-\infty; -1] \cup [2; +\infty)
W034,dev,3,1,1,correct,False,"Ответ (1,5; log₂3) ∪ [11/6; 4,5] верный; проверяющий: «+ Прописать, что это рационализация», 2б, «Молодец!»",,"(1,5; \log_2 3) \cup [\frac{11}{6}; 4,5]","(1,5; \log_2 3) \cup [\frac{11}{6}; 4,5]"
W035,dev,7.5,1,1,correct,False,"Нумерация: «Задание N, пункт k» → N.k. Проверяющий поставил +",,-3; 2,-3; 2
W035,dev,7.6,1,1,correct,False,Ответ −4; 1; проверяющий поставил +,,-4; 1,-4; 1
W035,dev,7.7,1,1,correct,False,Ответ −4; 2; проверяющий поставил +,,-4; 2,-4; 2
W035,dev,8.8,0,0,incorrect,False,"Ошибка в знаке: из 8x − 10 = y записано y = 10 − 8x; получено 4x² + 3x − 10 = 0, x = −2; 1,25. Верно 4x² − 13x + 10 = 0, x = 2; 1,25; Проверяющий обвёл 8x − 10 = y и 10 − 8x, написал y = 8x − 10 и «?» | Ответ без значений y (записано «−2; 1,25»); верный ответ (2; 6), (1,25; 0)","[computational] Из уравнения 8x - 10 = y следует y = 8x - 10, а не 10 - 8x. | [conceptual] Решением системы уравнений являются пары чисел (x; y), значения переменной y не найдены.","-2; 1,25","(1,25; 0); (2; 6)"
W035,dev,8.12,0,0,incorrect,False,"При x = −1 подставлено −5x вместо −5x²: y = 12 + 5 = 17; верно y = 12 − 5·1 = 7. Ответ (1; 7), (−1; 17) неверен, верно (±1; 7); Проверяющий: «там x² = 1 и всё, то есть y = 7 всегда»","[computational] При x = -1 значение y = 12 - 5*(-1)^2 = 12 - 5 = 7, а не 12 + 5.",(1; 7); (-1; 17),(-1; 7); (1; 7)
W035,dev,9.4,1,1,correct,False,"Первая попытка (markup_2): найден только x = 3, без y; переделано на markup_6 — ответ (3; 4), (3; −4), проверяющий поставил +",,(3; 4); (3; -4),(3; -4); (3; 4)
W035,dev,9.8,0,0,incorrect,True,"Не найдены значения y: в ответе только x = 3; верный ответ (3; 3), (3; −3); Проверяющий поставил + с комментарием «но ещё y надо найти»","[conceptual] Решением системы уравнений являются пары чисел (x; y). Значения переменной y не найдены, решение не завершено.",3,(3; -3); (3; 3)
W035,dev,9.12,1,1,correct,False,"Ответ (3; 7), (4; 5) исключено по ОДЗ; проверяющий поставил +. Вверху markup_6 — ещё одна концовка того же решения с ответом (3; 7)",,(3; 7),(3; 7)
W036,dev,3,1,1,correct,False,,,110^\circ,110
W036,dev,4,1,1,correct,False,,,94^\circ,94
W036,dev,5,1,1,correct,False,,,"\angle A = 39^\circ, \angle B = 39^\circ",39
W036,dev,6,1,1,correct,False,,,33^\circ,33
W036,dev,7,1,1,correct,False,,,36^\circ,36
W036,dev,8,1,1,correct,False,,,32^\circ,32
W036,dev,9,1,1,correct,False,,,34^\circ,34
W036,dev,10,1,1,correct,False,,,26^{\circ},26
W036,dev,11,1,1,correct,False,,,42^{\circ},42
W036,dev,12,1,1,correct,False,,,38^{\circ},38
W036,dev,13,1,1,correct,False,,,55,55
W036,dev,14,1,1,correct,False,,,73,73
W036,dev,15,1,1,correct,False,,,64^\circ,64
W036,dev,16,1,1,correct,False,,,59^\circ,59
W036,dev,17,1,1,correct,False,,,24^\circ,24
W036,dev,18,1,1,correct,False,,,28^\circ,28
W036,dev,19,1,1,correct,False,,,29^\circ,29
W036,dev,20,1,1,correct,False,,,25^\circ,25
W036,dev,21,0,0,incorrect,False,"Неверное утверждение ∠ABD = ∠BAD = 45° (∠BAD — острый угол треугольника, он не равен 45°); Проверяющий: «почему BAD = 45?»; в ответ выписан данный угол 14°, хотя нужный 31° найден — по правилам не ошибка","[conceptual] Ошибочное предположение, что треугольник ABD равнобедренный прямоугольный. | [conceptual] В ответ выписано исходное значение данного угла вместо найденного меньшего угла треугольника (31°).",14^{\circ},31
W036,dev,22,0,0,incorrect,True,"Неверное утверждение ∠ABD = ∠BAD = 45° в решении (как в №21, 23, 24); на ответ не влияет; Ответ 11 верный; проверяющий поставил +","[conceptual] Неверное утверждение, что угол треугольника равен 45° и треугольник равнобедренный.",11^{\circ},11
W036,dev,23,0,0,incorrect,False,"Неверное утверждение ∠ABD = ∠BAD = 45° (острый угол ∠BAx не равен 45°); на ответ не влияет; В ответ выписан данный угол, хотя нужный найден в первой строке (записан данный угол 9°, верно 45° − 9° = 36°) — по правилам это не ошибка; Проверяющий исправил на 36 и отметил «неправда» у ∠ABD = ∠BAD = 45°","[conceptual] Неверное утверждение, что треугольник ABD равнобедренный с углами по 45°. | [conceptual] В ответ выписано значение исходного угла вместо найденного меньшего угла треугольника (36°).",9,36
W036,dev,24,0,0,incorrect,False,"Неверное утверждение ∠ABD = ∠BAD = 45° (острый угол ∠BAx не равен 45°); на ответ не влияет; В ответ выписан данный угол, хотя нужный найден в первой строке (записан данный угол 23°, верно 45° − 23° = 22°) — по правилам это не ошибка; Проверяющий исправил на 22; «нет :)» у ∠ABD = ∠BAD = 45°",[conceptual] Ложное предположение об углах по 45°. | [conceptual] В ответ записано данное из условия значение угла вместо меньшего угла треугольника (22°).,23^\circ,22
W036,dev,25,0,0,incorrect,False,"Неверное утверждение ∠ABE = ∠BAE = 45° (острый угол ∠BAx не равен 45°); на ответ не влияет; В ответ выписан данный угол, хотя нужный найден в первой строке (записан данный угол 12° между биссектрисой и медианой; меньший угол 45° − 12° = 33° (ученик сам получил 33 в первой строке)) — по правилам это не ошибка; Проверяющий: «неверно» у ∠ABE = ∠BAE","[conceptual] Ошибочное предположение о равенстве углов, путаница между свойствами высоты и медианы. | [conceptual] В ответ выписано значение угла между биссектрисой и медианой из условия вместо меньшего угла треугольника (33°).",12^\circ,33
W036,dev,26,0,0,incorrect,False,"Неверное утверждение ∠ABE = ∠BAE = 45° (острый угол ∠BAx не равен 45°); на ответ не влияет; В ответ выписан данный угол, хотя нужный найден в первой строке (записан данный угол 19°; верно 45° − 19° = 26°) — по правилам это не ошибка; Проверяющий зачеркнул ответ и написал число (читается как 25/26); ∠ABE = ∠BAE перечёркнуто",[conceptual] Неверное предположение о равенстве углов треугольника. | [conceptual] В ответ записано исходное значение угла между биссектрисой и медианой вместо меньшего угла треугольника (26°).,19^\circ,26
W036,dev,27,0,0,incorrect,False,"Неверное утверждение ∠ABE = ∠BAE = 45° (острый угол ∠BAx не равен 45°); на ответ не влияет; В ответ выписан данный угол, хотя нужный найден в первой строке (записан данный угол 14°; верно 45° − 14° = 31°) — по правилам это не ошибка; Проверяющий перечеркнул ∠ABE = ∠BAE",[conceptual] Необоснованное и неверное приравнивание углов. | [conceptual] В ответ выписано данное в условии значение вместо меньшего угла треугольника (31°).,14,31
W036,dev,28,0,0,incorrect,False,"Неверное утверждение ∠ABE = ∠BAE = 45° (острый угол ∠BAx не равен 45°); на ответ не влияет; В ответ выписан данный угол, хотя нужный найден в первой строке (записан данный угол 18°; верно 45° − 18° = 27°) — по правилам это не ошибка; Проверяющий исправил на 27",[conceptual] Неверное предположение о равенстве углов. | [conceptual] В ответ выписано значение угла из условия вместо меньшего угла треугольника (27°).,18^{\circ},27
W036,dev,29,1,1,correct,False,Страница с №29–30 сфотографирована дважды (solution_1 и solution_13),,78^\circ,78
W036,dev,30,1,1,correct,False,,,16^\circ,16
W036,dev,31,1,1,correct,False,,,34^\circ,34
W036,dev,32,1,1,correct,False,,,84^\circ,84
W036,dev,33,1,1,correct,False,,,38^{\circ},38
W036,dev,34,1,1,correct,False,,,32^{\circ},32
W036,dev,35,1,1,correct,False,,,64,64
W036,dev,36,0,0,incorrect,False,"Вычислительная ошибка: при ∠C = 105°, ∠CAD = 7° угол A = 14°, ∠B = 180 − 14 − 105 = 61°, а не 63° (подставлено не то значение ∠C); Проверяющий исправил: 14, 105 ⇒ 61","[conceptual] Неверно переписано условие задачи: угол CAD равен 7°, а не 6°.",63,61
W036,dev,38,1,1,correct,False,,,24,24
W037,dev,575,1,1,correct,False,Отрезки 18 и 32 мм; проверяющий поставил +,,18; 32,18 мм и 32 мм
W037,dev,576,1,0,not_solved,False,Гипотенуза 61 см; проверяющий поставил +. Начало решения на фото не видно,,61,61
W037,dev,577,1,1,correct,False,Отрезки 25/13 и 144/13 см; проверяющий поставил +. Подписано «№547» (описка в номере),"[notational] Неверная цепочка равенств: сумма 25 + 144 равна 169, а не квадратному корню из 169.",p = 25/13; q = 144/13,25/13 см и 144/13 см (или 1 12/13 см и 11 1/13 см)
W037,dev,579,1,1,correct,False,"A₁C₁ = 3,15 м; проверяющий поставил +",,"3,15 м","3,15 м"
W037,dev,580,1,1,correct,False,"Высота 6,936 м; проверяющий поставил +. обведённый ответ читается как 6,9836 или 6,936 (в столбике 6,936)","[notational] Описка в знаменателе левой части (написано «в дерева» вместо «т дерева»), далее подставлено верно.","6,936 м","6,936 м"
W037,dev,581,0,0,incorrect,False,"Неверная пропорция: вместо AD = 120 см = 1,2 м взято 0,12, отношение 4,8 : 0,12 = 40 вместо 4,8 : 1,2 = 4; ответ 66 м; Проверяющий: «немного непонятно…» | Взята высота AC = 165 см вместо AB = AC − BC = 153 см (луч попадает в глаз B). Верно FE = 1,53 · 4 = 6,12 м","[conceptual] Неверно составлена пропорция из подобия треугольников. По условию рост человека до уровня глаз равен AC - BC = 165 - 12 = 153 см = 1,53 м. Отрезок AD = 1,2 м, DE = 4,8 м. Из подобия треугольников высота дерева FE = 1,53 * (4,8 / 1,2) = 6,12 м. В решении вместо катета AD = 1,2 м в знаменатель ошибочно подставлено BC = 0,12 м.",66 м,"6,12 м (или 612 см)"
W038,dev,575,1,1,correct,False,Отрезки 18 и 32 мм; проверяющий поставил +,,18; 32,18 мм и 32 мм
W038,dev,576,,0,not_solved,False,"Начато, не доведено (дошёл до c = x + x + 11); нет отметки проверяющего",[presentation] Решение начато и брошено.,не получен,61 см
W038,dev,577,1,0,incorrect,False,"Политика 30.09, п. 8.4 — замечание, не ошибка (rules/policy.csv). Было: Ответ округлён: h ≈ 4,6, b_c ≈ 2, a_c = 11; точные отрезки 25/13 и 144/13 см (≈1,92 и 11,08) Проверяющий зачеркнул ответ «2 см; 11 см»","[conceptual] Вместо точных вычислений через метрические соотношения в прямоугольном треугольнике ($b_c = b^2/c = 25/13$, $a_c = a^2/c = 144/13$) произведено грубое промежуточное округление, приведшее к неверному результату. | [computational] Неверно найдены отрезки гипотенузы из-за округлений.","2 см, 11 см",25/13 см и 144/13 см (или 1 12/13 см и 11 1/13 см)
W038,dev,579,1,0,incorrect,False,"Политика 30.09, п. 8.5 — замечание, не ошибка (rules/policy.csv). Было: Округление коэффициента: k = 6,3/3,4 ≈ 1,8, A₁C₁ ≈ 3 м; верно 1,7 · 6,3 / 3,4 = 3,15 м Проверяющий поставил ✗","[computational] Промежуточное округление коэффициента подобия привело к неточному ответу: $A_1C_1 = 1,7 \cdot \frac{6,3}{3,4} = 3,15\text{ м}$. | [notational] Использован знак угла $\angle$ вместо треугольника $\Delta$.",3 м,"3,15 м"
W038,dev,580,1,0,incorrect,False,"Политика 30.09, п. 8.5 — замечание, не ошибка (rules/policy.csv). Было: Округление коэффициента: k = 10,2/2,5 ≈ 4,1 (точно 4,08), ответ ≈ 7 м; верно 1,7 · 4,08 = 6,936 м Проверяющий поставил ✗","[computational] Отношение $\frac{10,2}{2,5} = 4,08$. Промежуточное округление до 4,1 привело к искажению ответа: высота равна $1,7 \cdot 4,08 = 6,936\text{ м}$, а не $7\text{ м}$.",7 м,"6,936 м"
W038,dev,581,0,0,incorrect,False,"Взята высота AC = 1,65 м вместо AB = AC − BC = 1,53 м (глаз в точке B): FE = 1,65 · 4 = 6,6; верно 1,53 · 4 = 6,12 м; Проверяющий зачеркнул 6,6 и написал 6,12","[conceptual] Не учтено положение глаза человека: уровень глаз $C' = AC - BC = 165 - 12 = 153\text{ см} = 1,53\text{ м}$. Использована полная высота человека $AC = 165\text{ см}$ вместо высоты уровня глаз. | [computational] Так как высота глаз равна $1,53\text{ м}$, высота дерева $FE = 1,53 \cdot 4 = 6,12\text{ м}$.","6,6 м","6,12 м"
W039,dev,Б1-1.1,1,1,correct,False,"Схема номеров: Б<блок>-<задание>.<пункт> (условие: 18. Фигуры на квадратной решётке; Блок 1 ФИПИ, Блок 2 Расширенная версия; в каждом задании пункты 1)–9)). Запись «17 №5 5·6=30» вверху markup_1 к этой работе не относится — не размечена",,6,6
W039,dev,Б1-1.2,1,1,correct,False,,,4,4
W039,dev,Б1-1.3,1,1,correct,False,,,7,7
W039,dev,Б1-1.4,1,1,correct,False,,,6,6
W039,dev,Б1-1.5,1,1,correct,False,,,8,8
W039,dev,Б1-1.6,1,1,correct,False,,,9,9
W039,dev,Б1-2.1,1,1,correct,False,,,10,10
W039,dev,Б1-2.2,1,1,correct,False,,,10,10
W039,dev,Б1-2.3,1,1,correct,False,,,8,8
W039,dev,Б1-2.4,1,1,correct,False,,,8,8
W039,dev,Б1-2.5,1,1,correct,False,,,6,6
W039,dev,Б1-2.6,1,1,correct,False,,,6,6
W039,dev,Б1-3.1,1,0,incorrect,False,"Политика 30.09, п. 1.10 — замечание, не ошибка (rules/policy.csv). Было: Не ошибка по правилам (рассуждения верны, неверно выписан ответ / не сделан последний шаг): Ответ не на вопрос: AM:CM = 1:4, AM короче CM в 4 раза; ученик записал отношение 1/4 = 0,25; Проверяющий дописал (4)",[conceptual] Неверно определены отрезки и их отношение. Искомое отношение равно 4.,"0,25",4
W039,dev,Б1-3.2,1,1,correct,False,,,"1,5","1,5"
W039,dev,Б1-3.3,0,0,incorrect,False,"Неверное отношение: M делит BC так, что BM:CM = 1:2, ответ 2; у ученика 3/2 = 1,5; Проверяющий исправил на 2","[computational] Неверно сняты длины проекций/отрезков по сетке, правильное отношение равно 2.","1,5",2
W039,dev,Б1-3.4,1,1,correct,False,,,2,2
W039,dev,Б1-3.5,1,1,correct,False,,,3,3
W039,dev,Б1-3.6,1,1,correct,False,,,3,3
W039,dev,Б1-4.1,1,1,correct,False,,,28,28
W039,dev,Б1-4.2,1,1,correct,False,,,10,10
W039,dev,Б1-4.3,1,1,correct,False,,,21,21
W039,dev,Б1-4.4,1,1,correct,False,,,14,14
W039,dev,Б1-4.5,1,1,correct,False,,,20,20
W039,dev,Б1-4.6,1,1,correct,False,,,12,12
W039,dev,Б1-4.7,1,1,correct,False,,,30,30
W039,dev,Б1-4.8,1,1,correct,False,,,25,25
W039,dev,Б1-4.9,1,1,correct,False,,,24,24
W039,dev,Б1-5.1,1,1,correct,False,,,15,15
W039,dev,Б1-5.2,1,1,correct,False,,,9,9
W039,dev,Б1-5.3,1,1,correct,False,,,14,14
W039,dev,Б1-5.4,1,1,correct,False,,,20,20
W039,dev,Б1-5.5,1,0,incorrect,False,"у ученика «½·3·8 = 1», цифру 2 дописал проверяющий (возможно, скрыта чертой)",[computational] Неверно найдены основание и высота треугольника (или вычисление площади). Должно быть 12.,1,12
W039,dev,Б1-5.6,1,1,correct,False,,,12,12
W039,dev,Б1-5.7,1,1,correct,False,,,10,10
W039,dev,Б1-5.8,1,1,correct,False,,,6,6
W039,dev,Б1-5.9,1,1,correct,False,,,10,10
W039,dev,Б1-6.1,1,1,correct,False,,,20,20
W039,dev,Б1-6.2,1,1,correct,False,,,18,18
W039,dev,Б1-6.3,1,1,correct,False,,,12,12
W039,dev,Б1-6.4,1,1,correct,False,,,28,28
W039,dev,Б1-6.5,1,1,correct,False,,,28,28
W039,dev,Б1-6.6,1,1,correct,False,,,35,35
W039,dev,Б1-6.7,1,1,correct,False,"(2+10)/2·6 = 36, первая цифра похожа на 5 (56?); проверяющий поставил +",,36,36
W039,dev,Б1-6.8,1,1,correct,False,,,25,25
W039,dev,Б1-6.9,1,1,correct,False,,,36,36
W039,dev,Б1-7.1,1,1,correct,False,,,30,30
W039,dev,Б1-7.2,0,0,incorrect,False,"Неверно определены диагонали: d1 = 10, d2 = 4, S = ½·10·4 = 20; у ученика 38; Проверяющий зачеркнул и написал 20",[computational] Неверно определены диагонали и допущена ошибка в умножении. Верный ответ: 20.,38,20
W039,dev,Б1-7.3,1,1,correct,False,,,10,10
W039,dev,Б1-7.4,1,1,correct,False,,,18,18
W039,dev,Б1-7.5,1,1,correct,False,,,12,12
W039,dev,Б1-7.6,1,1,correct,False,,,4,4
W039,dev,Б1-7.7,1,1,correct,False,,,16,16
W039,dev,Б1-7.8,1,1,correct,False,,,24,24
W039,dev,Б1-7.9,1,1,correct,False,,,8,8
W039,dev,Б1-8.1,1,1,correct,False,,,5,5
W039,dev,Б1-8.2,1,1,correct,False,,,10,10
W039,dev,Б1-8.3,1,1,correct,False,,,13,13
W039,dev,Б1-8.4,1,1,correct,False,,,5,5
W039,dev,Б1-8.5,1,1,correct,False,,,10,10
W039,dev,Б1-8.6,1,1,correct,False,,,13,13
W039,dev,Б1-9.1,1,1,correct,False,,,2,2
W039,dev,Б1-9.2,1,1,correct,False,,,4,4
W039,dev,Б1-9.3,1,1,correct,False,,,3,3
W039,dev,Б1-9.4,1,1,correct,False,,,2,2
W039,dev,Б1-9.5,1,1,correct,False,,,5,5
W039,dev,Б1-9.6,1,1,correct,False,,,2,2
W039,dev,Б1-10.1,1,1,correct,False,,,3,3
W039,dev,Б1-10.2,1,1,correct,False,,,"2,5","2,5"
W039,dev,Б1-10.3,1,1,correct,False,,,2,2
W039,dev,Б1-10.4,0,0,incorrect,False,"Неверный коэффициент подобия: AB на расстоянии 2 от вершины при высоте 6, k = 1/3, AB = 3·1/3 = 1; ученик взял 1/2 и получил 2; Проверяющий исправил на 3 и 1",[conceptual] Неверно взята длина стороны; правильный ответ: 1.,2,1
W039,dev,Б1-10.5,1,1,correct,False,,,"4,5","4,5"
W039,dev,Б1-10.6,1,1,correct,False,,,3,3
W039,dev,Б1-10.7,1,1,correct,False,,,1,1
W039,dev,Б1-10.8,1,1,correct,False,,,5,5
W039,dev,Б1-10.9,1,0,not_solved,False,Ответ не дописан: AB = 3/3 = … (итог 1 не записан); проверяющий поставил +.,,,1
W039,dev,Б1-11.2,1,1,correct,False,Пункт 1) на фото отсутствует,,6,6
W039,dev,Б1-11.3,1,1,correct,False,,,6,6
W039,dev,Б1-11.4,0,0,incorrect,False,"Неверно определено основание: основания 5 и 9, средняя линия (5+9)/2 = 7; у ученика 13/2 = 6,5; Проверяющий исправил на 7","[conceptual] Неверно найдена сумма оснований (должна быть 14, средняя линия равна 7).","6,5",7
W039,dev,Б1-11.5,1,1,correct,False,,,8,8
W039,dev,Б1-11.6,1,1,correct,False,,,6,6
W039,dev,Б1-11.7,1,1,correct,False,,,4,4
W039,dev,Б1-11.8,1,1,correct,False,,,5,5
W039,dev,Б1-11.9,1,1,correct,False,,,3,3
W039,dev,Б1-12.1,1,1,correct,False,Ученик озаглавил «№1»,,4,4
W039,dev,Б1-12.2,1,1,correct,False,,,4,4
W039,dev,Б1-12.3,1,1,correct,False,,,"2,25","2,25"
W039,dev,Б1-12.4,,0,not_solved,False,"начато «4) S₁…» внизу markup_9, продолжения на фото нет (верный ответ 5)",,,4
W039,dev,Б1-12.5,1,0,incorrect,False,,[computational] Неверно возведён радиус в квадрат и выполнено деление.,225,"2,5"
W039,dev,Б1-12.6,1,1,correct,False,,,"1,25","1,25"
W039,dev,Б1-12.7,1,1,correct,False,,,2,2
W039,dev,Б1-12.8,1,1,correct,False,,,"1,8","1,8"
W039,dev,Б1-12.9,1,1,correct,False,,,"3,2","3,2"
W039,dev,Б2-1.1,1,1,correct,False,,,4,4
W039,dev,Б2-1.2,1,1,correct,False,,,7,7
W039,dev,Б2-1.3,1,1,correct,False,,,3,3
W039,dev,Б2-1.4,1,1,correct,False,,,5,5
W039,dev,Б2-1.5,1,1,correct,False,,,2,2
W039,dev,Б2-1.6,1,1,correct,False,,,1,1
W039,dev,Б2-2.1,0,0,incorrect,False,"Неверный ответ: BC — горизонталь, A на 2 клетки ниже, расстояние 2; у ученика 8; Проверяющий исправил на 2",[conceptual] Неверно найдено расстояние/высота к стороне BC. Верный ответ: 2.,8,2
W039,dev,Б2-2.2,1,1,correct,False,,,7,7
W039,dev,Б2-2.3,1,1,correct,False,,,7,7
W039,dev,Б2-2.4,1,1,correct,False,,,4,4
W039,dev,Б2-2.5,1,1,correct,False,,,4,4
W039,dev,Б2-2.6,1,1,correct,False,,,2,2
W039,dev,Б2-3.1,1,1,correct,False,,,3,3
W039,dev,Б2-3.2,1,1,correct,False,,,2,2
W039,dev,Б2-3.3,1,1,correct,False,,,2,2
W039,dev,Б2-3.4,1,1,correct,False,,,"1,5","1,5"
W039,dev,Б2-3.5,,0,not_solved,False,"Ответ не записан; проверяющий вписал 3,5",,,3
W039,dev,Б2-3.6,1,1,correct,False,,,2,2
W039,dev,Б2-4.1,1,1,correct,False,,,14,14
W039,dev,Б2-4.2,1,0,incorrect,False,,[computational] Ошибка при подсчёте площади многоугольника. Верный ответ: 15.,25,15
W039,dev,Б2-4.3,1,1,correct,False,,,18,18
W039,dev,Б2-4.4,1,1,correct,False,,,13,13
W039,dev,Б2-4.5,1,1,correct,False,,,19,19
W039,dev,Б2-4.6,1,1,correct,False,,,16,16
W039,dev,Б2-4.7,1,1,correct,False,,,11,11
W039,dev,Б2-4.8,1,1,correct,False,,,9,9
W039,dev,Б2-4.9,1,1,correct,False,,,11,11
W039,dev,Б2-5.1,0,0,incorrect,False,"Неверный подсчёт площади: 6·6 − 1 − 12 = 23; у ученика 33,5; Проверяющий зачеркнул и написал 23",[conceptual] Неверное разбиение фигуры или подсчёт площадей частей. Верный ответ: 23.,"33,5",23
W039,dev,Б2-5.2,0,0,incorrect,False,"Неверный подсчёт площади: 6·5 − 1 − 12 = 17; у ученика 30 − (12 + 3,16) = 14,84; Проверяющий зачеркнул и написал 17",[computational] Неверно вычислены площади дополняющих прямоугольных треугольников. Верный ответ: 17.,"14,84",17
W039,dev,Б2-5.3,1,1,correct,False,,,"32,5","32,5"
W039,dev,Б2-5.4,1,1,correct,False,,,28,28
W039,dev,Б2-5.5,1,1,correct,False,,,12,12
W039,dev,Б2-5.6,0,0,incorrect,False,"Неверно вычтены треугольники: S = 30 − 2,5 − 2,5 = 25; у ученика 30 − 5,5 = 24,5; Проверяющий зачеркнул и написал 23 — у проверяющего тоже ошибка, верно 25",[computational] Неверно вычислена вычитаемая площадь треугольников. Верный ответ: 25.,"24,5",25
W039,dev,Б2-5.7,1,1,correct,False,,,"28,5","28,5"
W039,dev,Б2-5.8,1,1,correct,False,,,"18,5","18,5"
W039,dev,Б2-5.9,1,1,correct,False,,,26,26
W039,dev,Б2-11.1,1,1,correct,False,"Ученик озаглавил «№11 (тангенс)» — Блок 2, задание 11",,1,1
W039,dev,Б2-11.2,1,0,incorrect,False,"Политика 30.09, п. 2.2 — замечание, не ошибка (rules/policy.csv). Было: Не ошибка по правилам (рассуждения верны, неверно выписан ответ / не сделан последний шаг): Не извлечён корень: tg = √45/√20 = √2,25 = 1,5; у ученика 2,25; Проверяющий исправил на 1,5","[computational] Неверно определены катеты в треугольнике. Верный тангенс равен 1,5.","2,25","1,5"
W039,dev,Б2-11.3,1,1,correct,False,,,2,2
W039,dev,Б2-11.4,1,1,correct,False,,,1,1
W039,dev,Б2-11.5,1,0,incorrect,False,"Политика 30.09, п. 2.2 — замечание, не ошибка (rules/policy.csv). Было: Не ошибка по правилам (рассуждения верны, неверно выписан ответ / не сделан последний шаг): Не извлечён корень: tg = √18/√50 = √0,36 = 0,6; у ученика 0,36; Проверяющий исправил на 0,6","[computational] \sqrt{18/50} = \sqrt{9/25} = 3/5 = 0,6, а не 0,36.","0,36","0,6"
W039,dev,Б2-11.6,1,1,correct,False,,,"0,5","0,5"
W040,dev,Б1-1.1,1,1,correct,False,"Схема номеров: Б<блок>-<задание>.<пункт> (условие: 18. Фигуры на квадратной решётке; Блок 1 ФИПИ, Блок 2 Расширенная версия; в каждом задании пункты 1)–9)).",,6,6
W040,dev,Б1-1.2,1,1,correct,False,,,4,4
W040,dev,Б1-1.3,1,1,correct,False,,,7,7
W040,dev,Б1-1.4,1,1,correct,False,,,6,6
W040,dev,Б1-1.5,1,1,correct,False,,,8,8
W040,dev,Б1-1.6,1,0,incorrect,False,"ответ прочитан как 9 (плохо видно, похоже на 3)",[computational] Ответ 3 не совпадает с верным 9.,3,9
W040,dev,Б1-2.1,1,1,correct,False,,,10,10
W040,dev,Б1-2.2,1,1,correct,False,,,10,10
W040,dev,Б1-2.3,1,1,correct,False,,,8,8
W040,dev,Б1-2.4,1,0,incorrect,False,,[computational] Ответ 6 не совпадает с верным 8.,6,8
W040,dev,Б1-2.5,1,1,correct,False,,,6,6
W040,dev,Б1-2.6,1,1,correct,False,,,6,6
W040,dev,Б1-3.1,1,1,correct,False,,,4,4
W040,dev,Б1-3.2,1,1,correct,False,,,"1,5","1,5"
W040,dev,Б1-3.3,,0,not_solved,False,Ответ не записан (только номер пункта),,,—
W040,dev,Б1-3.4,1,1,correct,False,,,2,2
W040,dev,Б1-3.5,1,1,correct,False,,,3,3
W040,dev,Б1-3.6,,0,not_solved,False,Ответ не записан (только номер пункта),,,—
W040,dev,Б1-4.1,1,1,correct,False,,,28,28
W040,dev,Б1-4.2,1,1,correct,False,Ученик исправил 21 на 10,,10,10
W040,dev,Б1-4.3,1,1,correct,False,,,21,21
W040,dev,Б1-4.4,1,1,correct,False,,,14,14
W040,dev,Б1-4.5,1,0,not_solved,False,,,,20
W040,dev,Б1-4.6,1,0,not_solved,False,,,,12
W040,dev,Б1-4.7,1,1,correct,False,,,30,30
W040,dev,Б1-4.8,1,1,correct,False,,,25,25
W040,dev,Б1-4.9,1,1,correct,False,,,24,24
W040,dev,Б1-5.1,0,0,incorrect,False,Неверный ответ: S = ½·6·5 = 15; у ученика 25; Проверяющий исправил на 15,"[computational] Неверно вычислена площадь: основание 4, высота 3, S = 1/2 * 4 * 3 = 6 (по задачнику эталон 15, у ученика 25).",25,15
W040,dev,Б1-5.2,1,1,correct,False,,,9,9
W040,dev,Б1-5.3,1,1,correct,False,,,14,14
W040,dev,Б1-5.4,1,1,correct,False,,,20,20
W040,dev,Б1-5.5,1,1,correct,False,,,12,12
W040,dev,Б1-5.6,1,1,correct,False,,,12,12
W040,dev,Б1-5.7,1,1,correct,False,,,10,10
W040,dev,Б1-5.8,1,1,correct,False,,,6,6
W040,dev,Б1-5.9,1,1,correct,False,,,10,10
W040,dev,Б1-6.1,1,0,incorrect,False,,"[computational] Неверный ответ 30, верный ответ 20.",30,20
W040,dev,Б1-6.2,1,1,correct,False,,,18,18
W040,dev,Б1-6.3,1,1,correct,False,,,12,12
W040,dev,Б1-6.4,1,1,correct,False,,,28,28
W040,dev,Б1-6.5,1,1,correct,False,,,28,28
W040,dev,Б1-6.6,1,1,correct,False,,,35,35
W040,dev,Б1-6.7,1,1,correct,False,,,36,36
W040,dev,Б1-6.8,1,1,correct,False,,,25,25
W040,dev,Б1-6.9,1,1,correct,False,,,36,36
W040,dev,Б1-7.1,1,1,correct,False,,,30,30
W040,dev,Б1-7.2,1,1,correct,False,,,20,20
W040,dev,Б1-7.3,1,1,correct,False,,,10,10
W040,dev,Б1-7.4,1,0,incorrect,False,,"[computational] Неверный ответ 28, верный ответ 18.",28,18
W040,dev,Б1-7.5,1,1,correct,False,,,12,12
W040,dev,Б1-7.6,1,1,correct,False,,,4,4
W040,dev,Б1-7.7,1,1,correct,False,,,16,16
W040,dev,Б1-7.8,1,1,correct,False,,,24,24
W040,dev,Б1-7.9,1,1,correct,False,,,8,8
W040,dev,Б1-8.1,1,1,correct,False,,,5,5
W040,dev,Б1-8.2,1,1,correct,False,,,10,10
W040,dev,Б1-8.3,1,1,correct,False,,,13,13
W040,dev,Б1-8.4,1,1,correct,False,,,5,5
W040,dev,Б1-8.5,1,1,correct,False,,,10,10
W040,dev,Б1-8.6,1,1,correct,False,,,13,13
W040,dev,Б1-9.1,0,0,incorrect,False,"Неверный ответ: AC = 4, средняя линия 2; у ученика 2,5; Проверяющий перечеркнул всё задание","[computational] Сторона AC равна 4, средняя линия равна 4 / 2 = 2.","2,5",2
W040,dev,Б1-9.2,0,0,incorrect,False,"Неверный ответ: AC = 8, средняя линия 4; у ученика 5,5; Проверяющий перечеркнул всё задание; ответ читается как 5,5 (возможно, исправлено)","[computational] Неверный ответ 5,5, верный ответ 4.","5,5",4
W040,dev,Б1-9.3,0,0,incorrect,False,"Неверный ответ: AC = 6, средняя линия 3; у ученика 3,5; Проверяющий перечеркнул всё задание","[computational] Неверный ответ 3,5, верный ответ 3.","3,5",3
W040,dev,Б1-9.4,0,0,incorrect,False,"Неверный ответ: AC = 4, средняя линия 2; у ученика 2,5; Проверяющий перечеркнул всё задание","[computational] Неверный ответ 2,5, верный ответ 2.","2,5",2
W040,dev,Б1-9.5,0,0,incorrect,False,"Неверный ответ: AC = 10, средняя линия 5; у ученика 7,5; Проверяющий перечеркнул всё задание","[computational] Неверный ответ 7,5, верный ответ 5.","7,5",5
W040,dev,Б1-9.6,0,0,incorrect,False,"Неверный ответ: AC = 4, средняя линия 2; у ученика 2,5; Проверяющий перечеркнул всё задание","[computational] Неверный ответ 2,5, верный ответ 2.","2,5",2
W040,dev,Б1-10.1,1,1,correct,False,,,3,3
W040,dev,Б1-10.2,0,0,incorrect,False,"Неверный ответ: основание 5, AB — средняя линия, AB = 2,5; у ученика 3; Проверяющий зачеркнул и написал 2,5","[computational] Неверный ответ 3, верный ответ 2,5.",3,"2,5"
W040,dev,Б1-10.3,1,1,correct,False,,,2,2
W040,dev,Б1-10.4,1,1,correct,False,,,1,1
W040,dev,Б1-10.5,0,0,incorrect,False,"Неверный ответ: AB = 6·3/4 = 4,5; Ответ ученика зачёркнут проверяющим (неразборчив), написано 4,5","[computational] Неверный ответ 5, верный ответ 4,5.",5,"4,5"
W040,dev,Б1-10.6,0,0,incorrect,False,"Неверный ответ: AB = 4·3/4 = 3; Ответ ученика зачёркнут проверяющим (неразборчив), написано 3","[computational] Неверный ответ 4, верный ответ 3.",4,3
W040,dev,Б1-10.7,0,0,incorrect,False,Неверный ответ: AB = 4·1/4 = 1; у ученика 2; Проверяющий исправил на 1,"[computational] Неверный ответ 2, верный ответ 1.",2,1
W040,dev,Б1-10.8,0,0,incorrect,False,"Неверный ответ: AB = 6·5/6 = 5; Ответ ученика зачёркнут проверяющим (неразборчив), написано 5","[computational] Неверный ответ 6, верный ответ 5.",6,5
W040,dev,Б1-10.9,0,0,incorrect,False,"Неверный ответ: AB = 3·1/3 = 1; Ответ ученика зачёркнут проверяющим (неразборчив), написано 1","[computational] Неверный ответ 2, верный ответ 1.",2,1
W040,dev,Б1-11.1,0,0,incorrect,False,"Неверный ответ: основания 1 и 7, средняя линия 4; у ученика 4,5; Проверяющий зачеркнул 4,5 и написал 4; перед 4,5 у ученика зачёркнуто 13,5","[conceptual] Длина средней линии равна полусумме оснований (6 + 1)/2 = 3.5 (или 4 по эталону), ответ 18 неверен.",18,4
W040,dev,Б1-11.2,1,0,incorrect,False,Ученик зачеркнул прежний ответ и написал 6,"[conceptual] Неверный ответ 24, верный ответ 6.",24,6
W040,dev,Б1-11.3,1,1,correct,False,,,6,6
W040,dev,Б1-11.4,1,1,correct,False,,,7,7
W040,dev,Б1-11.5,1,1,correct,False,,,8,8
W040,dev,Б1-11.6,1,1,correct,False,,,6,6
W040,dev,Б1-11.7,1,1,correct,False,,,4,4
W040,dev,Б1-11.8,1,1,correct,False,,,5,5
W040,dev,Б1-11.9,1,1,correct,False,,,3,3
W040,dev,Б1-12.1,0,0,not_solved,False,"Неверный ответ: R = 2, r = 1, ответ 4; Проверяющий перечеркнул всё задание; ответ ученика под зачёркиванием неразборчив",,,4
W040,dev,Б1-12.2,0,0,not_solved,False,"Неверный ответ: R = 4, r = 2, ответ 4; у ученика 16; Проверяющий перечеркнул всё задание",,,4
W040,dev,Б1-12.3,0,0,not_solved,False,"Неверный ответ: R = 3, r = 2, ответ 2,25; у ученика 10; Проверяющий перечеркнул всё задание",,,"2,25"
W040,dev,Б1-12.4,0,0,not_solved,False,"Неверный ответ: R² = 5, r² = 1, ответ 5; у ученика 4; Проверяющий перечеркнул всё задание",,,5
W040,dev,Б1-12.5,0,0,not_solved,False,"Неверный ответ: R² = 10, r² = 4, ответ 2,5; у ученика 9; Проверяющий перечеркнул всё задание",,,"2,5"
W040,dev,Б1-12.6,0,0,not_solved,False,"Неверный ответ: R² = 5, r² = 4, ответ 1,25; у ученика 16; Проверяющий перечеркнул всё задание",,,"1,25"
W040,dev,Б1-12.7,0,0,not_solved,False,"Неверный ответ: R² = 4, r² = 2, ответ 2; Проверяющий перечеркнул всё задание; ответ ученика под зачёркиванием неразборчив",,,2
W040,dev,Б1-12.8,0,0,not_solved,False,"Неверный ответ: R² = 9, r² = 5, ответ 1,8; у ученика 9; Проверяющий перечеркнул всё задание",,,"1,8"
W040,dev,Б1-12.9,0,0,not_solved,False,"Неверный ответ: R² = 16, r² = 5, ответ 3,2; у ученика 16; Проверяющий перечеркнул всё задание",,,"3,2"
W040,dev,Б2-1.1,1,1,correct,False,,,4,4
W040,dev,Б2-1.2,1,0,not_solved,False,,,,7
W040,dev,Б2-1.3,1,1,correct,False,Ученик исправил 1 на 3,,3,3
W040,dev,Б2-1.4,1,1,correct,False,,,5,5
W040,dev,Б2-1.5,1,1,correct,False,,,2,2
W040,dev,Б2-1.6,1,0,incorrect,False,,"[computational] Неверный ответ 7, верный ответ 1.",7,1
W040,dev,Б2-2.1,1,1,correct,False,Ученик зачеркнул прежние ответы,,2,2
W040,dev,Б2-2.2,1,1,correct,False,Ученик зачеркнул прежние ответы,,7,7
W040,dev,Б2-2.3,1,1,correct,False,Ученик зачеркнул прежние ответы,,7,7
W040,dev,Б2-2.4,1,1,correct,False,,,4,4
W040,dev,Б2-2.5,1,1,correct,False,,,4,4
W040,dev,Б2-2.6,1,1,correct,False,,,2,2
W040,dev,Б2-3.1,,0,not_solved,False,Ответ не записан (только номер пункта),,,—
W040,dev,Б2-3.2,,0,not_solved,False,Ответ не записан (только номер пункта),,,—
W040,dev,Б2-3.3,,0,not_solved,False,Ответ не записан (только номер пункта),,,—
W040,dev,Б2-3.4,,0,not_solved,False,Ответ не записан (только номер пункта),,,—
W040,dev,Б2-3.5,,0,not_solved,False,Ответ не записан (только номер пункта),,,—
W040,dev,Б2-3.6,,0,not_solved,False,Ответ не записан (только номер пункта),,,—
W040,dev,Б2-4.1,1,1,correct,False,,,14,14
W040,dev,Б2-4.2,1,1,correct,False,,,15,15
W040,dev,Б2-4.3,1,1,correct,False,,,18,18
W040,dev,Б2-4.4,1,1,correct,False,,,13,13
W040,dev,Б2-4.5,1,0,incorrect,False,,"[computational] Неверный ответ 11, верный ответ 19.",11,19
W040,dev,Б2-4.6,0,0,incorrect,True,Неверный ответ: S = 25 − 3 − 3 − 3 = 16; у ученика 15; Проверяющий поставил +; прочитано как 15,"[computational] Неверный ответ 15, верный ответ 16.",15,16
W040,dev,Б2-4.7,1,0,incorrect,False,"ответ прочитан как 11 (записано слитно, похоже на «u»)","[computational] Неверный ответ 4, верный ответ 11.",4,11
W040,dev,Б2-4.8,1,0,incorrect,False,ответ прочитан как 9 (неразборчиво),"[computational] Неверный ответ 8, верный ответ 9.",8,9
W040,dev,Б2-4.9,1,1,correct,False,,,11,11
W040,dev,Б2-5.1,0,0,incorrect,False,"Неверный ответ: S = 36 − 1 − 12 = 23; Ответ ученика зачёркнут проверяющим (неразборчив), написано 23","[computational] Неверный ответ 26, верный ответ 23.",26,23
W040,dev,Б2-5.2,1,0,incorrect,False,,"[computational] Неверный ответ 7, верный ответ 17.",7,17
W040,dev,Б2-5.3,1,0,incorrect,False,,"[computational] Неверный ответ 37,5, верный ответ 32,5.","37,5","32,5"
W040,dev,Б2-5.4,1,1,correct,False,,,28,28
W040,dev,Б2-5.5,1,1,correct,False,,,12,12
W040,dev,Б2-5.6,0,0,incorrect,False,"Неверный ответ: S = 30 − 2,5 − 2,5 = 25; Ответ ученика зачёркнут проверяющим (неразборчив), написано 23 — у проверяющего тоже ошибка, верно 25","[computational] Неверный ответ 30, верный ответ 25.",30,25
W040,dev,Б2-5.7,1,1,correct,False,,,"28,5","28,5"
W040,dev,Б2-5.8,1,1,correct,False,,,"18,5","18,5"
W040,dev,Б2-5.9,0,0,incorrect,False,Неверный ответ: S = 42 − 16 = 26; у ученика 16; Проверяющий зачеркнул и написал 26; зачёркнутый ответ ученика прочитан как 16,"[computational] Неверный ответ 12, верный ответ 26.",12,26
W041,dev,7.5,0,0,incorrect,False,"Вычислительная ошибка: x₂ = 4/2 = 2, у ученика записано другое число (вероятно 4); ответ «−3; 4» вместо −3; 2; Нумерация: «Задание N, пункт k» → N.k. Проверяющий исправил на 2 в x₂ и в ответе. исходная цифра под исправлением неразборчива (4 или 1)",[computational] При верных вычислениях корней x_1 = -3 и x_2 = 2 в ответ ошибочно записано 4 вместо 2.,-3; 4,-3; 2
W041,dev,7.6,1,1,correct,False,Ответ −4; 1; проверяющий поставил +,,"-4, 1",-4; 1
W041,dev,7.7,1,1,correct,False,Ответ −4; 2; проверяющий поставил +,,"-4, 2",-4; 2
W041,dev,8.4,0,0,incorrect,False,"Ошибка в формуле корней: взято b вместо −b, x = (−16 ± 6)/10 = −2,2; −1; верно x = (16 ± 6)/10 = 2,2; 1. Ответ (−2,2; −22), (−1; −16) неверен, верно (1; −6), (2,2; 0); Проверяющий обвёл −b в формуле: «у нас же по формуле −b»","[computational] Неверно применен знак коэффициента b в формуле корней: для уравнения 5x^2 - 16x + 11 = 0 должно быть -b = +16, а записано -16.","(-2,2; -22) (-1; -16)","(1; -6); (2,2; 0)"
W041,dev,8.8,1,1,correct,False,"Ответ (1,25; 0), (2; 6); проверяющий поставил +. В записи системы 4x² − 5 = y пропущен x (описка)",,"(1,25; 0) (2; 6)","(1,25; 0); (2; 6)"
W041,dev,8.12,0,0,incorrect,False,"Ошибка в знаке: из 9x² − y = 2 выражено y = 2 − 9x², верно y = 9x² − 2; Проверяющий написал y = 9x² − 2 и грустный смайлик | Ошибка переноса: из 12 − 5x² = 2 − 9x² получено −9x² + 5x² = 2 − 12 (x² = 2,5), верно 4x² = −10. Ответ (±√2,5; −0,5) неверен, верно (±1; 7)",[computational] Из уравнения 9x^2 - y = 2 выражено y = 2 - 9x^2 вместо y = 9x^2 - 2 (ошибка со знаком).,"(\sqrt{2,5}; -0,5) (-\sqrt{2,5}; -0,5)",(-1; 7); (1; 7)
W041,dev,9.4,1,1,correct,False,"Ответ (3; 4), (3; −4); проверяющий поставил +",,"(3; 4), (3; -4)",(3; -4); (3; 4)
W041,dev,9.8,1,1,correct,False,"Ответ (3; 3), (3; −3); проверяющий поставил +",,(3; 3) (3; -3),(3; -3); (3; 3)
W041,dev,9.12,0,0,incorrect,False,"Ошибка в знаке: y − 5 = 2x + 2y − 18 преобразовано в 2x + y + 13 = 0, верно 2x + y − 13 = 0; дальше при x = 4 из 8 + y + 13 = 0 записано y = 21. Верно: при x = 4 y = 5 (исключено ОДЗ); Проверяющий исправил знак перед 13. ОДЗ x + y ≠ 9 выписано (проверяющий: «Умничка!!!») | Из (y − 7) = 0 подставлено x = 7 вместо y = 7; ответ (4; 21), (7; 27) неверен, верно (3; 7); Проверяющий обвёл y в «Если y = 7». Концовка решения продублирована вверху markup_1","[conceptual] Уравнение (x-4)(y-7)=0 распалось на x=4 или x=7 вместо x=4 или y=7. | [computational] При раскрытии скобок 2(x+y-9) получено 2x+2y-12 вместо 2x+2y-18. | [computational] Неверный перенос слагаемых: должно быть y = -21, а не 21.",(4; 21); (7; 27),(3; 7)
W042,dev,8.4,0,0,incorrect,False,"Ошибка в формуле корней: знаменатель 5 вместо 2a = 10, x = (16 ± 6)/5 = 2; 4,4; верно x = 2,2; 1. Ответ (2; −1), (4,4; 11) неверен, верно (1; −6), (2,2; 0); Нумерация: «№N (k)» → N.k (Задание N, пункт k). Проверяющий зачеркнул только (4,4; 11), хотя (2; −1) тоже неверна. красные «+»/«−» в строке 5x² − 11x … 5x … 11 = 0 — неясно, что исправлено; следующая строка 5x² − 16x + 11 = 0 верна","[computational] В формуле корней квадратного уравнения в знаменателе должно быть 2a = 10, а не a = 5.","(2; -1); (4,4; 11)","(1; -6); (2,2; 0)"
W042,dev,8.8,1,1,correct,False,"Ответ (2; 6), (1,25; 0); проверяющий поставил +","[presentation] Описка в знаке/числе (+20 вместо +10), на следующем шаге уравнение уже записано верно: 4x^2 - 13x + 10 = 0.","(2; 6); (1,25; 0)","(1,25; 0); (2; 6)"
W042,dev,8.12,1,1,correct,False,"Ответ (1; 7), (−1; 7); проверяющий поставил +",,(1; 7); (-1; 7),(-1; 7); (1; 7)
W042,dev,9.4,0,0,incorrect,False,"Потерян корень y = −4: из y² = 16 записано y = 4; ответ (3; 4), верно (3; 4), (3; −4); Проверяющий дописал ± к y = 4",[computational] Из уравнения y^2 = 16 следует y = \pm 4. Потерян корень y = -4 и пара (3; -4).,(3; 4),(3; -4); (3; 4)
W043,dev,1,1,1,correct,False,,,106,106
W043,dev,2,1,1,correct,False,,,98,98
W043,dev,4,0,0,incorrect,False,"Ошибка в вычислении: 180 − 86 = 94, а не 104; Проверяющий исправил: 180 − 86 = 94","[computational] Арифметическая ошибка: 180 - 86 = 94, а не 104.",104,94
W043,dev,6,1,1,correct,False,,,33,33
W043,dev,8,1,1,correct,False,,,32,32
W043,dev,9,1,1,correct,False,,,34,34
W043,dev,10,1,1,correct,False,,,26,26
W043,dev,12,1,1,correct,False,,,38,38
W043,dev,13,1,1,correct,False,,,55,55
W043,dev,14,1,1,correct,False,,,73,73
W043,dev,16,1,1,correct,False,,,59,59
W043,dev,17,1,1,correct,False,,,24,24
W043,dev,18,1,1,correct,False,Ответ исправлен самим учеником (27 → 28),,28,28
W043,dev,19,1,1,correct,False,,,29,29
W043,dev,21,0,0,incorrect,False,Неверное утверждение ∠MCA = ∠A = 85° и ответ 5°; меньший угол равен 45° − 14° = 31°; Проверяющий: «почему?»,"[conceptual] Неверные рассуждения и вычисления. Острый угол прямоугольного треугольника находится как 45° - 14° = 31° (или 45° + 14° = 59°), меньший угол равен 31°.",5,31
W043,dev,22,0,0,incorrect,False,"Неверное утверждение ∠A = ∠ACM = 45°; из найденного ∠D = 79° следует ∠A = 90° − 79° = 11°; Проверяющий: «почему?», дописал ∠A = 90° − ∠D = 11",[conceptual] Неверный вывод об углах треугольника. Меньший острый угол равен 45° - 34° = 11°.,45,11
W043,dev,23,0,0,incorrect,False,"Ответ записан неверно, верный ответ 36°; Проверяющий исправил первую цифру ответа на 3 — проверь по фото, какое число было у ученика; ход решения верный","[conceptual] Неверный ход решения: вместо 45° - 9° = 36° ученик вычел 36 из 90°, получив 54° и затем 46° вместо 36°.",46,36
W043,dev,24,0,0,incorrect,False,Неверно переписано число: ∠DBC = 45° − 23° = 22°; дальше ответ 20° вместо 22°; Проверяющий: «неправильно переписал»,"[computational] В условии угол равен 23°, а не 25° (или 26°). Меньший угол равен 45° - 23° = 22°.",20,22
W043,dev,25,1,1,correct,False,"Ответ 33 (∠A = ∠ABF, △ABF равнобедренный — медиана к гипотенузе); у проверяющего «???» у этого шага без +, итоговый ответ явно не выписан",,33,33
W043,dev,26,1,1,correct,False,,,26,26
W043,dev,28,1,1,correct,False,,,27,27
W043,dev,29,1,1,correct,False,,,78,78
W043,dev,30,0,0,incorrect,False,"Ошибка в вычислении: 90 − 74 = 16, у ученика другое число; Проверяющий исправил на 16","[computational] 37 + 37 = 74, а не 72. 90 - 74 = 16.",18,16
W043,dev,31,0,0,incorrect,False,"Ошибка в вычислении: 90 − 56 = 34, а не 44; Проверяющий исправил на 34","[computational] Медиана отсекает угол, равный меньшему углу (28°), поэтому угол равен 90° - 2·28° = 34°. Ученик взял угол 22° вместо 28° и ошибся в арифметике: 90 - 55 = 35, а не 44.",44,34
W043,dev,34,,0,not_solved,False,"Не дорешано: первая попытка зачёркнута, во второй ∠B = 90 − 61 = 29 (перепутан данный угол), ответа нет; проверяющий нарисовал кота",,,32
W044,dev,15-Б1-1,1,1,correct,False,"Схема номеров: <тема>-Б<блок>-<№>[.<пункт>]; условия: task_1 = 15. Треугольники (префикс 15-), task_2 = 18. Фигуры на решётке (18-), task_3 = 17. Четырёхугольники (17-), task_4 = 16. Окружность — в работе не использован. Файл определён по числам в решениях",,37,37
W044,dev,15-Б1-2,1,1,correct,False,,,9,9
W044,dev,15-Б1-3,1,1,correct,False,,,76,76
W044,dev,15-Б1-4,1,1,correct,False,,,48,48
W044,dev,15-Б1-5,0,0,incorrect,False,Неверный ответ: угол при основании (180 − 124) : 2 = 28; ученик нашёл 124 : 2 = 62; Проверяющий зачеркнул 62 и написал 28,"[conceptual] Угол при вершине B равен 124°, значит углы при основании равны (180° - 124°) / 2 = 28°, а не 124° / 2.",62,28
W044,dev,15-Б1-6,1,1,correct,False,,,56,56
W044,dev,15-Б1-7,1,1,correct,False,,,35,35
W044,dev,15-Б1-8,1,1,correct,False,,,27,27
W044,dev,15-Б1-9,1,1,correct,False,,,44,44
W044,dev,15-Б1-10,1,0,incorrect,False,"В записи пропущен множитель ½ (S = 21·22 = 231), на полях 21·22 = 462 — на ответ не влияет","[computational] Ошибка в вычислениях: в черновике посчитано 462, а записано 3231 вместо верного ответа 231.",3231,231
W044,dev,15-Б1-11,1,1,correct,False,,,20,20
W044,dev,15-Б1-12,1,1,correct,False,,,26,26
W044,dev,15-Б1-13,1,1,correct,False,,,21,21
W044,dev,15-Б1-16,1,1,correct,False,,,"20,5","20,5"
W044,dev,15-Б1-17,0,0,incorrect,False,"Ошибка в преобразовании дроби: sinB = 9/15 = 3/5 = 0,6; у ученика итог 0,9; Проверяющий подписал знаменатели 3 и 5, + не поставил; итог прочитан как 0,9","[computational] 9/15 = 3/5 = 0,6. При приведении к знаменателю 20 дробь 9/15 была умножена неверно.","0,9","0,6"
W044,dev,15-Б1-18,1,1,correct,False,,,"0,85","0,85"
W044,dev,15-Б1-19,1,1,correct,False,,,2,2
W044,dev,15-Б1-20,0,0,incorrect,False,Неверный ответ: AC = 32·5/8 = 20; у ученика 40; Проверяющий зачеркнул 40 и написал 20,"[computational] AC = AB * sin B = 32 * (5/8) = 20, а не 40 (числитель увеличился в 8 раз вместо 4).",40,20
W044,dev,15-Б1-21,0,0,incorrect,False,Неверный ответ: BC = 56·3/7 = 24; Проверяющий исправил последнюю цифру на 4 (в дроби и в ответе); исходная цифра ученика не видна под исправлением,"[conceptual] В условии cos B = 3/7, а выписано 3/17; BC = 56 * 3/7 = 24.",21,24
W044,dev,15-Б1-22,0,0,incorrect,False,Неверный ответ: AC = 63·4/9 = 28; Проверяющий вписал 28 в дробь и в ответ; ответ ученика под исправлением неразборчив,"[computational] При tg B = 4/9 и BC = 63, катет AC = 63 * (4/9) = 28, а не 36.",36,28
W044,dev,15-Б2-1а,0,0,incorrect,True,"Неверный ответ: по рисунку 2α + 66° = 180°, α = 57°; у ученика (180 − 66) : 3 = 38; Проверяющий поставил +. Исправлено после аудита по ключу",[computational] Верный угол: alpha = 180° - 66° - 57° = 57°.,38,57
W044,dev,15-Б2-1б,1,1,correct,False,,,35,35
W044,dev,15-Б2-2,1,1,correct,False,,,58,58
W044,dev,15-Б2-3,1,1,correct,False,,,64,64
W044,dev,15-Б2-4,,0,not_solved,False,"Начато, не доведено: только чертёж, ответа нет",,,14
W044,dev,15-Б2-5,1,1,correct,False,,,"7,5","7,5"
W044,dev,15-Б2-6,1,0,incorrect,False,ответ прочитан как 131,"[computational] Описка или ошибка в ответе: угол AMB равен 131°, записано 731.",731,131
W044,dev,15-Б2-7,0,0,incorrect,False,Неверный ответ: ∠3 = 180° − 29° − 39° = 112°; у ученика 180 − 39 = 141; Проверяющий зачеркнул и написал 112,[conceptual] Угол 3 находится через сумму или разность углов при параллельных прямых: угол 3 = 180° - (29° + 39°) = 112°.,141,112
W044,dev,15-Б2-8,1,0,not_solved,False,"Режим training (data/cards/modes.csv), политика п. 2.3 — замечание. Было: Не ошибка по правилам (рассуждения верны, неверно выписан ответ / не сделан последний шаг): Не доведено до ответа: найдены половины углов 38,5° и 25,5°, но ∠NAM = 180 − 38,5 − 25,5 = 116 не вычислен; Проверяющий написал 116","[presentation] Решение не завершено: не найден угол NAM = 180° - 38,5° - 25,5° = 116°.",,116
W044,dev,15-Б2-9,1,1,correct,False,,,20,20
W044,dev,15-Б2-10,1,1,correct,False,,,3,3
W044,dev,15-Б2-11,1,1,correct,False,,,15,15
W044,dev,15-Б2-12,1,1,correct,False,,,18,18
W044,dev,15-Б2-13,1,1,correct,False,,,240,240
W044,dev,15-Б2-14,1,1,correct,False,,,6,6
W044,dev,15-Б2-15,1,1,correct,False,,,72,72
W044,dev,15-Б2-17,1,1,correct,False,,,54,54
W044,dev,15-Б2-18,1,1,correct,False,,,84,84
W044,dev,15-Б2-19,1,1,correct,False,,,"4,8","4,8"
W044,dev,15-Б2-20,1,1,correct,False,,,24,24
W044,dev,15-Б2-21,1,0,incorrect,False,"Режим training (data/cards/modes.csv), политика п. 1.1 — замечание. Было: Ответ не на вопрос: найдена высота h = √(58² − 40²) = 42, а нужна площадь S = ½·80·42 = 1680 — нужная величина не получена (нужен ещё шаг — формула площади) Проверяющий зачеркнул и написал 1680. Перепроверено по уточнениям от 27.09 до любого запуска на test (как W031 Б1-16 в dev: найдена гипотенуза, нужен радиус)","[conceptual] Найдена только высота треугольника, а требовалось найти площадь S = (1/2) * 80 * 42 = 1680.",42,1680
W044,dev,15-Б2-22,1,1,correct,False,,,120,120
W044,dev,15-Б2-25,1,1,correct,False,,,70,70
W044,dev,15-Б2-26,0,0,incorrect,False,Медианы делятся точкой пересечения 2:1: AO = 2/3·36 = 24; у ученика 36 : 2 = 18; Проверяющий написал 24,[conceptual] Неверно определена искомая величина; верный ответ 24.,72,24
W044,dev,15-Б2-27,1,1,correct,False,,,88,88
W044,dev,18-Б1-1,1,1,correct,False,,,5,5
W044,dev,18-Б1-2,1,0,not_solved,False,,,,10
W044,dev,18-Б1-3,1,0,not_solved,False,"Ученик подписал «№5» (как в условии, где у задачи опечатка «5.»)",,,"1,5"
W044,dev,18-Б1-4,1,1,correct,False,,,3,3
W044,dev,18-Б1-5.1,1,1,correct,False,,,18,18
W044,dev,18-Б1-5.2,1,1,correct,False,,,16,16
W044,dev,18-Б1-5.3,1,1,correct,False,,,30,30
W044,dev,18-Б1-5.4,0,0,incorrect,False,"Неверно определена диагональ: диагонали ромба 8 и 6, S = 8·6/2 = 24; ученик взял 4·6/2 = 12; Проверяющий приписал «·2»","[computational] Диагонали ромба равны 6 и 8 (а не 4 и 6), площадь S = (6 * 8) / 2 = 24.",12,24
W044,dev,18-Б1-6,1,1,correct,False,,,5,5
W044,dev,18-Б1-7,1,1,correct,False,,,3,3
W044,dev,18-Б1-8.1,0,0,incorrect,False,"Неверно взято основание: основание треугольника 5, AB — средняя линия, AB = 2,5; у ученика 4·0,5 = 2; Проверяющий зачеркнул и написал 2,5","[conceptual] Неверно найден отрезок AB: верный ответ 2,5.",2,"2,5"
W044,dev,18-Б1-8.2,1,1,correct,False,,,4,4
W044,dev,18-Б1-9,1,1,correct,False,,,6,6
W044,dev,18-Б1-10,1,1,correct,False,"Ученик подписал номер неразборчиво («№1?»); по числам — круги, №10",,"4,5","4,5"
W044,dev,18-Б2-1,1,0,not_solved,False,,,,6
W044,dev,18-Б2-2,1,0,not_solved,False,,,,8
W044,dev,18-Б2-3,,0,not_solved,False,"Начато, не доведено: только чертёж, ответа нет (верно 2,5)",,,5
W044,dev,18-Б2-4,1,1,correct,False,,,17,17
W044,dev,18-Б2-5,1,1,correct,False,,,18,18
W044,dev,18-Б2-6,1,1,correct,False,,,"67,5","67,5"
W044,dev,18-Б2-7,1,1,correct,False,,,"1,25","1,25"
W044,dev,18-Б2-8,1,1,correct,False,,,"1,2","1,2"
W044,dev,18-Б2-9,,0,not_solved,False,"Начато, не доведено: найдены √125 и √45, ответа нет (верно 0,75)",,,1
W044,dev,17-Б1-1,1,1,correct,False,,,128,128
W044,dev,17-Б1-2,1,1,correct,False,,,65,65
W044,dev,17-Б1-3,1,1,correct,False,,,58,58
W044,dev,17-Б1-4,1,1,correct,False,,,8,8
W044,dev,17-Б1-5,1,1,correct,False,,,112,112
W044,dev,17-Б1-6,1,1,correct,False,,,28,28
W044,dev,17-Б1-7,1,1,correct,False,,,34,34
W044,dev,17-Б1-8,1,1,correct,False,,,16,16
W044,dev,17-Б1-9,1,1,correct,False,,,6,6
W044,dev,17-Б1-11,1,1,correct,False,,,28,28
W044,dev,17-Б1-12,1,0,incorrect,False,"Режим training (data/cards/modes.csv), политика п. 2.3 — замечание. Было: Не ошибка по правилам (рассуждения верны, неверно выписан ответ / не сделан последний шаг): Ответ не на вопрос: 180 − 43 − 43 = 94 — тупой угол между диагоналями, острый 180 − 94 = 86; Проверяющий обвёл 43−43 и написал 86","[computational] 180 - 86 = 94 — ошибка: если углы по 47°, то 180 - 94 = 86.",94,86
W044,dev,17-Б1-13,1,1,correct,False,,,60,60
W044,dev,17-Б1-14,1,1,correct,False,,,129,129
W044,dev,17-Б1-15,1,1,correct,False,,,51,51
W044,dev,17-Б1-16,,0,not_solved,False,Зачёркнуто учеником,,,16
W044,dev,17-Б1-17,1,1,correct,False,,,66,66
W044,dev,17-Б1-18,0,1,correct,False,"Не выписан ответ: найдены обе высоты 36/9 = 4 и 36/12 = 3, а в ответ нужна большая — 4; Проверяющий обвёл 4, + не поставил;",,4,4
W044,dev,17-Б1-19,1,1,correct,False,,,105,105
W044,dev,17-Б1-20,1,1,correct,False,,,24,24
W044,dev,17-Б1-22,0,0,incorrect,False,"Диагональ квадрата d = a√2 = 13√2·√2 = 26; ученик разделил на √2 и получил 13; Нет отметки проверяющего; номер задачи у ученика подправлен («№2?»), итог прочитан как 13",[conceptual] Диагональ квадрата равна d = a*sqrt(2) = 13*sqrt(2)*sqrt(2) = 26.,14,26
W044,dev,17-Б1-24,1,1,correct,False,,,13,13
W044,dev,17-Б2-1,1,1,correct,False,,,94,94
W044,dev,17-Б2-3,1,0,incorrect,False,"Политика 30.09, п. 1.3 — замечание, не ошибка (rules/policy.csv). Было: Не ошибка по правилам (рассуждения верны, неверно выписан ответ / не сделан последний шаг): Ответ не на вопрос: ∠ABC = ∠BCD = 25° + 80° = 105° (найдено верно), но ученик дописал 180 − 105 = 75; Проверяющий обвёл 105 и поставил +; , что итогом у ученика считается 75",[conceptual] Требовалось найти больший угол/угол B = 105°.,75,105
W044,dev,17-Б2-4,1,0,incorrect,False,"Политика 30.09, п. 1.3 — замечание, не ошибка (rules/policy.csv). Было: Не ошибка по правилам (рассуждения верны, неверно выписан ответ / не сделан последний шаг): Ответ не на вопрос: ∠ADC = ∠BAD = 20° + 45° = 65°, а ученик в итоге записал 180 − 65 = 115; Проверяющий обвёл 65 и поставил +;",[conceptual] Искомый угол равен 65°.,115,65
W044,dev,17-Б2-5,1,1,correct,False,,,60,60
W044,dev,17-Б2-6,1,1,correct,False,,,125,125
W044,dev,17-Б2-7,0,0,incorrect,False,"Неверный ответ: ∠A = ∠D = 42° + 26° = 68°, ∠ABD = 180 − 68 − 42 = 70; у ученика 26; Проверяющий зачеркнул и написал 70",[conceptual] В равнобедренной трапеции угол ABD равен 70° (180° - 42° - (42°+26°)).,26,70
W045,dev,15-Б1-1,1,1,correct,False,"Схема номеров: <тема>-Б<блок>-<№>[.<пункт>]; условия: task_1 = 15. Треугольники (префикс 15-), task_2 = 18. Фигуры на решётке (18-), task_3 (17. Четырёхугольники) и task_4 (16. Окружность) в работе не использованы. Файл определён по числам в решениях",,37,37
W045,dev,15-Б1-3,1,1,correct,False,,,76,76
W045,dev,15-Б1-9,1,1,correct,False,,,44,44
W045,dev,15-Б1-11,1,1,correct,False,,,20,20
W045,dev,15-Б1-12,1,1,correct,False,,,26,26
W045,dev,15-Б1-17,1,1,correct,False,,,"0,6","0,6"
W045,dev,15-Б2-1а,0,0,incorrect,True,"Неверный ответ: по рисунку 2α + 66° = 180°, α = 57°; у ученика (180 − 66) : 3 = 38; Проверяющий поставил +. Исправлено после аудита по ключу","[conceptual] Неверно определена геометрическая конфигурация: угол, смежный с углом в 66°, делится на два равных угла, либо вертикальный угол состоит из двух углов. Верный ответ: 57°.",38,57
W045,dev,15-Б2-4,1,1,correct,False,,,14,14
W045,dev,15-Б2-7,1,1,correct,False,,,112,112
W045,dev,15-Б2-8,1,0,incorrect,False,Номер у ученика читается как «№3» (или №8); по числам — №8,"[computational] Половины углов равны 25,5° и 38,5° (а не 95,5°). Соответственно, ∠NAM = 180° - 25,5° - 38,5° = 116°.",46,116
W045,dev,15-Б2-13,1,1,correct,False,,,240,240
W045,dev,15-Б2-25,1,1,correct,False,"В записи KM/AC = 2/3 вместо 2/5, но далее AC = 14·5 = 70 — описка, на ответ не влияет;","[notational] Отношение KM/AC равно 2/5, а не 2/3. Однако при дальнейшем вычислении (14 * 5 = 70) отношение было использовано верно.",70,70
W045,dev,15-Б2-46,,0,not_solved,False,"Записан только номер, решения нет",,,22
W045,dev,18-Б1-1,1,1,correct,False,,,5,5
W045,dev,18-Б1-2,1,0,incorrect,False,,[computational] Неверно посчитана площадь или искомая величина. Правильный ответ: 10.,20,10
W045,dev,18-Б1-3,,0,not_solved,False,"Зачёркнуто учеником (заголовок «№5» перед зачёркнутым, в условии задача 3 имеет опечатку «5.»)",,,—
W045,dev,18-Б1-5.1,1,1,correct,False,,,18,18
W045,dev,18-Б1-6,1,1,correct,False,,"[notational] Некорректная математическая запись (25^2 вместо \sqrt{25}), однако итоговое число найдено верно.",5,5
W045,dev,18-Б1-7,1,1,correct,False,,,3,3
W045,dev,18-Б1-8.1,1,1,correct,False,,,"2,5","2,5"
W045,dev,18-Б1-9,1,1,correct,False,,,6,6
W045,dev,18-Б2-1,1,1,correct,False,,,6,6
W045,dev,18-Б2-4,1,1,correct,False,,,17,17
W045,dev,18-Б2-6,1,0,incorrect,False,,"[computational] Ошибка в вычислениях. Правильный ответ: 67,5.","62,5","67,5"
W045,dev,18-Б2-7,1,1,correct,False,,,"1,25","1,25"
W046,dev,1,1,1,correct,False,"Нумерация — номера 1–60 варианта РЕШУ ОГЭ. Проверяющий поставил +. Вверху markup_1 фрагмент «а) 72/180…, б)…» — не из этого варианта, не размечен",,4,4
W046,dev,2,0,0,incorrect,False,"Неверный выбор варианта: a ≈ −0,5, a − 1 ≈ −1,5, 1/a ≈ −2, по убыванию a, a − 1, 1/a — ответ 1, у ученика 2; Проверяющий зачеркнул и написал 1","[conceptual] При a ≈ -0,4: a - 1 ≈ -1,4; 1/a ≈ -2,5; a ≈ -0,4. В порядке убывания: a (-0,4), затем a-1 (-1,4), затем 1/a (-2,5). Это соответствует варианту 1.",2,1
W046,dev,3,1,1,correct,False,"√52 ≈ 7,2 — точка P; проверяющий поставил +",,3,3
W046,dev,4,0,0,incorrect,False,"Неверный выбор: a ≈ −2,3, верно −1 − a > 0 (ответ 2); у ученика 4 (a + 3 = 0,7 > 0, неравенство a + 3 < 0 неверно); Проверяющий исправил на 2","[conceptual] При a ≈ -2,3: a + 3 ≈ 0,7 > 0, поэтому утверждение 4 неверно. Верно утверждение 2: -1 - a = -1 - (-2,3) = 1,3 > 0.",4,2
W046,dev,5,0,0,incorrect,False,"5/9 ≈ 0,56, 11/17 ≈ 0,65 — между ними 0,6 (ответ 4), у ученика 3 (0,5); Проверяющий исправил на 4","[computational] 5/9 ≈ 0,555..., 11/17 ≈ 0,647. Число 0,5 не попадает в интервал (0,555; 0,647), а число 0,6 попадает (вариант 4).",3,4
W046,dev,6,1,0,incorrect,False,Проверяющий поставил +,"[conceptual] На рисунке точка a находится между 6 и 7 (примерно 6,7), а не между 7 и 8. Поэтому a - 7 < 0, и верным утверждением является 1 (или согласно условию 1: a - 6 > 0, нужно перепроверить знаки вариантов). При координатах с чертежа верный вариант другой.",3,3
W046,dev,7,1,1,correct,False,Проверяющий поставил +,,2,2
W046,dev,8,0,0,incorrect,False,"a ≈ −2,3, b ≈ 0,7: наибольшее −a ≈ 2,3 (ответ 2); у ученика 3; Проверяющий зачеркнул часть ответа и написал 2. ответ ученика читается как «3 2 4» / «3», какие цифры зачёркнуты — неясно","[conceptual] При a ≈ -1,7 и b ≈ 0,7 значение -a ≈ 1,7, а a - b ≈ -2,4. Наибольшим является число -a (вариант 2).",4,2
W046,dev,9,1,0,not_solved,False,Проверяющий поставил +,,,4
W046,dev,10,1,1,correct,False,Проверяющий поставил +,,3,3
W046,dev,11,1,1,correct,False,Проверяющий поставил +,,2,2
W046,dev,12,1,1,correct,False,Проверяющий поставил +,,3,3
W046,dev,13,0,0,incorrect,False,"Ошибка в знаке при подстановке a = 2, b = −1: (−1 − 2)·2 = −6, у ученика 6 > 0; выбран вариант 1, верно 3 ((b − a)b > 0); Проверяющий исправил на 3","[computational] Число -6 отрицательно, а не положительно. Положительным является (b - a)b = (-1 - 2)*(-1) = 3 > 0 (вариант 3).",1,3
W046,dev,14,1,1,correct,False,Проверяющий поставил +,,2,2
W046,dev,15,0,0,incorrect,False,"A — самая левая точка, наименьшее число 0,2 (ответ 1); у ученика 3; также 6/7 = 0,25 неверно (≈0,86); Проверяющий исправил на 1","[conceptual] Точка A — самая левая, то есть наименьшее из чисел. Наименьшее число среди представленных — 0,2 (вариант 1).",3,1
W046,dev,16,,0,not_solved,False,"Начато, не доведено: вычислены 45/19 и 52/19, ответа нет; проверяющий написал 3",,,3
W046,dev,17,0,0,incorrect,False,Спрашивается неверное утверждение: y − x < 0 неверно (ответ 1); ученик выбрал 2 (x²y > 0 — верно); Проверяющий исправил на 1,"[conceptual] Требовалось найти неверное утверждение. Утверждение 2 (x^2 * y > 0) верно, а неверным является y - x < 0 (вариант 1).",2,1
W046,dev,18,1,1,correct,False,Проверяющий поставил +,,1,1
W046,dev,19,1,0,incorrect,False,Проверяющий поставил +,[conceptual] В условии слева направо: x < z < y < 0. Тогда z - x > 0 (положительно). Отрицательной является разность x - y (вариант 3). На чертеже ученика порядок точек перепутан.,1,1
W046,dev,20,,0,not_solved,False,"Начато, не доведено: только деление 90 : 17, ответа нет; проверяющий написал 2",,,3
W046,dev,21,,0,not_solved,False,"Начато, не доведено: дошёл до 432/576 = …, ответа нет (промежуточно 432/(−24), затем исправлено); проверяющий написал 0,75",[presentation] Решение не закончено.,,"-0,75"
W046,dev,22,1,1,correct,False,Проверяющий поставил +,,27,27
W046,dev,30,1,1,correct,False,"4⁻¹ = 0,25 — вариант 2; проверяющий поставил +",,2,2
W046,dev,39,1,1,correct,False,Проверяющий поставил +,,16,16
W046,dev,41,1,1,correct,False,Проверяющий поставил +,,"0,3","0,3"
W046,dev,42,1,1,correct,False,"Ответ 0,88; проверяющий поставил + и обвёл/дописал цифру 8. вторая цифра после запятой неразборчива (8 или 3)",,"0,88","0,88"
W046,dev,43,1,1,correct,False,Проверяющий поставил +,,"0,8","0,8"
W046,dev,44,0,0,incorrect,False,"Вычислительная ошибка: 0,6 · 0,4 · 0,4 = 0,096, у ученика ≈0,16; Проверяющий зачеркнул и написал 0,096. результат ученика неразборчив","[computational] Ошибка при умножении десятичных дробей: 0,6 * 0,4 * 0,4 = 0,096, а не 0,96.","0,96","0,096"
W046,dev,45,1,1,correct,False,Проверяющий поставил +,,"0,94","0,94"
W046,dev,46,0,0,incorrect,False,"Частота рождения мальчика 0,532 сравнена с вероятностью девочки 0,488 (0,044); вероятность мальчика 1 − 0,488 = 0,512, разница 0,02; Проверяющий зачеркнул 0,044 и написал 0,02","[conceptual] 0,488 — это вероятность рождения девочки. Вероятность рождения мальчика равна 1 - 0,488 = 0,512. Разность частоты и вероятности: 0,532 - 0,512 = 0,02.","0,044","0,02"
W046,dev,47,1,1,correct,False,Проверяющий поставил +,,"0,1","0,1"
W046,dev,48,0,0,incorrect,False,"Вычислительная ошибка: 0,7 · 0,7 · 0,3 = 0,147, у ученика 0,1…7 (другие цифры); Проверяющий написал 0,147. результат ученика неразборчив","[computational] 0,49 * 0,3 = 0,147, в столбике допущена вычислительная ошибка.","0,187","0,147"
W046,dev,49,0,0,incorrect,False,"Всего 4 участника жребия: 1/4 = 0,25; у ученика 1/2 = 0,5; Проверяющий зачеркнул и написал 0,25","[conceptual] Детей всего 4 (Миша, Олег, Настя, Галя), поэтому вероятность равна 1/4 = 0,25, а не 1/2.","0,5","0,25"
W046,dev,50,1,0,incorrect,False,Проверяющий поставил +,"[conceptual] События несовместны, вероятности складываются: 0,2 + 0,1 = 0,3.","0,7","0,3"
W046,dev,51,1,1,correct,False,Проверяющий поставил +,,"0,5","0,5"
W046,dev,52,1,0,incorrect,False,"Режим training, политика п. 1.1 — замечание (найдено при офлайн-оценке политики 30.09). Было: Найдена вероятность для одного фонарика 0,98; для двух 0,98² = 0,9604 Проверяющий зачеркнул и написал 0,9604","[conceptual] Найдена вероятность того, что один фонарик не бракованный. Для двух независимых фонариков вероятность равна 0,98 * 0,98 = 0,9604.","0,98","0,9604"
W046,dev,53,1,1,correct,False,Проверяющий поставил +,,"0,85","0,85"
W046,dev,54,1,1,correct,False,Проверяющий поставил +,,"0,9409","0,9409"
W046,dev,55,1,1,correct,False,Проверяющий поставил +,,"0,92","0,92"
W046,dev,56,1,1,correct,False,Проверяющий поставил +,,"0,75","0,75"
W046,dev,57,1,0,incorrect,False,"Режим training, политика п. 1.3 — замечание (найдено при офлайн-оценке политики 30.09). Было: Лишнее действие: искомая вероятность 0,45 + 0,35 = 0,8, ученик дальше записал 1 − 0,8 = 0,2 Проверяющий обвёл 0,8, + нет","[conceptual] События несовместны, искомая вероятность равна 0,45 + 0,35 = 0,8. Вычитать из единицы не требовалось.","0,2","0,8"
W046,dev,58,1,1,correct,False,Проверяющий поставил +,,"0,4","0,4"
W046,dev,59,1,1,correct,False,Проверяющий поставил +,,"0,89","0,89"
W046,dev,60,1,1,correct,False,Проверяющий поставил +,,"0,2","0,2"
W047,dev,1,1,1,correct,False,,,132,132
W047,dev,2,1,1,correct,False,,,"15,4","15,4"
W047,dev,3,1,1,correct,False,,,21100,21100
W047,dev,4,0,0,incorrect,False,"Неверно учтена скидка: 17500 · 0,9 = 15750; у ученика 19250 (= 17500 · 1,1, прибавлено 10%); Проверяющий зачеркнул и написал 15750","[conceptual] Печь массой 40 кг стоит 17 500 рублей. Скидка 10% составляет 1750 рублей, следовательно, новая цена: 17 500 - 1750 = 15 750 рублей (ученик, видимо, прибавил скидку к стоимости печи №1 либо посчитал неверно).",19250,15750
W047,dev,5,1,1,correct,False,,,51,51
W047,dev,6,0,0,incorrect,False,"Вычислительная ошибка: 1/5 − 3/4 = 0,2 − 0,75 = −0,55; у ученика 0,35; Проверяющий зачеркнул и написал −0,55","[computational] Неверно выполнены вычисления: 1/5 - 3/4 = 4/20 - 15/20 = -11/20 = -0,55. Потерян знак минус и допущена ошибка в разности дробей.","0,35","-0,55"
W047,dev,7,1,1,correct,False,,,2,2
W047,dev,8,1,1,correct,False,,,"0,02","0,02"
W047,dev,9,0,0,incorrect,True,"Потерян знак: x + 5 = −6/5 = −1,2, x = −6,2; у ученика 6,2; Проверяющий поставил +","[computational] Потерян знак минус при решении уравнения: 6/(x + 5) = -5 => x + 5 = -1,2 => x = -6,2.","6,2","-6,2"
W047,dev,10,1,1,correct,False,,,"0,3","0,3"
W047,dev,11,1,1,correct,False,,,"А: 1, Б: 3, В: 2",132
W047,dev,12,1,1,correct,False,,,260,260
W047,dev,13,1,0,incorrect,False,,"[conceptual] 4x + 5 >= 6x - 2 => -2x >= -7 => x <= 3,5. Этому соответствует вариант 1 (луч влево от 3,5), а не вариант 2.",2,1
W047,dev,14,1,1,correct,False,,,"-53,7","-53,7"
W047,dev,15,0,0,incorrect,False,Неверный ответ: больший угол равнобедренной трапеции 180 − 66 = 114°; у ученика 89; Проверяющий зачеркнул и написал 114,"[conceptual] Сумма углов, прилежащих к боковой стороне трапеции, равна 180°. Больший угол равен 180° - 66° = 114°.",89,114
W047,dev,16,,0,not_solved,False,"Ответа нет, ученик поставил «?»",,,10
W047,dev,17,1,1,correct,False,,,6400,6400
W047,dev,18,1,0,incorrect,False,,"[conceptual] Площадь параллелограмма равна произведению стороны на высоту, проведённую к ней: S = 4 * 2 = 8.",28,8
W047,dev,19,1,1,correct,False,,,1,1
W047,dev,23,1,1,correct,False,Проверяющий: 2б,,16,16
W047,dev,24,0,0,incorrect,False,"Доказательство неполное: не обосновано, почему ΔABK и ΔDCK равнобедренные (∠BKA = ∠KAD накрест лежащие = ∠BAK), и не сделан вывод BK = AB = CD = CK; перечислены равенства без связи с выводом; Проверяющий написал «неочев.» и поставил ±, 1б","[presentation] Не обосновано, почему треугольники ABK и DCK являются равнобедренными (не указано равенство накрест лежащих углов при параллельных прямых BC и AD). | [conceptual] Из равенства противоположных сторон CD = BA не следует напрямую, что K — середина BC, без промежуточного вывода о равенстве отрезков BK = AB и CK = CD, откуда BK = KC.",доказано,—
W048,dev,1,1,0,incorrect,False,"Ответ «>» верный; оценка 3√7 ≈ 7,8 неточна (≈ 7,94), но вывод 3√7 − 1 < 7 верен. Проверяющий +","[conceptual] При преобразовании второго числа был утерян знак минус в степени без обращения дроби (вместо степени -2/5 записана степень 2/5 без переворота основания). Кроме того, сравнение основано на грубой численной оценке корня, а не на исследовании показательной функции и знака основания относительно 1.","((7)/(3\sqrt{7}-1))^{0,6} > ((3\sqrt{7}-1)/(7))^{0,4} (по сути первое больше второго)",((3\sqrt{7}-1)/7)^{-\frac{3}{5}} > ((3\sqrt{7}-1)/7)^{-\frac{2}{5}}
W048,dev,2а,1,1,correct,False,x = 2; проверяющий +,,2,2
W048,dev,2б,1,1,correct,False,x = 0; 1; проверяющий +,"[notational] Описка в общей формуле корней: перед дробью стоит минус, хотя формула x = (-b ± √D)/(2a). Вычисления выполнены верно.",0; 1,0; 1
W048,dev,2в,,0,incorrect,False,"Начато, не доведено; ошибка 3^x·3^(−1) записано как (3/3)^x — проверяющий обвёл. Верный ответ 0; 1","[conceptual] Знак умножения между 4^x и 3^{x-1} ошибочно заменён на сложение, дальнейшие преобразования неверны, решение брошено.",Решение не закончено,0; 1
W048,dev,3,0,0,incorrect,False,"При возведении в квадрат потеряно удвоенное произведение: 25(5^(−x) − 5^x)² = 25(5^(−2x) + 5^(2x) − 2) = b², откуда 5^(−2x) + 5^(2x) = b²/25 + 2; у ученика b²/25; Проверяющий выписал (a−b)² = a² − 2ab + b²",[conceptual] При возведении в квадрат разности (5^{-x} - 5^x)^2 потеряно удвоенное произведение: (5^{-x} - 5^x)^2 = 5^{-2x} - 2 + 5^{2x}. | [conceptual] Слагаемое b/5 добавлено необоснованно и не вытекает из предыдущей строки.,b^2/25 + b/5,b^2/25 + 2
W048,dev,4а,0,0,incorrect,False,"Неверно найден корень: x² + x − 2 = (x−1)(x+2), корни 1 и −2, у ученика 1 и 2; Проверяющий обвёл «−2», написал x = 1, x = −2 | Не изменён знак при основании 0,5 < 1: должно быть (x²+x−2)(3−x) < 0, у ученика > 0. Верный ответ (−2; 1) ∪ (3; +∞), у ученика (−∞; 1) ∪ (2; 3); Проверяющий отдельно не отмечал","[computational] Неверно найдены корни квадратного трехчлена x^2 + x - 2 = 0 (верные корни: -2 и 1, у ученика, судя по ответу, -1 и 2). Также неверно определены знаки на числовой прямой методом интервалов для неравенства (x + 2)(x - 1)(3 - x) < 0.",x \in (-\infty ; -1) \cup (2 ; 3),(-2; 1) \cup (3; +\infty)
W048,dev,4б,,1,correct,False,"Начато, не доведено: получено t > 0,4, к x не вернулся (верный ответ x < 1); нет отметки проверяющего","[presentation] Пропущен промежуточный шаг перехода от (2/5)^x > (2/5)^1 к неравенству для x с учётом того, что основание 2/5 < 1.",x \in (-\infty; 1),x \in (-\infty; 1)
W049,dev,1,1,1,correct,False,,,132,132
W049,dev,2,1,1,correct,False,,,"15,4","15,4"
W049,dev,3,1,1,correct,False,,,21100,21100
W049,dev,4,1,1,correct,False,,,15750,15750
W049,dev,5,1,1,correct,False,В черновике неаккуратно: R² = 2601 = 51,,51,51
W049,dev,6,0,0,incorrect,False,"Вычислительная ошибка: 0,2 − 0,75 = −0,55; у ученика −0,45; Проверяющий исправил 45 на 55","[computational] Арифметическая ошибка при вычитании: 0,2 - 0,75 = -0,55, а не -0,45.","-0,45","-0,55"
W049,dev,7,1,1,correct,False,,,2,2
W049,dev,8,1,1,correct,False,"В бланке 0,08 зачёркнуто, в поле замены ответов 0,02; проверяющий поставил + у замены",,"0,02","0,02"
W049,dev,9,1,1,correct,False,,,"-6,2","-6,2"
W049,dev,10,1,1,correct,False,,,"0,3","0,3"
W049,dev,11,1,1,correct,False,,,132,132
W049,dev,12,0,0,incorrect,False,Вычислительная ошибка: 150 + 11·(15 − 5) = 150 + 110 = 260; у ученика 150 + 165 − 55 = 230; Проверяющий зачеркнул и написал 260. ответ ученика 230 или 280 (неразборчиво),[computational] В бланке ответов №1 указано число 280 вместо верного 260.,280,260
W049,dev,13,1,0,incorrect,False,,"[conceptual] Неравенству x <= 3,5 соответствует луч влево от точки 3,5, то есть рисунок 1, а не 2 (ученик даже нарисовал верную штриховку влево, но указал вариант 2).",2,1
W049,dev,14,1,1,correct,False,,,"-53,7","-53,7"
W049,dev,15,1,0,incorrect,False,,[computational] Описка при переносе в бланк: в бланке записано 111 вместо 114.,111,114
W049,dev,16,1,1,correct,False,,,10,10
W049,dev,17,1,1,correct,False,,,6400,6400
W049,dev,18,1,0,incorrect,False,,"[conceptual] Неверно определена высота параллелограмма: высота равна 2 клеткам, а основание 4. Площадь S = 4 * 2 = 8, а не 28.",28,8
W049,dev,19,1,1,correct,False,,,1,1
W049,dev,20,0,0,incorrect,False,"Ошибка в знаке второго корня: x = (−8 + 4)/(−6) = 2/3, у ученика 4/(−6) (т.е. −2/3); верный ответ 2; 2/3; Проверяющий: «тут без минуса, а ещё лучше сократить до 2/3». знак в знаменателе второго корня переправлен (−6/+6), по комментарию проверяющего у ученика был минус","[computational] При вычислении второго корня: (-8 - (-4)) или (-8 - 4): числитель при x2 равен -8 - 4 = -12 (даёт 2), а при x1 равен -8 + 4 = -4. Получается x = -4 / (-6) = 2/3. Ученик потерял знак минус в числителе (получил 4 / (-6) = -2/3) и не сократил дробь.",2; 4/(-6),2/3; 2
W050,dev,1,1,1,correct,False,,,132,132
W050,dev,2,,0,not_solved,False,"Записан только номер, ответа нет",,,"15,4"
W050,dev,3,1,1,correct,False,,,21100,21100
W050,dev,4,1,0,incorrect,False,Ученик исправил цифру в ответе (15750),"[computational] Печь массой 40 кг стоит 17 500 руб. Скидка 10% составляет 1750 руб., новая цена: 17 500 - 1750 = 15 750 руб., а не 15 450 (или 15750 выписано с ошибкой).",15450,15750
W050,dev,5,,0,not_solved,False,"Записан только номер, ответа нет",,,51
W050,dev,6,1,1,correct,False,,,"-0,55","-0,55"
W050,dev,7,1,1,correct,False,,,2,2
W050,dev,8,1,0,incorrect,False,,"[computational] При x = 0,1 выражение равно x · 5^(-1) = 0,1 · 0,2 = 0,02. Ученик неверно умножил (или подставил вместо x = 0,1 число 1).","0,2","0,02"
W050,dev,9,1,1,correct,False,,,"-6,2","-6,2"
W050,dev,10,1,1,correct,False,,,"0,3","0,3"
W050,dev,11,0,0,incorrect,False,"Неверное соответствие: А (a>0, c<0) — график 1, Б — 3, В (a>0, c>0) — 2; ответ 132, у ученика 231; Проверяющий зачеркнул и написал 132","[conceptual] Для графика 1: ветви вверх (a > 0), пересечение с осью Oy ниже нуля (c < 0) — это А. Для графика 2: ветви вверх (a > 0), c > 0 — это В. Для графика 3: ветви вниз (a < 0), c > 0 — это Б. Правильное соответствие А — 1, Б — 3, В — 2 (ответ 132).",231,132
W050,dev,12,1,1,correct,False,,"[notational] Описка в записи t = 25 вместо t = 15, при этом вычисление 11*(15-5) = 110 выполнено верно.",260,260
W050,dev,13,1,0,incorrect,False,,"[conceptual] 4x + 5 >= 6x - 2 <=> -2x >= -7 <=> x <= 3,5. Этому соответствует луч (-бесконечность; 3,5], то есть рисунок 1, а не 2.",2,1
W050,dev,14,1,1,correct,False,,,"-53,7","-53,7"
W050,dev,15,1,1,correct,False,Запись цепочкой 360 − 132 = 228 : 2 = 114,,114,114
W050,dev,17,0,0,incorrect,False,"Неверный ответ: сторона квадрата 2·40 = 80, S = 6400; у ученика другое число (вероятно 40); Проверяющий зачеркнул и написал 6400. зачёркнутый ответ ученика неразборчив","[conceptual] Сторона квадрата, описанного около окружности радиуса R = 40, равна a = 2R = 80. Площадь квадрата S = a^2 = 80^2 = 6400.",40,6400
W050,dev,18,1,0,incorrect,False,,"[conceptual] Основание параллелограмма равно 4 клеткам, высота к нему равна 2 клеткам. Площадь S = 4 · 2 = 8.",28,8
W050,dev,19,1,0,not_solved,False,Нет отметки проверяющего,,,1
W050,dev,20,1,1,correct,False,,"[notational] Описка при переписывании условия (записано 7 x/(x-1) вместо 2/(x-1)), далее замена и уравнение записаны верно: t^2 + 2t - 3 = 0.",2/3; 2,2/3; 2
W051,dev,1,0,0,incorrect,False,"Ответ 8 неверный: при R=2√5 из R² = a² + (a/2)² получаем a² = 16, S = 16; Проверяющий дописал «·2 = 16». Нумерация — Блок 1. начало решения не попало на фото (видно только S=√8·√8, S=8, ответ 8); номер задачи предположительно 1 (R=2√5, ответ 16) по исправлению проверяющего; если решалась №3 (R=√10), ответ 8 верен","[conceptual] Сторона квадрата найдена неверно. В треугольнике AOD (D — прямой угол, OD = a/2, AD = a) гипотенуза OA = 2√5, тогда a^2 + (a/2)^2 = (2√5)^2 = 20, откуда (5/4)a^2 = 20, a^2 = 16. Площадь квадрата равна 16.",8,16
W051,dev,9,1,1,correct,False,,,28°,28
W051,dev,13,1,1,correct,False,,"[computational] Описка в значении центрального угла (58° / 59°), но ответ 29,5 соответствует эталону исходного сборника ученика.","29,5","29,5"
W051,dev,15,1,1,correct,False,,,"56,5°","56,5"
W051,dev,17,1,1,correct,False,,,142,142
W051,dev,21,1,1,correct,False,,,72,72
W051,dev,25,1,1,correct,False,,,58°,58
W051,dev,27,1,1,correct,False,"Нет строки «Ответ», результат ∠NMB = 19 записан",,19°,19
W051,dev,29,1,1,correct,False,,,36,36
W051,dev,31,1,1,correct,False,,,56,56
W051,dev,35,1,1,correct,False,Над задачей зачёркнут заголовок «№33»,,8,8
W051,dev,39,1,1,correct,False,,"[notational] Задача подписана как N 38 вместо N 39, но условие и решение соответствуют задаче 39.",6400,6400
W051,dev,43,0,0,incorrect,False,"Радиус вписанной окружности принят за сторону квадрата: a = 2r = 12√2, d = a√2 = 24; у ученика d = √((6√2)²+(6√2)²) = 12; Проверяющий дописал «·2 = 24»",[computational] Сторона квадрата a = 2r = 12√2. Диагональ квадрата d = a√2 = 12√2 · √2 = 24. Ученик допустил путаницу и ошибки в вычислениях.,12,24
W051,dev,47,1,1,correct,False,,,19,19
W051,dev,55,,0,not_solved,False,"Начато, не доведено: записано только «Дано», решения нет; проверяющий нарисовал «=(",,,72
W051,dev,67,1,1,correct,False,,,53,53
W051,dev,69,0,0,incorrect,False,"Неверно переписано условие: в №69 ∠ABC = 70°, ∠CAD = 49° → ∠ABD = 70 − 49 = 21°; ученик взял ∠CAD = 34° (из №70) и получил 36° (для №70: 80 − 34 = 46°); Проверяющий зачеркнул 70°, написал 80° и исправил ответ на 46 (засчитал как №70). номер у ученика «№69», данные смешаны из №69 и №70","[conceptual] В условии угол CAD равен 49°, а ученик записал 34°, из-за чего получен неверный ответ 70° - 49° = 21° (ученик получил 36°).",36,21
W051,dev,75,1,1,correct,False,,,66°,66
W051,dev,79,0,0,incorrect,False,"Вычислительная ошибка: AC² = 29² − 21² = 841 − 441 = 400, AC = 20; у ученика x² = 8², ответ 8; Проверяющий исправил на 20² и ответ 20","[computational] В условии r = 14,5, откуда гипотенуза AB = 29. Тогда AC = √(29^2 - 21^2) = √(841 - 441) = √400 = 20. Ученик неверно переписал радиус, а затем ошибся в теореме Пифагора.",8,20
W051,dev,87,1,1,correct,False,,,124,124
W051,dev,95,1,1,correct,False,,,114°,114
W051,dev,99,1,1,correct,False,,,8,8
W051,dev,103,0,1,correct,True,"Ошибки в шагах при верном ответе: √(2a²) = 2a неверно (должно a√2), затем √3872 : 2 = √1936 неверно (√968); ошибки компенсировали друг друга, a = 44; Ответ 44 верный; проверяющий поставил +","[computational] Ошибочный переход 44√2 = 2a скомпенсирован обратной ошибкой при делении корня на 2, в итоге верный ответ найден верно (d = 44√2, a = d/√2 = 44).",44,44
W051,dev,107,1,1,correct,False,,,4,4
W051,dev,111,0,0,incorrect,False,"Подставлен неверный радиус: R = 3√3, a = R√3 = 3√3·√3 = 9; у ученика 5√3·√3 = 15; Проверяющий исправил 5 на 3, ответ на 9","[conceptual] В дано R = 3√3, а при подстановке ученик взял 5√3. Должно быть a = R√3 = 3√3 · √3 = 9.",15,9
W052,dev,11,0,0,incorrect,False,"Вычислительная ошибка: 90 − 47 = 43, у ученика 53; Нумерация — Блок 1. Проверяющий зачеркнул и написал 43","[computational] Арифметическая ошибка при вычитании: 90 - 47 = 43, а не 53 (или задача решалась по другим данным, в условии Б2-11 расстояние находится через теорему Пифагора).",53,43
W052,dev,12,1,0,incorrect,False,"Режим training (data/cards/modes.csv), политика п. 2.3 и 4.3 — замечание. Было: Не доведено / ответ не на вопрос: 71° — угол при основании треугольника ABC (CBA), искомый ∠ABO = 90 − 71 = 19°; также неверная запись цепочкой 180 − 38 = 142 : 2 = 71 Проверяющий написал «надо (180−38)/2» (замечание к записи), ответ не отметил",[conceptual] Решалась другая задача или применен неверный геометрический метод; расстояние от хорды до касательной находится через радиус и расстояние от центра до хорды: 82 - sqrt(82^2 - 18^2) = 19 (или 82 + 80).,71,19
W052,dev,13,1,1,correct,False,,,"29,5","29,5"
W052,dev,14,1,1,correct,False,,,"23,5","23,5"
W052,dev,16,1,1,correct,False,,,"86,5","86,5"
W052,dev,17,0,0,incorrect,False,"Неверно найдена дуга: ∪AB = 2·∠ACB = 38°, у ученика 19 : 2 = 9,5; верно ∠AOD = 180 − 38 = 142°, у ученика 170,5; Проверяющий расписал верное решение: ∪AB = 19·2 = 38, ∠AOD = 142","[conceptual] Неверный ход решения, ответ 170,5 вместо 142.","170,5",142
W052,dev,19,0,0,incorrect,False,"Вычислительная ошибка: 180 − 146 = 34, у ученика 44; ∠ACB = 34 : 2 = 17°, у ученика 22; Проверяющий исправил 44 на 34 и 22 на 17","[conceptual] Ошибка в нахождении дуги или угла, верный ответ 17.",22,17
W052,dev,20,1,1,correct,False,,,36,36
W052,dev,22,1,1,correct,False,Проверяющий обвёл 24,,24,24
W052,dev,23,1,1,correct,False,,,69,69
W052,dev,24,1,1,correct,False,Проверяющий обвёл 65,,65,65
W052,dev,25,1,1,correct,False,Ученик сам исправил промежуточные записи,,58,58
W052,dev,26,1,1,correct,False,Описка: дуга обозначена ∪MN вместо ∪NB (180 − 86 = 94),,47,47
W052,dev,28,1,1,correct,False,,"[notational] Описка при записи числа 44 (написано 484), далее в вычислении угла использовано верное значение 44.",22,22
W052,dev,30,1,1,correct,False,,,52,52
W052,dev,32,1,1,correct,False,,,64,64
W052,dev,34,1,1,correct,False,,,88,88
W052,dev,36,1,1,correct,False,"Политика 30.09, п. 1.3 — замечание, не ошибка (rules/policy.csv). Было: Не ошибка по правилам (рассуждения верны, неверно выписан ответ / не сделан последний шаг): Ответ не на вопрос: радиус найден верно r = 22 : 2 = 11, но дальше записано S = 121 (площадь не спрашивалась); Ученик исправил 44 на 11; проверяющий обвёл 121 знаком корня (√121 = 11), + не поставил. что считать ответом ученика — r = 11 или S = 121","[presentation] Найдена лишняя величина (площадь), но радиус r = 11 найден верно.",11,11
W052,dev,38,1,1,correct,False,"Политика 30.09, п. 1.3 — замечание, не ошибка (rules/policy.csv). Было: Не ошибка по правилам (рассуждения верны, неверно выписан ответ / не сделан последний шаг): Ответ не на вопрос: радиус найден верно r = 62 : 2 = 31, но дальше записано S = 961 (площадь не спрашивалась); Ученик исправил 124 на 31; проверяющий обвёл 961 знаком корня, + не поставил. аналогично №36","[presentation] Найдена лишняя величина (площадь), радиус найден верно.",31,31
W052,dev,40,1,1,correct,False,Ученик исправил 224 на 324,,324,324
W052,dev,42,1,1,correct,False,,,196,196
W052,dev,44,1,1,correct,False,,,56,56
W052,dev,46,1,1,correct,False,Номер написан поверх другого (46/48),,96,96
W052,dev,47,1,1,correct,False,,,19,19
W052,dev,49,1,1,correct,False,,,6,6
W052,dev,51,1,1,correct,False,,,9,9
W052,dev,55,1,1,correct,False,,,72,72
W052,dev,58,1,1,correct,False,,,213,213
W052,dev,59,,0,not_solved,False,Зачёркнуто,,,3
W052,dev,62,,0,not_solved,False,Зачёркнуто,,,10
W052,dev,63,1,1,correct,False,Первая попытка зачёркнута,,30,30
W052,dev,66,1,1,correct,False,"Решено дважды (под заголовками «№66»); в первой записи описка 2·(9√3)·3 вместо ·√3, дальше верно 18·3 = 54. номер первой записи неразборчив (66 или 68)","[notational] Промежуточная описка в выкладке (написано 2 * 18 * 3), но итоговый результат 54 получен верно.",54,54
W052,dev,68,1,1,correct,False,Первые попытки зачёркнуты; итог 120 − 74 = 46,,46,46
W052,dev,69,1,1,correct,False,,,21,21
W052,dev,71,1,1,correct,False,"Политика 30.09, п. 2.1 — замечание, не ошибка (rules/policy.csv). Было: Не ошибка по правилам (рассуждения верны, неверно выписан ответ / не сделан последний шаг): Не доведено до ответа: записано ∠ABC = 51 + 42, значение 93 не вычислено; Проверяющий дописал «=93» и поставил +. считать ли недописанную сумму ошибкой",[presentation] Не записан итоговый результат сложения 93.,93,93
W052,dev,73,1,0,incorrect,False,,[computational] Неверно взято значение угла ABD (138 вместо 78) либо арифметическая ошибка при сложении; правильный ответ 78 + 40 = 118.,178,118
W052,dev,75,1,1,correct,False,,,66,66
W052,dev,77,1,1,correct,False,,,81,81
W052,dev,79,1,1,correct,False,Неаккуратная запись AC² = … = √400; первая попытка (сумма квадратов) зачёркнута. Проверяющий обвёл 20,,20,20
W052,dev,82,1,1,correct,False,,,10,10
W052,dev,83,1,1,correct,False,"Ученик исправлял промежуточные числа (r = 15, AB = 30)",,18,18
W052,dev,85,,0,not_solved,False,"Начато, не доведено: найдено только AB = 17; проверяющий дописал BC = √(17² − 8²)",,,15
W052,dev,87,1,1,correct,False,,,124,124
W052,dev,90,1,1,correct,False,,,147,147
W052,dev,92,0,0,incorrect,True,Неверный последний шаг: в равнобедренной трапеции ∠C = ∠B = 180 − 114 = 66°; ученик записал ∠C = 180 − 66 = 114°; Проверяющий обвёл 66 и поставил + (не учёл итоговую строку ∠C = 114),"[conceptual] Трапеция, вписанная в окружность, является равнобедренной, поэтому угол C равен углу B (или 180° - 114° = 66°), а не 114°.",114,66
W052,dev,94,0,0,incorrect,True,"Неверно найден ∠C: ∠C = ∠B = 180 − 47 = 133°, ученик записал ∠C = 47° (приравнял к ∠A); Проверяющий поставил +","[conceptual] В равнобедренной трапеции углы при основании равны (C = B = 133°), а угол C не равен углу A.",47,133
W052,dev,103,1,1,correct,False,,,44,44
W052,dev,112,1,1,correct,False,,"[notational] Формула стороны через радиус описанной окружности a = R*sqrt(3), ученик записал r вместо R, но вычисление 5*sqrt(3)*sqrt(3) = 15 выполнил верно.",15,15
W053,dev,В1-1а,1,1,correct,False,"Нумерация: В1-/В2- — вариант I/II контрольной (task_2/task_1), 7 и 8 — задачи из task_3.jpg. Проверяющий поставил +",,x \in (3; +\infty),(3; +\infty)
W053,dev,В1-1б,1,1,correct,False,Проверяющий поставил +,,x \in (-\infty; -7],(-\infty; -7]
W053,dev,В1-1в,0,0,incorrect,False,"Ошибка деления: −0,2x ≤ −6 ⇒ x ≥ 30, у ученика x ≥ 1,2; Проверяющий написал x ≥ 30","[computational] При делении -6 на -0,2 получается 30, а не 1,2.","x \in [1,2; +\infty)",[30; +\infty)
W053,dev,В1-1г,0,0,incorrect,False,"Ошибка: (1/4)x < −3 ⇒ x < −12 (умножить на 4), у ученика x < 0,75; Проверяющий написал x < −12","[conceptual] Неверно выполнено деление на 1/4: чтобы разделить на 1/4, нужно умножить на 4, то есть x < -3 * 4 = -12.","x < 0,75",(-\infty; -12)
W053,dev,В1-1д,1,1,correct,False,Проверяющий поставил +,,x \in (-\infty; 0],(-\infty; 0]
W053,dev,В1-2а,0,0,incorrect,True,"7x ≤ 5 ⇒ x ≤ 5/7, у ученика x ≤ 7/5 = 1,4 (перевёрнута дробь); Проверяющий поставил +","[computational] Из 7x <= 5 следует x <= 5/7, а не 7/5.","x \in (-\infty; 1,4]",(-\infty; 5/7]
W053,dev,В1-2б,1,1,correct,False,Проверяющий поставил +; первая попытка а) зачёркнута и переписана,,x \in (5; +\infty),(5; +\infty)
W053,dev,В1-2в,1,1,correct,False,Проверяющий поставил +,,x \in (-\infty; 4],(-\infty; 4]
W053,dev,В1-3а,0,0,incorrect,True,"решение до x < 6 верное, но в ответе (−∞; 4) — значения 4 нет в решении, это не описка при переписывании; Проверяющий поставил +; Исправлено после разбора ошибок (Ксения)",[computational] При верном промежуточном неравенстве x < 6 в итоговый промежуток ошибочно записано число 4 вместо 6.,x \in (-\infty; 4),(-\infty; 6)
W053,dev,В1-3б,1,1,correct,False,Проверяющий поставил +,"[notational] В условии переменная y, в ответе записана x, но само значение найдено верно.",x \in (-\infty; -4],(-\infty; -4]
W053,dev,В1-4,0,0,incorrect,False,"Ошибка раскрытия скобок: −4(x − 2) = −4x + 8, у ученика −4x − 8; Проверяющий исправил знак на + | Ошибка домножения правой части на общий знаменатель 12: 2·12 = 24, у ученика 12; итог x > 25, верно x > 29; Не отмечено проверяющим","[computational] В условии в правой части стоит 2, а переписано как 1/2. Кроме того, при раскрытии скобок -(4x - 8) знак перед 8 должен стать положительным.",x \in (25; +\infty),(29; +\infty)
W053,dev,В1-5,1,1,correct,False,Проверяющий поставил +,,x \le \frac{7}{15},(-\infty; 7/15]
W053,dev,В2-1а,1,1,correct,False,Проверяющий поставил +,,x \in (5; +\infty),(5; +\infty)
W053,dev,В2-1б,1,1,correct,False,Проверяющий поставил +,,x \in (-\infty; -6],(-\infty; -6]
W053,dev,В2-1в,0,0,incorrect,False,"Ошибка деления: −0,3x ≤ −9 ⇒ x ≥ 30, у ученика x ≥ 3; Проверяющий дописал 0 (x ≥ 30)","[computational] При делении -9 на -0,3 получается 30, а не 3.",x \in [3; +\infty),[30; +\infty)
W053,dev,В2-1г,0,0,incorrect,False,"Ошибка: (1/4)x < −5 ⇒ x < −20, у ученика x < 1,25; Проверяющий написал −20","[computational] -5 разделить на 1/4 равно -20, а не 1,25.","x \in (-\infty; +1,25)",(-\infty; -20)
W053,dev,В2-1д,1,1,correct,False,Проверяющий поставил +,"[notational] Описка в знаке неравенства при переписывании условия (написано строгое неравенство вместо нестрогого), но дальше исправлено и решено верно.",x \in (-\infty; 0],(-\infty; 0]
W053,dev,В2-2а,1,1,correct,False,Проверяющий поставил +,,x \le \frac{7}{11},(-\infty; 7/11]
W053,dev,В2-2б,0,0,incorrect,False,"7x > 40 ⇒ x > 40/7, у ученика x > 7/40 (перевёрнута дробь); Проверяющий поставил знак вопроса/стрелку","[computational] При делении обеих частей неравенства 7x > 40 на 7 получается x > 40/7, а не 7/40.",x > \frac{7}{40},(40/7; +\infty)
W053,dev,В2-2в,1,1,correct,False,нет отметки проверяющего,,x \in (-\infty; 2],(-\infty; 2]
W053,dev,В2-3а,1,1,correct,False,Строка «−2x > −9» записана неаккуратно (знак похож на +); нет отметки проверяющего,,"x \in (-\infty; 4,5)","(-\infty; 4,5)"
W053,dev,В2-3б,1,1,correct,False,Проверяющий поставил +,"[notational] В условии переменная y, в ответе записана x, но числовое значение найдено верно.",x \in (-\infty; -3],(-\infty; -3]
W053,dev,В2-4,0,0,incorrect,False,"Ошибка раскрытия скобок: −2(x − 5) = −2x + 10, у ученика −2x − 10; итог x < 16, верно x < −4; Проверяющий исправил знак на +","[computational] При раскрытии скобок: -2 * (x - 5) = -2x + 10, а записано -2x - 10.",x \in (-\infty; 16),(-\infty; -4)
W053,dev,В2-5,1,0,not_solved,False,Проверяющий поставил +,,,(-\infty; 3/17]
W053,dev,7,0,0,incorrect,False,"−8/(3 − 4x) ≤ 0 ⇔ 3 − 4x > 0 ⇔ x < 3/4; у ученика ответ [3/4; +∞) (неверный знак, к тому же включена точка вне ОДЗ); нет отметки проверяющего","[conceptual] Поскольку числитель отрицателен (-8 < 0), вся дробь будет <= 0 тогда и только тогда, когда знаменатель строго положителен: 3 - 4x > 0. Ученик неверно определил знак знаменателя и допустил равенство знаменателя нулю в ответе.",x \in [\frac{3}{4}; +\infty),"(-\infty; 0,75)"
W053,dev,8,1,1,correct,False,"Проверяющий поставил +. Вверху markup_3 обрывок «Ответ: x∈(2,5;+∞)» — к какой задаче относится, неясно, не размечен",,x \in (-\frac{10}{3}; +\infty),(-10/3; +\infty)
W054,dev,В1-1а,1,1,correct,False,"Нумерация: В1-/В2- — вариант 1/2 контрольной (task_2/task_1), 7 и 8 — задачи из task_3.jpg. Проверяющий поставил +",,x \in (3; \infty),(3; +\infty)
W054,dev,В1-1б,0,0,incorrect,False,"−7x ≥ 49 ⇒ x ≤ −7, ответ (−∞; −7]; у ученика строгое неравенство x < −7 и ответ (−∞; −7) — точка −7 потеряна; запись x < …7 исправлена поверх, минус в ответе, возможно, дописан проверяющим; + нет","[computational] При делении 49 на -7 получается -7, а не 7. Кроме того, скобка в ответе должна быть квадратной. | [notational] Нестрогий знак неравенства соответствует квадратной скобке.",x \in (-\infty; 7),(-\infty; -7]
W054,dev,В1-1в,1,1,correct,False,"Не ошибка по правилам: в строке x > 30 строгий знак, но ответ [30; +∞) верный (скобку ставил сам ученик) — пометка ученику","[notational] В промежуточной строке ошибочно выписан строгий знак вместо нестрогого, однако в ответе верно поставлена квадратная скобка.",x \in [30; \infty),[30; +\infty)
W054,dev,В1-1г,1,1,correct,False,Проверяющий поставил +,,x \in (-\infty; -12),(-\infty; -12)
W054,dev,В1-1д,1,1,correct,False,"Не ошибка по правилам: в строке x < 0 строгий знак, но ответ (−∞; 0] верный (скобку ставил сам ученик) — пометка ученику",,x \in (-\infty; 0],(-\infty; 0]
W054,dev,В1-2а,0,0,incorrect,False,"7x ≤ 5 ⇒ x ≤ 5/7 ≈ 0,71; у ученика x ≤ −0,71, ответ (−∞; −0,71] (лишний минус); Проверяющий написал 5/7","[computational] Из 7x <= 5 следует x <= 5/7 (положительное число). Появился неверный знак «минус», а также недопустимо приближенное округление.","x \in (-\infty; -0,71]",(-\infty; 5/7]
W054,dev,В1-2б,1,0,incorrect,False,"Описка: −9x < 45 вместо −9x < −45, ответ x > 5 верный; проверяющий поставил +","[computational] При переносе 45 вправо должно быть -9x < -45, а написано -9x < 45, из-за чего последующее деление на -9 случайно дало верный ответ.",x \in (5; \infty),(5; +\infty)
W054,dev,В1-2в,0,0,incorrect,False,"Ошибка приведения подобных: 11,6 − 2,9x ≥ 0 (2,4 + 0,5 = 2,9), у ученика 1,9x; Проверяющий исправил на 2,9 | При делении на отрицательное −1,9 получено x < −11,6 : 1,9 ≈ −6,1 — знак числа неверен (−11,6 : (−1,9) > 0), неравенство стало строгим; верный ответ x ≤ 4; Не отмечено проверяющим","[computational] Неверно приведены подобные: -2,4x - 0,5x = -2,9x, а не -1,9x. | [computational] При делении отрицательного числа на отрицательное должен получиться плюс; вычисления неверны.","x \in (-\infty; -6,1]",(-\infty; 4]
W054,dev,В1-3а,0,0,incorrect,True,"Ошибка приведения: 19 − 3x > 7 − x ⇒ 12 − 2x > 0, далее у ученика −4x > −12; Проверяющий поставил + | Ошибка деления: −4x > −12 ⇒ x < 3, у ученика x < −3; верный ответ x < 6; Проверяющий поставил +","[computational] Неверно собраны слагаемые с x: -3x + x = -2x, а не -4x. Также 4 + 15 - 7 = 12, при переносе должно быть -12, но левая часть была иной.",x \in (-\infty; -3),(-\infty; 6)
W054,dev,В1-3б,0,0,incorrect,False,"Ошибка переноса: 1,5 − 1,9 − 2,8 = −3,2, т.е. −0,8y ≥ 3,2 ⇒ y ≤ −4; у ученика −0,8y ≥ −3,2, ответ y < 4; Проверяющий дописал минус перед 3,2","[computational] Арифметические ошибки при переносе слагаемых и раскрытии скобок; неверный знак в ответе. | [computational] При делении -3,2 на 0,8 получается -4, а не 4.",x \in (-\infty; 4),(-\infty; -4]
W054,dev,В1-4,0,0,incorrect,False,"Неверный знак ответа: x > 29, у ученика x > −29 (минус исправил проверяющий); Исправлено после аудита: вертикальная черта «+» — маркером проверяющего","[computational] Из -x + 29 < 0 следует -x < -29, то есть x > 29, а не x > -29.",x \in (-29; \infty),(29; +\infty)
W054,dev,В1-5,0,0,incorrect,False,"Решено уравнение вместо неравенства: 7 − 15x ≥ 0 ⇒ x ≤ 7/15; у ученика x = −7/15 ≈ −0,46; Проверяющий исправил на ≥ и написал ≤ 7/15",[conceptual] Выражение под корнем должно быть неотрицательным: 7 - 15x >= 0. Ученик решил уравнение вместо неравенства. | [computational] При делении -7 на -15 получается положительное число 7/15.,"-0,46",(-\infty; 7/15]
W054,dev,В2-1а,1,1,correct,False,Проверяющий поставил +,,x \in (5; \infty),(5; +\infty)
W054,dev,В2-1б,0,0,incorrect,True,"−6x ≥ 36 ⇒ x ≤ −6, ответ (−∞; −6]; у ученика строгое x < −6 и круглая скобка; Проверяющий исправил скобку на ] и поставил +. скобка ] жирная — вероятно, исправление проверяющего","[computational] При делении 36 на -6 получается -6, а не 6. | [notational] Потерян нестрогий знак неравенства (должна быть квадратная скобка).",x \in (-\infty; 6),(-\infty; -6]
W054,dev,В2-1в,0,0,incorrect,False,"−0,3x ≤ −9 ⇒ x ≥ 30, ответ [30; +∞); у ученика строгое x > 30 и круглая скобка; Проверяющий дописал черту под знаком (≥) и скобку [","[conceptual] Потерян нестрогий знак неравенства: при делении на -0,3 знак меняется на >=, а не на >.",x \in (30; \infty),[30; +\infty)
W054,dev,В2-1г,0,0,incorrect,True,"(1/4)x < −5 ⇒ x < −20; у ученика x < 20, ответ (−∞; 20); Проверяющий поставил +. минус перед 20 не виден","[computational] Потерян знак минус: -5 / 0,25 = -20.",x \in (-\infty; 20),(-\infty; -20)
W054,dev,В2-1д,0,0,incorrect,False,"−20x ≥ 0 ⇒ x ≤ 0, ответ (−∞; 0]; у ученика x < 0 и (−∞; 0); нет отметки проверяющего",[conceptual] В условии неравенство нестрогое (-20x >= 0). Ученик решил строгое неравенство и получил круглую скобку.,x \in (-\infty; 0),(-\infty; 0]
W054,dev,В2-2а,0,0,incorrect,False,"11x ≤ 7 ⇒ x ≤ 7/11 ≈ 0,64; у ученика ответ (−∞; −0,64] (лишний минус); Проверяющий написал x ≤ 7/11",[computational] Из 11x <= 7 следует x <= 7/11 (положительное число). Потерян знак и допущено приближенное вычисление.,"x \in (-\infty; -0,64]",(-\infty; 7/11]
W054,dev,В2-2б,0,0,incorrect,False,"14 − 3x < 4x − 26 ⇒ 40 − 7x < 0 ⇒ x > 40/7; у ученика x < −40, ответ (−∞; −40); Проверяющий написал −7x","[computational] Неверно приведены подобные: -3x - 4x = -7x, а не +x.",x \in (-\infty; -40),(40/7; +\infty)
W054,dev,В2-2в,0,0,incorrect,True,"x ≤ 2, ответ (−∞; 2]; у ученика строгое x < 2; Проверяющий исправил скобку на ] и поставил +. скобка ] жирная — вероятно, исправление проверяющего","[conceptual] Неравенство нестрогое, при делении на -4,8 знак меняется на <=. Потеряна точка 2 (круглая скобка вместо квадратной).",x \in (-\infty; 2),(-\infty; 2]
W054,dev,В2-4,0,0,incorrect,False,"Ошибка: (x + 4)/6 < 0 ⇒ x + 4 < 0 (0·6 = 0), у ученика x + 4 < 6; Проверяющий обвёл 0 и 6, написал 0·6 = 0. У ученика задача подписана «а)» | Вычислительная ошибка: из x + 4 < 6 следует x < 2, у ученика x < −1,5; верный ответ x < −4; Не отмечено проверяющим","[computational] Неверное умножение обеих частей: (x+4)/6 < 0 умножается на 6, справа должно остаться 0, а не 6. | [computational] Из x + 4 < 6 получается x < 2, а не x < -1,5.","x \in (-\infty; -1,5)",(-\infty; -4)
W054,dev,В2-5,0,0,incorrect,False,"Решено уравнение вместо неравенства: 3 − 17x ≥ 0 ⇒ x ≤ 3/17; у ученика x = 0,17; Проверяющий обвёл 0,17 и поставил «?»",[conceptual] Подкоренное выражение должно быть неотрицательным: 3 - 17x >= 0. Ученик решил уравнение вместо нахождения области определения.,"x = 0,17",(-\infty; 3/17]
W054,dev,7,0,0,incorrect,False,"−8/(3 − 4x) ≤ 0 ⇔ 3 − 4x > 0 ⇔ x < 3/4 = 0,75; у ученика 3/4 = 1,3, ответ (−∞; 1,3); нет явной отметки проверяющего (знаки > в строках 3−4x>0, 4x>3 обведены жирно).","[conceptual] Так как числитель -8 < 0, дробь <= 0 при знаменателе 3 - 4x > 0. | [computational] Из 3 - 4x < 0 следует 4x > 3, а не 4x < 3. | [computational] 3 / 4 = 0,75, а не 1,3.","x \in (-\infty; 1,3)","(-\infty; 0,75)"
W054,dev,8,0,0,incorrect,False,"7/(10 + 3x) > 0 ⇔ 3x > −10 ⇔ x > −10/3; у ученика x < 3,3, ответ (−∞; 3,3); Проверяющий зачеркнул и написал x > −10/3","[computational] Из 3x > -10 следует x > -10/3 (знак неравенства не должен меняться, и потерян минус).","x \in (-\infty; 3,3)",(-10/3; +\infty)
W055,dev,2,1,1,correct,False,Видно только окончание решения (P = 2·3 + 2·22 = 50) вверху markup_1; отметка проверяющего не видна,,50,50
W055,dev,5,0,0,incorrect,True,"Неверно переписано условие: CK = 18, у ученика KC = 20; BC = 28, P = 2·(10 + 28) = 76, у ученика 80; Проверяющий поставил +. данные ученика совпадают с BK/CK из разных задач (№5: 10 и 18, №6: 11 и 20)","[conceptual] В условии дано CK = 18, а не 20. Из-за неверно переписанного условия периметр найден неверно.",80,76
W055,dev,8,1,1,correct,False,Проверяющий поставил +,,"120, 60, 120, 60","60°, 120°"
W055,dev,10,1,1,correct,False,Проверяющий поставил +,,"120, 60, 120, 60","60°, 120°"
W055,dev,12,1,1,correct,False,Проверяющий поставил +; ответ записан в п. 3–4 без слова «Ответ»,"[presentation] Не выписана финальная строка с ответом, но все углы найдены в решении.","120, 60 (в тексте)","60°, 120°"
W055,dev,13,1,1,correct,False,Проверяющий поставил +,,8,8
W055,dev,16,1,1,correct,False,Проверяющий поставил +,,6,6
W055,dev,19,1,1,correct,False,Проверяющий поставил +,,5,5
W055,dev,21,1,1,correct,False,Исправлены описки в данных (AC = 12 → 10); проверяющий поставил +,,13,13
W055,dev,22,1,1,correct,False,Проверяющий поставил +,,25,25
W055,dev,24,1,1,correct,False,Проверяющий поставил +; высота обозначена CH/AH непоследовательно,,"14,4","14,4"
W055,dev,26,1,1,correct,False,Проверяющий поставил +,,"16,8","16,8"
W055,dev,27,1,1,correct,False,Проверяющий поставил +,,120/13,120/13
W055,dev,30,0,0,incorrect,False,"Площадь найдена через гипотенузу: S = ½·AC·CB = ½·35·120 = 2100, у ученика ½·125·120 = 7500; h = 2S/AB = 33,6, у ученика 12; Проверяющий исправил на AC·CB, 35 и ·AB","[conceptual] Площадь треугольника через катеты равна 1/2 * AC * BC = 1/2 * 35 * 120 = 2100, а умножена гипотенуза AB=125 на катет. Также допущена вычислительная ошибка в умножении (125 * 120 = 15000, а записано 1500).",12,"33,6"
W055,dev,32,0,0,incorrect,False,"Вычислительная ошибка: 20·48 = 960, S = 480; у ученика 560/2 = 280; h = 960/52 = 240/13, у ученика 280/26; Проверяющий написал 480","[computational] Ошибка при умножении: 20 * 48 = 960, а не 560. Из-за этого площадь и высота найдены неверно (280/26 = 140/13 вместо 240/13).",280/26,240/13
W055,dev,33,1,1,correct,False,Проверяющий поставил +,,26,26
W055,dev,37,1,1,correct,False,Проверяющий поставил +,,40,40
W055,dev,38,1,1,correct,False,Проверяющий поставил +,,25,25
W055,dev,45,1,1,correct,False,"Видно только окончание решения (x = 4(35 − x), MC = 28); проверяющий поставил +. Вверху markup_4 зачёркнутый обрывок «Ответ: 13,44» — к какой задаче, неясно, не размечен",,28,28
W056,dev,Б1-1,1,1,correct,False,"Нумерация: Б1 — лист «Признаки равенства треугольников», Б2 — «Признаки параллельности прямых»",,\Delta ADO = \Delta CBO,— (△AOD = △COB по 1-му признаку)
W056,dev,Б1-2,1,1,correct,False,,,\Delta MNK = \Delta MPK,— (△MNK = △PKM или △MNK = △MPK в зависимости от разметки по 3-му признаку)
W056,dev,Б1-3,1,1,correct,False,,,\Delta DKO = \Delta DME,— (△DKO = △DEM по 2-му признаку)
W056,dev,Б1-4,1,1,correct,False,,,\Delta ABD = \Delta ACD,— (△ABD = △ACD по 1-му признаку)
W056,dev,Б1-5,1,1,correct,False,,,\Delta MKH = \Delta MNH,— (△KMH = △NMH по 2-му признаку)
W056,dev,Б1-6,1,1,correct,False,,,\Delta BAD = \Delta BCD,— (△BAD = △BCD по 1-му признаку)
W056,dev,Б1-7,1,1,correct,False,,,\triangle OPK = \triangle OEK,— (△POK = △EOK по 2-му признаку)
W056,dev,Б1-8,1,1,correct,False,,,\triangle DEF = \triangle DKF,— (△DEF = △KFD по 2-му признаку)
W056,dev,Б1-9,1,1,correct,False,,,\triangle MEQ = \triangle QAM,— (△MEQ = △AQM по 1-му признаку)
W056,dev,Б1-10,1,1,correct,False,,[notational] Описка в значке треугольника: написано \angle ADC вместо \triangle ADC.,\triangle ABC = \angle ADC,— (△ABC = △CDA по 3-му признаку)
W056,dev,Б1-11,1,1,correct,False,,[notational] Описка в значке треугольника: написано \angle EOM вместо \triangle EOM.,\triangle MOP = \triangle KOE; \angle EOM = \triangle POK,— (△EOM = △POK или △MOP = △KOE)
W056,dev,Б1-12,1,1,correct,False,,,\Delta ABM = \Delta ADC,— (△ABM = △ADC по 1-му признаку)
W056,dev,Б1-13,0,1,correct,True,Найдена не вся пара равных треугольников: есть ещё △ABF = △CBK; Проверяющий поставил + и дописал «и ещё △ABF = △CBK»,,\Delta ABK = \Delta CBF,— (△ABK = △CBF по 1-му признаку)
W056,dev,Б1-14,0,0,incorrect,True,Найдены не все равные треугольники: есть ещё △FPM = △KNM; Проверяющий поставил + и дописал «и ещё △FPM = △KNM»,"[conceptual] Равенство углов F и N, углов FMK и NMP, а также отрезков MN и MF не дано в условии и ещё не доказано. Треугольники равны по 1-му признаку: FK = PN, MK = MP, и смежные углы \angle MKF = \angle MPN.",\Delta MFK = \Delta MNP,— (△MFK = \Delta MNP по 1-му признаку через смежные углы)
W056,dev,Б1-15,1,1,correct,False,,[presentation] Вершины второго треугольника записаны не в соответствии: следовало записать △QNS.,"\Delta SPE = \Delta NQE, \Delta SPN = \Delta NPS",— (△SPE = △NQE по 1-му признаку; △SPN = △NQS)
W056,dev,Б1-16,0,1,correct,False,"Неверное обоснование: общий элемент — угол A, а не сторона CA; Проверяющий зачеркнул «CA общ.», написал «∠A — общ.», поставил ±; у второй пары △DEC = △BEK тоже ±","[notational] Общим является угол A (\angle A - общий), а не сторона CA.",\Delta ADK = \Delta ABC,— (△ADK = △ABC по 2-му признаку)
W056,dev,Б1-17,1,1,correct,False,,,\Delta PMK = \Delta NMF,— (△PMK = △NMF по 2-му признаку)
W056,dev,Б1-18,1,0,incorrect,False,,"[conceptual] Равенство отрезков KE = FE не дано в условии, в условии дано равенство углов при вершине O. Треугольники равны по 1-му признаку.",\Delta KOE = \Delta FOE,"— (△KOE = △FOE по 1-му признаку: KO = OF, OE — общая, углы при вершине O равны)"
W056,dev,Б1-19,1,1,correct,False,,,\angle 5 = \angle 6,да
W056,dev,Б2-1,1,1,correct,False,,,a \parallel b,"— (a ∥ b, накрест лежащие углы равны)"
W056,dev,Б2-2,1,1,correct,False,,"[notational] Прямые на чертеже в условии обозначены b и d, секущая a; ученик переобозначил прямые как a и b, секущую как c.",a \parallel b,"— (b ∥ d, сумма односторонних углов равна 180°)"
W056,dev,Б2-3,1,1,correct,False,,,n \parallel m,"— (n ∥ m, соответственные углы равны)"
W056,dev,Б2-4,0,0,incorrect,False,"Прямая c не обязательно параллельна a и b: ∠9 ≠ 90° по рисунку; верно только a ∥ b; Проверяющий обвёл c: «необязательно, т.к. ∠9 ≠ 90° по рисунку»","[conceptual] Для прямой c не указана перпендикулярность секущей d, поэтому утверждать, что c параллельна a и b, нельзя.",a \parallel b \parallel c,"— (a ∥ b, две прямые, перпендикулярные третьей, параллельны)"
W056,dev,Б2-5,1,1,correct,False,,,c \parallel d,"— (c ∥ d, накрест лежащие или соответственные углы равны)"
W056,dev,Б2-6,1,1,correct,False,,"[notational] Описка (эти углы не равны, их сумма равна 180°), но далее верно записано 130 + 50 = 180.",x \parallel y,"— (x ∥ y, сумма односторонних углов равна 180°)"
W056,dev,Б2-7,0,0,incorrect,False,"Ответ не на вопрос: доказано равенство треугольников и равенство сторон, а нужно доказать параллельность; Проверяющий: «и параллельны!»","[conceptual] Не указаны параллельные прямые (BC ∥ AD), вместо этого сделана попытка доказать равенство треугольников через свойство параллелограмма, который не был доказан.",\Delta ACD = \Delta CBA,"— (BC ∥ AD, накрест лежащие углы равны)"
W056,dev,Б2-8,0,0,incorrect,False,"Ответ не на вопрос: доказано равенство треугольников, а нужно найти параллельные прямые; Проверяющий: «но нам нужна параллельность»","[conceptual] Требовалось найти параллельные отрезки/прямые и доказать их параллельность (например, из равенства треугольников следует равенство накрест лежащих углов, откуда NK ∥ MP). Сами параллельные прямые не названы.",\Delta NEK = \Delta MEP,— (NK ∥ MP и NM ∥ KP)
W056,dev,Б2-9,0,0,incorrect,False,"Ответ не на вопрос: доказано равенство треугольников, параллельность не выведена; Проверяющий: «и тут»","[conceptual] Требовалось найти параллельные прямые (FQ ∥ EP, EF ∥ QP). Сами параллельные прямые и вывод об их параллельности не указаны.",\Delta EFQ = \Delta EPQ,— (FQ ∥ EP и EF ∥ QP)
W056,dev,Б2-10,0,0,incorrect,False,"Ответ не на вопрос: параллельность не доказана; кроме того, «подобен … по 1 признаку равенства» — смешаны подобие и равенство; Проверяющий: «и тут»","[conceptual] Утверждения о подобии не обоснованы данными чертежа, параллельные прямые AC и DE не найдены.",\Delta ACB подобен \Delta BDE,— (AC ∥ DE)
W056,dev,Б2-11,1,0,not_solved,False,,,,— (OP ∥ QS и OQ ∥ PS)
W056,dev,Б2-12,1,1,correct,False,,"[presentation] Не выписано явно, какие именно прямые параллельны (AB ∥ CD).",Если накрест лежащие углы равны прямые ∥,— (AB ∥ CD)
W056,dev,Б2-13,1,1,correct,False,,"[presentation] Не выписано явно, какие именно прямые параллельны (YK ∥ XN).",Если накрест лежащие углы равны прямые ∥,— (YK ∥ XN)
W056,dev,Б2-14,1,0,incorrect,False,,"[conceptual] То, что фигура является трапецией, а углы A и D равны, не дано в условии и требовало доказательства (BE ∥ CF как два перпендикуляра к AD; △ABE = △DCF по гипотенузе и катету).",основания трапеции параллельны,— (BE ∥ CF и BC ∥ AD)
W057,dev,1б,1,1,correct,False,"Нумерация: 1а/1б — функции из task_1.jpg (y = x² + 6x + 5 / y = −2x² − 4x + 4), 2а/2б — из task_2.jpg (y = x² − 4x + 5 / y = −3x² + 21x − 34), Б1-N / Б2-N — блок 1/2 задания N из task_3.pdf. 1а в работе не найдено. Построен график y = −2x² − 4x + 4, вершина (−1; 6), таблица верна; проверяющий поставил +",,"x_0 = -1, y_0 = 6, таблица значений, график на с. 2","Вершина (-1; 6), точки (0; 4), (-2; 4), (1; -2), (-3; -2)"
W057,dev,2а,1,1,correct,False,"Вершина (2; 1), таблица значений верна, график построен; нет отдельной отметки проверяющего",,"x_0 = 2, y_0 = 1, таблица точек, парабола ветвями вверх","Вершина (2; 1), точки (1; 2), (3; 2), (0; 5), (4; 5)"
W057,dev,2б,0,0,incorrect,False,"Ошибка в вершине: y₀ = −3·3,5² + 21·3,5 − 34 = 2,75, ученик не возвёл 3,5 в квадрат (получил 29); остальные точки таблицы верны; Проверяющий обвёл, написал «забыл квадрат»","[computational] При x = 3,5 значение y_0 = -3*(3,5)^2 + 21*3,5 - 34 = -36,75 + 73,5 - 34 = 2,75, а у ученика в таблице 2. Кроме того, парабола с коэффициентом a = -3 ошибочно построена ветвями вверх.","x_0 = 3,5, y_0 = 2 (или 2,75 не получено, в таблице 2), график ветвями вверх","Вершина (3,5; 2,75), ветви направлены вниз"
W057,dev,Б1-1,0,0,incorrect,False,"Верный ответ 312 (А: y = x + 2, Б: y = 2x, В: y = 2), у ученика 132; на странице ответов у ученика порядок №1, №2 (слева), №3–5, №7 (справа), №6, №1 (внизу слева); проверяющий, видимо, счёл верхнюю пару блоком 2 и написал 123 / 132, а нижний №1 — Б1-1 (написал 312). Разметка — по порядку ученика, подтверждённому таблицами в черновике","[conceptual] Неверно соотнесены графики и формулы. Графику А (прямая через (0; 2) и (-2; 0)) соответствует 3 (y=x+2), графику Б — 1 (y=2x), графику В — 2 (y=2). Правильный ответ 312.",132,312
W057,dev,Б1-2,1,1,correct,False,"Ответ 321 верный; проверяющий зачеркнул и написал 132 (видимо, принял за Б2-2 — )",,321,321
W057,dev,Б1-3,1,1,correct,False,Проверяющий поставил +,,231,231
W057,dev,Б1-4,1,1,correct,False,Проверяющий поставил +,,213,213
W057,dev,Б1-5,1,1,correct,False,"Ответ ученика 312 верный (А: a<0, c>0; Б: a>0, c<0; В: a<0, c<0); проверяющий зачеркнул и написал 321. цифры ответа под красной штриховкой читаются с трудом, в черновике таблица 3 1 2","[presentation] Описка на с. 4 (313 вместо 312), при этом на с. 6 в таблице верно указано 312.",313 (на с. 6: 312),312
W057,dev,Б1-6,1,1,correct,False,Ответ 321 верный; проверяющий обвёл номер задачи и поставил «?» (номер неразборчив),,321,321
W057,dev,Б1-7,1,1,correct,False,Проверяющий поставил +,,132,132
W057,dev,Б2-1,1,1,correct,False,"В черновике найдена вершина, таблица 1 2 3 — верно (описка x₀ = 2 вместо −2 для 2x² + 8x + 6 не влияет). ответ на странице ответов под красной штриховкой читается как 12…; проверяющий зачеркнул и написал 312 (видимо, принял за Б1-1)",,123,123
W058,dev,1,1,1,correct,False,Есть только markup_2: видна концовка решения; ответ (1/8; 1/2) ∪ (8; 32) верный; проверяющий 2б,"[notational] Описка в первой строке условия: записано 2^{\log_2 x} вместо 2\log_2 x, далее раскрыто верно.",x \in (1/8; 1/2) \cup (8; 32),(1/8; 1/2) \cup (8; 32)
W058,dev,2,0,0,incorrect,False,"Неверно выбраны промежутки: числитель −t² − 3t − 11 < 0 при всех t, поэтому нужно t(t+4) < 0, т.е. −4 < log₃x < 0, x ∈ (1/81; 1); у ученика (0; 1/81) ∪ (1; +∞); Проверяющий: «Прописывать почему учитываем только знаменатель», «4 промежутки неверное», 0б","[conceptual] Неверно определены знаки рационального выражения. Числитель -t^2 - 3t - 11 отрицателен при всех t (дискриминант D = 9 - 44 < 0, старший коэффициент отрицателен). Поэтому неравенство равносильно t(t + 4) < 0, откуда t \in (-4; 0), а не t \in (-\infty; -4) \cup (0; +\infty).",x \in (0; 1/81) \cup (1; +\infty),(1/81; 1)
W058,dev,3,0,1,correct,False,"В ограничениях неверно записано t > 0 (на ответ не повлияло). В экзаменной задаче неверное утверждение в решении — ошибка.; Режим exam / политика п. 6.3 (30.09). Было «верно»: Ответ (0; 1) ∪ {8} ∪ (64; +∞) верный; в ограничениях ошибочно записано t > 0 (не использовано) — проверяющий: «?», «Здесь пишешь так, а тут даже не учитываешь», 2б. ∪{8} дописано над строкой ответа","[notational] Лишнее ошибочное ограничение t > 0 (из x > 0 следует t \in \mathbb{R}), однако на числовой прямой и в ответе луч t < 0 учтён верно.","x \in (0; 1), x \in (64; +\infty), x = 8",(0; 1) \cup \{8\} \cup (64; +\infty)
W058,dev,4,,0,not_solved,False,"Начато, не доведено",,Решение начато и не закончено,(0; 1)
W059,dev,Б1-1,1,1,correct,False,"Нумерация: Б1 — «Признаки равенства треугольников», Б2 — «Признаки параллельности прямых». В №2, 7, 8, 12 плюс проверяющего с завитком — считаю за +",,\Delta AOD = \Delta BOC по I пр.,△AOD = △COB (по 1-му признаку)
W059,dev,Б1-2,1,1,correct,False,,[notational] Вершина N ошибочно названа V.,\Delta MVK = \Delta MPK по 3-му,△MNK = △PKM (по 3-му признаку)
W059,dev,Б1-3,1,1,correct,False,,,\Delta KDO = \Delta EDM по 2му пр,△KDO = △EDM (по 2-му признаку)
W059,dev,Б1-4,1,1,correct,False,,,\Delta ABD = \Delta ACD по 1-му признаку,△ABD = △ACD (по 1-му признаку)
W059,dev,Б1-5,1,1,correct,False,,,\Delta KMH = \Delta NMH по 2 призн,△KMH = △NMH (по 2-му признаку)
W059,dev,Б1-6,1,0,incorrect,False,,"[conceptual] В условии не дано, что △ABC равнобедренный (это и нужно получить через равенство прямоугольных треугольников по двум катетам BD и AD=DC). Использован признак, опирающийся на недоказанное свойство.",\Delta ABD = \Delta CDB по 2 пр,△ABD = △CBD (по 1-му признаку)
W059,dev,Б1-7,1,1,correct,False,,,\Delta KPO = \Delta KEO по 2 пр,△POK = △EKO (по 2-му признаку)
W059,dev,Б1-8,1,1,correct,False,,,\Delta DEF = \Delta DKF по 2 пр,△DEF = △KFD (по 2-му признаку)
W059,dev,Б1-9,1,1,correct,False,,,\Delta QAM = \Delta QEM по 1 пр,△AQM = △EMQ (по 1-му признаку)
W059,dev,Б1-10,1,1,correct,False,,[notational] Описка в обозначении диагонали: написано AL вместо AC.,\Delta ABC = \Delta ADC по 3 признаку,△ABC = △CDA (по 3-му признаку)
W059,dev,Б1-11,1,1,correct,False,,,\Delta MOP = \Delta EOK - по 1 пр (а также \Delta MOE = \Delta POK),"△MOE = △POK (по 1-му признаку: MO=OK, EO=OP, углы верт.)"
W059,dev,Б1-12,1,0,incorrect,False,,[conceptual] Равенство отрезков EM=EB и LE=DE ниоткуда не следует и не дано в условии.,\Delta ALD = \Delta ABM,△ADC = △ABM (по 1-му признаку)
W059,dev,Б1-13,0,1,correct,False,"Найдена не вся пара равных треугольников (есть ещё △ABF = △CBK); Проверяющий: «можно ещё одну пару», итоговой отметки нет",[notational] Вершина C обозначена как L.,\Delta AKB = \Delta LFB по 1 пр.,△AKB = △CFB (по 3-му или 1-му признаку)
W059,dev,Б1-14,0,0,incorrect,True,Найдены не все пары равных треугольников: есть ещё △FPM = △KNM; Проверяющий поставил + и написал «можно ещё»,[conceptual] Равенство FM=NM не дано в условии. Его можно получить только после доказательства равенства △FKM и △NPM (через смежные углы к ∠MKP=∠MPK).,\Delta FKM = \Delta MPN по II признака,△FKM = △NPM (по 1-му признаку через смежные углы)
W059,dev,Б1-16,1,0,incorrect,False,,"[conceptual] Утверждается равенство DE=KE и BE=CE без обоснования, а затем делается ложный вывод о равенстве треугольников по 1 признаку без установления равенства вторых сторон.",\Delta ABC = \Delta AKD по 1 пр,△ABC = △ADK (по 2-му признаку)
W059,dev,Б1-17,1,1,correct,False,,,\Delta PMK = \Delta NMF по I пр.,△PMK = △NMF (по 1-му признаку)
W059,dev,Б1-18,1,1,correct,False,,"[presentation] Хорды KE и FE изначально не даны равными, треугольники равны по 1-му признаку (KO=OF=OE — радиусы, ∠KOE=∠FOE по условию), но обоснование через три радиуса/общую сторону допустимо как описка в признаке.",\Delta KOE = \Delta FOE по 3 пр,△KOE = △FOE (по 1-му или 3-му признаку)
W059,dev,Б1-19,1,1,correct,False,,,\angle 5 = \angle 6,"Да, ∠5 = ∠6"
W059,dev,Б2-1,1,1,correct,False,,,a \parallel b т.к накрест леж. углы равны,a ∥ b
W059,dev,Б2-2,1,1,correct,False,,"[notational] Обозначил параллельные прямые как a и b, хотя секущая была a, а прямые b и d.",a \parallel b т.к сумма однасторонних углов 180 (112 + 68 = 180),b ∥ d (или прямые параллельны)
W059,dev,Б2-3,1,1,correct,False,,,n \parallel m т.к соответ. углы равны,n ∥ m
W059,dev,Б2-4,1,1,correct,False,,"[presentation] Прямые углы образованы секущей d; их можно считать соответственными/накрест лежащими (90° = 90°), хотя точнее сказать: две прямые, перпендикулярные одной и той же прямой, параллельны.",a \parallel b т.к накр. леж углы равны,"a ∥ b (две прямые, перпендикулярные третьей, параллельны)"
W059,dev,Б2-5,1,1,correct,False,,,c \parallel d т.к накр. леж углы равны \angle B = \angle A,c ∥ d
W060,dev,1,1,1,correct,False,Проверяющий поставил +,,"14,7","14,7"
W060,dev,2,1,1,correct,False,"Ответ 2000 = 27000 − (18000 + 7000); фактически дровяная «Огонёк» дороже электрической на 2000 (формулировка задания некорректна), ответ совпадает с эталонным; Проверяющий поставил +; Неточность в условии: по числам разница другого знака, чем в вопросе; ученик записал модуль разности — засчитано",,2000,2000
W060,dev,3,1,1,correct,False,"Проверяющий поставил +; Неточность в условии: по числам разница другого знака, чем в вопросе; ученик записал модуль разности — засчитано",,8300,8300
W060,dev,4,1,1,correct,False,Проверяющий поставил +,,25660,25660
W060,dev,6,1,1,correct,False,"У ученика 1,6 — верно (сверено Ксенией)",,"1,6","1,6"
W060,dev,7,1,1,correct,False,Проверяющий поставил +,,3,3
W060,dev,8,1,0,incorrect,False,"Ответ 0,02 (x·5^(4x−1)·25^(−2x) = x/5); Проверяющий поставил +","[computational] Преобразование выражения: $x \cdot 5^{4x-1} \cdot (5^2)^{-2x} = x \cdot 5^{4x-1-4x} = x \cdot 5^{-1} = \frac{x}{5}$. При $x = 0,1$ получаем $\frac{0,1}{5} = 0,02$, а не $0,01$.","0,01","0,02"
W060,dev,9,1,1,correct,False,Проверяющий поставил +,,"0,6","0,6"
W060,dev,10,1,1,correct,False,Проверяющий поставил +,,"0,4","0,4"
W060,dev,12,1,1,correct,False,Проверяющий поставил +,,260,260
W060,dev,13,1,1,correct,False,Проверяющий поставил +,,1,1
W060,dev,14,1,1,correct,False,Проверяющий поставил +,,20,20
W060,dev,17,1,1,correct,False,Проверяющий поставил +,,40,40
W060,dev,19,1,1,correct,False,Проверяющий поставил +,,2,2
W060,dev,20,1,1,correct,False,"Проверяющий обвёл точки 11 и 11 + √5, написал «Рисуй точки» (выколотые точки на прямой нарисованы неаккуратно), поставил 2б","[presentation] На числовой прямой лишняя точка 0, однако знаки и итоговый интервал определены верно.",x \in (11; 11+\sqrt{5}),(11; 11+\sqrt{5})
W061,dev,1,1,1,correct,False,"Нумерация: 1–4 — номера ученика для параболы (1: y = x² + 6x + 5, 2: y = −2x² − 4x + 4 из task_1.jpg; 3: y = x² − 4x + 5, 4: y = −3x² + 21x − 34 из task_2.jpg); Б1-N / Б2-N — блок 1/2 задания N из task_3.pdf. Вершина (−3; −4), таблица и график верны; проверяющий поставил +",,"таблица и вычисление точек для параболы y = x^2 + 6x + 5, вершина (-3; -4)","вершина (-3; -4), точки пересечения с осями (-5; 0), (-1; 0), (0; 5)"
W061,dev,2,1,0,incorrect,False,"Вершина (−1; 6) найдена верно, значения при x = 2, 3 (−12, −26) верны, но таблица заполнена частично и график — грубый набросок; нет отметки проверяющего. достаточно ли построения","[conceptual] График построен неверно: у функции y = -2x^2 - 4x + 4 ветви должны быть направлены вниз, а на рисунке парабола направлена ветвями вверх с вершиной в точке (-4; -4).","вершина (-1; 6), точки таблицы; на рисунке изображена парабола с вершиной (-4; -4) ветвями вверх","парабола ветвями вниз, вершина (-1; 6)"
W061,dev,3,1,1,correct,False,"Сначала x₀ = −2 и y₀ = 17 — зачёркнуто, исправлено на x₀ = 2, y₀ = 1; таблица и график верны; проверяющий поставил +",,"вершина (2; 1), таблица значений и график параболы ветвями вверх","вершина (2; 1), парабола ветвями вверх, проходящая через (1; 2), (3; 2), (0; 5), (4; 5)"
W061,dev,4,1,1,correct,False,"Вершина (3,5; 2,75), таблица и график верны (первая попытка таблицы зачёркнута); проверяющий поставил +","[computational] При вычислении абсциссы вершины потерян минус в знаменателе: 2a = 2*(-3) = -6, из-за чего в промежуточной записи возникло неверное равенство -7/2 = 3,5, хотя итоговый знак 3,5 взят верным.","вершина (3,5; 2,75), таблица значений и построенный график","вершина (3,5; 2,75), парабола ветвями вниз"
W061,dev,Б1-1,1,1,correct,False,Проверяющий поставил +,,312,312
W061,dev,Б1-2,1,1,correct,False,Проверяющий поставил +,,321,321
W061,dev,Б1-3,,0,not_solved,False,Зачёркнуто (ответ замазан),,,231
W061,dev,Б1-4,1,1,correct,False,Проверяющий поставил +,,213,213
W061,dev,Б1-5,1,1,correct,False,Проверяющий поставил +,,312,312
W061,dev,Б1-6,1,1,correct,False,Проверяющий поставил +,,321,321
W061,dev,Б1-7,1,1,correct,False,Проверяющий поставил +,,132,132
W061,dev,Б2-1,0,0,incorrect,False,"Верный ответ 123 (А: y = 2x² − 8x + 6, Б: y = 2x² + 8x + 6, В: y = −2x² + 8x − 6), у ученика 132; Проверяющий зачеркнул и написал 123",[conceptual] Неверное соответствие формул и графиков.,132,123
W061,dev,Б2-2,0,0,incorrect,False,"Верный ответ 132 (А: y = 1/(2x), Б: y = 2/x, В: y = −2/x), у ученика 123; Проверяющий зачеркнул и написал 132","[conceptual] Перепутаны графики Б и В: графику Б соответствует формула 3 (y = 2/x), а графику В — формула 2 (y = -2/x).",123,132
W062,dev,Б1-1,1,1,correct,False,Нумерация Б1-N: задачи из Блока 1 (ФИПИ) задачника; во 2-м блоке номера повторяются. Ответ 10 км/ч; проверяющий поставил +,,10 км/ч,10
W062,dev,Б1-6,,0,not_solved,False,"Начато, не доведено: вверху стр.1 другой (чёрной) ручкой без номера, уравнение 112/x + 4 = 112/(x−9) (числа №6), решение оборвано. возможно, не часть работы ученика",,,25
W062,dev,Б1-9,1,0,incorrect,False,"Ответ 26 км (38t = 98,8; t = 2,6 ч); проверяющий поставил +","[conceptual] В уравнении расстояние 82 км ошибочно записано как 32, затем возведено в квадрат, а на следующей строке записано как 32. | [computational] Слева было 32, но при переносе слагаемых справа внезапно появилось число 82, при этом 82 + 16,8 посчитано неверно как 99,8 вместо 98,8. | [computational] Деление 99,8 / 38 выполнено приближённо/с ошибкой (получилось 2,64 вместо точного 2,6). | [computational] При подстановке t = 2,64 произведение 10 * 2,64 дало бы 26,4, но записано ровно 26.",26 км,26
W062,dev,Б1-15,1,1,correct,False,Ответ 80 км/ч; проверяющий поставил +,"[presentation] В самом решении верно найдена скорость первого автомобиля x = 80 км/ч, однако в поле ответа на следующей странице ошибочно выписано число 30.",30 км/ч (на стр. 2 найдено 80),80
W062,dev,Б1-45,0,0,not_solved,False,"Вычислительная ошибка в сумме путей: 450+230+120 = 800, средняя скорость 800 : 10 = 80 км/ч; у ученика сумма и ответ неверные; Проверяющий исправил первую цифру на 8 в сумме, в дроби и в ответе (80). исходные цифры ученика под исправлением неразборчивы",,90 км/ч,80
W062,dev,Б1-46,1,1,correct,False,Ответ 55 км/ч; проверяющий поставил +,,55 км/ч,55
W062,dev,Б1-69,1,1,correct,False,Ответ 23 км/ч; проверяющий поставил +,"[notational] Описка в словесных обозначениях, не повлиявшая на составление верного уравнения. | [computational] Описка: 56 * 5 = 280, записано 28, но далее редукция 270 - 280 = -10 проведена верно.",23 км/ч,23
W062,dev,Б1-70,1,1,correct,False,"Ответ 15 км/ч; первая попытка с ошибками зачёркнута, затем решено заново; проверяющий поставил +","[notational] Описка в формульной записи пояснения, не повлиявшая на итоговое уравнение.",15 км/ч,15
W063,dev,Б1-1,1,1,correct,False,Нумерация Б1-N: задачи из Блока 1 (ФИПИ) задачника (во 2-м блоке номера повторяются). Ответ 10 км/ч; проверяющий поставил +,"[notational] Описка в дополнительном множителе (написано x^2+20x вместо x^2+10x), которая не повлияла на следующее верное уравнение x^2 + 10x - 200 = 0.",10 км/ч,10
W063,dev,Б1-9,1,1,correct,False,Ответ 26 км; проверяющий поставил +,,26 км,26
W063,dev,Б1-86,1,1,correct,False,Ответ 20 км/ч; проверяющий поставил +,"[notational] Описка при записи числа 297 как 294, далее деление на 3 выполнено верно: 297 : 3 = 99.",20,20
W063,dev,Б1-97,1,0,incorrect,False,Ответ 87 %; проверяющий поставил +,"[computational] Вместо коэффициента 10 из первого уравнения подставлено 20. Кроме того, при вычитании 14,3 - 19,52 допущена ошибка (-5,22 вместо -5,22, но 5,22 / 4 = 1,305, а не 0,84).",84%,87
W063,dev,Б1-121,,0,not_solved,False,"Начато, не доведено (оборвано на D = 64 − …). Кроме того, в составлении взята разность x+8 вместо x+13 деталей, уравнение x²+8x+208=0 без корней; верный ответ 13. Нет отметки проверяющего. номер прочитан как №121 (208 деталей, 8 часов)","[conceptual] Перепутаны параметры: разница в скорости составляет 13 деталей/ч, а 8 — это разница во времени. Решение брошено на подсчёте дискриминанта.",,13
W064,dev,Б1-1,1,1,correct,False,"Нумерация Б1-N: задачи из Блока 1 (ФИПИ) задачника (во 2-м блоке номера повторяются). Номер на странице не виден, определён по числам (60 км, +10, 3 ч). Ответ 10 км/ч; проверяющий поставил +",,10 км/ч,10
W064,dev,Б1-5,1,1,correct,False,"Ответ 16 км/ч (x = 14, x+2 = 16); проверяющий поставил +","[notational] Пропущен знак минус у свободного коэффициента: должно быть -4 * 2 * (-448), однако знак учтен при подсчете дискриминанта.",16 км/ч,16
W064,dev,Б1-9,0,0,incorrect,False,"Ошибка в составлении уравнения: остановка 0,6 ч добавлена не к тому участнику — (82−x)/10 + 0,6 = x/28 вместо x/28 + 0,6 = (82−x)/10 (x — путь первого); верно x = 56, ответ 82 − 56 = 26 км, у ученика 5 км; Проверяющий обвёл знак + перед 6/10 и исправил на −, зачеркнул ответ 5 км | Вычислительная ошибка: из 2464 = 38x деление выполнено как на 32 (2464/32 = 1232/16 = 77), верно 2464/38 ≈ 64,8; Вторая ошибка в той же задаче; проверяющий отдельно не отметил","[conceptual] Остановку сделал первый велосипедист, поэтому его время в движении меньше на 36 минут, то есть t_1 + 36/60 = t_2 (или x/28 + 36/60 = (82 - x)/10). В решении время остановки прибавлено ко второму велосипедисту. | [computational] Грубая ошибка при умножении/делении обеих частей уравнения на число: левая часть умножена на 10, а правая — на 10, при этом написано «/ 70». | [computational] Арифметическая ошибка: 38 / 2 = 19, а не 16; дальнейшее деление подогнано под 77 (2464 не делится на 38 нацело).",5 км,26
W064,dev,Б1-15,1,1,correct,False,Ответ 80 км/ч; проверяющий поставил +,,80 км/ч,80
W064,dev,Б1-21,1,1,correct,False,Ответ 14 км/ч; первая запись уравнения зачёркнута; проверяющий поставил +,,14 км/ч,14
W065,dev,1,0,0,incorrect,False,"Не учтено ОДЗ x − 5 > 0 в ответе: x = 5 не входит; верный ответ (5; 6], у ученика [5; 6]; Проверяющий исправил скобку на (, «ОДЗ! x − 5 > 0, x > 5»","[conceptual] Точка x = 5 не входит в область определения логарифма (x - 5 > 0, то есть x > 5). Скобка при 5 должна быть круглой, а не квадратной.",[5; 6],(5; 6]
W065,dev,2,0,0,incorrect,False,"Неверно решено условие x² + 6x + 9 > 0: это (x+3)² > 0, т.е. x ≠ −3, у ученика x > 3. Верный ответ (−∞; −4) ∪ [−3,5; −3) ∪ (−3; −2) ∪ [−1; +∞), у ученика [3; +∞); Проверяющий подчеркнул x > 3, написал «(x+3)² > 0, x ≠ −3»","[conceptual] Неравенство x^2 + 6x + 9 > 0 равносильно (x + 3)^2 > 0, решением которого являются все x \ne -3, а не x > 3.",[3; +\infty),"(-\infty; -4) \cup [-3,5; -3) \cup (-3; -2) \cup [-1; +\infty)"
W065,dev,3,1,1,correct,False,"Ответ (−7; −6) ∪ [2; 2,5) ∪ (4; 4,5] верный; описка 2x² − 13 + 20 (пропущен x). Проверяющий +",,"(-7; -6) \cup [2; 2,5) \cup (4; 4,5]","(-7; -6) \cup [2; 2,5) \cup (4; 4,5]"
W066,dev,В1-1,1,1,correct,False,"Нумерация В1-N / В2-N: вариант 1 / вариант 2 (ученик решил оба варианта). Ответ 0,8; Проверяющий поставил +",,"0,8","0,8"
W066,dev,В1-2,1,1,correct,False,"Ответ 0,7; Проверяющий поставил +",,"0,7","0,7"
W066,dev,В1-3,1,1,correct,False,"Ответ 0,2; Проверяющий поставил +",,"0,2","0,2"
W066,dev,В1-4,1,1,correct,False,Ответ 6; Проверяющий поставил +,,6,6
W066,dev,В1-5,1,1,correct,False,Ответ 9; Проверяющий поставил +,,9,9
W066,dev,В1-6,1,1,correct,False,"Ответ 0,4 верный. Ученик без оговорки «пусть» принял BC = √21, AB = 5 (в «Дано» записано BC = √21) — проверяющий поставил «?» у «Дано», у ответа поставил +",,"0,4","0,4"
W066,dev,В2-1,1,1,correct,False,"Ответ 0,3; Проверяющий поставил +",,"0,3","0,3"
W066,dev,В2-2,1,1,correct,False,"Ответ 0,45; Проверяющий поставил +",,"0,45","0,45"
W066,dev,В2-3,1,1,correct,False,Ответ 3; Проверяющий поставил +,,3,3
W066,dev,В2-4,1,1,correct,False,Ответ 25; Проверяющий поставил +,,25,25
W066,dev,В2-5,1,1,correct,False,Ответ 21; Проверяющий поставил +,[notational] Пропущен аргумент у тангенса (следует писать $\operatorname{tg} B$).,21,21
W066,dev,В2-6,1,1,correct,False,"Ответ 0,1; ученик принял BC = 3√11, AB = 10 без оговорки «пусть»; Проверяющий поставил +","[notational] Описка в записи: написано $100^2$ вместо $10^2$ (или $100$), однако дальше верно получено $AC^2 = 1$.","0,1","0,1"
W067,dev,В1-1,1,1,correct,False,"Нумерация В1-N / В2-N: вариант 1 / вариант 2 (ученик решил оба варианта). Ответ 0,8; проверяющий поставил +",,"0,8","0,8"
W067,dev,В1-2,1,1,correct,False,"Ответ 0,7; сначала записано sinB, исправлено на cos; проверяющий поставил +","[notational] Вместо \cos B записано \angle B, а также промежуточное ошибочное равенство '14', но итоговое значение вычислено верно.","0,7","0,7"
W067,dev,В1-3,1,1,correct,False,"Ответ 0,2; первая запись в дроби зачёркнута самим учеником; проверяющий поставил +",[notational] Пропущен аргумент функции: записано 'tg' вместо '\operatorname{tg} B'.,"0,2","0,2"
W067,dev,В1-4,1,1,correct,False,Ответ 6; проверяющий поставил +,,6,6
W067,dev,В1-5,1,1,correct,False,Ответ 9; проверяющий поставил +,,9,9
W067,dev,В1-6,1,1,correct,False,"Не ошибка по правилам (рассуждения верны, неверно выписан ответ / не сделан последний шаг): Не доведено до ответа: найдено cos²A = 0,16, корень не извлечён; верно cosA = 0,4; Проверяющий сам дописал «=> cos = 0,4»; отметки + нет","[presentation] Найден \cos^2 A, не извлечён квадратный корень для нахождения самого \cos A (\cos A = 0,4).","0,16","0,4"
W067,dev,В2-1,1,1,correct,False,"Ответ 0,3; проверяющий поставил +",,"0,3","0,3"
W067,dev,В2-2,1,1,correct,False,"Ответ 0,45; в записи sinB вместо cosB (9/20 = BC/AB — это cosB), описка; проверяющий поставил +","[notational] Искался \cos B, но записано '\sin B'. Численное отношение катета к гипотенузе взято верное.","0,45","0,45"
W067,dev,В2-3,1,1,correct,False,Ответ 3; проверяющий поставил +,,3,3
W067,dev,В2-4,1,1,correct,False,Ответ 25; проверяющий поставил +,"[notational] Описка в знаменателе дроби (должно быть 80 вместо 16), однако AC найдено верно: 25.",25,25
W067,dev,В2-5,1,1,correct,False,Ответ 21; проверяющий поставил +,"[notational] Описка в знаменателе дроби (написано 128 или слитно 18), но AC найдено верно: 21.",21,21
W067,dev,В2-6,1,1,correct,False,"Ответ 0,1; запись небрежная: cos² = 1 − 0,99 = 0,01 (0 вставлен сверху), подчёркнуто 0,1 без явного cosA = 0,1; проверяющий поставил +. прочтение последней строки","[presentation] Найден \cos^2 A = 0,01, не извлечён корень для нахождения \cos A = 0,1.","0,01","0,1"
W068,dev,1.4,1,1,correct,False,"Нумерация N.M: Задание N, пункт M. Ответ 4; проверяющий поставил +. в промежуточных строках коэффициент при b похож на «15b» вместо «5b» (25a − 5b = −18) — если так, это описка, на ответ не влияет",,4,4
W068,dev,1.7,1,1,correct,False,Ответ 9; проверяющий поставил +,,9,9
W068,dev,1.8,1,1,correct,False,Ответ 10; проверяющий поставил +,,10,10
W068,dev,2.3,1,1,correct,False,Ответ −3; −2; 3; проверяющий поставил +,,-3; -2; 3,-3; -2; 3
W068,dev,2.4,,0,not_solved,False,"Начато, не доведено: первая группировка зачёркнута, дальше одна неверная строка x²(x−1)5(x²−1)=0, ответа нет; нет отметки проверяющего",,,-5; -1; 1
W068,dev,2.12,1,1,correct,False,Ответ −6; −3; 3; проверяющий поставил +,,-6; -3; 3,-6; -3; 3
W068,dev,2.13,1,1,correct,False,Ответ −4; −3; 4 (записан в начале следующей страницы); проверяющий поставил +,,-4; -3; 4,-4; -3; 4
W068,dev,3.5,0,0,incorrect,False,"Вычислительная ошибка: x₁ = (2 − 4)/2 = −1, у ученика 2; в ответ записано 2 (не корень), верный ответ −1; Проверяющий зачеркнул 2 и написал −1 со стрелкой","[computational] При нахождении корней квадратного уравнения x^2 - 2x - 3 = 0 допущена ошибка: x_1 = (2 - 4)/2 = -1, а не -2. | [conceptual] Корень x = 3 не подходит по ОДЗ (x <= 2), а верный корень x = -1 не найден из-за вычислительной ошибки.",2,-1
W068,dev,3.6,1,1,correct,False,Ответ −1 (7 отброшен по ОДЗ x ≤ 6); первая попытка зачёркнута; проверяющий поставил +,"[notational] Описка в записи знака перед первым коэффициентом формулы корней (написано ±6 вместо 6), на дальнейшие верные вычисления не повлияла.",-1,-1
W068,dev,3.12,0,0,incorrect,False,"Вычислительная ошибка: x₂ = (−3 + 5)/2 = 1, у ученика −2/2 = −1; верный ответ −4; −3; 1, у ученика −4; −3; −1; Отметка проверяющего неоднозначна (знак вида «⊥», похож на недописанный +). если это +, то проверяющий пропустил ошибку","[computational] Ошибка знака: (-8)/2 = -4, а не 4 (хотя в итоговый ответ перенесено с минусом). | [computational] Ошибка в арифметике: (-3 + 5)/2 = 2/2 = 1, а не -1.",-4;-3;-1,-4; -3; 1
W068,dev,3.13,1,1,correct,False,Ответ −4; −2; 2; проверяющий поставил +,,-4;-2;2,-4; -2; 2
W069,dev,5.5,1,1,correct,False,Нумерация: задание.номер по листу условия (Задания 4–10). У ученика «№5(5)»; проверяющий поставил +,,"x_1 = 0,5; x_2 = -0,2","-0,2; 0,5"
W069,dev,8.12,0,0,incorrect,False,"Вычислительная ошибка: 5·1 + y = 12 ⇒ y = 7, у ученика y = 60 / 62 (в ответе «67»); верный ответ (1; 7), (−1; 7); Проверяющий исправил на 7; ответ записан не парами","[computational] Ошибка при нахождении y из линейного уравнения 5 + y = 12: должно быть y = 12 - 5 = 7, а не -60.",x_1=1; x_2=-1; y=-60,(-1; 7); (1; 7)
W069,dev,9.1,0,0,incorrect,False,"Потерян корень: 3y² = 27 ⇒ y = ±3, у ученика только y = 3; верный ответ (2; 3), (2; −3); Проверяющий исправил 3 на ±3","[conceptual] Потерян отрицательный корень: из y^2 = 9 следует y = \pm 3, а не только y = 3.",x = 2; y = 3,(2; -3); (2; 3)
W069,dev,9.7,0,0,incorrect,False,"Потерян корень: 4y² = 24 − 2·2² = 16 ⇒ y = ±2, у ученика только y = 2 (без выкладок); верный ответ (2; 2), (2; −2); Проверяющий: «как посчитал?»; «±» над y в ответе, по-видимому, дописан проверяющим (красный)","[conceptual] Потерян отрицательный корень: при x = 2 получаем 4y^2 = 24 - 8 = 16, откуда y^2 = 4 и y = \pm 2.",x=2; y=2,(2; -2); (2; 2)
W070,dev,1.4,1,1,correct,False,"Нумерация N.M: Задание N, пункт M. Ответ 4; проверяющий поставил +",,4,4
W070,dev,1.7,1,1,correct,False,Ответ 9; проверяющий поставил +,,9,9
W070,dev,1.8,1,1,correct,False,Ответ 10; проверяющий поставил +,,10,10
W070,dev,2.3,1,1,correct,False,Ответ −3; −2; 3; проверяющий поставил +,"[notational] Описка в условии при переписывании (записано -5x вместо -9x), но далее разложение на множители выполнено по верному условию с -9x.",-3; -2; 3,-3; -2; 3
W070,dev,2.4,1,1,correct,False,Ответ −5; −1; 1; проверяющий поставил +,,-5; -1; 1,-5; -1; 1
W070,dev,2.12,1,1,correct,False,Ответ −6; −3; 3; проверяющий поставил +,,-6; -3; 3,-6; -3; 3
W070,dev,2.13,1,1,correct,False,Ответ −4; −3; 4; проверяющий поставил +,,-4; -3; 4,-4; -3; 4
W070,dev,3.5,1,1,correct,False,Ответ −1 (3 отброшен по ОДЗ x ≤ 2); проверяющий поставил +,,-1,-1
W070,dev,3.6,1,1,correct,False,"Ответ −1 (7 отброшен по ОДЗ x ≤ 6); в общей формуле записано −6 ± √D вместо 6 ± √D, дальше подставлено верно; проверяющий поставил +",,-1,-1
W071,dev,50,0,0,incorrect,False,"Вычислительная ошибка при делении AC в отношении 1:3: AC = x + 3x = 4x = 48, x = 12, MC = 36; у ученика AC = 8x, x = 6, MC = 42; Проверяющий дописал «AC = x + 3x = 4x, x = 12, MC = 3·12 = 36»","[computational] Отношение AM : MC = 1 : 3, при этом AC = AM + MC = 48. Следовательно, 4x = 48, откуда x = 12, а MC = 3x = 36. Ученик получил AM = 8 и MC = 42, что неверно.",42,36
W071,dev,54,0,0,incorrect,False,"Вычислительная ошибка: BH = 4√3, BH² = 48 (у ученика 12); AB = √(16 + 48) = √64 = 8, у ученика 2√7; Проверяющий исправил на 48, 64, = 8","[computational] Неверно возведено в квадрат число 4√3: (4√3)² = 16 · 3 = 48, а не 12. Поэтому AB = √(16 + 48) = √64 = 8. Также в прямоугольном треугольнике AB² = AH · AC = 4 · 16 = 64, AB = 8.",2\sqrt{2},8
W071,dev,56,0,0,incorrect,False,"Вычислительная ошибка: BH = 7√3, BH² = 147; AB = √(49 + 147) = √196 = 14, у ученика 5√7; Проверяющий вписал 147, √196, исправил ответ на 14","[computational] Неверно возведено в квадрат выражение: (7√3)² = 49 · 3 = 147, а не 21. Должно быть √(49 + 147) = √196 = 14 (или через пропорциональные отрезки: AB² = AH · AC = 7 · 28 = 196, AB = 14). Дополнительно арифметическая ошибка: √70 ≠ 5√7.",5\sqrt{7},14
W071,dev,59,0,0,incorrect,False,"Неверное подобие: ∆BOA и ∆CHD подобны с соответствием B↔D, A↔C (углы 30° и 60°), а не B↔C; вывод AB = CD неверен. Высота h = CD/2 = 16,5, AB = h / sin60° = 11√3, у ученика 33; Высота 16,5 найдена верно. Проверяющий исправил в отношении обозначения на BO и AO; ответ не исправлен, + нет","[conceptual] Отрезок HC взят как катет, лежащий против угла 30°, хотя против угла 30° лежит катет HD. Высота CH = CD · sin 30° = 33/2 = 16,5. Однако равенство углов треугольников BOA и CHD неверно (углы при вершинах разные: 60° и 30°), треугольники не подобны с коэффициентом 1. Из треугольника с углом 60° (или 180° - 60°): высота h = AB · sin(180° - 60°) = AB · √3/2, откуда AB = 33·(1/2) / (√3/2) = 33/√3 = 11√3.",33,11\sqrt{3}
W071,dev,62,0,0,incorrect,False,"Вычислительная ошибка: AB² = (20√3)² + (20√3)² = 1200 + 1200 = 2400, AB = 20√6; у ученика (20√3)² посчитано как 60: √120 = 2√30; Проверяющий подчеркнул ответ и написал 20√6","[conceptual] В условии угол ABC = 45° (соответственно тупой угол при смежной вершине или при высоте равен 45°), ученик ошибочно взял угол 135°. | [computational] Неверно вычислено: (20√3)² = 400 · 3 = 1200, а не 60. При верном решении высота h = CD · sin 60° = 40 · √3/2 = 20√3, тогда AB = h / sin 45° = 20√3 / (√2/2) = 20√6.",2\sqrt{30},20\sqrt{6}
W071,dev,64,0,0,incorrect,False,"Неверное подобие (как в №59): получено AB = CD = 18; верно h = CD·sin60° = 9√3, AB = h / sin30° = 18√3. Также HC = √(18² − 9²) = 9√3 вычислено неверно (у ученика √6319); Проверяющий приписал √3 к ответу 18 (→ 18√3)","[conceptual] Условие списано с грубыми искажениями: угол ABC равен 30° (а не 135°), CD = 18 (ученик написал 17, а затем вовсе использовал 73). | [conceptual] Неверное геометрическое рассуждение о подобии и равенстве сторон. Правильно: высота h = CD · sin 60° = 18 · √3/2 = 9√3; тогда AB = h / sin 30° = 9√3 / (1/2) = 18√3.",73,18\sqrt{3}
W072,dev,50,1,1,correct,False,Ответ MC = 36; проверяющий поставил +,,36,36
W072,dev,54,1,1,correct,False,Ответ AB = 8; проверяющий поставил +,,8,8
W072,dev,59,,0,not_solved,False,"Начато, не доведено: записано только «Дано», решения нет; нет отметки проверяющего",,,33
W073,dev,50,1,1,correct,False,Ответ MC = 36; проверяющий поставил +,,36,36
W073,dev,54,1,1,correct,False,Ответ AB = 8; проверяющий поставил +,,8,8
W073,dev,56,1,1,correct,False,Ответ AB = 14; проверяющий поставил +,,14,14
W074,dev,1,1,1,correct,False,,,139,139
W074,dev,3,1,1,correct,False,,,106,106
W074,dev,4,1,1,correct,False,,,119,119
W074,dev,9,1,1,correct,False,,,65,65
W074,dev,11,,0,not_solved,False,"Начато, данные не совпадают с условием (углы 50° и 85° ⇒ ответ 45°), ответа нет, отметки проверяющего нет",,,45
W074,dev,12,,0,not_solved,False,Начато и зачёркнуто,,,35
W074,dev,14,1,1,correct,False,,,125,125
W074,dev,17,0,0,incorrect,False,"Вычислительная ошибка в лишнем шаге: ∠B = 180° − 66° записано как 24° (верно 114°); последней строкой решения стоит ∠B = 24, хотя острый угол — ∠A = 66°; Проверяющий обвёл 66 как ответ. Спорно: если ответом считать 66 — было бы 1","[computational] Арифметическая ошибка: 180 - 66 = 114, кроме того, требовалось найти острый угол параллелограмма (он равен 66°).",24,66
W074,dev,20,0,0,incorrect,False,"Вычислительная ошибка: 44 + 44 = 88 записано как 38; дальше 180 − 38 = 92 (верно 88 — это тупой угол, острый ∠A = 88°); Проверяющий обвёл 38","[conceptual] Острый угол параллелограмма равен 88° (2 * 44°). Вычитание из 180° дает тупой угол, кроме того, посчитано неверно (180 - 88 = 92 вместо 92 как тупого угла).",92,88
W074,dev,21,1,1,correct,False,,,11,11
W074,dev,24,1,1,correct,False,,,7,7
W074,dev,25,1,1,correct,False,,,106,106
W074,dev,28,0,0,incorrect,False,Неверный ответ: меньший угол трапеции 180° − 108° = 72°; Проверяющий исправил на 72,"[computational] Арифметическая ошибка: 180 - 108 = 72, а не 73.",73,72
W074,dev,29,1,1,correct,False,,,157,157
W074,dev,31,1,1,correct,False,,,129,129
W074,dev,36,1,1,correct,False,,,4,4
W074,dev,37,1,1,correct,False,,,139,139
W074,dev,39,1,1,correct,False,,,108,108
W074,dev,44,1,1,correct,False,,,59,59
W074,dev,45а,1,1,correct,False,,,17,17
W074,dev,45б,1,1,correct,False,,,13,13
W074,dev,50,0,0,incorrect,False,"Неверно найден отрезок: AF = 7 − 1,5 = 5,5 вместо (a + b)/2; высота равна 5; Проверяющий исправил CF на 5","[conceptual] В равнобедренной трапеции проекция диагонали на большее основание (равная высоте при угле 45°) равна (a + b)/2 = (7 + 3)/2 = 5, либо отрезок от вершины до высоты равен (7 - 3)/2 = 2, тогда оставшаяся часть равна 7 - 2 = 5. Отрезок вычислен неверно как 1,5.","5,5",5
W074,dev,53,0,0,incorrect,False,"Неверно найдена проекция: высота равна (6 + 13)/2 = 9,5, у ученика 1,75 / 7,75; Проверяющий исправил на 9,5","[conceptual] Неверный метод: высота трапеции равна полусумме оснований (13 + 6)/2 = 9,5, так как угол равен 45°. Деление на 2 выполнено дважды, высота не найдена.","1,75","9,5"
W074,dev,54,1,1,correct,False,,,78,78
W074,dev,56,1,1,correct,False,,,54,54
W074,dev,59,0,0,incorrect,False,"Вычислительная ошибка: 180 − (42 + 42) = 96 (у ученика записано 180 − 84 = 76); острый угол между диагоналями 84°, в ответе 76; Проверяющий обвёл 84",[computational] Ошибка при вычитании: 180 - 84 = 96. Острый угол между диагоналями равен 180 - 96 = 84° (или 2 * 42° = 84°).,76,84
W074,dev,60,0,0,incorrect,False,"Неверно: AC = BD = 2·BO = 74; у ученика AC = 56·2 = 112 (удвоена сторона AB); Проверяющий написал 74 (подпись «34·2», по смыслу 37·2)",[conceptual] В прямоугольнике диагонали равны и делятся точкой пересечения пополам: AC = BD = 2 * BO = 2 * 37 = 74. Ученик умножил на 2 сторону AB = 56.,112,74
W074,dev,63,1,1,correct,False,,,22,22
W074,dev,65,0,0,incorrect,False,"Решены данные другой задачи: под №65 записано 180 − 76 = 104 (это №64); в №65 угол 35°, ответ 145; Исправлено после аудита по ключу",[conceptual] Использовано не данное в условии число (в условии угол 35°). Должно быть: 180 - 35 = 145.,104,145
W074,dev,68,0,0,incorrect,False,"Неверный ответ: меньший угол ромба 180° − 99° = 81°, у ученика 101; Проверяющий исправил на 81","[computational] Арифметическая ошибка: 180 - 99 = 81, а не 101.",101,81
W074,dev,71,0,0,incorrect,False,"Вычислительная ошибка: 180 − 127 = 53, у ученика 153; Проверяющий: 180 − 127 = 53","[computational] Арифметическая ошибка: 180 - 127 = 53, а не 153.",153,53
W074,dev,73,1,1,correct,False,,,48,48
W074,dev,75,1,0,incorrect,False,"Режим training, политика п. 1.1 — замечание (найдено при офлайн-оценке политики 30.09). Было: Не поделено пополам: ∠ACD = (180° − 56°)/2 = 62°, у ученика 124 Проверяющий исправил на 62","[conceptual] Найден угол BCD (124°), но диагональ AC делит его пополам, поэтому угол ACD равен 124° / 2 = 62°.",124,62
W074,dev,77,1,1,correct,False,,,12,12
W074,dev,79,0,0,incorrect,False,"Вычислительная ошибка: 180 − 146 = 34, у ученика 36 ⇒ 18; верно 17; Проверяющий: 180 − 146 = 34, 34 : 2 = 17","[computational] Арифметическая ошибка: 180 - 146 = 34. Соответственно, 34 / 2 = 17.",18,17
W074,dev,80,1,0,incorrect,False,"Режим training (data/cards/modes.csv), политика п. 1.3 — замечание. Было: Ответ не на вопрос: высота ромба — катет против угла 30°, AP = 38 : 2 = 19 (ученик нашёл), но в ответ записан другой катет 19√3 Проверяющий обвёл 19","[conceptual] Высота ромба лежит напротив угла 30° в прямоугольном треугольнике, поэтому сама высота h = 38 / 2 = 19. Ученик перепутал катеты.",19\sqrt{3},19
W074,dev,82,1,0,incorrect,False,"Режим training (data/cards/modes.csv), политика п. 1.3 — замечание. Было: Ответ не на вопрос: высота равна 22 : 2 = 11 (ученик нашёл), но в ответ записан другой катет 11√3 Проверяющий обвёл 11",[conceptual] Высота ромба лежит против угла 30° и равна половине стороны: h = 22 / 2 = 11. Найдена длина другого катета.,11\sqrt{3},11
W074,dev,85,0,0,incorrect,False,Неверный метод: большая высота = 32 : 8 = 4; у ученика AB = 8² + 8² = 128; Проверяющий написал 4,"[conceptual] Неверная формула для нахождения высот параллелограмма. Высоты находятся как h = S / a: h1 = 32 / 8 = 4, h2 = 32 / 16 = 2. Большая высота равна 4.",128,4
W074,dev,89,1,1,correct,False,,,35,35
W074,dev,92,1,1,correct,False,,,80,80
W074,dev,93,0,0,incorrect,False,"Неверная высота: при угле 45° высота равна (8 − 4)/2 = 2, S = 12; у ученика высота 4, S = 24; Проверяющий исправил на 12","[conceptual] Высота трапеции найдена неверно: h = (8 - 4)/2 = 2, а не 4. Площадь равна ((4 + 8)/2) * 2 = 12.",24,12
W074,dev,95,1,1,correct,False,,,18,18
W074,dev,97,1,1,correct,False,Первая попытка найти h зачёркнута,,"12,5","12,5"
W074,dev,100,1,1,correct,False,,,72,72
W074,dev,101,1,0,incorrect,False,"Политика 30.09, п. 2.2 — замечание, не ошибка (rules/policy.csv). Было: Не ошибка по правилам (рассуждения верны, неверно выписан ответ / не сделан последний шаг): Не извлечён корень: d² = 196, d = 14; в ответе 196; Проверяющий дописал √196 = 14","[conceptual] Найден квадрат диагонали d^2 = 196, но корень не извлечён: d = 14.",196,14
W074,dev,104,1,1,correct,False,Записано h = … = 324 = 18 (пропущен корень в записи),,18,18
W074,dev,105,0,0,incorrect,False,"Неверный метод: больший отрезок средней линии равен 19 : 2 = 9,5; у ученика (14 + 19) : 2 = 16,5; Проверяющий исправил на 9,5","[conceptual] Найдена средняя линия всей трапеции (16,5), а требовалось найти больший из отрезков средней линии, который является средней линией треугольника с большим основанием: 19 / 2 = 9,5.","16,5","9,5"
W074,dev,109,1,1,correct,False,,,6,6
W074,dev,112,1,1,correct,False,,,9,9
W075,dev,1,1,1,correct,False,Блок 1 задачника (ФИПИ),,139,139
W075,dev,5,1,1,correct,False,,,78,78
W075,dev,9,1,1,correct,False,,,65,65
W075,dev,11,1,1,correct,False,,,45^\circ,45
W075,dev,13,1,1,correct,False,,,105^\circ,105
W075,dev,17,1,1,correct,False,,,66^\circ,66
W075,dev,21,1,1,correct,False,,,11,11
W075,dev,25,1,1,correct,False,,,106^\circ,106
W075,dev,27,1,1,correct,False,,,49^\circ,49
W075,dev,29,1,1,correct,False,,,157^\circ,157
W075,dev,33,1,1,correct,False,,,71,71
W075,dev,37,1,1,correct,False,,,139^\circ,139
W075,dev,41,1,1,correct,False,,,41,41
W075,dev,45а,1,1,correct,False,,,17,17
W075,dev,45б,1,1,correct,False,,,13,13
W075,dev,46,1,1,correct,False,,,3,3
W075,dev,50,1,1,correct,False,,,5,5
W075,dev,54,1,1,correct,False,,,78,78
W075,dev,58,1,1,correct,False,Первая запись ∠COD исправлена на ∠BOC,,88^\circ,88
W075,dev,60,1,1,correct,False,,,74,74
W075,dev,64,1,1,correct,False,,,104,104
W075,dev,68,1,1,correct,False,,,81^\circ,81
W075,dev,72,1,1,correct,False,,,49,49
W075,dev,76,1,1,correct,False,Описка в обосновании: «ΔABC = ΔABC» вместо ΔABC = ΔADC,,23,23
W075,dev,80,1,1,correct,False,,,19,19
W075,dev,84а,1,1,correct,False,,,75,75
W075,dev,84б,1,1,correct,False,,,40,40
W075,dev,84в,1,1,correct,False,,,20,20
W075,dev,84г,1,1,correct,False,,,120,120
W075,dev,84д,1,1,correct,False,,,100,100
W075,dev,84е,1,1,correct,False,,,96,96
W075,dev,85,0,1,correct,True,"Режим экзамена: в ответ выписано не то, что спрашивали (не та величина / не доведено / не извлечён корень / не в той форме). Нужная величина была почти найдена — не хватило последнего шага.; Правило 29.09: в задачах формата экзамена ответ должен быть ровно на заданный вопрос → ошибка (раньше — замечание). В ответ записаны обе высоты (BH = 4; BM = 2), требовалась только большая — 4; проверяющий поставил +","[presentation] В условии требовалось указать только большую высоту (4), ученик выписал обе высоты.",BH = 4; BM = 2,4
W075,dev,89,1,1,correct,False,,,35,35
W075,dev,93,1,1,correct,False,,,12,12
W075,dev,97,1,1,correct,False,,,"12,5","12,5"
W075,dev,101,1,1,correct,False,,,14,14
W075,dev,105,,0,not_solved,False,"Начато (рисунок, дано) и зачёркнуто",,,"9,5"
W075,dev,109,1,1,correct,False,,"[presentation] В условии верхнее основание равно 3, в дано ошибочно записано 5, но в вычислении подставлено верное значение 3.",6,6
W076,dev,1,1,1,correct,False,,,"(4; 2), (4; -2)","(4; 2), (4; -2)"
W076,dev,2,1,1,correct,False,Первая попытка зачёркнута,,2; 4,2; 4
W076,dev,3,1,1,correct,False,"Ученик записал правый конец как «1√2», проверяющий дописал + (1 + √2)",,x ∈ (1; 1 + √2),(1; 1 + √2)
W076,dev,4,,0,not_solved,False,"Начато, не доведено: переписано уравнение и перенесено в одну часть, ответа нет; отметки проверяющего нет",,нет ответа,1; 2
W076,dev,5,1,0,incorrect,False,Первая попытка с ошибкой в знаке зачёркнута,"[computational] При делении уравнения 8x^2 + 104x - 2704 = 0 на 8 свободный член равен 338, а не 333 (2704 : 8 = 338). При этом ученик записал D = 169 - 4(-333) = 1521, хотя 169 + 1332 = 1501, а не 1521 (1521 = 169 + 4*338). В результате взаимных ошибок корень сошелся со счастливой случайностью.",13,13
W076,dev,8,1,1,correct,False,"Описка в уравнении: 208/(x+8) вместо 280/(x+8), в следующей строке верно",,20,20
W076,dev,12,1,1,correct,False,,"[notational] Описки в обозначении точек (L вместо C или D, P вместо O), но ход рассуждений и числовые значения углов верны: ∠COB = 2·25° = 50°, ∠AOC = 180° - 50° = 130°, ∠AOE = 130° / 2 = 65°.",65,65
W077,dev,Б1-1,1,1,correct,False,"Номер = блок-номер задачи в листе (Б1/Б2/Б3 — блоки 1–3 сборника «14. Прогрессии»). Ответ 61, +",,61,61
W077,dev,Б1-2,1,1,correct,False,"Ответ −41, +",,-41,-41
W077,dev,Б1-3,0,0,incorrect,False,"Неверный ответ: 122, верно 39; Проверяющий зачеркнул и написал 39; ответ ученика неразборчив (122?)",[conceptual] Неверно определено количество мест. Разность прогрессии d = (25 - 17) / 4 = 2. Тогда a_16 = a_9 + 7d = 25 + 14 = 39.,192,39
W077,dev,Б1-4,0,0,incorrect,False,"Неверный ответ: 4,55, верно 6,3; Проверяющий зачеркнул и написал 6,3","[computational] Неверно вычислено расстояние. Сумма первых 7 членов: S_7 = (2*0,6 + 0,1*6)/2 * 7 = (1,2 + 0,6)/2 * 7 = 0,9 * 7 = 6,3.","4,55","6,3"
W077,dev,Б1-5,1,1,correct,False,"Ответ 110 (исправлен учеником), +",,110,110
W077,dev,Б1-6,1,1,correct,False,"Ответ 518, +",,518,518
W077,dev,Б1-7,1,1,correct,False,"Ответ 48, +",,48,48
W077,dev,Б1-8,0,0,incorrect,False,"Неверный ответ: 4,5 (неразборчиво), верно 7; Проверяющий зачеркнул и написал 7","[computational] Высоты отскоков: 1-й: 480 см, 2-й: 240 см, 3-й: 120 см, 4-й: 60 см, 5-й: 30 см, 6-й: 15 см, 7-й: 7,5 см (< 10 см). Мячик в первый раз не достигнет 10 см при 7-м прыжке.",5,7
W077,dev,Б1-9,1,1,correct,False,"Ответ 7,5, +",,"7,5","7,5"
W077,dev,Б1-10,1,1,correct,False,"Ответ 2916, +",,2916,2916
W077,dev,Б2-1.1,1,0,incorrect,False,"Ответ 13, проверяющий поставил + на весь №1",[computational] a_5 = a_1 + 4*d = -7 + 4*5 = 13.,3,13
W077,dev,Б2-1.2,1,0,incorrect,False,"Ответ 9, проверяющий поставил + на весь №1","[computational] b_2 = -4/9, b_3 = -4 / (-4/9) = 9.",3,9
W077,dev,Б2-2,1,0,incorrect,False,"Ответ 6,2, +","[computational] a_6 = -4,3 + 5 * 2,1 = -4,3 + 10,5 = 6,2.","6,12","6,2"
W077,dev,Б2-3,1,1,correct,False,"Ответ 37, +",,37,37
W077,dev,Б2-4,1,0,not_solved,False,"Ответ −56,4 (исправлен учеником, прежний зачёркнут), +",,,"-56,4"
W077,dev,Б2-5,1,1,correct,False,"Ответ −7, +",,-7,-7
W077,dev,Б2-6,1,1,correct,False,"Ответ 145, +",,145,145
W077,dev,Б2-7,0,0,incorrect,False,"Неверный ответ: 10, верно −10; Проверяющий дописал минус","[computational] Потерян знак минус. Разность прогрессии d = -28 - (-19) = -9, тогда x = -1 + (-9) = -10.",10,-10
W077,dev,Б2-9,0,0,incorrect,False,"Неверный ответ: 486 (без минуса), верно −486; Проверяющий дописал минус; первая цифра неразборчива (4 или 9)",[computational] b_6 = b_1 * q^5 = -2 * 3^5 = -2 * 243 = -486.,986,-486
W077,dev,Б2-10,1,0,incorrect,False,"Режим training, политика п. 1.1 — замечание (найдено при офлайн-оценке политики 30.09). Было: Неверный ответ: −24 (неразборчиво), верно 9,6 Проверяющий зачеркнул и написал 9,6","[conceptual] Знаменатель q = 60 / (-150) = -0,4 найден верно, но требовалось найти 4-й член: b_4 = b_3 * q = -24 * (-0,4) = 9,6.","-0,4","9,6"
W077,dev,Б2-12,0,0,incorrect,False,"Неверный ответ: 32, верно −441; Проверяющий зачеркнул и написал −441",[computational] Сумма первых 6 членов: S_6 = b_1 * (q^6 - 1) / (q - 1) = -7 * (64 - 1) / 1 = -441.,32,-441
W077,dev,Б2-14,1,1,correct,False,"Ответ 32, +",,32,32
W077,dev,Б2-15,1,1,correct,False,"Ответ 58, +",,58,58
W077,dev,Б2-16,0,0,incorrect,False,"Неверный ответ: 155, верно 167; Проверяющий зачеркнул и написал 167",[computational] a_28 = a_1 + 27 * d = 4 + 27 * 6 = 4 + 162 = 167.,155,167
W077,dev,Б2-17,0,0,incorrect,False,"Неверный ответ: 67400, верно 77400; Проверяющий зачеркнул и написал 77400",[computational] S_9 = (2*3800 + 8*1200)/2 * 9 = (7600 + 9600)/2 * 9 = 8600 * 9 = 77400.,69400,77400
W077,dev,Б2-19,0,0,incorrect,False,"Неверный ответ: 815 (неразборчиво), верно 945; Проверяющий зачеркнул и написал 945",[computational] Прошло 42 / 7 = 6 периодов. Осталось изотопа А: 960 / 2^6 = 960 / 64 = 15 мг. Масса образовавшегося изотопа Б: 960 - 15 = 945 мг.,815,945
W077,dev,Б2-20,0,0,incorrect,False,"Неверный ответ: 4, верно 328; Проверяющий зачеркнул и написал 328",[conceptual] S_8 = (2*6 + 7*10)/2 * 8 = (12 + 70)*4 = 82 * 4 = 328.,4,328
W077,dev,Б2-22,0,0,incorrect,False,"Неверный ответ: 5, верно 7; Проверяющий зачеркнул и написал 7","[conceptual] Высоты отскоков: 1-й: 320, 2-й: 160, 3-й: 80, 4-й: 40, 5-й: 20, 6-й: 10, 7-й: 5 (< 6 см). Правильный ответ: после 7-го отскока.",2215,7
W077,dev,Б3-1,1,1,correct,False,"Ответ 5,4, +",,"5,4","5,4"
W077,dev,Б3-2,1,1,correct,False,"Ответ 8, +",,8,8
W077,dev,Б3-3,1,1,correct,False,"Ответ 6, +",,6,6
W077,dev,Б3-5,1,1,correct,False,"Ответ 62720, +",,62720,62720
W077,dev,Б3-6,0,0,incorrect,False,"Неверный ответ: 78, верно 48; Проверяющий зачеркнул и написал 48","[computational] Часы отстают на 30 мин за 10 часов, то есть на 3 мин в час. Спустя 16 часов они отстанут на 16 * 3 = 48 минут.",78,48
W077,dev,Б3-8,1,1,correct,False,"Ответ 17, +",,17,17
W077,dev,Б3-11,0,0,incorrect,False,"Неверный ответ: 140, верно 35; Проверяющий зачеркнул и написал 35",[computational] После пятикратного деления число инфузорий увеличивается в 2^5 = 32 раза. Было 1120 / 32 = 35.,140,35
W078,dev,Б1-1,1,1,correct,False,"Номер = блок-номер задачи в листе (Б1/Б2/Б3 — блоки 1–3 сборника «14. Прогрессии»); задачи, отмеченные учеником прочерком, не размечены. Ответ 61, +",,61,61
W078,dev,Б1-2,0,0,incorrect,False,"Неверный ответ: −340 (неразборчиво), верно −41; Проверяющий зачеркнул и написал −41",[computational] Через 4 минуты температура уменьшится на 4 * 7 = 28 градусов: -13 - 28 = -41.,-34^\circ C,-41
W078,dev,Б1-3,0,0,incorrect,False,"Неверный ответ: 40 (неразборчиво), верно 39; Проверяющий зачеркнул и написал 39",[computational] Разность прогрессии d = (25 - 17) / 4 = 2. В 16-м ряду: 25 + 7 * 2 = 39 мест.,45,39
W078,dev,Б1-4,1,1,correct,False,"Ответ 6,3, +",,"6,3","6,3"
W078,dev,Б1-5,0,0,incorrect,False,"Неверный ответ: 150, верно 110; Проверяющий зачеркнул и написал 110",[computational] Сумма за 5 секунд: S_5 = (2 * 30 - 4 * 4) / 2 * 5 = (60 - 16) / 2 * 5 = 22 * 5 = 110 м.,150,110
W078,dev,Б1-6,0,0,incorrect,False,"Неверный ответ: неразборчиво (3..), верно 518; Проверяющий зачеркнул и написал 518",[computational] Всего мест: S_14 = (2 * 24 + 2 * 13) / 2 * 14 = (48 + 26) * 7 = 74 * 7 = 518.,392,518
W078,dev,Б1-7,1,1,correct,False,"Ответ 48, +",,48,48
W078,dev,Б1-8,1,1,correct,False,"Ответ 7, +",,7,7
W078,dev,Б1-9,0,0,incorrect,False,"Неверный ответ: 15, верно 7,5; Проверяющий зачеркнул и написал 7,5","[computational] Прошло 36 / 6 = 6 периодов полураспада. 480 / 2^6 = 480 / 64 = 7,5 мг.",15,"7,5"
W078,dev,Б1-10,0,0,incorrect,False,"Неверный ответ: 372 (неразборчиво; первый вариант тоже зачёркнут), верно 2916; Проверяющий зачеркнул и написал 2916",[computational] Прошло 100 / 20 = 5 периодов. Масса: 12 * 3^5 = 12 * 243 = 2916 мг.,972,2916
W078,dev,Б2-2,0,0,incorrect,False,"Неверный ответ: 6,4, верно 6,2; Проверяющий зачеркнул и написал 6,2","[computational] a_6 = a_1 + 5d = -4,3 + 5 * 2,1 = -4,3 + 10,5 = 6,2.","6,9","6,2"
W078,dev,Б2-3,1,1,correct,False,"Ответ 37, +",,37,37
W078,dev,Б2-5,1,1,correct,False,"Ответ −7, +",,-7,-7
W078,dev,Б2-7,1,1,correct,False,"Ответ −10, +",,-10,-10
W078,dev,Б2-8,1,0,incorrect,False,"Режим training, политика п. 1.1 — замечание (найдено при офлайн-оценке политики 30.09). Было: Неверный ответ: 5,5, верно 1,1 Проверяющий зачеркнул и написал 1,1","[conceptual] Разность d = (a_12 - a_7) / (12 - 7) = (13,9 - 8,4) / 5 = 5,5 / 5 = 1,1. Найдена разность значений a_12 - a_7, но не разделена на разность номеров.","5,5","1,1"
W078,dev,Б2-10,1,1,correct,False,"Ответ 9,6, +",,"9,6","9,6"
W078,dev,Б2-11,1,1,correct,False,"Ответ 615, +",,615,615
W078,dev,Б2-13,1,1,correct,False,"Ответ 12, +",,12,12
W078,dev,Б2-14,1,1,correct,False,"Ответ 32, +",,32,32
W078,dev,Б2-15,1,1,correct,False,"Ответ 58, +",,58,58
W078,dev,Б2-16,0,1,correct,False,"Неверный ответ: 1.. (неразборчиво), верно 167; Проверяющий зачеркнул и написал 167",,166,166
W078,dev,Б2-17,1,1,correct,False,"Ответ 77400 р., +",,77400 р.,77400
W078,dev,Б2-19,1,1,correct,False,"Ответ 945, +",,945,945
W078,dev,Б2-20,1,1,correct,False,"Ответ 328, +",,328,328
W078,dev,Б2-21,1,1,correct,False,"Ответ 5, +",,5,5
W078,dev,Б2-22,1,1,correct,False,"Ответ 7, +",,7,7
W078,dev,Б3-1,1,1,correct,False,"Ответ 5,4 (учеником исправлен), +",,"5,4","5,4"
W078,dev,Б3-2,1,1,correct,False,"Ответ 8, +",,8,8
W078,dev,Б3-3,1,1,correct,False,"Ответ 6 (учеником зачёркнуто 1082, записанное не в ту строку), +",,6,6
W078,dev,Б3-4,1,1,correct,False,"Ответ 1082 (учеником зачёркнуто 62720), +",,1082,1082
W078,dev,Б3-5,1,1,correct,False,"Ответ 62720, +",,62720,62720
W078,dev,Б3-8,1,1,correct,False,"Ответ 17, +",,17,17
W078,dev,Б3-9,1,1,correct,False,"Ответ 16, +",,16,16
W078,dev,Б3-10,0,0,incorrect,False,"Неверный ответ: 3, верно 2; Проверяющий зачеркнул и написал 2","[computational] Всего капель: 15+20+25+30+35 + 35+35 + 30+25+20 = 270. Количество флаконов по 140 капель: 270 / 140 = 1,92..., то есть достаточно 2 пузырьков.",3,2
W078,dev,Б3-11,1,1,correct,False,"Ответ 35, +",,35,35
W079,dev,1,1,0,incorrect,False,по пометке + («молодец!»); ответ 26620 пересчитан — верно,"[computational] В условии сумма кредита равна 270 200 рублей, а не 240 200 рублей. | [computational] 240200 * 1,1 = 264220, а записано 264200. Далее при раскрытии скобок и подсчётах также допущены вычислительные ошибки.",26620,29964
W079,dev,2,1,1,correct,False,по пометке +; S=700000 пересчитано — верно,,700 000,700 000 рублей (или 700 тыс. рублей)
W079,dev,3,1,1,correct,False,"по пометке +; r=10% пересчитано — верно. Мелкие описки не ошибка: после умножения на (−1) знак при 121k записан неаккуратно (разложение (k+1)(10k−11)(10k+11) верное); для 10k+11=0 записано k=−10/11=−1,1 (посторонний корень, отброшен)",,10%,10
W079,dev,4,1,1,correct,False,"по пометке +; r=10% пересчитано — верно (210k²−61k−187=0, D=401², k=1,1)",,10%,10
W079,dev,5,1,1,correct,False,"по пометке +; S=550, общая сумма 1050 тыс. руб. = 1 050 000 руб. — верно",,1 050 000,1 050 тыс. рублей (или 1 050 000 рублей)
W079,dev,6,,0,not_solved,False,"начата и брошена: составлены 1,3225S−2,15x=0 и 0,3S+2x≤20, ответа нет; проверяющий: «жаль что не дорешал последнее» (верный ответ 13 млн)",,не получен,12 млн рублей
W081,dev,1,1,1,correct,False,по пометке +; ответ A = 6(x+4)^5 верно,,6(x+4)^5 (A),6(x + 4)^5 (A)
W081,dev,2,1,1,correct,False,по пометке +; ответ C = 9(3x−2)^2 верно,,9(3x-2)^2 (C),9(3x - 2)^2 (C)
W081,dev,3,1,1,correct,False,"по пометке +; ответ A верно (в обведённой записи показатель у 5x^4 написан неразборчиво, похоже на 9 — описка, выбран верный вариант A)","[notational] Пропущен штрих производной: должно быть g'(f) = 6f^5, на результат не повлияло.",6(x^5+x^3+1)^5 * (5x^4+3x^2) (A),6(x^5 + x^3 + 1)^5 * (5x^4 + 3x^2) (A)
W081,dev,4,1,1,correct,False,по пометке +; ответ B = 6cos(3x−4) верно,[notational] Пропущен аргумент косинуса: должно быть 2\cos(f).,6\cos(3x-4) (B),6\cos(3x - 4) (B)
W081,dev,5,0,0,incorrect,False,"Неверна производная корня: (√t)′ = 1/(2√t), а не 1/√t. Поэтому y′ = 2x/(2√(x²+8)) = x/√(x²+8) — вариант C, а не B.; проверяющий: дописал 2 в знаменатель, исправил B на C, «= x/√(x²+8)»","[conceptual] Производная от \sqrt{f} равна \frac{1}{2\sqrt{f}}, пропущена двойка в знаменателе. | [computational] При умножении f'(x) = 2x на g'(f) = \frac{1}{2\sqrt{f}} двойки сокращаются, правильный ответ C: \frac{x}{\sqrt{x^2+8}}.",\frac{2x}{\sqrt{x^2+8}} (B),\frac{x}{\sqrt{x^2 + 8}} (C)
W086,dev,1,1,1,correct,False,"по пометке +; 3,4,5 верно (a+c=8, b+c=9)",,"3, 4, 5","12/5, 17/5, 13/5 (или стороны 2.4, 3.4, 2.6 - проверим: m=c/2, p1=a+c, p2=b+c; если p1=8, p2=9, c=(a^2+b^2)^0.5, a+c=8, b+c=9 -> a=8-c, b=9-c -> c^2=(8-c)^2+(9-c)^2 -> c^2-34c+145=0 -> c=5, a=3, b=4. Тогда a+c=3+5=8, b+c=4+5=9. Периметры треугольников: m=2.5, m+c/2+a = 2.5+2.5+3 = 8; m+c/2+b = 2.5+2.5+4 = 9. Стороны 3, 4, 5)"
W086,dev,2,0,0,incorrect,False,"Неверный ответ 7, 5, 4. Сумма оснований 10, отрезок между серединами оснований при сумме углов 90° равен полуразности оснований: a−b=6 ⇒ основания 8 и 2; h=3√3/2, меньшая боковая сторона h/sin60°=3. Ответ: 8, 2, 3.; проверяющий зачеркнул, исправил на 8,2,3; решения нет, только ответ","[conceptual] Ответ неверный. Если сдвинуть боковые стороны в вершину, образуется прямоугольный треугольник со сторонами a-b=2*3=6. Так как средняя линия (a+b)/2=5, получаем a+b=10, откуда основания 8 и 2. Меньшая боковая сторона равна 6 * sin 30° = 3.","7, 5, 4","основания 2 и 8 (или 8 и 2), меньшая боковая сторона 3"
W086,dev,3,0,0,incorrect,False,"Неверный ответ 8. При перпендикулярных медианах LP и MQ: KL²+KM²=5LM² ⇒ LM²=(484+961)/5=289, LM=17; PQ — средняя линия, PQ=LM/2=8,5.; проверяющий зачеркнул, исправил на 8.5","[computational] Ответ неверный. Для перпендикулярных медиан из L и M выполняется LM^2 = (KL^2 + KM^2)/5 = (484 + 961)/5 = 289, откуда LM = 17, а PQ как средняя линия равна LM/2 = 8.5.",8,13/2 или 6.5 (PQ = LM/2; по теореме о сумме квадратов медиан/сторон: LM^2 = (KL^2 + KM^2)/5 = (484 + 961)/5 = 1445/5 = 289 => LM = 17 => PQ = 8.5)
W086,dev,4,1,1,correct,False,по пометке +; 14 верно (площадь вдвое больше площади ромба Вариньона 2·7/2),,14,14
W086,dev,5,1,1,correct,False,по пометке +; 90° верно,,90,90°
W086,dev,6,1,1,correct,False,"по пометке +; 8 верно (4/3 площади треугольника из медиан 3,4,5)",,8,8
W086,dev,7,0,0,incorrect,False,"Неверный ответ 60. По теореме Менелая AD:AB=5:9 ⇒ AD:DB=5:4=AC:BC, стороны 3k,4k,5k; CD²=16k²+(4k/3)²=196 ⇒ k²=11,025; S=6k²=1323/20=66,15.; проверяющий зачеркнул, исправил на 1323/20","[computational] Ответ 60 неверный (верное значение площади треугольника ABC равно 105*sqrt(3)/... или вычисляется из соотношений сторон: AC/CM = 9/x; верный ответ 270*sqrt(3)/7 или рациональное число в зависимости от конфигурации, но не 60).",60,"630 (или 120/7 и т.д. В треугольнике BCD: MO/OA = ... По свойству биссектрисы в ACM: CO/OD: AM не делится, O - точка пересечения AM и CD. По теореме Менелая для треугольника CBM или теореме Ван-Обеля: площадь равна 630/...) "
W086,dev,8,0,1,correct,False,"Неверный ответ 512. В равнобедренной трапеции с перпендикулярными диагоналями высота равна средней линии (40+24)/2=32, S=32²=1024 (ответ 512 — вдвое меньше).; проверяющий зачеркнул, исправил на 1024",,512,512
W086,dev,9,0,0,incorrect,False,"Неверный ответ 4; 8. Большее основание — диаметр, R=10, высота √(100−36)=8; боковая сторона √(4²+8²)=4√5, диагональ √(16²+8²)=8√5.; проверяющий зачеркнул, исправил на 4√5, 8√5","[conceptual] Ответ неверный. Большее основание является диаметром описанной окружности (D = 20, R = 10). Диагональ и боковая сторона образуют прямой угол. Боковая сторона равна sqrt(10*(20-12)/2 * 20 / ...) = sqrt(4*20) = 4*sqrt(5), диагональ равна sqrt(16*20) = 8*sqrt(5).",4; 8,"диагональ 8*sqrt(5) (или 4*sqrt(10)), боковая сторона 4*sqrt(5)"
W087,dev,1,1,1,correct,False,"по пометке +; 17% верно. Мелочи: в таблице во 2-й строке записано 1,05S−n₂ вместо 1,05·0,8S−n₂, строки пронумерованы до 7 при 6 платежах — описки, не влияют","[notational] Описка в таблице (написано 0,85S вместо 0,8S), однако в формуле вычислений ниже использовано верное значение 0,8S.",17%,17%
W087,dev,2,0,0,incorrect,False,"Неверный знак неравенства: из 4,75/4,5 < (r+100)/100 следует r > 50/9≈5,56, а не r < 50/9. Кроме того, r — целое, поэтому ответ — наименьшее целое r=6, а не 5,6%.; проверяющий зачеркнул ответ 5,6%, исправил на 6; составление суммы выплат 4,5R−3,5 верное","[computational] Неверно перевернут знак неравенства: должно быть r > 50/9 (r > 5,55...). Кроме того, по условию r — целое число, наименьшее значение которого равно 6, а не приближённая дробь.","5,6%",6
W087,dev,3,1,0,incorrect,False,"Политика 30.09, п. 2.4 — замечание, не ошибка (rules/policy.csv). Было: проверяющий без + / ✗, приписка «то есть 8». Решение верное: сумма выплат 1,26S ≥ 10 ⇒ S ≥ 7,94; в ответе «S ≥ 7,9 млн» — не сделан последний тривиальный шаг (наименьшее целое S=8). Спорно, см. список","[conceptual] По условию S — целое число, и требовалось найти наименьшее целое значение S. Наименьшее целое S = 8.","S > 7,9 млн.",8
W087,dev,4,1,1,correct,False,"по пометке +; 5,2R−3,7>2,2 ⇒ r>175/13≈13,46 ⇒ r=14 верно","[notational] Переменная r обозначает число процентов, поэтому ответ — число 14 (знак % в ответе допустим как неточность записи). Неравенство r >= 14 записано как r > 14%.",14%,14
W087,dev,5а,1,1,correct,False,по пометке +; 138000 верно,,138000p,138000
W087,dev,5б,1,1,correct,False,по пометке +; 123600 верно,,123600p,123600
W087,dev,5в,1,1,correct,False,по пометке +; 7200 верно,,7200p,7200
W087,dev,5г,1,1,correct,False,по пометке +; 654000 верно,,654000p,654000
W087,dev,5д,1,1,correct,False,по пометке +; 45000 верно (переплата 99000 против 54000),,45000p,45000
W087,dev,6,1,1,correct,False,"по пометке +; 822000 верно. Мелочь записи: в строке «600000 + (50000+24000+50000+13000)/2·12 = 822000» 600000 учтено дважды (слагаемое лишнее), значение посчитано верно","[notational] В скобках записана сумма полных выплат вместо только начисленных процентов ((24000 + 13000)/2)*12, и затем добавлено 600000, что привело к задвоению слагаемых внутри формулы, однако числовой итог посчитан верно: 600000 + 222000 = 822000.",822000 р,"822000 рублей (или 0,822 млн рублей)"
W088,dev,1,0,0,incorrect,False,"Неверно решено неравенство относительно t: из −(t−1)²/(t²−4) ≤ 0 получено t ≤ 1 без учёта знака знаменателя t²−4. Правильно: (t−1)²/(t²−4) ≥ 0 ⇔ t = 1 или t < −2 или t > 2, т.е. x ∈ (0; 1/49) ∪ {7} ∪ (49; +∞).; Лист 1 (без номера банка, ЕГЭ 2022 досрочная волна: (log7(49x²)−7)/(log7²x−4) ≤ 1). Проверяющий зачеркнул ответ и дописал красным [t=1; t>2; t<−2] и x ∈ (0;1/49)∪{7}∪(49;+∞); feedback: «нужно полностью прописывать условия на t, учитывая знаменатель». | Ошибка при обратной замене: из t = log7 x ≤ 1 следует 0 < x ≤ 7, а не 1 ≤ x ≤ 7; условия t ≠ ±2 означают x ≠ 49 и x ≠ 1/49, а не x ≠ 2. Записан ответ [1; 2) ∪ (2; 7].; Вторая независимая ошибка (переход от t к x); проверяющий отдельно не отмечал, ответ зачёркнут целиком.","[conceptual] Неравенство \frac{-(t-1)^2}{(t-2)(t+2)} \le 0 равносильно \frac{(t-1)^2}{(t-2)(t+2)} \ge 0. Его решениями являются t < -2, t = 1, t > 2, а не t \le 1 с выколотыми точками. | [conceptual] Неверно выполнен переход от t к x, а также неверно решено само рациональное неравенство относительно t.",x \in [1; 2) \cup (2; 7],(0; \frac{1}{49}) \cup (49; +\infty) \cup \{7\}
W088,dev,85,1,,нет в ответе,False,"Задача 85 банка. По пометке +. Описки в промежуточных строках: знаменатель (t−2)(t+3) вместо (t−2)(t−3) и 2(t+1)² вместо 2(t−1)² — дальше используется верный корень t = 1, ответ верный; не ошибка.",,,
W088,dev,2,,,лишняя: not_solved,False,,,,
W089,dev,ЕГЭ 2024 (1),0,,нет в ответе,False,"Режим экзамена: в ответ выписано не то, что спрашивали (не та величина / не доведено / не извлечён корень / не в той форме). Нужная величина была почти найдена — не хватило последнего шага.; Правило 29.09: в задачах формата экзамена ответ должен быть ровно на заданный вопрос → ошибка (раньше — замечание). Проверяющий: «ок, ты нашёл x, но нам ведь нужны все платежи, т.е. 2x = 720000», также исправил в таблице столбец выплаты (x) и остаток 0. Уравнение 1,2(660000−x)−x=0 и x=360000 верны; в ответ выписан один платёж вместо суммы 2x=720000 — не сделан последний тривиальный шаг (досчитать сумму), по правилам не ошибка. Путаница в таблице (в столбце «выплачено» записано 1,2(660000−x)−x) — мелочь записи.",,,
W089,dev,ЕГЭ 2024 (2),0,,нет в ответе,False,"Неверная модель: приравнено S·1,2^4 = 311040, т.е. наращенный долг приравнен к сумме выплат, платежи не вычитались (столбец «Ост» не заполнен). Правильно: каждый платёж x = 311040/4 = 77760, S·1,2^4 = x(1,2^3+1,2^2+1,2+1) → 2,0736S = 77760·5,368 → S = 201300 руб. Ответ 150000 неверный.; Проверяющий: знаки «?» в столбце «Ост». Первая попытка на фото 1 зачёркнута учеником, проверено по второй (фото 2). Правильный ответ 201300.",,,
W089,dev,ЕГЭ 2024 (3),1,,нет в ответе,False,"По пометке +. Проверено: x=75000, сумма 300000 верно. В столбце S строки 3 записано 276750−x вместо 276750−2,25x — описка, дальше вычисления верные.",,,
W089,dev,ЕГЭ 2024 (4),,,нет в ответе,False,"Задача не доведена до ответа (брошена): составлена таблица, система {1,953125S = 3x; 104800+S = 3x} не решена; к тому же первое уравнение неверно (должно быть 1,953125S = 3,8125x). Проверяющий: совет «лучше не умножать сразу, а писать 1,25·1,25·x». Правильный ответ: S=195200, выплачено 300000.",,,
W089,dev,ЕГЭ 2024 (5),0,,нет в ответе,False,"Не учтено, что платежи вычитаются из долга: в таблице 2-й и 3-й год записаны 1,3S и 1,69S вместо 1,3S−x и 1,69S−2,3x, отсюда неверное уравнение 3x = 2,197S. Правильно: 2,197S = x(1,69+1,3+1) = 3,99x и 3x = S+78030 → S = 119700. Ответ 65200 неверный.; Проверяющий: «в общем, ты не учитывал то, что платежи (x) нужно вычитать», дописал 1,3S−x, 1,69S−1,3x, 1,69S−2,3x.",,,
W089,dev,ЕГЭ 2024 (6),1,,нет в ответе,False,По пометке +. Проверено: 3·165000 + 2·540000 = 1575000 верно.,,,
W089,dev,Равные платежи (ищем кредит) 1,0,0,incorrect,False,"Неверно учтена ставка: 11% годовых — это умножение на 1,11, а в решении везде 1,1 (1,1S, 1,21S). Правильно: S·1,11^2 = 3696300·(1,11+1) → S = 3696300·2,11/1,2321 = 6330000 руб. Ответ 6415066 неверный.; Проверяющий: «Всё верно, но 11% — это умножение на 1,11». У ученика подписано «17 (Равные платежи) Зад 1» — задача 1 раздела «Равные платежи (ищем кредит)» в PDF (Василий, 11%, 3696300).","[conceptual] В условии процентная ставка равна 11% годовых (коэффициент 1,11), а ученик использовал 10% (умножал на 1,1). | [computational] Ошибка при сложении выплат: 4 065 900 + 3 696 300 = 7 762 200, а не 7 762 230.",6 415 066,6300000
W089,dev,2024(1),,,лишняя: incorrect,False,,,360000,720000
W089,dev,2024(2),,,лишняя: incorrect,False,,,150000,129600
W089,dev,2024(3),,,лишняя: correct,False,,,300000,300000
W089,dev,2024(4),,,лишняя: not_solved,False,,,не получен,369600
W089,dev,2024(5),,,лишняя: incorrect,False,,,65200,100000
W089,dev,2024(6),,,лишняя: correct,False,,,1575000,1575000
W091,dev,1,1,1,correct,False,"по пометке +; 8 верно (k < 9,89/1,2321 ≈ 8,03). Мелочи: в строке «>100 + k/100» описка (исправлено дальше), написано «самое мин k» вместо «наибольшее»",,8,8
W091,dev,2,1,1,correct,False,"по пометке +; 12 верно (1,07k(k+200)>2610, k=11 не подходит, k=12 подходит)","[notational] Описка при вынесении множителя: написано 100 вместо 200, но в дальнейших расчётах подставлено верно: 1,07k(k + 200).",12,12
W091,dev,3,1,1,correct,False,"по пометке +; 14,641+2,31n ≥ 30 ⇒ n ≥ 6,65 ⇒ 7 верно; проверяющий в отзыве просил подробнее расписывать 3–5","[notational] Описка в правой части (написано 10 вместо 30), в следующей строке вычисление верное.",7,7
W091,dev,4,0,1,correct,False,"Знак «≤» вместо «<» в условии на S (на ответ не повлияло); в задаче формата экзамена строгость неравенства важна.; Режим exam / политика п. 10.3 (30.09). Было «верно»: по пометке +; 1,4641S+6,93<25 ⇒ S<12,34 ⇒ 12 верно; «≤» вместо «<» — мелочь записи","[notational] В условии строго меньше 25 млн рублей (< 25), но на ответ среди целых чисел это не повлияло (18,07 / 1,4641 ≈ 12,34, целое S = 12).",12,12
W091,dev,5,0,0,incorrect,False,"Неверно выбрано наименьшее целое: из 2,0736S > 84,64 следует S > 40,82, наименьшее целое S = 41 (условие за 2 года S > 38,9 тоже выполнено), а не 42.; проверяющий исправил 42 на 41","[computational] 56 / 1,44 = 38,88... Отсюда наименьшее целое S ≥ 39 (S > 38,88..., а не S > 39). | [computational] 84,64 / 2,0736 ≈ 40,8179. Отсюда S > 40,8179, наименьшее целое S = 41. Ученик без оснований дал ответ 42.",42,41
W092,dev,1,1,1,correct,False,"по пометке +; ответ 5/50=0,1 верно",,"0,1","0,1"
W092,dev,2,1,1,correct,False,"по пометке +; ответ 7/20=0,35 верно",,"0,35","0,35"
W092,dev,3,1,1,correct,False,"по пометке +; ответ 6/40=0,15 верно",,"0,15","0,15"
W092,dev,4,1,0,incorrect,False,"Режим training, политика п. 1.1 — замечание (найдено при офлайн-оценке политики 30.09). Было: Найдена вероятность того, что начнёт Надя, а нужно — что начнёт НЕ Надя: 4/5 = 0,8, а не 1/5 = 0,2. проверяющий: «НЕ Надя, значит 4/5»","[conceptual] Найдена вероятность того, что игру начнёт Надя. По условию требовалось найти вероятность того, что начинать будет НЕ Надя: 1 - 0,2 = 0,8.","0,2","0,8"
W092,dev,5,1,1,correct,False,"по пометке +; ответ 3/12=0,25 верно",,"0,25","0,25"
W092,dev,6,1,1,correct,False,"по пометке +; ответ 10/25=0,4 верно",,"0,4","0,4"
W092,dev,7,1,1,correct,False,"по пометке +; ответ 9/20=0,45 верно",,"0,45","0,45"
W092,dev,8,1,1,correct,False,"по пометке +; ответ 21/30=0,7 верно",,"0,7","0,7"
W092,dev,9,1,1,correct,False,"по пометке +; ответ 14/40=0,35 верно",,"0,35","0,35"
W092,dev,10,1,1,correct,False,"по пометке +; ответ 18/45=0,4 верно",,"0,4","0,4"
W092,dev,11,1,1,correct,False,"по пометке +; ответ 9/60=0,15 верно",,"0,15","0,15"
W092,dev,12,1,1,correct,False,"по пометке +; ответ 90/450=0,2 верно",,"0,2","0,2"
W092,dev,13,0,0,incorrect,False,"Неверно найдено число выступлений во второй день: после первого дня остаётся 50 − 16 = 34 выступления, они делятся поровну между 2-м и 3-м днями — по 17. P = 17/50 = 0,34 (у ученика 22/50 = 0,44).; проверяющий: исправление «50−16=34, 34/50=0,68» — у проверяющего тоже ошибка (не разделил 34 на два дня); верный ответ 0,34","[computational] Неверно найдено число выступлений во второй день: (50 - 16) / 2 = 17, а не 22. Вероятность равна 17/50 = 0,34.","0,44","0,34"
W092,dev,14,1,1,correct,False,"по пометке +; ответ 11/55=0,2 верно",,"0,2","0,2"
W092,dev,15,0,0,incorrect,False,"Арифметическая ошибка: 6/20 = 0,3, а не 0,35 (дробь 6/20 составлена верно).; проверяющий: зачеркнул 0,35, написал 0,3","[computational] Арифметическая ошибка при делении: 6/20 = 3/10 = 0,3, а не 0,35.","0,35","0,3"
W092,dev,16,1,1,correct,False,"по пометке +; ответ 1/8=0,125 верно",,"0,125","0,125"
W092,dev,17,1,1,correct,False,"по пометке +; ответ 1/4=0,25 верно",,"0,25","0,25"
W092,dev,18,1,1,correct,False,"проверяющий зачеркнул 0,5 и написал «0,5·0,5=0,25», но это неверно: «не меньше двух раз» из трёх матчей = (3+1)/8 = 0,5 — ответ ученика верен; вердикт проверяющего переопределён",,"0,5","0,5"
W092,dev,19,1,0,incorrect,False,"Политика 30.09, п. 8.3 — замечание, не ошибка (rules/policy.csv). Было: Неверное округление: 5/36 = 0,13888… ≈ 0,139, а не 0,138. проверяющий: исправил 8 на 9","[computational] Ошибка округления: 5/36 = 0,1388... При округлении до тысячных получается 0,139.","0,138","0,139"
W092,dev,20,1,1,correct,False,"по пометке +; ответ 2991/3000=0,997 верно",,"0,997","0,997"
W092,dev,21,1,1,correct,False,"по пометке +; ответ 47/50=0,94 верно",,"0,94","0,94"
W092,dev,22,0,0,incorrect,False,"Неверно составлена вероятность: 130 — это число качественных сумок, всего сумок 130 + 6 = 136. P = 130/136 ≈ 0,956 ≈ 0,96 (у ученика 124/130 ≈ 0,95).; проверяющий: исправил 0,95 на 0,96 (указал только ответ); ошибка ученика — в модели (124/130), а не только в округлении","[conceptual] Неверно составлено отношение. В условии сказано, что НА 130 качественных сумок приходится 6 с дефектами, то есть всего сумок 130 + 6 = 136. Вероятность равна 130/136 ≈ 0,9558... ≈ 0,96.","0,95","0,96"
W093,dev,1,0,1,correct,False,"Не обосновано, что найденная критическая точка — точка максимума (спорно: в задаче формата экзамена это нужно показать).; Режим exam / политика п. 5.7 (30.09). Было «верно»: по пометке +; t₁=60, t₂=80, 3·60+4·80=500 верно (что критическая точка — максимум, не обосновано — мелочь)",,500,500
W093,dev,2,1,1,correct,False,"по пометке +; ответ 29 верный. Описка: из 5−p ≥ 24 записано p ≤ 19 вместо p ≤ −19, но дальше этот случай верно отброшен (∅), на решение не повлияло","[presentation] Не пояснено, почему для существования решения неравенства 2x^2 + (5 - p)x + 72 <= 0 дискриминант квадратного трехчлена с положительным старшим коэффициентом должен быть неотрицательным, а также не проверено условие x > 0 (при p = 29 вершина параболы x_в = 6 > 0).",29,29
W093,dev,3,1,1,correct,False,по пометке +; 12500 верно; ошибки знаков в промежуточных строках исправлены самим учеником,"[notational] Описка при записи целевой функции: умножение на 2 и последующая запись выражения с «-2Qt», однако вершина параболы найдена для функции 12500t - 0.5t^2 (или 25000t - t^2) верно.",12500,12500
W093,dev,4,1,0,incorrect,False,"по пометке +; t=20/3, сравнение f(6)=3608 и f(7)=3569, ответ 3 569 000 руб. верно","[computational] Неверно раскрыт куб разности: (20 - t_1)^3 = 8000 - 1200 t_1 + 60 t_1^2 - t_1^3, но при дифференцировании получено F'(t) = 9 t^2 + 120 t - 1200 вместо 9 t^2 - 120 t + 1200 (перепутаны знаки коэффициентов). | [conceptual] Количество приборов t_1 и t_2, производимых за неделю, не обязано быть целым числом часов или приборов (в условии нет требования целочисленности t_1 и t_2). Минимум достигается при t_1 = 4 при производной 12t_1^2 - 3(20-t_1)^2 = 0 (t_1 = 20/3 найдено с ошибкой знака; верная точка минимума: 8t_1 = 2(20 - t_1) => t_1 = 4).",3569000 (или 3569 тыс руб),16000/9 тыс. рублей (или 1777 7/9 тыс. рублей)
W093,dev,5,0,0,incorrect,False,"Неверно найдена производная: (1+r)^(25−t) — показательная функция от t, её производная −(1+r)^(25−t)·ln(1+r), а не (25−t)(1+r)^(24−t). Правильно: сравнить S(t)=t²(1+r)^(25−t) в соседних точках: S(21)>S(20) ⇔ 1+r<441/400, S(21)>S(22) ⇔ 1+r>484/441, ответ 43/441 < r < 41/400.; проверяющий обвёл и дописал правильный ответ 43/441<r<41/400; в отзыве: «в последней задаче не совсем поняла что происходит» | Арифметическая ошибка в дискриминанте: для t²+25t+2(1+r)=0 D=625−8(1+r), а не 25−8(1+r).; пометки нет у этой строки, выявлено при проверке вручную | Не использовано условие задачи о том, что продавать нужно строго в конце 21-го года; полученное условие r ≤ 2,125 не связано с t=21, ответ неверный (верно 43/441 < r < 41/400).; проверяющий дописал правильный ответ","[conceptual] Неверно взята производная показательной функции по t: производная (1+r)^{25-t} равна -(1+r)^{25-t} * ln(1+r), а не (25-t)(1+r)^{24-t}. | [conceptual] Дискретная оптимизация сведена к непрерывной с грубыми ошибками. Требовалось сравнить S(21) с S(20) и S(22): S(21) > S(20) и S(21) > S(22).","r \leq 2,125",1/11 < r < 43/441 (или 21/231 < r < 43/441)
W094,dev,39.3,0,0,incorrect,False,"Функция y = 85x − 83sin x + 55 возрастает на [−π/2; 0] (y′ = 85 − 83cos x > 0), поэтому наибольшее значение в точке x = 0: y(0) = 55. Ответ 15 неверен.; проверяющий: зачеркнул 15, написал 55","[computational] Функция возрастает на данном отрезке, так как y' = 85 - 83\cos x > 0. Наибольшее значение достигается при x = 0: y(0) = 85(0) - 83\sin 0 + 55 = 55. Ученик получил 15.",15,55
W094,dev,39.4,1,1,correct,False,по пометке +; ответ 29 верно,,29,29
W094,dev,40.2,1,1,correct,False,по пометке +; ответ 9 верно,,9,9
W094,dev,40.4,1,1,correct,False,по пометке +; ответ 30 верно,,30,30
W094,dev,41.2,1,1,correct,False,"по пометке +; верный ответ 34 (y возрастает, min = y(0) = 13+21); цифра ученика читается как 34 (вторая цифра неразборчива, похожа на 8)",,34,34
W094,dev,41.4,1,1,correct,False,по пометке +; ответ 15 верно,,15,15
W094,dev,42.1,1,1,correct,False,по пометке +; ответ 32 верно,,32,32
W094,dev,42.4,0,1,correct,False,"Функция y = 4cos x − 24x/π − 7 убывает на [−2π/3; 0] (y′ = −4sin x − 24/π < 0), наибольшее значение в x = −2π/3: 4·(−1/2) + 16 − 7 = 7. Ответ −3 неверен.; проверяющий: зачеркнул −3, написал 7",,-3,-3
W094,dev,43.1,1,1,correct,False,по пометке +; ответ −35 верно,,-35,-35
W094,dev,43.4,1,1,correct,False,по пометке + (стоит под ответом −5 у заголовка задания 44); ответ −5 верно,,-5,-5
W095,dev,1,1,1,correct,False,"По пометке +. Ответ 137,25.",,"137,25","137,25"
W095,dev,2,1,0,incorrect,False,По пометке +. Ответ 11.,"[conceptual] Неверно определены координаты вектора \vec{a}. Начало вектора в (1, 1), конец в (4, 5), следовательно, \vec{a} = (3, 4), а не (3, -1). | [computational] Вектор суммы равен (11, 0), его длина равна \sqrt{11^2 + 0^2} = 11, а не \sqrt{11}.",\sqrt{11},11
W095,dev,3,1,1,correct,False,По пометке +. Ответ 2275.,"[presentation] Описка в черновой строке (2600 вместо 2800), не повлиявшая на итоговый верный результат.",2275,2275
W095,dev,4,1,0,incorrect,False,"Политика 30.09, п. 1.8 — замечание, не ошибка (rules/policy.csv). Было: Ученик считал в сотых: 81 − 56 = 25, в ответ выписал 25 вместо 0,25; проверяющий дописал зелёным «0,25», + не поставил. Нужная величина найдена верно, не сделан тривиальный перевод в десятичную дробь — по правилам не ошибка.","[conceptual] Вероятность задана в сотых долях (0,81 и 0,56). Разность равна 0,81 - 0,56 = 0,25. Ответ записан как целое число 25, значение вероятности не может превышать 1.",25,"0,25"
W095,dev,5,1,1,correct,False,"По пометке +. Ответ 0,33.",,"0,33","0,33"
W095,dev,6,0,0,incorrect,False,"Не учтено условие x ≥ 0 (правая часть уравнения √(6+5x) = x неотрицательна): корень −1 посторонний. В ответ выписано −1, правильный ответ 6.; Проверяющий обвёл зелёным корень 6, + не поставил; feedback: «поаккуратнее с корнями в 6».","[presentation] Описка в записи коэффициента под квадратом в дискриминанте (должно быть (-5)^2 - 4*1*(-6)), при этом значение дискриминанта посчитано верно. | [conceptual] Не учтено условие неотрицательности правой части: x >= 0. Корень x = -1 является посторонним, так как \sqrt{6 + 5(-1)} = 1 \ne -1.",-1,6
W095,dev,7,1,1,correct,False,"Ответ −4 верный. Пометка проверяющего похожа на ⊥ (горизонталь внизу), но по смыслу это +: ответ верный.",,-4,-4
W095,dev,8,1,1,correct,False,По пометке +. Ответ 1.,,1,1
W095,dev,9,1,1,correct,False,"Ответ 320 верный. Рядом знак, похожий на ⊥, и ещё один + правее.",,320,320
W095,dev,10,0,0,incorrect,True,"Неверный ответ 250. Если v — скорость автомобиля, d = AC: d/v = 1 + d/80 и 420/v = 1 + 2d/80, откуда d² − 170d − 16800 = 0, d = 240. Правильный ответ 240.; Решения нет, только ответ 250 (первый вариант зачёркнут). Возможно, проверяющий поставил + (зелёный + справа между строками 9 и 10, неясно, к какой строке относится).","[computational] Неверно найдено расстояние AC. Из условий движения получается квадратное уравнение S^2 - 170S - 16800 = 0, положительным корнем которого является S = 240.",250,240
W095,dev,11,1,1,correct,False,"Ответ 16 верный. Пометка проверяющего похожа на ⊥, но ответ верный — по сути +.",,16,16
W095,dev,12,,0,incorrect,False,"Ответ неразборчив (14 или 18), проверяющий поставил +; автор не смогла прочитать — задача исключена из оценки (is_correct пустой). Проверяющий поставил +. Решения нет, записан только ответ, он читается как «18» (вторая цифра не похожа на 4 ученика).","[conceptual] Производная функции y' = 20(tg^2 x) >= 0, поэтому функция возрастает на отрезке [-pi/4; pi/4]. Наибольшее значение достигается на правом конце x = pi/4: y(pi/4) = 20*1 - 20*(pi/4) + 5pi - 6 = 20 - 6 = 14.","1,5",14
W096,dev,1,1,1,correct,False,"По пометке +. 183:4·3 = 137,25.",,"137,25","137,25"
W096,dev,2,1,1,correct,False,"По пометке +. a(3;4), 4b(8;−4), |a+4b| = 11.",,11,11
W096,dev,3,1,1,correct,False,По пометке +. 175·13 = 2275.,,2275,2275
W096,dev,4,1,1,correct,False,"По пометке +. 0,81 − 0,56 = 0,25.",,"0,25","0,25"
W096,dev,5,1,1,correct,False,"По пометке +. 0,12 + 0,12 + 0,09 = 0,33.",,"0,33","0,33"
W096,dev,6,0,0,incorrect,False,"Неверно найдена область допустимых значений: записано x ≥ −1, а нужно x ≥ 0 (правая часть √(6+5x) = x неотрицательна). Корень −1 посторонний, в ответ выбран −1; правильный ответ 6.; Проверяющий обвёл зелёным корень 6 (правильный ответ), + не поставил; feedback: «поаккуратнее с корнями в 6». Ученик обвёл −1.","[conceptual] При возведении в квадрат уравнения вида √(f(x)) = x условием равносильности является x ≥ 0 (правая часть неотрицательна), а не x ≥ -1 (или подкоренное выражение 6 + 5x ≥ 0). В результате посторонний корень x = -1 не был отсеян. | [conceptual] Корень x = -1 является посторонним (√1 ≠ -1). Единственный корень уравнения — 6. Ученик не выбрал ответ и не отбросил посторонний корень.",нет итогового выбора (найдены 6 и -1),6
W096,dev,7,1,1,correct,False,По пометке +. Ответ −4.,"[notational] Описка в первой записи (пропущен аргумент 5 у первого логарифма: написано 4log_{1,25} log_5 0,8 вместо 4log_{1,25} 5 · log_5 0,8), далее вычислено верно.",-4,-4
W096,dev,8,1,1,correct,False,По пометке +. Ответ 1.,,1,1
W096,dev,9,1,1,correct,False,По пометке +. Ответ 320.,,320,320
W096,dev,11,1,1,correct,False,"По пометке +. a = 1/2, f(−4) = 16.",,16,16
W096,dev,12,1,1,correct,False,По пометке +. Ответ 14; описка: записано y = 20tg²x вместо y′ = 20tg²x — не ошибка.,[notational] Описка при записи производной: написано y вместо y'.,14,14
W096,dev,13а,1,1,correct,False,"По пометке +. x = 2√2, x = 2.",,2√2; 2,2; 2√2
W096,dev,13б,1,1,correct,False,По пометке +. Ответ 2. Задание 14 не размечалось (по указанию).,,2,2
W096,dev,16,1,0,incorrect,False,"По пометке +. Срок 14 лет, платежи 9; 8,5; …; 2,5, сумма 80,5 млн руб. — верно.","[conceptual] Неверно понята схема дифференцированных платежей: уменьшение долга каждый июль происходит относительно долга на июль предыдущего года, а не после начисления процентов в январе. Если долг уменьшается на d каждый год, то первый платёж состоит из выплаты части основного долга d и начисленных процентов 0,25 · 28 = 7 млн, то есть d + 7 = 9 млн, откуда d = 2 млн, срок кредита n = 28 / 2 = 14 лет, а общая сумма выплат равна 28 + 0,25 · (28 · 15 / 2) = 28 + 17,5 = 45,5 млн рублей. Ученик посчитал остаток после первого года как 35 − 9 = 26 млн (вместо 28 − 2 = 26 млн) и ошибочно сложил произвольную последовательность с шагом 0,5 от 9 до 2,5.","80,5 млн руб.","45,5 млн рублей"
W097,dev,1.1,1,1,correct,False,"По пометке +. Проверено: S=11 (0,475S>5). В таблице последняя выплата записана без S (0,5 / 0,625) — мелочь записи.","[presentation] Среди выплат 0,55S, 0,475S и 0,5S наименьшей является 0,475S, поэтому условие «каждая больше 5» верно сведено к 0,475S > 5, однако не пояснено, почему выбрана именно эта выплата.",11,11
W097,dev,1.2,1,0,incorrect,False,"По пометке +. Проверено: S=6 (0,575S<4).","[computational] В условии долг составляет 0,8S и 0,5S, а ученик записал 0,85S и 0,55S, из-за чего формулы для выплат также были рассчитаны с ошибкой (хотя итоговый ответ для целого S случайно совпал: верно 0,575S < 4 => S <= 6).",6,6
W097,dev,1.3,1,1,correct,False,"По пометке +. Проверено: S=16 (0,325S≥5). Первая попытка (0,7S<4, ответ 15) зачёркнута учеником.",,16,16
W097,dev,1.4,1,1,correct,False,"По пометке +. Проверено: S=7 (0,7S<5). Первая попытка (0,325S<5, ответ 15) зачёркнута учеником.",,7,7
W097,dev,1.5,1,1,correct,False,"По пометке +. Проверено: S=5 (0,55S<3).",,5,5
W097,dev,1.6,1,1,correct,False,"По пометке +. Проверено: S=6 (0,625S<4). В таблице последняя выплата записана без S (0,5 / 0,625) — мелочь записи.",,6,6
W097,dev,1.7,1,1,correct,False,"По пометке +. Проверено: S=7 (1,46S>10).",,7,7
W097,dev,1.8,1,1,correct,False,"По пометке +. Проверено: S=36 (1,36S<50). В таблице «Июль 2025» вместо «Июль 2020» — описка.",[notational] Описка в годе: записан 2025 вместо 2020.,36,36
W098,dev,44.1,0,0,incorrect,False,"Неверно составлена модель: на втором заводе за t² часов производят 2t единиц, поэтому y единиц там стоят 500·(y/2)² = 125y² руб., а не 500y². Верное условие 500x²+125y² = 30 250 000; максимум x+y = 550 (x=110, y=440).; пометок к модели нет, проверено вручную; первый лист, 30 250 000 руб. → №44.1 | Ошибки знаков при подстановке y=a−x: должно быть 5x²+5(a−x)² (а не «−5(…)»), −5(a²−2ax+x²) = −5a²+10ax−5x² (а не +5x²), дальше −5a² превратилось в +5a².; проверяющий: кружок на «+5x²», «эх и из-за этого полетело всё»; на дискриминант знаковые ошибки случайно не повлияли | Из 121000 ≥ a² получено «a² ≤ √12100» и a = 110: потерян ноль и перепутаны a² и a; в рамках своей модели должно быть a ≤ √121000 ≈ 347,8.; пометок нет, проверено вручную; ответ 110 неверный (верно 550)","[conceptual] Не учтена разная производительность заводов: если на первом заводе трудятся $x^2$ часов, то производят $x$ товаров, а если на втором трудятся $y^2$ часов, то производят $2y$ товаров. Общее количество товаров равно $x + 2y$, а не $x + y$. | [computational] Вместо знака «плюс» между $5x^2$ и $5y^2$ ошибочно записан минус, а также допущена ошибка в раскрытии квадрата $(a - x)^2$.",110,550
W098,dev,44.3,,0,incorrect,False,"Решение оборвано до ответа (a² ≤ √6800) — по правилам брошенная задача, is_correct пустой. Найденные ошибки: Неверно составлена модель: на заводах за t² часов производят 3t и 5t единиц, поэтому x единиц на I заводе стоят 500·(x/3)² руб., y единиц на II — 500·(y/5)² = 20y² руб.; ученик взял 500x²+500y². Верный ответ 680 (60 и 100 «часов-корней», 3·60+5·100). | Те же ошибки знаков при подстановке y=a−x и раскрытии −5(a²−2ax+x²): получено +5x² и +5a² вместо −5x² и −5a². | Ошибка в дискриминанте: 4·10·68000 = 2 720 000 (в первой записи 272 000), 4·10·5a² = 200a², а не 400a²; D = 2 720 000 − 100a². Решение не доведено до ответа (остановилось на «a² ≤ √6800»).","[conceptual] Не учтена разная производительность заводов: рабочие производят $3x$ товаров на первом заводе и $5y$ товаров на втором заводе (при $x^2$ и $y^2$ часах работы). Суммарная продукция равна $3x + 5y$, а не $x + y$. | [computational] В уравнении $5x^2 + 5y^2 = 68000$ при подстановке $y = a - x$ поставлен знак минус перед вторым слагаемым вместо плюса. | [presentation] Решение не доведено до конца, ответ не найден.",не получен (брошено на 6800),408
W099,dev,1,1,,нет в ответе,False,"Лист 1 (без номера банка, log7(49x²)…). По пометке +. Ответ (0;1/49)∪{7}∪(49;+∞) верный.",,,
W099,dev,85,1,,нет в ответе,False,Задача 85 банка. По пометке +. Ответ (log3 2; 1) ∪ {0} верный.,,,
W099,dev,94,1,,нет в ответе,False,Задача 94 банка. По пометке +. Ответ (2; 3] верный; мелкие неаккуратности записи под логарифмом не влияют.,,,
W099,dev,97,1,,нет в ответе,False,"Задача 97 банка. По пометке +. Ответ (−∞; −27] ∪ (−80/11; 0] верный; в промежуточных строках описка 11x²−10 вместо 11x²+10 и пропущены скобки у −(x³+x²+x), но итоговый числитель −3x(x+27) получен верно — не ошибка.",,,
W099,dev,105,1,,нет в ответе,False,"Задача 105 банка. По пометке +. Метод рационализации применён верно, ответ (5/3; 7/4] ∪ (2; +∞) верный.",,,
W099,dev,112,1,,нет в ответе,False,Задача 112 банка (система). По пометке +. Ответ ((−3−√29)/2; −4] ∪ {0} ∪ {1} верный.,,,
W099,dev,13а,1,1,correct,False,"Вариант от 09.05. Пометок нет, проверено вручную: t = 1/2, 1/3 → x = 2√2, x = 2 — верно.",,x = 2; x = 2\sqrt{2},x = 2; x = 2\sqrt{2}
W099,dev,13б,1,1,correct,False,"Вариант от 09.05. Пометок нет, проверено вручную: на [2; 2,5] только x = 2 — верно.",,2,2
W099,dev,15,1,0,incorrect,False,"Вариант от 09.05. Пометок нет, проверено вручную: ОДЗ x ≠ 0, x ≠ 1,5; знаменатель > 0; числитель ~ log3|x|·(log3 5 − 1); ответ (−∞; −1] ∪ [1; 1,5) ∪ (1,5; +∞) верный. Задание 14 не размечалось (по указанию).","[conceptual] Неверно переписано условие задачи: вместо $\log_3 x^2 - \log_5 x^2$ записано $\log_3^2 x - \log_9 x^2$, а в знаменателе основание логарифма изменено с $15$ на $1/5$. | [conceptual] Применены несуществующие свойства логарифмов и модулей. | [notational] Квадратная скобка у $-\infty$.","x \in [-\infty; -1] \cup [1; 1,5) \cup (1,5; +\infty)","(-\infty; -1] \cup [1; 1,5) \cup (1,5; +\infty)"
W099,dev,Ф1,,,лишняя: incorrect,False,,,x \in (0; 1/49) \cup (49; +\infty) \cup \{7\},(0; 1/49) \cup [7; 49)
W099,dev,Ф2,,,лишняя: correct,False,,,x \in (\log_3 2; 1) \cup \{0\},x \in (\log_3 2; 1) \cup \{0\}
W099,dev,Ф3,,,лишняя: correct,False,,,x \in (2; 3],(2; 3]
W099,dev,Ф4,,,лишняя: incorrect,False,,,x \in (-\infty; -27] \cup [-\frac{80}{11}; 0],[-27; -8) \cup [0; +\infty)
W099,dev,Ф5,,,лишняя: incorrect,False,,,x \in (5/3; 7/4] \cup [2; +\infty),(5/3; 7/4] \cup (2; +\infty)
W099,dev,Ф6,,,лишняя: incorrect,False,,,x \in (\frac{-3-\sqrt{29}}{2}; -4] \cup [0; 1] \text{ (или } [0; 1] \cup \{1\} \cup \{0\}\text{)},(\frac{-3-\sqrt{29}}{2}; -4] \cup \{0\} \cup \{1\}
W104,dev,1.1,1,0,incorrect,False,"По пометке +. Проверено: наименьшая выплата 0,475S>5 → S=11 верно. В таблице пропущен столбец 0,4S и первая выплата 0,55S (мелочь записи).","[conceptual] Кредит взят на три года с долгами S, 0,7S, 0,4S, 0. Ученик пропустил этап 0,4S (рассмотрел два года вместо трёх), а выплаты посчитаны с грубыми ошибками (на первом шаге выплата должна быть 1,25S - 0,7S = 0,55S, а не 0,8755S). | [conceptual] Пропущена переменная S, условие задачи требует, чтобы каждая выплата была больше 5, то есть наименьшая выплата (0,475S) должна быть строго больше 5.",11,11
W104,dev,1.2,1,0,not_solved,False,"По пометке +. Проверено: 0,575S<4 → S=6 верно. Номер у ученика записан неразборчиво («1.1)»/«1.2»), по условию (15%, 0,8S, 0,5S, <4) — задача 1.2.",,,8
W104,dev,1.3,0,0,incorrect,False,"Неверно выбрано целое S: из 0,325S ≥ 5 следует S ≥ 15,38…, наименьшее целое S = 16, а не 15 (при S=15 последняя выплата 0,325·15 = 4,875 < 5).; Проверяющий: ответ 15 зачёркнут, «почему так?» (волнистая линия под выплатами). Таблица выплат 0,7S; 0,53S; 0,325S верна.","[computational] Выплаты при ставке 30% равны: 1,3S - 0,6S = 0,7S; 1,3*0,6S - 0,25S = 0,53S; 1,3*0,25S = 0,325S. Ученик неверно нашёл выплаты (0,7S; 0,5S; 0,52S). | [conceptual] По условию каждая выплата должна быть не меньше 5 (то есть наименьшая выплата >= 5). Наименьшая выплата равна 0,325S. Ученик взял 0,525 (без S) > 5. | [conceptual] S должно быть целым числом, ответ неверен (верный ответ: 16).",1.5,16
W104,dev,1.4,1,0,incorrect,False,"Проверяющий поставил ⊥, но решение верное: выплаты 0,7S; 0,53S; 0,325S, наибольшая 0,7S<5 → S<7,14 → S=7 (у W097 тот же ответ засчитан). Вероятно, ⊥ за краткость записи (см. feedback «больше расписывать переходы») — по правилам не ошибка. Лишний знак «−» перед 0,53S — мелочь.","[computational] Третья выплата равна 1,3 * 0,25S = 0,325S, у ученика записано 0,525S; во второй выплате стоит знак «-». | [presentation] Выбор наибольшей выплаты верен (0,7S < 5 => S < 7,14), но не приведено обоснование сравнения выплат между собой.",7,7
W104,dev,1.5,0,0,incorrect,False,"Арифметическая ошибка в таблице выплат: третья выплата 1,25·0,4S = 0,5S, а не 0,6S. На ответ не повлияла (наибольшая выплата — первая, 0,55S).; По пометке +. Проверено: 0,55S<3 → S=5 верно. | 30.09: → 0 по политике 8.2 (арифметическая ошибка без влияния — ошибка), решение Ксении","[computational] Третья выплата при ставке 25% составляет 1,25 * 0,4S = 0,5S, а у ученика записано 0,6S. | [conceptual] Ученик выбрал в качестве максимальной выплату 0,55S, проигнорировав, что сам же записал третью выплату как 0,6S (при которой S было бы < 5). При верных выплатах (0,55S; 0,475S; 0,5S) наибольшая действительно 0,55S, откуда S < 3/0,55 ≈ 5,45, S = 5.",5,5
W104,dev,1.6,1,0,incorrect,False,"Проверяющий поставил ⊥, но решение верное: выплаты 0,45S; 0,5S; 0,625S, наибольшая 0,625S<4 → S<6,4 → S=6. Строка «Ответ» не выписана, есть S=6. Вероятно, ⊥ за краткость записи — по правилам не ошибка. Первая выплата записана неразборчиво (0,45S?).","[computational] В таблице долг на второй год указан 0,55S вместо 0,5S. Из-за этого неверно посчитана вторая выплата (должно быть: 1,25*0,8S - 0,5S = 0,5S; третья: 1,25*0,5S = 0,625S; первая: 1,25S - 0,8S = 0,45S, а у ученика 0,55S).",6,6
W104,dev,1.8,1,0,incorrect,False,"По пометке +. Проверено: 0,35S+0,42S+0,475S+0,115S=1,36S<50 → S=36 верно.","[computational] В условии долг в июле 2018 равен 0,5S, а ученик записал 0,6S. Выплаты должны быть: 1) 1,15S - 0,8S = 0,35S; 2) 1,15*0,8S - 0,5S = 0,42S; 3) 1,15*0,5S - 0,1S = 0,475S; 4) 1,15*0,1S = 0,115S. Сумма: 0,35S + 0,42S + 0,475S + 0,115S = 1,36S. Ученик получил ту же сумму 1,36S из-за взаимной компенсации ошибок в выписанных значениях слагаемых: 0,35 + 0,32 + 0,575 + 0,115 = 1,36.",36,36
W105,dev,1а,0,0,incorrect,False,"x² < 9 переписано как x² − 9 ≤ 0: строгое неравенство стало нестрогим, в ответ попали концы промежутка.; feedback: «почему так резко поменялся знак?»; пометок на этой строке нет | x² − 9 = (x−3)(x+3), а не (x−9)(x+9). Верный ответ: x ∈ (−3; 3).; проверяющий исправил 9 на 3","[conceptual] Знак неравенства списан неверно: в условии строгое неравенство $x^2 < 9$. | [computational] Неверно разложена разность квадратов: $x^2 - 9 = (x - 3)(x + 3)$, а не $(x - 9)(x + 9)$.",x \in [-9; 9],(-3; 3)
W105,dev,1б,0,0,incorrect,True,"Условие x² < 0 переписано как x² > 0 и решено другое неравенство. Квадрат не бывает отрицательным, поэтому x² < 0 решений не имеет (ответ: ∅).; Проверяющий поставил + (и «?» у строки x² ≥ 0); ответ (−∞;0)∪(0;+∞) верен только для x² > 0","[conceptual] В условии неравенство $x^2 < 0$, а переписано $x^2 > 0$. Квадрат любого действительного числа неотрицателен, поэтому неравенство $x^2 < 0$ не имеет решений.",x \in (-\infty; 0) \cup (0; \infty),нет решений (\varnothing)
W105,dev,1в,0,0,incorrect,False,"x² ≤ 0 выполняется только при x² = 0, то есть x = 0. Переход к x² ≥ 0, x ≠ 0 неверен (знак перевёрнут).; проверяющий: «?» и дописано «x=0»; feedback: «почему так резко поменялся знак?»","[conceptual] Неравенство $x^2 \leqslant 0$ выполняется только при $x = 0$, так как квадрат числа не может быть строго меньше нуля.",x \in (-\infty; 0) \cup (0; \infty),x = 0 (или {0})
W105,dev,2а,1,1,correct,False,по пометке +,,x \in (-\infty; -2) \cup (4; \infty),(-\infty; -2) \cup (4; \infty)
W105,dev,2б,1,1,correct,False,по пометке +,"[notational] В условии было строгое неравенство $< 0$, записано $\le 0$. Однако вывод «Нет решений» сделан верно.",Нет решений,нет решений (\varnothing)
W105,dev,2в,1,1,correct,False,по пометке +,,x \in (-\infty; \infty),x \in (-\infty; +\infty) (или \mathbb{R})
W105,dev,2г,0,0,incorrect,False,"Квадрат дроби ≤ 0 только когда он равен 0: (x−2)/(x−3) = 0 ⇒ x = 2. Ответ x = 2, а не «нет решений».; проверяющий зачеркнул ответ, дописал x=2","[conceptual] Неравенство $\left(\frac{x-2}{x-3}\right)^2 \leqslant 0$ выполняется при равенстве нулю числителя: при $x = 2$ дробь равна 0, что удовлетворяет нестрогому неравенству.",Нет решений,x = 2 (или {2})
W105,dev,2д,0,0,incorrect,False,"(x−2)² > 0 выполняется при всех x ≠ 2; при переходе через x = 2 знак не меняется, поэтому интервал (−∞; 2) потерян.; проверяющий зачеркнул ответ (2;+∞), исправил на (−∞;2)∪(2;3)∪(3;+∞) | Не учтено ОДЗ x ≠ 3 (оно выписано, но в ответ попало): верный ответ (−∞;2)∪(2;3)∪(3;+∞).; feedback: «в пункте д) нужно было учесть что х≠3»","[conceptual] Квадрат дроби положителен везде, где дробь определена и не равна нулю. Следовательно, подходят все $x$, кроме $x = 2$ и $x = 3$.",x \in (2; \infty),(-\infty; 2) \cup (2; 3) \cup (3; +\infty)
W105,dev,3а,1,1,correct,False,по пометке +,,x \in (-\infty; 0) \cup (\frac{1}{3}; \infty),(-\infty; 0) \cup (\frac{1}{3}; +\infty)
W105,dev,3б,1,1,correct,False,"по пометке +; описка: после умножения на −1 записано x²−4x+3 ≥ 0 вместо ≤ 0, но знаки на прямой и ответ [1;3] верные","[notational] Описка в первой строке (написано 5x вместо 4x), но далее сразу записано верное эквивалентное неравенство $x^2 - 4x + 3 \le 0$.",x \in [1; 3],[1; 3]
W105,dev,3в,1,1,correct,False,по пометке +,,x \in (-\infty; \frac{1}{2}) \cup (\frac{1}{2}; \infty),"(-\infty; 0,5) \cup (0,5; +\infty)"
W106,dev,4.1,1,1,correct,False,"Пометок нет, проверено вручную: 1,2 + 0,03·(2,4+1,3)·12/2 = 1,2+0,666 = 1,866 млн = 1866000 руб. — верно.",,1866000,"1,866 млн рублей (или 1 866 000 рублей)"
W106,dev,4.2,0,0,incorrect,False,"Неверно определён долг в 12-м месяце: на начало 12-го месяца долг 1,8−11·0,075 = 0,975 млн, а не 0,9 (0,9 — долг уже после 12-й выплаты). Проценты убывают от 0,036 до 0,975·0,02 = 0,0195, их сумма (0,036+0,0195)·12/2 = 0,333; всего 0,9+0,333 = 1,233 млн = 1233000 руб. Ответ 1008000 неверный.; Проверяющий: «почему такое?? у нас с 0,036 до 0,9·0,02». | Арифметические ошибки: 0,9·0,02 записано как 0,012 (на самом деле 0,018), а итог 0,075·12 + (0,036+0,012)/2·12 = 0,9+0,288 = 1,188 посчитан как 1,008.; Проверяющий указал на 0,036…0,9·0,02 (стрелка к 0,012). Вторая строка — отдельная вычислительная ошибка.","[computational] Долг уменьшается каждый месяц на 0,075 млн. В 12-й месяц остаток долга равен 1,8 − 11 · 0,075 = 0,975 млн руб., а проценты составляют 0,975 · 0,02 = 0,0195 млн руб. Ученик взял 0,012 (что соответствует 0,6 млн). Из-за этого сумма процентов за 12 месяцев посчитана неверно.",1008000,"1,224 млн рублей (или 1 224 000 рублей)"
W106,dev,6.1,1,1,correct,False,"По пометке +. Проверено: 0,5+4,5r ≤ 1,4 и 0,5+0,5r ≥ 0,6 → r=0,2 = 20% верно.","[presentation] В системе неравенств получается 0,2 <= r <= 0,2, откуда r = 0,2 единственно, подбор не требуется.",20%,20
W106,dev,6.2,0,0,incorrect,False,"Неверно решена система: из 4r ≤ 0,9 получаем r ≤ 0,225, из 0,4r ≥ 0,09 — r ≥ 0,225, значит r = 22,5%. «Подстановкой» получено r = 20%, но 0,4·0,2 = 0,08 < 0,09 — второе неравенство не выполняется.; Проверяющий: «но 0,2·0,4 = 0,08, а это не ≥ 0,09». Система составлена верно.","[computational] Из системы неравенств 4r <= 0,9 и 0,4r >= 0,09 следует r <= 0,225 и r >= 0,225, то есть r = 0,225 (22,5%). Значение r = 0,2 (20%) не удовлетворяет второму неравенству: 0,4 · 0,2 = 0,08 < 0,09.",20%,"[22,5; 22,5] — условие задачи содержит несовместную систему или опечатку, так как 0,09 / 0,4 = 0,225, а 0,9 / 4 = 0,225, следовательно r = 22,5%"
W108,dev,1,1,1,correct,False,"по пометке +; ответ 0,2+0,35=0,55 верно",,"0,55","0,55"
W108,dev,2,1,1,correct,False,"по пометке +; ответ 0,25+0,35=0,6 верно",,"0,6","0,6"
W108,dev,5,1,1,correct,False,"по пометке +; ответ 1−0,87=0,13 верно",,"0,13","0,13"
W108,dev,6,1,1,correct,False,"по пометке +; ответ 1−0,94=0,06 верно",,"0,06","0,06"
W108,dev,9,1,1,correct,False,"по пометке +; ответ 0,75−0,63=0,12 верно",,"0,12","0,12"
W108,dev,10,1,1,correct,False,"по пометке +; ответ 0,83−0,77=0,06 верно",,"0,06","0,06"
W108,dev,15,1,1,correct,False,"по пометке +; ответ 0,87−0,61=0,26 верно",,"0,26","0,26"
W108,dev,17,1,1,correct,False,"по пометке +; ответ 0,96+0,82−1=0,78 верно",,"0,78","0,78"
W108,dev,18,1,1,correct,False,"по пометке +; ответ 0,98+0,83−1=0,81 верно",,"0,81","0,81"
W108,dev,19,1,1,correct,False,"по пометке +; ответ 0,98+0,86−1=0,84 верно",,"0,84","0,84"
W108,dev,20,1,1,correct,False,"по пометке +; ответ 0,95+0,81−1=0,76 верно",,"0,76","0,76"
W108,dev,22,1,1,correct,False,"по пометке +; ответ 1−(0,1+0,1−0,05)=0,85 верно",,"0,85","0,85"
W108,dev,24,1,1,correct,False,"по пометке +; ответ 1−(0,2+0,2−0,06)=0,66 верно",,"0,66","0,66"
W109,dev,1,1,1,correct,False,по пометке +; ответ S = 6 верный,,6 млн руб.,6
W109,dev,2,0,0,incorrect,False,"Неверно найдены выплаты: после начисления процентов долг равен 1+r/100 и т. д., а выплата должна быть такой, чтобы остался долг по таблице: (1+r/100)·1 − 0,9, (1+r/100)·0,9 − 0,8, … Сумма выплат = 1 + (r/100)·4,5 > 1,25 ⇒ r > 5,55…, наименьшее целое r = 6 (не 25%). Также в условии строгое неравенство «более», а записано ≥.; feedback: «во втором задании у тебя выплаты будут другие…»","[conceptual] Неверно составлены выражения для начисленных процентов и выплат: при увеличении долга на r% долг с процентами равен 1 + 0,01r (или 1 * (1 + r/100)), а не 1r, а выплата состоит из части основного долга и начисленных процентов. | [conceptual] Общая сумма выплат не равна 1r, и по условию сумма выплат строго больше 1,25 млн рублей (более 1,25). Общая сумма выплат равна 1 + 0,01r * (1 + 0,9 + 0,8 + 0,7 + 0,6 + 0,5) = 1 + 0,045r > 1,25, откуда r > 25/4,5 ≈ 5,56, то есть наименьшее целое r = 6.",25%,6
W109,dev,3,1,1,correct,False,"по пометке +; ответ 400 тыс. верный; мелочи: в таблице столбец «Выплата» (20, 40, …, 500, 520) содержит неверные значения выплат, но в итоговом уравнении учтены проценты верно; описка 1404 вместо 1407, дальше использовано 140700","[computational] При домножении уравнения на 100 число 1407 должно было превратиться в 140700, но 140700 + 19500 = 160200, а 160200 / 178 = 900. Пропущена запись промежуточного шага 178S = 160200, однако значение S = 900 найдено верно.",400 000,400 тыс. рублей (или 400 000 рублей)
W110,dev,1а,1,1,correct,False,по пометке +; 1 150 000 верно,,1 150 000 р.,1 150 000 рублей
W110,dev,1б,1,1,correct,False,по пометкам + (оба значения): 300 000 и 450 000 верно,,"300 000 р. за 2 года, 450 000 р. за 3 года",300 000 рублей за два года; 450 000 рублей за три года
W110,dev,1в,0,0,incorrect,True,"Не найдена прибыль за два года: в пункте в) посчитана только прибыль за 3 года (520 875). За 2 года: 1 000 000·1,15² − 1 000 000 = 322 500 руб.; Проверяющий поставил +; в таблице есть только выражение 1,15²S, значение не посчитано и в ответ не выписано","[conceptual] В вопросе требовалось найти прибыль и за два года, и за три года. Прибыль за два года не найдена (она составляет 1,15^2 * S - S = 322 500 рублей).",520 875 р.,322 500 рублей за два года; 520 875 рублей за три года
W110,dev,2а,1,1,correct,False,по пометке +; 728 200,,728 200 р.,728 200 рублей
W110,dev,2б,1,1,correct,False,по пометке + в ответе; 462 000,,462 000 р.,462 000 рублей
W110,dev,2г,1,1,correct,False,"по пометке +; 508 200 (ученик сначала подписал пункт как «в», исправил на «г»)",,508 200 р.,508 200 рублей
W110,dev,2д,1,1,correct,False,по пометке + в ответе; 242 000,,242 000 р.,242 000 рублей
W110,dev,2ж,1,1,correct,False,"по пометке +; 242 000·1,1 = 266 200 = n, кредит полностью погашен третьей выплатой",,полностью погасит кредит (долг станет равен 0),Кредит будет полностью погашен (долг станет равен 0)
W110,dev,2з,1,1,correct,False,по пометке +; 3n − S = 798 600 − 662 000 = 136 600,,136 600 р.,136 600 рублей
W110,dev,3,0,0,incorrect,False,"Режим экзамена: в ответ выписано не то, что спрашивали (не та величина / не доведено / не извлечён корень / не в той форме). Нужная величина была почти найдена — не хватило последнего шага.; Правило 29.09: в задачах формата экзамена ответ должен быть ровно на заданный вопрос → ошибка (раньше — замечание). Проверяющий: «нам нужны все платежи, то есть x + x = 720000». Платёж x = 360 000 найден верно, в ответ выписан платёж вместо суммы выплат; не сделан тривиальный последний шаг (досчитать сумму 2·360 000 = 720 000) — по правилам не ошибка","[conceptual] В задаче спрашивалось, сколько всего рублей будет выплачено банку (общая сумма выплат), то есть 2n = 720 000 рублей, а найден только размер одного платежа n.",360 000 р.,720 000 рублей
W110,dev,4,1,1,correct,False,"по пометке +; n = 54 000, S = 113 750, выплачено 162 000",,162 000 р.,162 000 рублей
W110,dev,5,1,1,correct,False,по пометке +; 3 110 400,,3 110 400 р.,3 110 400 рублей
W111,dev,1а,0,0,incorrect,False,"Режим экзамена: в ответ выписано не то, что спрашивали (не та величина / не доведено / не извлечён корень / не в той форме). Нужная величина была почти найдена — не хватило последнего шага.; Правило 29.09: в задачах формата экзамена ответ должен быть ровно на заданный вопрос → ошибка (раньше — замечание). Проверяющий дописал красным «1» перед ответом: ученик выписал 150 000 (начисленные проценты) вместо суммы на счёте 1 150 000. Не сделан тривиальный последний шаг (прибавить вклад) — по правилам не ошибка","[conceptual] В пункте а) спрашивается общая сумма на счёте сразу после начисления процентов, а не величина самих начисленных процентов. Должно быть: 1 000 000 + 150 000 = 1 150 000 рублей.",150000,1150000 рублей
W111,dev,1б,1,1,correct,False,"по пометкам +; 300 000 и 450 000 (цифра 4 у ученика пишется как «ξ», как и в 462 000 в задании 2)",,1) 300000; 2) 450000,"за два года — 300000 рублей, за три года — 450000 рублей"
W111,dev,1в,1,1,correct,False,"по пометкам +; 322 500 и 520 875 (запись «1)322500», «2)520875»)",,1) 322500; 2) 520875,"за два года — 322500 рублей, за три года — 520875 рублей"
W111,dev,2а,1,1,correct,False,"по пометке +; 728 200. В таблице столбец «Долг+%» записан как «662000·0,1» (и далее «·0,1») при верных результатах — систематическая небрежность записи (должно быть ·1,1), на результаты не влияет; в строке 3 описка «25200·0,1» вместо 242 000",,728200,728200 рублей
W111,dev,2б,1,1,correct,False,по пометке +; 462 000,,462000,462000 рублей
W111,dev,2г,1,1,correct,False,по пометке +; 508 200,,508200,508200 рублей
W111,dev,2д,1,0,incorrect,False,по пометке +; 242 000,"[computational] Арифметическая ошибка при вычитании: 508 200 − 266 200 = 242 000 рублей, а не 252 000.",252000,242000 рублей
W111,dev,2ж,1,0,incorrect,False,"пометок нет, проверено вручную: явного словесного ответа нет (под буквой «ж)» ученик выписал переплату), но в таблице долг после 3-й выплаты = 0 (242 000·1,1 = 266 200 − 266 200), т.е. кредит погашен","[conceptual] В вопросе «Что произойдёт в конце третьего года...» требуется смысловой ответ (кредит будет полностью погашен, так как 242 000 · 1,1 = 266 200 рублей, и после выплаты 266 200 рублей остаток составит 0). Ученик записал число 136 000 (вероятно, переплату по кредиту).",136000,Кредит будет полностью погашен (остаток долга равен 0 рублей)
W111,dev,2з,1,0,not_solved,False,по пометке +; 136 600 (ученик подписал этот пункт как «ж)»),,,136600 рублей
W111,dev,3,0,0,incorrect,False,"Режим экзамена: в ответ выписано не то, что спрашивали (не та величина / не доведено / не извлечён корень / не в той форме). Нужная величина была почти найдена — не хватило последнего шага.; Правило 29.09: в задачах формата экзамена ответ должен быть ровно на заданный вопрос → ошибка (раньше — замечание). Проверяющий: «нам нужно x + x = 720000». Платёж x = 360 000 найден верно, в ответе платёж вместо суммы выплат; не сделан тривиальный последний шаг (2·360 000 = 720 000) — по правилам не ошибка","[conceptual] Размер одного платежа найден верно (x = 360 000 рублей), но в задаче спрашивается общая сумма выплат банку за 2 года: 2x = 2 · 360 000 = 720 000 рублей.",360000,720000 рублей
W111,dev,5,1,1,correct,False,"по пометке +; 3 110 400 (ученик подписал задание как «б)»/«5)»; показатель степени в строке 1,2^?S читается плохо, итог верный). Задание 4 в работе отсутствует","[notational] Буква n используется одновременно для обозначения процентной ставки (n = 20%) и для величины ежегодного платежа. Лучше использовать разные переменные (например, x для платежа).",3110400,3110400 рублей
W112,dev,1а,1,1,correct,False,по пометке +; 1 150 000,,1 150 000,1 150 000 рублей
W112,dev,1б,1,1,correct,False,по пометкам +; 300 000 и 450 000,,300 000 за 2 года; 450 000 за 3 года,300 000 рублей за два года; 450 000 рублей за три года
W112,dev,1в,1,1,correct,False,по пометкам +; 322 500 и 520 875,,322 500 за 2 года; 520 875 за 3 года,322 500 рублей за два года; 520 875 рублей за три года
W112,dev,2а,1,1,correct,False,"по пометке +; 662 000·1,1 = 728 200",,728 200,728 200 рублей
W112,dev,2б,0,0,incorrect,False,"Долг после первой выплаты найден неверно: в таблице сумма долга переписана как 622 000 вместо 662 000 (622 000·1,1 − 266 200 = 418 000). Правильно: 728 200 − 266 200 = 462 000.; проверяющий зачеркнул 418 000, дописал 462 000: «и из-за этого дальше всё неправильно −1»","[computational] Сумма долга после первого начисления процентов составляла 728 200 рублей. После выплаты 266 200 рублей долг равен 728 200 − 266 200 = 462 000 рублей. Ученик посчитал 622 000 · 1,1 − 266 200 = 418 000 из-за описки в исходной сумме.","418 000 (в таблице на стр. 1 указано 462 000, в пункте б) записано 418 000)",462 000 рублей
W112,dev,2г,0,0,incorrect,False,"Следствие ошибки в 2б: 418 000·1,1 = 459 800. Правильно: 462 000·1,1 = 508 200.; проверяющий: «из-за этого дальше всё неправильно»","[computational] Из-за ошибки в предыдущем пункте долг перед начислением процентов был взят равным 418 000 вместо 462 000. Кроме того, 418 000 · 1,1 = 459 800, а должно быть 462 000 · 1,1 = 508 200 рублей.",459 800,508 200 рублей
W112,dev,2д,0,0,incorrect,False,Следствие ошибки в 2б: получено 193 600 (в ответ ещё и выписано 193 000). Правильно: 508 200 − 266 200 = 242 000.; проверяющий: «из-за этого дальше всё неправильно»,[computational] Верный остаток после второй выплаты: 508 200 − 266 200 = 242 000 рублей.,193 000,242 000 рублей
W112,dev,2ж,0,1,correct,False,"Следствие ошибки в 2б: третья выплата получилась 212 960, что противоречит условию (Светлана вносит 266 200). Правильно: 242 000·1,1 = 266 200, и платёж 266 200 полностью гасит кредит.; проверяющий: «из-за этого дальше всё неправильно»; вывод «долг выплачен» сам по себе верный, но получен из неверных данных",,Долг выплачен,Кредит будет полностью погашен (долг станет равен 0)
W112,dev,2з,0,0,incorrect,False,"Следствие ошибки в 2б: переплата посчитана как 662 000 − (266 200·2 + 212 960) = 83 360. Правильно: 3·266 200 − 662 000 = 136 600.; проверяющий: «из-за этого дальше всё неправильно»; порядок вычитания (кредит − выплаты) ученик сам пометил стрелкой-перестановкой, отдельной ошибкой знака не считаю",[conceptual] Переплата — это разность между всеми выплатами и телом кредита: 3 · 266 200 − 662 000 = 798 600 − 662 000 = 136 600 рублей. Ученик вычел выплаты из кредита и использовал неверные суммы платежей.,83 360,136 600 рублей
W112,dev,3,0,0,incorrect,False,"Режим экзамена: в ответ выписано не то, что спрашивали (не та величина / не доведено / не извлечён корень / не в той форме). Нужная величина была почти найдена — не хватило последнего шага.; Правило 29.09: в задачах формата экзамена ответ должен быть ровно на заданный вопрос → ошибка (раньше — замечание). Проверяющий: «720000, так как нам нужно x + x». Платёж x = 360 000 найден верно, в ответе платёж вместо суммы выплат; не сделан тривиальный последний шаг (2·360 000 = 720 000) — по правилам не ошибка","[conceptual] В задаче спрашивается общая сумма выплат банку за весь срок кредита, а не величина одного платежа. Общая сумма выплат: 2x = 2 · 360 000 = 720 000 рублей.",360 000,720 000 рублей
W112,dev,4,,0,not_solved,False,"Задача начата и брошена (ответа нет). В решении ошибка: вместо 3x − S = 48 250 записано 3,64x − S = 48 250 (сумма выплат — это 3x, а не 3,64x); проверяющий: «у нас ведь выплаты это 3·x», «?», «просто решаем систему». Верно: x = 54 000, выплачено 162 000. Задание 5 в работе отсутствует","[conceptual] Общая сумма выплат составляет 3x, а не 3,64x. Уравнение должно быть 3x − S = 48 250.",,328 050 рублей
W114,dev,3,1,1,correct,False,"по пометке +; №3 ученика = задача 17 на task_2.jpg (верхняя: 600 000 руб., выплаты 360 000 и 330 000, найти r); 20r²−12r−11=0, r(коэф.)=1,1 → 10% — верно (буквой r обозначен коэффициент 1+r/100 — мелочь записи)","[notational] Переменная $r$ в условии обозначает процентную ставку, а в решении буквой $r$ обозначен коэффициент увеличения $1 + \frac{r}{100}$. Итоговый ответ определен верно.",10%,10
W114,dev,4,0,0,incorrect,False,"Не учтены проценты: сумма выплат = 1 + (r/100)·(1+0,6+0,4+0,3+0,2+0,1) = 1+0,026r < 1,2 ⇒ r < 7,69, наибольшее целое r = 7 (а не 9%); №4 ученика = задача 17 на task_2.jpg (нижняя: 1 млн на 6 месяцев, таблица долгов, наибольшее r при сумме выплат < 1,2 млн); проверяющий: «а где k?»; фидбек про коэффициент k=1+r/100 | Арифметическая ошибка: сумма уменьшений долга 0,4+0,2+0,1+0,1+0,1+0,1 = 1 (в решении лишнее слагаемое 0,1 и получено 1,1); вторая независимая ошибка, проверяющим не отмечена; пометок на ней нет, проверено вручную","[computational] Сумма уменьшений основного долга равна исходному телу кредита, то есть 1 млн рублей (сложено 7 слагаемых вместо 6, сумма получилась 1,1 вместо 1). | [conceptual] Проценты начисляются каждый месяц на остаток долга на этот месяц, а не умножаются один раз на общую сумму. Общая сумма выплат равна $1 + \frac{r}{100}(1 + 0{,}6 + 0{,}4 + 0{,}3 + 0{,}2 + 0{,}1) = 1 + 0{,}026r$. Из условия $1 + 0{,}026r < 1{,}2$ получаем $r < \frac{0{,}2}{0{,}026} \approx 7{,}69$, наибольшее целое $r = 7$.",r = 9 %,7
W114,dev,5,0,0,incorrect,False,"Не учтены проценты: платежи x₁=3k−2,2; x₂=2,2k−1,4; x₃=1,4k−0,6; x₄=0,6k, сумма 7,2k−4,2 > 4,12 ⇒ k > 1,1556, наименьшее целое r = 16 (а не 40%); №5 ученика = задача 17 на task_3.jpg (верхняя: 3 млн на 4 года, долги 2,2; 1,4; 0,6; 0; наименьшее r при сумме > 4,12 млн); проверяющий: «а где k?», «почему так?», расписал выплаты и 7,2k−4,2>4,12 «и т.д.» | Неверное округление: из 4,12 < 3r следует r > 1,373…, т. е. наименьшее целое 38%, а не 40%; вторая независимая ошибка внутри неверной модели, проверяющим не отмечена; проверено вручную","[conceptual] Неверная модель выплат с начислением процентов. Проценты начисляются в каждом году на соответствующий остаток долга. Общая сумма выплат равна $3 + \frac{r}{100}(3 + 2{,}2 + 1{,}4 + 0{,}6) = 3 + 0{,}072r$. Из неравенства $3 + 0{,}072r > 4{,}12$ получаем $r > \frac{1{,}12}{0{,}072} \approx 15{,}56$, откуда наименьшее целое $r = 16$.",r = 40 %,16
W115,dev,29,0,0,incorrect,False,"Неверно посчитана переплата: забыты доли долга 2/3 и 1/3 во 2-м и 3-м годах. Переплата = S/100·(n + (2/3)(n+1) + (1/3)(n+2)) = S(6n+4)/300 ≤ S/3 ⇒ 6n+4 ≤ 100 ⇒ n ≤ 16; ответ 16% (у ученика 3n+3 и n=97/3); проверяющий: «?» у n=97/3, исправление синим S/300·(3n+2(n+1)+n+2)=S(6n+4)/300≤S/3 → n≤16; фидбек: таблица верная, но неверно посчитана сумма переплат","[computational] Неверно посчитана сумма процентов (переплата): S * n/100 + 2S/3 * (n+1)/100 + S/3 * (n+2)/100 = S/300 * (3n + 2(n+1) + (n+2)) = S/300 * (6n + 4), а не S(3n+3)/300. | [conceptual] В условии сказано, что переплата не превосходит трети (P <= S/3), а процентная ставка обычно ищется в процентах. При правильной сумме: (6n+4)/300 <= 1/3 <=> 6n+4 <= 100 <=> 6n <= 96 <=> n <= 16%.",97/3,16%
W115,dev,31,1,1,correct,False,"по пометке +; сумма долгов 13S/2, проценты 0,325S, 1,325S=132,5 → S=100 млн — верно. Описки в таблице, не повлиявшие на решение: во 2-м месяце долг записан 9S/12 вместо 11S/12, 5/10 вместо 5/100; в 12-м месяце «S+S/12·5/100» вместо S/12+…","[notational] Описка в таблице для второго месяца во второй колонке (написано 9S/12 вместо 11S/12), однако далее в формулах вычисление суммы долгов выполнено верно.",100 млн,100000000 рублей (или 100 млн рублей)
W116,dev,1,1,1,correct,False,"по пометке +; ответ 74 верный (∠A=56°, ∠B=180−56−50=74)",,74,74
W116,dev,2,1,1,correct,False,по пометке +; ответ −14 верный (3·(−2)+(−2)·4),,-14,-14
W116,dev,3,0,0,incorrect,False,"Неверный ответ 18. При h=R: 2πR²=9√2 ⇒ πR²=9√2/2; образующая конуса l=R√2, S бок. конуса=πRl=πR²·√2=9.; проверяющий зачеркнул, исправил на 9","[conceptual] Боковая поверхность цилиндра: 2*pi*r*h = 2*pi*r^2 = 9*sqrt(2), откуда pi*r^2 = 4,5*sqrt(2). Образующая конуса l = sqrt(r^2 + h^2) = r*sqrt(2). Площадь боковой поверхности конуса равна pi*r*l = pi*r^2*sqrt(2) = 4,5*sqrt(2)*sqrt(2) = 9.",18,9
W116,dev,4,1,1,correct,False,"по пометке +; ответ 0,32 верный (8/25)",,"0,32","0,32"
W116,dev,5,0,0,incorrect,False,"Неверный ответ 0,385 (цифры читаются неуверенно). P(кофе закончится хотя бы в одном)=0,35+0,35−0,16=0,54, значит кофе останется в обоих с вероятностью 1−0,54=0,46.; проверяющий зачеркнул, исправил на 0,46","[computational] Вероятность того, что кофе закончится хотя бы в одном автомате: P(A ∪ B) = 0,35 + 0,35 - 0,16 = 0,54. Вероятность того, что кофе останется в обоих: 1 - 0,54 = 0,46.","0,385","0,46"
W116,dev,6,1,1,correct,False,по пометке +; ответ 5 верный (x−7=−2),,5,5
W116,dev,7,1,1,correct,False,по пометке +; ответ 2 верный (log₁₁121),,2,2
W116,dev,8,1,0,incorrect,False,"по пометке +; ответ −1,5 верный (касательная через (−5;0) и (1;−9))","[computational] Угловой коэффициент касательной по двум точкам (-1, 1) и (2, -5): k = (-5 - 1) / (2 - (-1)) = -6 / 3 = -2.","-1,5",-2
W116,dev,9,1,1,correct,False,"по пометке +; ответ 0,7 верный (l=v²/(2a)=4900/7000)",,"0,7","0,7"
W116,dev,10,1,1,correct,False,по пометке +; ответ 16 верный (255/(v−1)−255/(v+1)=2 ⇒ v²=256),,16,16
W116,dev,11,1,1,correct,False,"по пометке +; ответ 10 верный (A(1;−5): f=−5/x, g=0,5x−5,5 ⇒ x²−11x+10=0)",,-6,-6
W116,dev,12,1,1,correct,False,"по пометке +; ответ −6 верный (y′=3x²−108, максимум при x=−6)",,-6,-6
W117,dev,1а,0,0,incorrect,False,"Обоснование, почему A₁B₁ ∥ ML, неверное: прямые, лежащие в параллельных плоскостях, не обязаны быть параллельными. Нужно было сказать: ML — средняя линия, поэтому ML ∥ AB ∥ A₁B₁, значит A₁B₁LM — плоский четырёхугольник, это и есть сечение. Не объяснено и то, почему плоскость проходит через середину AC.; пометок к а) нет, проверено вручную; лист 1 — задача 14 «2 (дз)», правильная треугольная призма, сечение A₁B₁ + середина BC","[conceptual] Не обосновано, почему плоскость сечения проходит через точку A1 (т.е. что прямая A1C1 параллельна BD1 в соответствующей плоскости) и почему сечением является именно треугольник A1KC1.",Δ A1KC1 — равнобедренный,"Доказано, что сечение — равнобедренный треугольник A1KC1 со сторонами A1K = KC1 = 5, A1C1 = 6"
W117,dev,1б,0,0,incorrect,False,"B₁L — не высота трапеции (B₁L не перпендикулярна основаниям). Высота = √(11² + (5√3)²) = √196 = 14 (5√3 — расстояние между AB и ML в основании), S = (20+10)/2·14 = 210.; проверяющий: «но это ведь не высота»","[conceptual] В условии требовалось найти периметр сечения, а не площадь. Кроме того, стороны сечения равны 5, 5, 6, поэтому периметр равен 5 + 5 + 6 = 16. (Даже при вычислении площади допущена ошибка: основание равно 6, а не 5).",S = 10,16
W117,dev,2а,0,1,correct,True,"Равенство треугольников ASC и BSC не обосновано: SC — общая и AS = BS дают равенство только двух сторон, этого мало (третья сторона AC = BC — как раз то, что нужно доказать). Нужно использовать высоту: OA = OB = √(13²−12²) = 5, значит O лежит на серединном перпендикуляре к AB, а он совпадает с медианой CM ⇒ CM ⊥ AB ⇒ CA = CB.; Проверяющий поставил +, но в feedback: «не очень понятно, почему мы сделали вывод, что треугольники равны»; лист 2 — задача 14 «3 (дз)», пирамида SABC","[presentation] Не пояснено, откуда взялась точка M на ребре AC (построена прямая ML || AB через середину BC). Тем не менее, параллельность оснований A1B1 и ML доказана верно.","Доказано, что A1B1LM — трапеция",Сечение A1B1LM является трапецией
W117,dev,2б,0,0,incorrect,False,"SH = 12 по условию; найденное √(153−144) = 3 — это CH, а не SH. Из-за этого AH = √(169−9) неверно; должно быть AH = √(169−144) = 5.; проверяющий: «SH=12 по условию», зачеркнул строку AH | Неверна площадь основания: ½·12·4√10 — 12 это высота пирамиды, а не элемент треугольника ABC. Верно: CH = HM = 3, CM = 6, AM = √(25−9) = 4, AB = 8, S_ABC = ½·8·6 = 24.; пометок к этой строке нет, проверено вручную | В объёме взята высота 6 вместо 12. Верно: V = ⅓·24·12 = 96 (ответ 48√10 неверный).; пометок к этой строке нет, проверено вручную","[conceptual] Отрезок B1L не является высотой трапеции, так как боковые грани и сечение наклонены (боковое ребро BB1 не перпендикулярно ML в плоскости трапеции). Высоту трапеции следовало находить из боковой стороны трапеции или через проекцию.",15√221,30√7
W117,dev,3а,0,0,incorrect,True,"Не обосновано, что сечение — треугольник A₁KC₁, то есть что плоскость A₁KC₁ параллельна BD₁. Нужно: H — центр верхнего основания, KH — средняя линия треугольника BB₁D₁ ⇒ KH ∥ BD₁ ⇒ BD₁ ∥ (A₁KC₁). Доказательство равнобедренности (ΔA₁B₁K = ΔC₁B₁K) верное.; Проверяющий поставил +; лист 3 — задача 14 «1 (дз)», прямая призма с квадратом в основании","[conceptual] Треугольники ACS и BCS не равны по двум сторонам, равенство третьих сторон не дано и признака равенства по двум сторонам не существует. Доказательство неверно.",Δ ACS ≅ Δ CEB => AC = CB => Δ ABC - р/б,Треугольник ABC равнобедренный (AC = BC)
W117,dev,3б,0,0,incorrect,False,"Требовалось найти периметр: стороны найдены верно (A₁K = KC₁ = 5, A₁C₁ = 6), периметр 16. Вместо него посчитана площадь, и с ошибкой: S = ½·A₁C₁·KH = ½·6·4 = 12, а не ½·4·5 = 10.; проверяющий: «правильно, но в задаче мы ищем периметр»; отсутствие суммы по правилам не ошибка, ошибка — неверная формула площади в лишнем шаге, ответ 10 не является ни периметром, ни верной площадью","[conceptual] Высота пирамиды по условию равна 12, а не отрезок основания. Ученик перепутал высоту пирамиды с другими элементами, неверно спроецировал вершину и допустил ошибки в формуле объема.",48√10,144√3
W118,dev,1,1,1,correct,False,"по пометке +; у ученика «Задача I» (markup_1); долги 100/80/65/45/30/20%, проценты 0,05·3,4S=0,17S → 17% — пересчитано, верно (в столбце «Выплата» ученик пишет часть, идущую на погашение долга, проценты считает отдельно — итог верный)",,17%,17%
W118,dev,2,0,1,correct,False,"В условии «более 1,25 млн», а в решении нестрогое неравенство 45r + 1000 ≥ 1250 (r ≥ 5,5…). На ответ не повлияло, но в задаче формата экзамена строгость неравенства важна.; Политика 10.3, режим exam (решение Ксении 30.09). Было «верно»: по пометке +; у ученика «Задача II» (markup_2); 1+0,045r>1,25 → r>5,56 → r=6 — пересчитано, верно (запись «r>5,5» — неточное промежуточное округление, на ответ не влияет)","[notational] В условии сказано «более 1,25 млн рублей», поэтому неравенство должно быть строгим (> 1250), хотя на целочисленный ответ это не повлияло.",6%,6
W118,dev,3,,0,not_solved,False,"Решение не доведено (ученик остановился со знаком «?») — по правилам брошенная задача, is_correct пустой. Найденные ошибки: Неверно составлено неравенство: сумма выплат 1,26S найдена верно, но по условию она «не менее 10 млн», т. е. 1,26S ≥ 10 ⇒ S ≥ 7,94 ⇒ наименьшее целое S = 8; у ученика 1,26S ≤ 1000, решение не доведено, ответа нет","[conceptual] В условии требуется, чтобы сумма выплат составила «не менее 10 млн рублей», а не не более; кроме того, единицы измерения смешаны (S в млн, справа написано 1000 вместо 10). Решение не окончено.",нет ответа,8
W118,dev,4,0,0,incorrect,False,"Неверная правая часть: долги нормированы на 1,5 млн (1; 12/15; 10/15; …), поэтому 2,2 млн = 22/15, а не 22. Правильно: 1,5 + (r/100)·5,2 > 2,2 ⇒ r > 13,46 ⇒ наименьшее целое r = 14 (у ученика 22%); у ученика «Задача 4» (markup_4); проверяющий обвёл столбец «Выплата» (3/15) и расписал платежи через k=1+r/100: 1,5k−1,2; 1,2k−1; k−0,7 «и т.д.»; фидбек: «что-то намудрил с 4 задачей» | Алгебраическая ошибка: (r/100)·(52/15) + 1 ≠ 1552r/1500 (единица приписана к числителю); правильно 52r/1500 + 1; вторая независимая ошибка, проверяющим отдельно не отмечена; проверено вручную","[computational] Долги записаны некорректно: вместо исходных значений 0,7; 0,5; 0,3 записаны 7, 5, 3, при этом предыдущие были 1,5; 1,2; 1,0. | [conceptual] Грубая ошибка сложения: слагаемое 1 было ошибочно внесено в числитель дроби при умножении на r. Кроме того, правая часть взята 22 вместо 2,2 (или сумма кредита 1 вместо 1,5).",22%,14
W118,dev,5,,0,not_solved,False,"у ученика «Задача 5» (markup_5), пометок на листе нет; начата и брошена: вместо равномерного уменьшения долга взяты выплаты x, x/2, x/4, …, таблица не доведена, ни на один из пунктов а)–д) ответа нет. Фидбек: долг уменьшается равномерно 600→480→360→240→120→0. Верные ответы: а) 138000, б) 123600, в) 7200, г) 654000, д) 45000","[conceptual] По условию долг должен уменьшаться каждый месяц на одну и ту же величину (дифференцированные платежи), а не выплаты делиться пополам. Ни один пункт не доведён до ответа.",нет ответа,а) 138 000 руб.; б) 123 600 руб.; в) 7 200 руб.; г) 654 000 руб.; д) 45 000 руб.
W118,dev,6,1,1,correct,False,"по пометке +; у ученика «Задача 6» (markup_6); сумма за первый год (74000+63000)·12/2 = 822000 — пересчитано, верно; в промежуточной записи «134000·6» — описка/неразборчиво вместо 137000, результат верный",,822 000,"822 000 рублей (или 0,822 млн рублей)"
W121,test,8.2а,1,1,correct,False,проверяющий: «а) 1б». Режим exam / политика п. 4.2 — замечание: записи вида «sin x = π/6» неверны как равенства (нужно x = π/6 или arcsin ½ = π/6). Пункт б) не начат — не размечаем (п. 2.7),"[notational] Описка при оформлении: записано равенство функции значению аргумента (\sin x = \pi/6 вместо x = \pi/6), при этом сами корни найдены верно.","x = \pi/6 + 2\pi k, k \in Z; x = 5\pi/6 + 2\pi k, k \in Z","\pi/6 + 2\pi k, k \in \mathbb{Z}; 5\pi/6 + 2\pi k, k \in \mathbb{Z}"
W121,test,9.2а,0,0,incorrect,False,"Замена была cos x = t, а при обратной замене записано sin x = 1/2. Нужно cos x = 1/2 ⇒ x = ±π/3 + 2πk, k ∈ ℤ.; проверяющий: 0б, подчёркнуто, исправлено на cos x. Режим exam. Ещё: запись sin x = π/6, во второй серии потеряно k (5π/6 + 2π). На отдельном фото solution_5 (без пометок) записано cos x = 1/2 ⇒ x = π/3 + 2πk, 5π/3 + 2πk — похоже на исправление после проверки, не учитывалось","[conceptual] При обратной замене переменная t обозначала \cos x, однако на странице 2 подставлено \sin x = 1/2. На странице 5 решено уравнение \cos x = 1/2, но на странице 2 в решении задания №9.2 выписан неверный ответ через синус.","На стр. 2: x = \pi/6 + 2\pi k, k \in Z; x = 5\pi/6 + 2\pi k; на стр. 5: x = \pi/3 + 2\pi k; x = 5\pi/3 + 2\pi k","\pm \pi/3 + 2\pi k, k \in \mathbb{Z}"
W121,test,10.1а,0,0,incorrect,False,"Замена была cos x = t, а при обратной замене решены sin x = −1/2 и sin x = 1. Нужно cos x = −1/2 ⇒ x = ±2π/3 + 2πk; cos x = 1 ⇒ x = 2πk, k ∈ ℤ.; проверяющий: 0б, подчёркнуто, исправлено на cos x. Режим exam. Сведение к 2t² − t − 1 = 0 и корни t = −1/2, 1 верны","[conceptual] Замена производилась для косинуса (cos x = t), а при обратной замене ошибочно записано sin x = -1/2 и sin x = 1 вместо cos x = -1/2 и cos x = 1.","x = 7\pi/6 + 2\pi k; x = 11\pi/6 + 2\pi k; x = \pi/2 + 2\pi k, k \in \mathbb{Z}","2\pi k, k \in \mathbb{Z}; \pm 2\pi/3 + 2\pi k, k \in \mathbb{Z}"
W121,test,11.2а,0,0,incorrect,False,"Неверная формула двойного угла: 3cos 2x заменено на 3cos²x − 3. Нужно cos 2x = 1 − 2sin²x: 3 − 6sin²x + 7sin x + 2 = 0 ⇒ 6sin²x − 7sin x − 5 = 0 ⇒ sin x = −1/2 (5/3 не подходит) ⇒ x = −π/6 + 2πk, x = −5π/6 + 2πk, k ∈ ℤ.; проверяющий: 0б, дописал cos2x = 1 − 2sin²x, 3cos2x = 3 − 6sin²x. Режим exam. Дальнейшие преобразования (строка с «−9», sin x = 1) — следствие, п. 8.7","[conceptual] Неверно применена формула косинуса двойного угла: \cos 2x = 1 - 2\sin^2 x (или \cos^2 x - \sin^2 x), а не \cos^2 x - 1. | [computational] Ошибка при приведении подобных слагаемых: 3 - 3 + 2 = 2, а записано +4.","x = \pi/2 + 2\pi k, k \in \mathbb{Z}","-\pi/6 + 2\pi k, k \in \mathbb{Z}; -5\pi/6 + 2\pi k, k \in \mathbb{Z}"
W122,test,53.1а,1,1,correct,False,"Номер у ученика не читается (вверху обрезано «№5?»); по содержанию — 53.1: cos x = 0 или tg x = −√3, круг с −4π, −5π/2 — политика п. 12.5 (as_solved). Ответ а) x = π/2 + πk, x = −π/3 + πn верен. Проверяющий не понял, к чему фото (feedback), и сравнил с 57.2: «это не одно и то же, что и ±π/3 + 2πk» — для 53.1 замечание неприменимо. Решение а) не сфотографировано, только ответ — Режим exam / политика п. 5.9 — замечание: нужно приводить решение",[presentation] Само решение пункта а) отсутствует (приведён только ответ).,"x_1 = \frac{\pi}{2} + \pi k, k \in \mathbb{Z}; x_2 = -\frac{\pi}{3} + \pi n, n \in \mathbb{Z}","\frac{\pi}{2} + \pi k, -\frac{\pi}{3} + \pi k, k \in \mathbb{Z}"
W122,test,53.1б,0,0,incorrect,False,"Лишний корень −7π/3: −7π/3 > −5π/2, он не принадлежит отрезку [−4π; −5π/2]. Верный ответ б): −7π/2, −10π/3, −5π/2.; пометок к б) нет (проверяющий отнёс фото к 57.2 и дописал 5π/2, 7π/2, 7π/3), проверено вручную. Режим exam / политика п. 1.6 — лишнее вместе с верным, ошибка","[conceptual] Число -\frac{7\pi}{3} не принадлежит отрезку \left[-4\pi; -\frac{5\pi}{2}\right], так как -\frac{7\pi}{3} > -\frac{5\pi}{2}. В ответ выписан лишний корень.","-\frac{5\pi}{2}, -\frac{7\pi}{2}, -\frac{10\pi}{3}, -\frac{7\pi}{3}","-4\pi, -\frac{7\pi}{2}; -\frac{10\pi}{3}; -\frac{5\pi}{2}"
W122,test,56.2а,1,1,correct,False,"по пометке +. Знак «+2» исправлен на «−2» самим учеником (п. 3.2); cos x(√3 − 2cos x) = 0 ⇒ π/2 + πk, ±π/6 + 2πn — верно",,"x_1 = \frac{\pi}{2} + \pi k, k \in \mathbb{Z}; x_2 = \frac{\pi}{6} + 2\pi n, n \in \mathbb{Z}; x_3 = \frac{11\pi}{6} + 2\pi n, n \in \mathbb{Z}","\frac{\pi}{2} + \pi k, \pm\frac{\pi}{6} + 2\pi k, k \in \mathbb{Z}"
W122,test,56.2б,1,1,correct,False,"по пометке + (у ответа). Проверено: на [1,5π; 3π] корни 3π/2, 11π/6, 13π/6, 5π/2 — верно",,"2,5\pi; 1,5\pi; \frac{11\pi}{6}; \frac{13\pi}{6}",\frac{3\pi}{2}; \frac{11\pi}{6}; \frac{13\pi}{6}; \frac{5\pi}{2}
W122,test,57.2а,0,0,incorrect,False,"Ошибка знака: из cos x + 2sin²x − 2 = 0 получается cos x − 2cos²x = 0, а записано 2cos²x + cos x = 0; из cos x(2cos x + 1) = 0 следовало бы cos x = −1/2, а выписано cos x = 1/2. Верно: cos x(1 − 2cos x) = 0 ⇒ cos x = 0 или cos x = 1/2.; проверяющий: «ответ правильный, но в самом решении ошибка», исправил на cos x(1 − 2cos x) = 0. Режим exam / политика п. 8.8 — ответ совпал за счёт второй ошибки, ошибка | Неверная запись степени: 2sin x² вместо 2sin²x (строка cos x + 2sin x² − 2 = 0).; Режим exam / политика п. 3.11 — ошибка в обоих режимах; проверяющий не отмечал. Единичный случай, в соседних строках sin²x записан верно","[computational] При замене 2\sin^2 x - 2 = -2\cos^2 x ученик потерял знак 'минус' перед 2\cos^2 x (получилось 2\cos^2 x + \cos x = 0 вместо \cos x - 2\cos^2 x = 0). | [computational] Из уравнения 2\cos x + 1 = 0 следует \cos x = -\frac{1}{2}, а не \cos x = \frac{1}{2} (две ошибки знака случайно компенсировали друг друга).","x_1 = \frac{\pi}{2} + \pi k, k \in \mathbb{Z}; x_2 = \frac{\pi}{3} + 2\pi n, n \in \mathbb{Z}; x_3 = \frac{5\pi}{3} + 2\pi n, n \in \mathbb{Z}","\frac{\pi}{2} + \pi k, \pm\frac{\pi}{3} + 2\pi k, k \in \mathbb{Z}"
W122,test,57.2б,1,1,correct,False,"отдельной пометки на б) нет, проверено вручную: на [2π; 7π/2] корни 5π/2, 7π/3, 7π/2 — верно. Исправленные цифры в x₂ — поправка самого ученика (п. 3.2). Общий комментарий проверяющего об ошибке относится к а)",,\frac{7\pi}{2}; \frac{7\pi}{3}; \frac{5\pi}{2},\frac{7\pi}{3}; \frac{5\pi}{2}; \frac{7\pi}{2}
W123,test,1,1,1,correct,False,по пометке +; проверено: угол между высотой и медианой = 84°−6° = 78°,,78,78
W123,test,2,1,0,incorrect,False,"по пометке +; проверено по рисунку: a(4;6), b(6;−2), 24−12=12","[computational] Неверно определены координаты векторов по рисунку: вектор \vec{a} имеет координаты (3 - 1; 8 - 2) = (2; 6), а вектор \vec{b} имеет координаты (7 - 3; 5 - 7) = (4; -2). Ответ случайно совпал из-за взаимной компенсации ошибок (4·6 - 6·2 = 2·4 + 6·(-2) = 12).",12,12
W123,test,3,,0,not_solved,False,"задача начата и брошена (выписана формула S=πr²+πrl, ответа нет) — политика п. 12.1, пусто",,не дан,"12,6"
W123,test,4,1,1,correct,False,"по пометке +; только ответ — политика п. 11.1 (answer_only): проверено 6/75=0,08, верно",,"0,08","0,08"
W123,test,5,1,1,correct,False,"по пометке +; проверено: 0,01·0,96+0,99·0,06=0,069",,"0,069","0,069"
W123,test,6,1,1,correct,False,"по пометке +; Режим exam / политика п. 3.1 — замечание: во второй строке записано «log₈₁3^(2x−6)=6561» (лишний log, ложное равенство), следующей строкой верно 3^(2x−6)=6561=3⁸; ответ 7 верный","[presentation] Описка при переписывании: записан логарифм вместо степени, но в следующей строке вычисление продолжено верно: 3^{2x-6} = 6561.",7,7
W123,test,7,1,1,correct,False,по пометке +; 13−7=6 верно,,6,6
W123,test,8,1,1,correct,False,"по пометке +; только ответ — политика п. 9.6 (answer_only): по графику f'>0 в x1, x2, x5 → 3, верно",,3,3
W123,test,9,1,1,correct,False,по пометке +; проверено: 192/(1−v/300)−192≥8 ⇒ v≥12,,12,12
W123,test,10,1,1,correct,False,"по пометке +; проверено: x²+50x−600=0, x=10",,10,10
W123,test,11,0,0,incorrect,False,"Нужно найти значение f(7), а найдено x, при котором f(x)=7 (x=4). По графику f(x)=2x−1, поэтому f(7)=2·7−1=13. Ответ: 13.; проверяющий: синим «найти f(7)», «2·7−1=13»; Режим exam / политика п. 1.1 — ошибка","[conceptual] Неверно составлено уравнение прямой и найдено не то значение: прямая проходит через (-1; -3) и (3; 7), следовательно, угловой коэффициент k = (7 - (-3))/(3 - (-1)) = 10/4 = 2,5, а f(x) = 2,5x - 0,5, откуда f(7) = 2,5·7 - 0,5 = 17 (или для k=2, b=-1 значение f(7) = 13, а ученик решил уравнение f(x)=7).",4,13
W123,test,12,1,0,incorrect,False,"по пометке +; проверено: y'=3x(12−x), на [−7;10] единственная критическая точка x=0 — минимум, y(0)=19. Концы не проверены, но схема знаков производной на отрезке — п. 4.11 к ответу части 1 не применялся (требуется только ответ)","[conceptual] Требовалось найти наименьшее значение функции на отрезке [-7; 10], а не точку экстремума. Точка минимума x = 0 лежит внутри отрезка, а наименьшее значение функции равно y(0) = 19 (при этом y(-7) = 1244, y(10) = 819).",12,19
W123,test,15,,0,not_solved,False,"задача начата и брошена (одно преобразование) — политика п. 12.1, пусто; проверяющий дописал подсказку 5=3^(log₃5)",[conceptual] Неверное тождественное преобразование: 3^{x^2} не равно 9^x.,не дан,(-∞; -log_3 15] ∪ [1; +∞)
W124,test,1,1,0,not_solved,False,"по пометке +; только ответ 72° (политика 9.6 answer_only), условие части 1 не приложено — проверить по условию невозможно",,,"а) -\frac{\pi}{4} + \pi k, k \in \mathbb{Z}; \pm \frac{2\pi}{3} + 2\pi n, n \in \mathbb{Z}; б) -\frac{\pi}{4}; \frac{2\pi}{3}; \frac{3\pi}{4}"
W124,test,2,1,0,not_solved,False,"по пометке +; проверено: a·b=-24, |a|=|b|=5, cos=-0,96",,,
W124,test,3,1,0,not_solved,False,"по пометке +; условие не приложено, вычисление 1/3·12·2=8 верно",,,
W124,test,4,1,0,not_solved,False,"по пометке +; 0,93-0,49=0,44 верно",,,
W124,test,5,1,0,not_solved,False,"по пометке +; 0,96-(1-0,82)=0,78 верно",,,
W124,test,6,1,0,not_solved,False,"по пометке +; 36^(x-5)=6^(-1) → x=4,5 верно",,,
W124,test,7,1,0,not_solved,False,по пометке +; 5^9·7^10/35^9=7 верно,,,
W124,test,9,1,0,not_solved,False,"по пометке + (markup_7); p²-19p+70=0, D=81, p=14 (второй корень 5 не выписан); условие не приложено, выбор большего корня по условию проверить нельзя",,,
W124,test,10,1,0,not_solved,False,по пометке +; t(1/60+1/90+1/108)=1 → t=27 верно,,,
W124,test,11,1,0,not_solved,False,"по пометке + (markup_6); a=1, b=8, c=13, f(-12)=61 верно",,,
W124,test,13а,0,0,not_solved,False,"Уравнение разделено на cos²x без проверки, что cos x = 0 не является корнем. Нужно отметить: если cos x = 0, то sin²x = 1 и 14·0 + 0 ≠ 6, поэтому деление допустимо (корни не теряются).; проверяющий: а) 1б, в отзыве «не забывай прописывать, что косинус не равен 0, т.к. ты делишь на него уравнение»; Режим exam / политика п. 6.10 — ошибка (в markup_6 «cos x ≠ 0» дописано позже, в чистом solution_6 этого нет) | Написано, что t = 4/3 «не подходит», хотя ограничения на tg x нет (tg x принимает любые значения); дальше этот корень всё же взят в обратную замену — решение противоречит само себе. Верно: t = 4/3 подходит, x = arctg(4/3) + πn.; проверяющий: а) 1б, в отзыве «странно, что сначала пишешь, что 4/3 не подходит, а потом всё же берёшь»; неверное утверждение в решении (LABELING_RULES), на ответ не повлияло; в markup_6 надпись заклеена. Ответ а) верный",,,
W124,test,13б,1,0,not_solved,False,"по пометке «б) 1б» (markup_5); отбор на [0; 3π/2]: arctg(4/3); 3π/4; π+arctg(4/3) — верно; solution_8 и solution_9 — два фото одной страницы (3π/4 получено как π/2+π/4 и как π-π/4, оба верно)",,,
W124,test,14,,0,not_solved,False,"проверяющий: 0б, в отзыве «Только рисунок»; построен только чертёж/сечение без решения — Режим exam / политика п. 12.1 (начата и брошена) и 9.4 → пусто",,,"а) Доказательство через параллельность прямых сечения; б) 2,4"
W126,test,1.1,1,1,correct,False,проверяющий: «Всё верно!»; проверено,,\sin\alpha,\sin\alpha
W126,test,1.2,1,1,correct,False,проверяющий: «Всё верно!»; проверено,,-\cos\alpha,-\cos\alpha
W126,test,1.3,1,1,correct,False,проверяющий: «Всё верно!»; проверено,,-\sin\alpha,-\sin\alpha
W126,test,1.4,1,1,correct,False,проверяющий: «Всё верно!»; проверено,,-\cos\alpha,-\cos\alpha
W126,test,1.5,1,1,correct,False,проверяющий: «Всё верно!»; проверено,,\cos\alpha,\cos\alpha
W126,test,1.6,1,1,correct,False,проверяющий: «Всё верно!»; проверено,,\sin\alpha,\sin\alpha
W126,test,1.7,1,1,correct,False,проверяющий: «Всё верно!»; проверено,,\cos\alpha,\cos\alpha
W126,test,1.8,1,1,correct,False,проверяющий: «Всё верно!»; проверено,,-\sin\alpha,-\sin\alpha
W126,test,1.9,1,1,correct,False,проверяющий: «Всё верно!»; проверено,,-\cos\alpha,-\cos\alpha
W126,test,1.10,1,1,correct,False,проверяющий: «Всё верно!»; проверено,,-\sin\alpha,-\sin\alpha
W126,test,1.11,1,1,correct,False,проверяющий: «Всё верно!»; проверено,,-\cos\alpha,-\cos\alpha
W126,test,1.12,1,1,correct,False,проверяющий: «Всё верно!»; проверено; ответ «sin» частично обрезан краем фото,,\sin\alpha,\sin\alpha
W126,test,2.1,1,1,correct,False,проверяющий: «Всё верно!»; проверено,,\frac{\sqrt{2}}{2},\frac{\sqrt{2}}{2}
W126,test,2.2,1,1,correct,False,проверяющий: «Всё верно!»; проверено,,-\frac{1}{2},-\frac{1}{2}
W126,test,2.3,1,1,correct,False,проверяющий: «Всё верно!»; проверено,,-\frac{\sqrt{3}}{2},-\frac{\sqrt{3}}{2}
W126,test,2.4,1,0,incorrect,False,"проверяющий: «Всё верно!»; записано «= − −1/2» (двойной минус), значение −1/2 верно. Режим training / политика п. 3.1 — замечание: лишний минус в записи","[computational] Записан двойной минус, что означает положительное значение, тогда как \sin(-150^\circ) = -\frac{1}{2}.",--\frac{1}{2},-\frac{1}{2}
W126,test,2.5,1,1,correct,False,проверяющий: «Всё верно!»; проверено,,-\frac{\sqrt{2}}{2},-\frac{\sqrt{2}}{2}
W126,test,2.6,1,1,correct,False,проверяющий: «Всё верно!»; проверено,,\frac{\sqrt{3}}{2},\frac{\sqrt{3}}{2}
W126,test,2.7,1,1,correct,False,проверяющий: «Всё верно!»; проверено,,\frac{\sqrt{3}}{2},\frac{\sqrt{3}}{2}
W126,test,2.8,1,1,correct,False,"проверяющий: «Всё верно!»; запись «sin420° = 60° = …». Режим training / политика п. 4.3 — замечание: sin420° = sin60°, а не «= 60°»",[notational] Значение тригонометрической функции не равно углу: следовало написать \sin 420^\circ = \sin 60^\circ = \frac{\sqrt{3}}{2}.,\frac{\sqrt{3}}{2},\frac{\sqrt{3}}{2}
W126,test,2.9,1,1,correct,False,"проверяющий: «Всё верно!»; запись «sin765° = 45° = …». Режим training / политика п. 4.3 — замечание: sin765° = sin45°, а не «= 45°»",[notational] Значение тригонометрической функции не равно углу: следовало записать \sin 765^\circ = \sin 45^\circ = \frac{\sqrt{2}}{2}.,\frac{\sqrt{2}}{2},\frac{\sqrt{2}}{2}
W126,test,2.10,1,1,correct,False,проверяющий: «Всё верно!»; проверено,,-\frac{\sqrt{2}}{2},-\frac{\sqrt{2}}{2}
W126,test,2.11,1,1,correct,False,"пометок нет (отзыв: «остальные верно»), проверено вручную",,\frac{1}{2},\frac{1}{2}
W126,test,2.12,1,1,correct,False,"пометок нет (отзыв: «остальные верно»), проверено вручную; первая попытка зачёркнута, переписано cos(−315°)=√2/2 — верно (политика п. 3.2)",,\frac{\sqrt{2}}{2},\frac{\sqrt{2}}{2}
W126,test,2.13,0,0,incorrect,False,"cos(−760°) = cos(−40°) = cos40°. Нельзя «раскладывать» косинус суммы: cos(30°+10°) ≠ cos30° + cos10° = √3/2 + cos10°. В ответ идёт cos40°.; проверяющий: зачеркнул «√3/2 + cos10°», «Нельзя так представлять sin α, cos α. В ответ идёт cos 40»",[conceptual] Неверное упрощение и вычисление. \cos(-760^\circ) = \cos(760^\circ) = \cos(2 \cdot 360^\circ + 40^\circ) = \cos 40^\circ. Это таблично не вычисляется.,\frac{\sqrt{3}}{2} + \cos 10^\circ,\cos 40^\circ
W126,test,2.14,1,1,correct,False,"пометок нет (отзыв: «остальные верно»), проверено вручную",,-\frac{1}{2},-\frac{1}{2}
W126,test,2.15,1,1,correct,False,"пометок нет (отзыв: «остальные верно»), проверено вручную",,\frac{\sqrt{3}}{2},\frac{\sqrt{3}}{2}
W126,test,3.1,1,1,correct,False,"пометок нет (отзыв: «остальные верно»), проверено вручную",,\frac{1}{2},\frac{1}{2}
W126,test,3.2,1,1,correct,False,"пометок нет (отзыв: «остальные верно»), проверено вручную",,-\frac{\sqrt{3}}{2},-\frac{\sqrt{3}}{2}
W126,test,3.3,1,1,correct,False,"пометок нет (отзыв: «остальные верно»), проверено вручную",,-\frac{\sqrt{3}}{2},-\frac{\sqrt{3}}{2}
W126,test,3.4,1,1,correct,False,"пометок нет (отзыв: «остальные верно»), проверено вручную",,\frac{\sqrt{3}}{2},\frac{\sqrt{3}}{2}
W126,test,3.5,1,1,correct,False,"пометок нет (отзыв: «остальные верно»), проверено вручную",,-\frac{\sqrt{2}}{2},-\frac{\sqrt{2}}{2}
W126,test,3.6,,0,not_solved,False,ученик написал «cos(7π/3) = ?» — не решено; проверяющий дописал cos(2π+π/3)=cos(π/3)=1/2 («один непонятный номер»); политика п. 12.1 — пусто,"[presentation] Решение не завершено, стоит знак вопроса.",?,\frac{1}{2}
W127,test,10,1,0,not_solved,False,"по пометке +; y′=(4x²−225)/x², x=±7,5, max в −7,5 — проверено (формулировка вопроса не приложена)",,"-7,5",нет в условии
W127,test,11,1,0,not_solved,False,"по пометке +; y′=−e^(6−x)(x+11)(x+13), минимум в −13 — проверено (формулировка вопроса не приложена)",,-13,нет в условии
W127,test,14,1,0,not_solved,False,"по пометке +; y′=5−5/(x+4), минимум в −3 — проверено. Режим exam / политика п. 6.1 — замечание: ОДЗ x>−4 не выписана (записано только «x≠−4» как нуль знаменателя)",,-3,нет в условии
W127,test,15,1,0,not_solved,False,"по пометке +; y′=6√x−15, x=6,25 — точка минимума, проверено",,"6,25",нет в условии
W127,test,21,,0,not_solved,False,"Ошибка знака при упрощении производной: y′ = e^(2−x)(2x−10 − x² + 10x − 10) = e^(2−x)(−x² + 12x − 20), а не (−x² − 8x − 20)/(−x² − 12x − 20); критические точки 2 и 10, а не −10 и −2. Кроме того, не учтён отрезок [1; 7]: на нём минимум в x = 2, y(2) = −6.; проверяющий: кружок «−b/2a», исправил корни на 10 и 2, подчеркнул y(−10), «Дан промежуток [1;7]». Строка «Ответ:» пустая — решение не доведено. Политика п. 2.9 — пусто, ошибку указать в отзыве",,не записан,нет в условии
W127,test,22,1,0,not_solved,False,"по пометке +; y′=e^(26−x)(x−14)(16−x), x_max=16 — проверено",,x_{max} = 16,нет в условии
W128,test,1,1,1,correct,False,"по пометке +; ответ 74 совпадает с верным; Режим exam / политика п. 9.6 (answer_only): только ответы, проверено по условию",,74,74
W128,test,2,1,1,correct,False,"по пометке +; ответ 36 совпадает с верным; Режим exam / политика п. 9.6 (answer_only): только ответы, проверено по условию",,36,36
W128,test,3,1,1,correct,False,"по пометке +; ответ 46 совпадает с верным; Режим exam / политика п. 9.6 (answer_only): только ответы, проверено по условию",,46,46
W128,test,4,0,0,incorrect,False,"Ответ 45 неверный. CD — медиана к гипотенузе, CD = DB, поэтому ∠DCB = ∠B = 29°, ∠ACD = 90° − 29° = 61°. Ответ 61.; проверяющий: «—», исправлено на 61; Режим exam / политика п. 9.6 (answer_only): только ответы, проверено по условию","[conceptual] В прямоугольном треугольнике медиана к гипотенузе делит его на два равнобедренных треугольника: $CD = BD$, поэтому $\angle BCD = \angle B = 29^\circ$. Тогда $\angle ACD = 90^\circ - 29^\circ = 61^\circ$.",45,61
W128,test,5,0,0,incorrect,False,"Ответ 3,5 (неразборчиво, исправлено) неверный. Медиана CM = MB, поэтому ∠MCB = ∠B = 19°; биссектриса делит прямой угол пополам: ∠DCB = 45°. Угол между ними 45° − 19° = 26°.; проверяющий: «—», исправлено на 26; Режим exam / политика п. 9.6 (answer_only): только ответы, проверено по условию","[conceptual] Медиана $CM$ отсекает угол $\angle BCM = \angle B = 19^\circ$, а биссектриса $CD$ делит прямой угол пополам: $\angle BCD = 45^\circ$. Угол между ними равен $45^\circ - 19^\circ = 26^\circ$.","35,5",26
W128,test,6,0,0,incorrect,False,"Ответ 54 неверный. Угол между высотой и катетом CA равен ∠B, биссектриса образует с катетом 45°: |45° − ∠B| = 18°, ∠B = 27° или 63°. Меньший угол 27°.; проверяющий: «—», исправлено на 27; Режим exam / политика п. 9.6 (answer_only): только ответы, проверено по условию","[conceptual] Угол между биссектрисой прямого угла и высотой равен половине разности острых углов: $\frac{\alpha - \beta}{2} = 18^\circ$, откуда $\alpha - \beta = 36^\circ$. С учётом $\alpha + \beta = 90^\circ$ получаем меньший угол $\beta = 27^\circ$.",54,27
W128,test,7,0,0,incorrect,False,"Ответ 38 неверный. Медиана из вершины прямого угла образует с катетом угол, равный прилежащему острому углу; биссектриса — 45°: |45° − ∠B| = 16°, острые углы 29° и 61°. Меньший 29°.; проверяющий: «—», исправлено на 29; Режим exam / политика п. 9.6 (answer_only): только ответы, проверено по условию","[conceptual] Биссектриса делит прямой угол на углы по $45^\circ$. Угол между медианой и меньшим катетом (или гипотенузой с острым углом) равен $45^\circ - 16^\circ = 29^\circ$, что и равно меньшему острому углу треугольника.",38,29
W128,test,8,0,0,incorrect,False,"Ответ 17 неверный. Медиана CM образует с катетом CB угол, равный ∠B = 17° (CM = MB), высота CH — угол 90° − 17° = 73°; угол между высотой и медианой 73° − 17° = 56°. 17 — это данный угол, а не искомый.; проверяющий: «—», исправлено на 56; Режим exam / политика п. 9.6 (answer_only): только ответы, проверено по условию",[conceptual] Угол между высотой и медианой из прямого угла равен разности острых углов треугольника: $73^\circ - 17^\circ = 56^\circ$.,17,56
W128,test,9,0,0,incorrect,False,"Ответ 12 неверный. ∠MCB = ∠B = 65° (CM = MB), ∠HCB = 90° − 65° = 25°, угол между высотой и медианой 65° − 25° = 40°.; проверяющий: «—», исправлено на 40; Режим exam / политика п. 9.6 (answer_only): только ответы, проверено по условию",[conceptual] Острые углы треугольника равны $65^\circ$ и $90^\circ - 65^\circ = 25^\circ$. Угол между высотой и медианой равен модулю их разности: $65^\circ - 25^\circ = 40^\circ$.,12,40
W128,test,10,1,1,correct,False,"по пометке +; ответ 63 совпадает с верным; Режим exam / политика п. 9.6 (answer_only): только ответы, проверено по условию",,63,63
W128,test,11,1,1,correct,False,"по пометке +; ответ 119 совпадает с верным; Режим exam / политика п. 9.6 (answer_only): только ответы, проверено по условию",,119,119
W128,test,12,1,1,correct,False,"по пометке +; ответ 126 совпадает с верным; Режим exam / политика п. 9.6 (answer_only): только ответы, проверено по условию",,126,126
W128,test,13,1,1,correct,False,"по пометке +; ответ 114 совпадает с верным; Режим exam / политика п. 9.6 (answer_only): только ответы, проверено по условию",,114,114
W128,test,14,0,0,incorrect,False,"Ответ 90 неверный. В ромбе ∠ADC = 180° − 152° = 28°, диагональ BD — биссектриса угла D: ∠BDC = 28°/2 = 14°. (90° — угол между диагоналями, а спрашивали другой угол.); проверяющий: «—», исправлено на 14; Режим exam / политика п. 9.6 (answer_only): только ответы, проверено по условию","[conceptual] В ромбе $ABCD$ угол $\angle ADC = 180^\circ - 152^\circ = 28^\circ$. Диагональ $BD$ является биссектрисой угла $D$, значит $\angle BDC = 28^\circ / 2 = 14^\circ$.",90,14
W128,test,15,1,1,correct,False,"по пометке +; ответ 67 совпадает с верным; Режим exam / политика п. 9.6 (answer_only): только ответы, проверено по условию",,67,67
W128,test,16,1,1,correct,False,"по пометке +; ответ 8 совпадает с верным; Режим exam / политика п. 9.6 (answer_only): только ответы, проверено по условию",,8,8
W128,test,17,1,1,correct,False,"по пометке +; ответ 54 совпадает с верным; Режим exam / политика п. 9.6 (answer_only): только ответы, проверено по условию",,54,54
W128,test,18,1,1,correct,False,"по пометке +; ответ 28 совпадает с верным; Режим exam / политика п. 9.6 (answer_only): только ответы, проверено по условию",,28,28
W128,test,19,1,1,correct,False,"по пометке +; ответ 56,25 совпадает с верным; Режим exam / политика п. 9.6 (answer_only): только ответы, проверено по условию",,"56,25",56.25
W128,test,20,0,0,incorrect,False,"Ответ 80 неверный. В равностороннем треугольнике h = AB·√3/2, поэтому AB = 2·39√3/√3 = 78.; проверяющий: «—», исправлено на 78; Режим exam / политика п. 9.6 (answer_only): только ответы, проверено по условию","[computational] Для равностороннего треугольника со стороной $a$: $h = \frac{a\sqrt{3}}{2} = 39\sqrt{3}$, откуда $a = 39 \cdot 2 = 78$.",80,78
W128,test,21,1,1,correct,False,"по пометке +; ответ 7 совпадает с верным; Режим exam / политика п. 9.6 (answer_only): только ответы, проверено по условию",,7,7
W128,test,22,1,1,correct,False,"по пометке +; ответ 32 совпадает с верным; Режим exam / политика п. 9.6 (answer_only): только ответы, проверено по условию",,32,32
W128,test,23,1,1,correct,False,"по пометке +; ответ 6,5 совпадает с верным; Режим exam / политика п. 9.6 (answer_only): только ответы, проверено по условию",,"6,5",6.5
W129,test,9.3,1,0,incorrect,False,"проверяющий: «+, но лучше сократить», исправил букву o на k. Режим training / политика п. 1.11 — замечание: в ответе б) несокращённые дроби 20π/6 и 16π/6 (=10π/3, 8π/3). Также п. 4.3 — замечание: корни квадратного уравнения записаны как «D = −1/2; 4/3»; обозначение целого буквой o (фидбек: можно одну букву). Вторая серия записана неразборчиво (4π/3, знаменатель похож на 2) — по отбору в б) видно, что имелось в виду 4π/3; проверено: a) ±2π/3+2πk, б) 8π/3, 10π/3","[computational] При выписывании второй серии корней уравнения cos x = -1/2 ученик на странице 2 записал 4π/2 вместо 4π/3 (или -2π/3), что даёт неверную серию корней. | [notational] Обозначение D использовано для корней квадратного уравнения t вместо дискриминанта.","а) 2π/3 + 2πk, k ∈ Z; 4π/2 + 2πo, o ∈ Z (на стр. 1 также записано 4π/3 + 2πn); б) 20π/6, 16π/6","а) ±2π/3 + 2πk, k ∈ Z; б) 8π/3, 10π/3"
W129,test,14.1,1,1,correct,False,"по пометке +. Режим training / политика п. 4.3 — замечание: проверяющий зачеркнул «D» в записи «D = 1/2; 1» (это корни, а не дискриминант). П. 3.1 — замечание: описки в промежуточных строках («−1−2sin²x+3sinx=2» вместо «=0»; «x∈π+2πk» вместо π/6+2πk — проверяющий дописал π/6), дальше и в ответе верно. Проверено: а) π/6+2πk, 5π/6+2πk, π/2+2πk; б) 25π/6, 9π/2","[notational] Описка при переносе двойки: сначала справа осталась двойка, затем приведено к -1 - 2t^2 + 3t = 0. | [notational] Корни квадратного уравнения обозначены буквой D вместо t.","а) 5π/6 + 2πk, π/6 + 2πb, π/2 + 2πn (k, b, n ∈ Z); б) 9π/2, 25π/6","а) π/2 + 2πk, π/6 + 2πk, 5π/6 + 2πk, k ∈ Z; б) 25π/6, 9π/2"
W132,test,4а,1,1,correct,False,"по пометке +; проверено: 4x(x+1)≤0, [−1;0]",,x \in [-1; 0],[-1; 0]
W132,test,4б,0,0,not_solved,False,"Условия x≠1 и x≠5 (знаменатель не равен нулю) найдены, но не учтены в ответе. Верно: x∈(−∞;1)∪(1;5)∪(5;+∞), а не (−∞;+∞).; проверяющий: «−», «В ответе не учел» со стрелкой к x≠5, x≠1; политика п. 6.2 — ошибка",,x \in ( - ~~[?]~~ ),(-\infty; 1) \cup (1; 5) \cup (5; +\infty)
W132,test,4в,1,1,correct,False,"по пометке +; проверено: (x−2)(x²+2)=0, ответ {2}",,\{2\},\{2\}
W132,test,4г,1,1,correct,False,"по пометке +; проверено: x≠3, (−∞;3)∪(3;+∞)",,x \in (-\infty; 3) \cup (3; +\infty),(-\infty; 3) \cup (3; +\infty)
W132,test,5а,1,0,incorrect,False,по пометке +; проверено: {1}∪[2;+∞). Замечание (мелочь записи): в ответе запятая вместо знака ∪,"[conceptual] Степень 3 — нечётная, множитель $(x-1)^3$ меняет знак при переходе через 1 и не является неотрицательным на всей числовой прямой. | [conceptual] При $x < 1$ множитель $(x-1)^3 < 0$ и $(x-2) < 0$, поэтому их произведение положительно ($+$), а не отрицательно.",x \in \{1\} ; [2 ; +\infty),(-\infty; 1] \cup [2; +\infty)
W132,test,5б,1,1,correct,False,"по пометке +; проверено: (x−1)²(x+2)≤0, (−∞;−2]∪{1}",,x \in (-\infty ; -2] \cup \{1\},(-\infty; -2] \cup \{1\}
W132,test,6а,1,1,correct,False,по пометке +; проверено: {−1}∪(2;+∞),,x \in \{-1\} \cup (2; +\infty),\{-1\} \cup (2; +\infty)
W132,test,6б,1,1,correct,False,по пометке +; проверено: (−∞;−2)∪{1},,x \in (-\infty; -2) \cup \{1\},(-\infty; -2) \cup \{1\}
W132,test,6в,0,0,incorrect,False,"Ошибка знака при приведении к общему знаменателю: 2 = 2x(x−1)/(x(x−1)), а записано так, будто вычитается 2x(x+1) (получено −3x(x+1)). Верный числитель: (x−1)² − x(x+1) − 2x(x−1) = −2x² − x + 1 = −(2x−1)(x+1).; проверяющий: подчёркивания, синим записан верный числитель (x−1)²−x(x+1)−2x(x−1), «Разные знаки» | Числитель (x−1)² − 3x(x+1) — это разность, а нули взяты только из −3x(x+1) (x=0, x=−1), как будто числитель — произведение; слагаемое (x−1)² потеряно. Числитель нужно привести к многочлену и разложить на множители. Верный ответ: (−∞;−1)∪(0;1/2)∪(1;+∞).; пометок к этому шагу нет, проверено вручную (самостоятельная ошибка, не следствие первой); итоговый ответ (−1;0)∪(1;+∞) неверный","[computational] Ошибка при приведении к общему знаменателю: $-2 \cdot x(x-1) = -2x(x-1)$, а не $-2x(x+1)$, что привело к неверному выражению в числителе. | [conceptual] В числителе стояла сумма/разность $(x-1)^2 - 3x(x+1)$, а не произведение этих множителей.",x \in (-1; 0) \cup (1; +\infty),(-\infty; -1) \cup (0; 1/2) \cup (1; +\infty)
W132,test,6г,,0,not_solved,False,"задача начата и брошена (переписано условие) — политика п. 12.1, пусто",,,(-\infty; 1/4] \cup [2; 11/4)
W133,test,30,1,,unclear,False,"по пометке +; условий №30–51 в работе нет (task_1.jpg — задача по физике, к работе не относится), проверено только по пометке",,5,
W133,test,31.1,1,,unclear,False,"по пометке +; условий №30–51 в работе нет (task_1.jpg — задача по физике, к работе не относится), проверено только по пометке",,3,
W133,test,31.2,1,,unclear,False,"по пометке +; условий №30–51 в работе нет (task_1.jpg — задача по физике, к работе не относится), проверено только по пометке",,4,
W133,test,31.3,1,,unclear,False,"по пометке +; условий №30–51 в работе нет (task_1.jpg — задача по физике, к работе не относится), проверено только по пометке",,5,
W133,test,31.4,1,,unclear,False,"по пометке +; условий №30–51 в работе нет (task_1.jpg — задача по физике, к работе не относится), проверено только по пометке",,6,
W133,test,32.1,1,,unclear,False,"по пометке +; условий №30–51 в работе нет (task_1.jpg — задача по физике, к работе не относится), проверено только по пометке",,5,
W133,test,32.2,1,,unclear,False,"по пометке +; условий №30–51 в работе нет (task_1.jpg — задача по физике, к работе не относится), проверено только по пометке",,9,
W133,test,32.3,1,,unclear,False,"по пометке +; условий №30–51 в работе нет (task_1.jpg — задача по физике, к работе не относится), проверено только по пометке",,4,
W133,test,32.4,1,,unclear,False,"по пометке +; условий №30–51 в работе нет (task_1.jpg — задача по физике, к работе не относится), проверено только по пометке",,6,
W133,test,33.1,0,,unclear,False,"Найдена точка минимума (x=3), а в задании требуется точка максимума — точка, в которой производная меняет знак с «+» на «−».; проверяющий: «−» и «Точка min, а нужна max» (общая пометка на 1)–4)); условий №30–51 в работе нет (task_1.jpg — задача по физике, к работе не относится), проверено только по пометке; ситуация 1.1 не применялась — нужная точка не получается из найденной действием, это непонимание вида экстремума",,3,
W133,test,33.2,0,,unclear,False,"Найдена точка минимума (x=4), а в задании требуется точка максимума — точка, в которой производная меняет знак с «+» на «−».; проверяющий: «−» и «Точка min, а нужна max» (общая пометка на 1)–4)); условий №30–51 в работе нет (task_1.jpg — задача по физике, к работе не относится), проверено только по пометке; ситуация 1.1 не применялась — нужная точка не получается из найденной действием, это непонимание вида экстремума",,4,
W133,test,33.3,0,,unclear,False,"Найдена точка минимума (x=4), а в задании требуется точка максимума — точка, в которой производная меняет знак с «+» на «−».; проверяющий: «−» и «Точка min, а нужна max» (общая пометка на 1)–4)); условий №30–51 в работе нет (task_1.jpg — задача по физике, к работе не относится), проверено только по пометке; ситуация 1.1 не применялась — нужная точка не получается из найденной действием, это непонимание вида экстремума",,4,
W133,test,33.4,0,,unclear,False,"Найдена точка минимума (x=9), а в задании требуется точка максимума — точка, в которой производная меняет знак с «+» на «−».; проверяющий: «−» и «Точка min, а нужна max» (общая пометка на 1)–4)); условий №30–51 в работе нет (task_1.jpg — задача по физике, к работе не относится), проверено только по пометке; ситуация 1.1 не применялась — нужная точка не получается из найденной действием, это непонимание вида экстремума",,9,
W133,test,34,1,,unclear,False,"по пометке +; ответ «1» (исправлен поверх другой цифры), рядом x=10 и зачёркнутые записи; условий №30–51 в работе нет (task_1.jpg — задача по физике, к работе не относится), проверено только по пометке",,1,
W133,test,35,1,,unclear,False,"по пометке +; черновые записи зачёркнуты; условий №30–51 в работе нет (task_1.jpg — задача по физике, к работе не относится), проверено только по пометке",,4,
W133,test,36,0,,unclear,False,"Ответ 13 неверный. Проверяющий обвёл «1» — по-видимому, это верный ответ (условия в работе нет, проверить нельзя).; проверяющий: «−» и обведённая «1»; условий №30–51 в работе нет (task_1.jpg — задача по физике, к работе не относится), проверено только по пометке",,13,
W133,test,37,1,,unclear,False,"по пометке +; условий №30–51 в работе нет (task_1.jpg — задача по физике, к работе не относится), проверено только по пометке",,2,
W133,test,38.1,1,,unclear,False,"по пометке +; условий №30–51 в работе нет (task_1.jpg — задача по физике, к работе не относится), проверено только по пометке",,-6,
W133,test,38.2,1,,unclear,False,"по пометке +; условий №30–51 в работе нет (task_1.jpg — задача по физике, к работе не относится), проверено только по пометке",,4,
W133,test,38.3,1,,unclear,False,"по пометке +; условий №30–51 в работе нет (task_1.jpg — задача по физике, к работе не относится), проверено только по пометке",,-2,
W133,test,38.4,1,,unclear,False,"по пометке +; условий №30–51 в работе нет (task_1.jpg — задача по физике, к работе не относится), проверено только по пометке",,9,
W133,test,39,1,,unclear,False,"по пометке +; выписано x=2, в ответе 1 — по-видимому, спрашивалось не значение x; условий №30–51 в работе нет (task_1.jpg — задача по физике, к работе не относится), проверено только по пометке",,1,
W133,test,40,1,,unclear,False,"по пометке +; условий №30–51 в работе нет (task_1.jpg — задача по физике, к работе не относится), проверено только по пометке",,4,
W133,test,41,1,,unclear,False,"по пометке +; условий №30–51 в работе нет (task_1.jpg — задача по физике, к работе не относится), проверено только по пометке",,4,
W133,test,42,1,,unclear,False,"по пометке +; ответ исправлен поверх (читается как 1, неразборчиво), рядом x=3; условий №30–51 в работе нет (task_1.jpg — задача по физике, к работе не относится), проверено только по пометке",,1,
W133,test,43,1,,unclear,False,"по пометке +; условий №30–51 в работе нет (task_1.jpg — задача по физике, к работе не относится), проверено только по пометке",,4,
W133,test,44,1,,unclear,False,"по пометке +; условий №30–51 в работе нет (task_1.jpg — задача по физике, к работе не относится), проверено только по пометке",,-2,
W133,test,45,1,,unclear,False,"по пометке +; условий №30–51 в работе нет (task_1.jpg — задача по физике, к работе не относится), проверено только по пометке",,5,
W133,test,46,1,,unclear,False,"по пометке +; условий №30–51 в работе нет (task_1.jpg — задача по физике, к работе не относится), проверено только по пометке",,5,
W133,test,47,1,,unclear,False,"по пометке +; условий №30–51 в работе нет (task_1.jpg — задача по физике, к работе не относится), проверено только по пометке",,-1,
W133,test,48,1,,unclear,False,"по пометке +; условий №30–51 в работе нет (task_1.jpg — задача по физике, к работе не относится), проверено только по пометке",,-4,
W133,test,49,1,,unclear,False,"по пометке +; условий №30–51 в работе нет (task_1.jpg — задача по физике, к работе не относится), проверено только по пометке; проверяющий: «Супер!»",,-1,
W133,test,50,1,,unclear,False,"по пометке +; условий №30–51 в работе нет (task_1.jpg — задача по физике, к работе не относится), проверено только по пометке",,-1,
W133,test,51,1,,unclear,False,"по пометке +; условий №30–51 в работе нет (task_1.jpg — задача по физике, к работе не относится), проверено только по пометке",,8,
W135,test,3,1,1,correct,False,"по пометке + + (два плюса у ответа 10; 15); x²=36, MA2=10, MB2=15 — верно. Режим training.","[presentation] Прямые A1B1 и A2B2 параллельны не просто потому, что лежат в параллельных плоскостях (они могли бы быть скрещивающимися), а потому, что плоскость MA2B2 пересекает параллельные плоскости по параллельным прямым. | [notational] Описка в промежуточной записи раскрытия пропорции 4(9+x) = x(4+x): пропущен x в левой части (36 + 4x), однако уравнение решено верно: x = 6.",10; 15,MA_2 = 10 см; MB_2 = 15 см
