work,task_no,student_id,task_key,split,label,y_error,human_missed,exam,exam_task,topic,subtopic,has_figure,legibility_mean,legibility_min,n_pages,unclear_marks_work,strikes_work,unclear_marks_page,task_page_known,key_type,key_confidence,key_answer,ocr_disagree_work,ocr_disagree_page,g_final_cur__pred_error,g_final_cur__n_err_substantive,g_final_cur__n_err_confirmed,g_final_cur__n_err_contradicted,g_final_cur__key_vs_student,g_final_cur__key_vs_model_answer,g_final_cur__frac_incorrect,g_final_cur__vote_entropy,g_final_cur__reasoning_per_task,g_final_cur__student_answer,g_final_cur__key_in_work,g_final_cur__segment_found,g_final_cur__wrong,g_final_curpol__pred_error,g_final_curpol__n_err_substantive,g_final_curpol__n_err_confirmed,g_final_curpol__n_err_contradicted,g_final_curpol__key_vs_student,g_final_curpol__key_vs_model_answer,g_final_curpol__frac_incorrect,g_final_curpol__vote_entropy,g_final_curpol__reasoning_per_task,g_final_curpol__student_answer,g_final_curpol__key_in_work,g_final_curpol__segment_found,g_final_curpol__wrong,n_voters,votes_error_share,voters_disagree,key_vs_student,model_vs_key_disagree
W001,В1-1.1,S001,W001,dev,1,0,0,школьная программа,,алгебра-уравнения,иррациональные уравнения (простейшие),0,2.0,2,3,1,5,0,1,number,high,3,,,0,0,0,0,1,1,0.0,,0.0,3,1,0,0,0,0,0,0,1,1,0.0,,0.0,3,1,0,0,2,0.0,0,1,0
W001,В1-1.2,S001,W001,dev,1,0,0,школьная программа,,алгебра-уравнения,иррациональные уравнения (простейшие),0,2.0,2,3,1,5,0,1,number,high,1,,,0,0,0,0,1,1,0.0,,0.0,1,,0,0,0,0,0,0,1,1,0.0,,0.0,1,,0,0,2,0.0,0,1,0
W001,В1-2.1,S001,W001,dev,0,1,0,школьная программа,,алгебра-неравенства,иррациональные неравенства (простейшие),0,2.0,2,3,1,5,0,1,interval,high,[2/3; 2),,,1,1,0,0,0,1,1.0,,0.0,(2/3; 2),,1,0,1,1,0,0,0,1,1.0,,0.0,(2/3; 2),,1,0,2,1.0,0,0,0
W001,В1-2.2,S001,W001,dev,1,0,0,школьная программа,,алгебра-неравенства,иррациональные неравенства (простейшие),0,2.0,2,3,1,5,0,1,interval,medium,(-∞; -5),,,0,0,0,0,1,1,0.0,,0.0,(-∞; -5),,1,0,0,0,0,0,1,1,0.0,,0.0,(-∞; -5),,1,0,2,0.0,0,1,0
W001,В1-2.3,S001,W001,dev,1,0,0,школьная программа,,алгебра-неравенства,иррациональные неравенства (простейшие),0,2.0,2,3,1,5,0,1,interval,medium,"(-∞; 0,8]",,,0,0,0,0,1,1,0.0,,0.0,"(-∞; 0,8]",,1,0,0,0,0,0,1,1,0.0,,0.0,"(-∞; 0,8]",,1,0,2,0.0,0,1,0
W001,В1-3.1,S001,W001,dev,1,0,0,школьная программа,,алгебра-уравнения,иррациональные уравнения вида √f=g,0,2.0,2,3,1,5,0,1,set,high,1; 10,,,0,0,0,0,1,1,0.0,,0.0,1; 10,,1,0,0,0,0,0,1,1,0.0,,0.0,1; 10,,1,0,2,0.0,0,1,0
W001,В1-4,S001,W001,dev,0,1,0,школьная программа,,алгебра-неравенства,иррациональные неравенства вида √f<g,0,2.0,2,3,1,5,1,1,interval,high,(-1; +∞),,,1,1,0,0,1,1,1.0,,0.0,(-1; +∞),,1,0,1,1,0,0,1,1,1.0,,0.0,(-1; +∞),,1,0,2,1.0,0,1,1
W001,В2-1.1,S001,W001,dev,1,0,0,школьная программа,,алгебра-уравнения,иррациональные уравнения (простейшие),0,2.0,2,3,1,5,1,1,number,high,2,,,0,0,0,0,1,1,0.0,,0.0,2,,1,0,0,0,0,0,1,1,0.0,,0.0,2,,1,0,2,0.0,0,1,0
W001,В2-1.2,S001,W001,dev,1,0,0,школьная программа,,алгебра-уравнения,иррациональные уравнения (простейшие),0,2.0,2,3,1,5,1,1,number,high,5,,,0,0,0,0,1,1,0.0,,0.0,5,1,1,0,0,0,0,0,1,1,0.0,,0.0,5,1,1,0,2,0.0,0,1,0
W001,В2-2.1,S001,W001,dev,0,1,0,школьная программа,,алгебра-неравенства,иррациональные неравенства (простейшие),0,2.0,2,3,1,5,1,1,interval,high,"[-23; 1,5]",,,1,1,0,0,0,1,1.0,,0.0,"[-2; 1,5)",,1,0,1,1,0,0,0,1,1.0,,0.0,"[-2; 1,5)",,1,0,2,1.0,0,0,0
W001,В2-2.2,S001,W001,dev,0,1,0,школьная программа,,алгебра-неравенства,иррациональные неравенства (простейшие),0,2.0,2,3,1,5,1,1,interval,medium,(-∞; 1],,,1,1,0,0,0,1,1.0,,0.0,(-∞; 1),,1,0,1,1,0,0,0,1,1.0,,0.0,(-∞; 1),,1,0,2,1.0,0,0,0
W001,В2-2.3,S001,W001,dev,1,0,0,школьная программа,,алгебра-неравенства,иррациональные неравенства (простейшие),0,2.0,2,3,1,5,0,1,interval,medium,"(-∞; -5,5)",,,0,0,0,0,1,1,0.0,,0.0,"(-∞; -5,5)",,0,0,0,0,0,0,1,1,0.0,,0.0,"(-∞; -5,5)",,0,0,2,0.0,0,1,0
W001,В2-3.1,S001,W001,dev,1,0,0,школьная программа,,алгебра-уравнения,иррациональные уравнения вида √f=g,0,2.0,2,3,1,5,0,1,set,high,-5; 1,,,0,0,0,0,1,1,0.0,,0.0,-5; 1,,1,0,0,0,0,0,1,1,0.0,,0.0,-5; 1,,1,0,2,0.0,0,1,0
W001,В2-4,S001,W001,dev,0,1,0,школьная программа,,алгебра-неравенства,иррациональные неравенства вида √f<g,0,2.0,2,3,1,5,0,1,interval,high,(1; 26],,,1,1,0,0,1,1,1.0,,0.0,(1; 26],,1,0,1,1,0,0,1,1,1.0,,0.0,(1; 26],,1,0,2,1.0,0,1,1
W002,1,S002,W002,dev,1,0,0,ЕГЭ проф,12,производная,"точки экстремума, наибольшее/наименьшее значение на отрезке",0,1.75,1,4,3,18,0,1,number,high,-2,,,0,0,0,0,1,1,0.0,,0.0,-2,,0,0,0,0,0,0,1,1,0.0,,0.0,-2,,0,0,2,0.0,0,1,0
W002,10,S002,W002,dev,1,0,0,ЕГЭ проф,12,производная,"точки экстремума, наибольшее/наименьшее значение на отрезке",0,1.75,1,4,3,18,0,1,number,high,4,,,0,0,0,0,1,1,0.0,,0.0,4,1,0,0,0,0,0,0,1,1,0.0,,0.0,4,1,0,0,2,0.0,0,1,0
W002,11,S002,W002,dev,1,0,0,ЕГЭ проф,12,производная,"точки экстремума, наибольшее/наименьшее значение на отрезке",0,1.75,1,4,3,18,0,1,number,high,14,,,0,0,0,0,1,1,0.0,,0.0,14,1,0,0,0,0,0,0,1,1,0.0,,0.0,14,1,0,0,2,0.0,0,1,0
W002,12,S002,W002,dev,1,0,0,ЕГЭ проф,12,производная,"точки экстремума, наибольшее/наименьшее значение на отрезке",0,1.75,1,4,3,18,0,1,number,high,-119,,,0,0,0,0,1,1,0.0,,0.0,-119,1,0,0,0,0,0,0,1,1,0.0,,0.0,-119,1,0,0,2,0.0,0,1,0
W002,13,S002,W002,dev,1,0,0,ЕГЭ проф,12,производная,"точки экстремума, наибольшее/наименьшее значение на отрезке",0,1.75,1,4,3,18,0,1,number,high,3,,,0,0,0,0,1,1,0.0,,0.0,3,1,0,0,0,0,0,0,1,1,0.0,,0.0,3,1,0,0,2,0.0,0,1,0
W002,14,S002,W002,dev,1,0,0,ЕГЭ проф,12,производная,"точки экстремума, наибольшее/наименьшее значение на отрезке",0,1.75,1,4,3,18,0,1,number,high,-1,,,0,0,0,0,1,1,0.0,,0.0,-1,,0,0,0,0,0,0,1,1,0.0,,0.0,-1,,0,0,2,0.0,0,1,0
W002,15,S002,W002,dev,0,1,0,ЕГЭ проф,12,производная,"точки экстремума, наибольшее/наименьшее значение на отрезке",0,1.75,1,4,3,18,3,1,number,high,10,,,1,1,0,0,1,1,1.0,,0.0,10,1,0,0,1,1,0,0,1,1,1.0,,0.0,10,1,0,0,2,1.0,0,1,1
W002,19,S002,W002,dev,0,1,0,ЕГЭ проф,12,производная,"точки экстремума, наибольшее/наименьшее значение на отрезке",0,1.75,1,4,3,18,3,1,number,high,7,,,1,1,0,0,0,1,1.0,,0.0,-1,1,0,0,1,1,0,0,0,1,1.0,,0.0,-1,1,0,0,2,1.0,0,0,0
W002,2,S002,W002,dev,1,0,0,ЕГЭ проф,12,производная,"точки экстремума, наибольшее/наименьшее значение на отрезке",0,1.75,1,4,3,18,0,1,number,high,-8,,,0,0,0,0,1,1,0.0,,0.0,-8,1,0,0,0,0,0,0,1,1,0.0,,0.0,-8,1,0,0,2,0.0,0,1,0
W002,3,S002,W002,dev,1,0,0,ЕГЭ проф,12,производная,"точки экстремума, наибольшее/наименьшее значение на отрезке",0,1.75,1,4,3,18,0,1,number,high,5,,,0,0,0,0,1,1,0.0,,0.0,5,1,0,0,0,0,0,0,1,1,0.0,,0.0,5,1,0,0,2,0.0,0,1,0
W002,4,S002,W002,dev,1,0,0,ЕГЭ проф,12,производная,"точки экстремума, наибольшее/наименьшее значение на отрезке",0,1.75,1,4,3,18,0,1,number,high,10,,,0,0,0,0,1,1,0.0,,0.0,10,1,0,0,0,0,0,0,1,1,0.0,,0.0,10,1,0,0,2,0.0,0,1,0
W002,5,S002,W002,dev,1,0,0,ЕГЭ проф,12,производная,"точки экстремума, наибольшее/наименьшее значение на отрезке",0,1.75,1,4,3,18,0,1,number,high,288,,,0,0,0,0,1,1,0.0,,0.0,288,1,0,0,0,0,0,0,1,1,0.0,,0.0,288,1,0,0,2,0.0,0,1,0
W002,6,S002,W002,dev,1,0,0,ЕГЭ проф,12,производная,"точки экстремума, наибольшее/наименьшее значение на отрезке",0,1.75,1,4,3,18,0,1,number,high,131,,,0,0,0,0,1,1,0.0,,0.0,131,1,0,0,0,0,0,0,1,1,0.0,,0.0,131,1,0,0,2,0.0,0,1,0
W002,7,S002,W002,dev,1,0,0,ЕГЭ проф,12,производная,"точки экстремума, наибольшее/наименьшее значение на отрезке",0,1.75,1,4,3,18,0,1,number,high,17,,,1,1,0,0,1,1,1.0,,0.0,17,1,0,1,0,0,0,0,1,1,0.0,,0.0,17,1,0,0,2,0.5,1,1,1
W002,8,S002,W002,dev,1,0,0,ЕГЭ проф,12,производная,"точки экстремума, наибольшее/наименьшее значение на отрезке",0,1.75,1,4,3,18,0,1,number,high,12,,,0,0,0,0,1,1,0.0,,0.0,12,1,0,0,0,0,0,0,1,1,0.0,,0.0,12,1,0,0,2,0.0,0,1,0
W002,9,S002,W002,dev,0,1,0,ЕГЭ проф,12,производная,"точки экстремума, наибольшее/наименьшее значение на отрезке",0,1.75,1,4,3,18,0,1,number,high,4,,,1,1,0,0,,1,1.0,,0.0,нет точки минимума,1,0,0,1,1,0,0,,1,1.0,,0.0,нет точки минимума,1,0,0,2,1.0,0,,
W003,5а,S003,W003,dev,0,1,0,ЕГЭ проф,13,тригонометрия,тригонометрические уравнения с отбором корней на отрезке,0,2.0,2,2,3,15,3,1,series,high,"x = π/4 + πk, k∈Z",,,0,0,0,0,,,0.0,,0.0,X_1 = \frac{\pi}{4} + 2\pi k; k \in \mathbb{Z}; X_2 = \frac{5\pi}{4} + 2\pi n; n \in \mathbb{Z},,0,1,0,0,0,0,,,0.0,,0.0,X_1 = \frac{\pi}{4} + 2\pi k; k \in \mathbb{Z}; X_2 = \frac{5\pi}{4} + 2\pi n; n \in \mathbb{Z},,0,1,2,0.0,0,,
W003,5б,S003,W003,dev,1,0,0,ЕГЭ проф,13,тригонометрия,тригонометрические уравнения с отбором корней на отрезке,0,2.0,2,2,3,15,3,1,expression,high,-19π/4,,,0,0,0,0,,,0.0,,0.0,-19\pi/4,1,0,0,0,0,0,0,,,0.0,,0.0,-19\pi/4,1,0,0,2,0.0,0,,
W003,6а,S003,W003,dev,1,0,0,ЕГЭ проф,13,тригонометрия,тригонометрические уравнения с отбором корней на отрезке,0,2.0,2,2,3,15,3,1,series,high,"x = π/6 + 2πk; x = 5π/6 + 2πk; x = -π/3 + 2πk; x = -2π/3 + 2πk, k∈Z",,,0,0,0,0,,,0.0,,0.0,"x_1 = \frac{\pi}{6} + 2\pi k, k \in \mathbb{Z}; x_2 = \frac{5\pi}{6} + 2\pi n, n \in \mathbb{Z}; x_3 = \frac{4\pi}{3} + 2\pi h, h \in \mathbb{Z}; x_4 = \frac{5\pi}{3} + 2\pi c, c \in \mathbb{Z}",,1,0,0,0,0,0,,,0.0,,0.0,"x_1 = \frac{\pi}{6} + 2\pi k, k \in \mathbb{Z}; x_2 = \frac{5\pi}{6} + 2\pi n, n \in \mathbb{Z}; x_3 = \frac{4\pi}{3} + 2\pi h, h \in \mathbb{Z}; x_4 = \frac{5\pi}{3} + 2\pi c, c \in \mathbb{Z}",,1,0,2,0.0,0,,
W003,6б,S003,W003,dev,0,1,0,ЕГЭ проф,13,тригонометрия,тригонометрические уравнения с отбором корней на отрезке,0,2.0,2,2,3,15,0,1,set,high,-14π/3; -13π/3; -23π/6,,,1,1,0,0,0,1,1.0,,0.0,-23\pi/6; -14\pi/3; -7\pi/3,,0,0,1,1,0,0,0,1,1.0,,0.0,-23\pi/6; -14\pi/3; -7\pi/3,,0,0,2,1.0,0,0,0
W003,7а,S003,W003,dev,1,0,0,ЕГЭ проф,13,тригонометрия,тригонометрические уравнения с отбором корней на отрезке,0,2.0,2,2,3,15,0,1,series,high,"x = π/2 + πk; x = 5π/6 + 2πk, k∈Z",,,0,0,0,0,,,0.0,,0.0,"x_1 = \frac{\pi}{2} + 2\pi k, k \in \mathbb{Z}; x_2 = \frac{3\pi}{2} + 2\pi n, n \in \mathbb{Z}; x_3 = \frac{5\pi}{6} + 2\pi h, h \in \mathbb{Z}",,1,0,0,0,0,0,,,0.0,,0.0,"x_1 = \frac{\pi}{2} + 2\pi k, k \in \mathbb{Z}; x_2 = \frac{3\pi}{2} + 2\pi n, n \in \mathbb{Z}; x_3 = \frac{5\pi}{6} + 2\pi h, h \in \mathbb{Z}",,1,0,2,0.0,0,,
W003,7б,S003,W003,dev,1,0,0,ЕГЭ проф,13,тригонометрия,тригонометрические уравнения с отбором корней на отрезке,0,2.0,2,2,3,15,0,1,set,high,-11π/2; -31π/6; -9π/2,,,0,0,0,0,1,1,0.0,,0.0,-11\pi/2; -9\pi/2; -31\pi/6,,1,0,0,0,0,0,1,1,0.0,,0.0,-11\pi/2; -9\pi/2; -31\pi/6,,1,0,2,0.0,0,1,0
W004,1,S004,W004,dev,1,0,0,школьная программа,,алгебра-неравенства,"линейные неравенства и их системы, оценка выражений",0,2.0,2,4,0,0,0,1,interval,high,"(-∞; 1,6)",,,0,0,0,0,1,1,0.0,,0.0,(-\infty ; 1\frac{3}{5}),,1,0,0,0,0,0,1,1,0.0,,0.0,(-\infty ; 1\frac{3}{5}),,1,0,2,0.0,0,1,0
W004,3,S004,W004,dev,0,1,1,школьная программа,,алгебра-неравенства,"линейные неравенства и их системы, оценка выражений",0,2.0,2,4,0,0,0,1,interval,high,"(-0,5; 4/3]",,,1,0,0,0,0,1,1.0,,0.0,(-1/2 ; 1 1/3),,0,0,1,0,0,0,0,1,1.0,,0.0,(-1/2 ; 1 1/3),,0,0,2,1.0,0,0,0
W004,4,S004,W004,dev,0,1,0,школьная программа,,алгебра-неравенства,"линейные неравенства и их системы, оценка выражений",0,2.0,2,4,0,0,0,1,interval,high,"(6; 6,3)",,,1,1,0,0,0,0,1.0,,0.0,"5 < 2x + y < 6,3",,1,0,1,1,0,0,0,0,1.0,,0.0,"5 < 2x + y < 6,3",,1,0,2,1.0,0,0,0
W004,5,S004,W004,dev,0,1,0,школьная программа,,алгебра-неравенства,"линейные неравенства и их системы, оценка выражений",0,2.0,2,4,0,0,0,1,interval,high,"(0,6; +∞)",,,1,1,0,0,0,1,1.0,,0.0,[1; +\infty],,1,0,1,1,0,0,0,1,1.0,,0.0,[1; +\infty],,1,0,2,1.0,0,0,0
W004,7,S004,W004,dev,1,0,0,школьная программа,,алгебра-неравенства,"линейные неравенства и их системы, оценка выражений",0,2.0,2,4,0,0,0,1,set,medium,5; 6; 7; 8; 9,,,1,1,0,0,0,1,1.0,,0.0,"[4,5; 10)",,1,1,0,0,0,0,0,1,0.0,,0.0,"[4,5; 10)",,1,0,2,0.5,1,0,0
W005,В1-1б,S005,W005,dev,1,0,0,школьная программа,,тригонометрия,"тригонометрические формулы: вычисление, упрощение, тождества",0,1.0,1,2,6,15,6,1,number,high,"0,5",,,0,0,0,0,1,1,0.0,,0.0,"0,5",1,0,0,0,0,0,0,1,1,0.0,,0.0,"0,5",1,0,0,2,0.0,0,1,0
W005,В1-2,S005,W005,dev,0,1,0,школьная программа,,тригонометрия,"тригонометрические формулы: вычисление, упрощение, тождества",0,1.0,1,2,6,15,6,1,number,high,-5/13,,,1,1,0,0,0,1,1.0,,0.0,5/13,0,0,0,1,1,0,0,0,1,1.0,,0.0,5/13,0,0,0,2,1.0,0,0,0
W005,В1-3.2,S005,W005,dev,1,0,0,школьная программа,,тригонометрия,"тригонометрические формулы: вычисление, упрощение, тождества",0,1.0,1,2,6,15,6,1,expression,high,-1/(sin α + cos α),,,0,0,0,0,,,0.0,,0.0,-1/(\sin\alpha+\cos\alpha),,0,0,0,0,0,0,,,0.0,,0.0,-1/(\sin\alpha+\cos\alpha),,0,0,2,0.0,0,,
W005,В1-3.3,S005,W005,dev,1,0,0,школьная программа,,тригонометрия,"тригонометрические формулы: вычисление, упрощение, тождества",0,1.0,1,2,6,15,6,1,expression,high,tg α,,,0,0,0,0,,,0.0,,0.0,\operatorname{tg}\alpha,,0,0,0,0,0,0,,,0.0,,0.0,\operatorname{tg}\alpha,,0,0,2,0.0,0,,
W005,В1-4,S005,W005,dev,0,1,1,школьная программа,,тригонометрия,"тригонометрические формулы: вычисление, упрощение, тождества",0,1.0,1,2,6,15,6,1,number,high,-√3,,,1,1,0,0,1,1,1.0,,0.0,-\sqrt{3},1,0,0,1,1,0,0,1,1,1.0,,0.0,-\sqrt{3},1,0,0,2,1.0,0,1,1
W005,В1-5,S005,W005,dev,1,0,0,школьная программа,,тригонометрия,"тригонометрические формулы: вычисление, упрощение, тождества",0,1.0,1,2,6,15,6,1,proof,high,—,,,0,0,0,0,,,0.0,,0.0,(1+\sin\alpha)/\cos\alpha,,0,0,0,0,0,0,,,0.0,,0.0,(1+\sin\alpha)/\cos\alpha,,0,0,2,0.0,0,,
W005,В2-2,S005,W005,dev,0,1,0,школьная программа,,тригонометрия,"тригонометрические формулы: вычисление, упрощение, тождества",0,1.0,1,2,6,15,0,1,number,high,"-0,6",,,0,0,0,0,1,1,0.0,,0.0,-3/5,1,0,1,0,0,0,0,1,1,0.0,,0.0,-3/5,1,0,1,2,0.0,0,1,0
W005,В2-3.1,S005,W005,dev,1,0,0,школьная программа,,тригонометрия,"тригонометрические формулы: вычисление, упрощение, тождества",0,1.0,1,2,6,15,0,1,expression,high,2sin α cos β,,,1,0,0,0,,,0.0,,0.0,нет ответа (зачёркнут верный результат),,0,1,1,0,0,0,,,0.0,,0.0,нет ответа (зачёркнут верный результат),,0,1,2,1.0,0,,
W005,В2-3.2,S005,W005,dev,1,0,0,школьная программа,,тригонометрия,"тригонометрические формулы: вычисление, упрощение, тождества",0,1.0,1,2,6,15,0,1,expression,high,1/(sin α - cos α),,,1,1,0,0,,,1.0,,0.0,(\sin\alpha - \cos\alpha)/(1 - \sin 2\alpha),,0,1,0,0,0,0,,,0.0,,0.0,(\sin\alpha - \cos\alpha)/(1 - \sin 2\alpha),,0,0,2,0.5,1,,
W005,В2-3.3,S005,W005,dev,1,0,0,школьная программа,,тригонометрия,"тригонометрические формулы: вычисление, упрощение, тождества",0,1.0,1,2,6,15,0,1,expression,high,tg α,,,0,0,0,0,,,0.0,,0.0,\operatorname{tg}\alpha,,0,0,0,0,0,0,,,0.0,,0.0,\operatorname{tg}\alpha,,0,0,2,0.0,0,,
W005,В2-4,S005,W005,dev,1,0,0,школьная программа,,тригонометрия,"тригонометрические формулы: вычисление, упрощение, тождества",0,1.0,1,2,6,15,0,1,number,high,-√2,,,1,1,0,0,1,1,1.0,,0.0,-\sqrt{2},1,0,1,0,0,0,0,1,1,0.0,,0.0,-\sqrt{2},1,0,0,2,0.5,1,1,1
W005,В2-5,S005,W005,dev,1,0,0,школьная программа,,тригонометрия,"тригонометрические формулы: вычисление, упрощение, тождества",0,1.0,1,2,6,15,0,1,proof,high,—,,,0,0,0,0,,,0.0,,0.0,(1+\cos\alpha)/\sin\alpha,,0,0,0,0,0,0,,,0.0,,0.0,(1+\cos\alpha)/\sin\alpha,,0,0,2,0.0,0,,
W006,25.1а,S006,W006,dev,0,1,1,ЕГЭ проф,13,тригонометрия,тригонометрические уравнения (разложение на множители),0,2.0,2,3,0,2,0,1,series,high,"x = πk; x = -π/4 + 2πk; x = -3π/4 + 2πk, k∈Z",,,1,1,0,0,,,1.0,,0.0,"x_1 = 5pi/4 + 2pi*n, n in Z; x_2 = 7pi/4 + 2pi*n, n in Z",,0,0,1,1,0,0,,,1.0,,0.0,"x_1 = 5pi/4 + 2pi*n, n in Z; x_2 = 7pi/4 + 2pi*n, n in Z",,0,0,2,1.0,0,,
W006,26.4а,S006,W006,dev,0,1,0,ЕГЭ проф,13,тригонометрия,тригонометрические уравнения (разложение на множители),0,2.0,2,3,0,2,0,1,series,high,"x = π/2 + 2πk; x = ±3π/4 + 2πk, k∈Z",,,1,1,0,0,,,1.0,,0.0,"x_1 = 3pi/4 + 2pi*n, n in Z; x_2 = 5pi/4 + 2pi*n, n in Z",,0,0,1,1,0,0,,,1.0,,0.0,"x_1 = 3pi/4 + 2pi*n, n in Z; x_2 = 5pi/4 + 2pi*n, n in Z",,0,0,2,1.0,0,,
W007,4.11,S007,W007,dev,1,0,0,ОГЭ,20,алгебра-уравнения,"уравнения высших степеней: разложение на множители, сумма квадратов",0,2.0,2,5,0,14,0,1,number,high,-1,,,0,0,0,0,1,1,0.0,,0.0,-1,,0,0,0,0,0,0,1,1,0.0,,0.0,-1,,0,0,2,0.0,0,1,0
W007,4.3,S007,W007,dev,1,0,0,ОГЭ,20,алгебра-уравнения,"уравнения высших степеней: разложение на множители, сумма квадратов",0,2.0,2,5,0,14,0,1,set,high,-4; -3; 3,,,0,0,0,0,1,1,0.0,,0.0,-3; 3; -4,,0,0,0,0,0,0,1,1,0.0,,0.0,-3; 3; -4,,0,0,2,0.0,0,1,0
W007,5.4,S007,W007,dev,1,0,0,ОГЭ,20,алгебра-уравнения,"дробно-рациональные уравнения, замена t=1/x",0,2.0,2,5,0,14,0,1,set,high,"-0,5; 1/3",,,1,1,0,0,0,1,1.0,,0.0,"0,3; -0,5",,0,1,0,0,0,0,0,1,0.0,,0.0,"0,3; -0,5",,0,0,2,0.5,1,0,0
W007,7.2,S007,W007,dev,0,1,0,ОГЭ,20,алгебра-уравнения,"уравнения x⁴=(ax+b)², разность квадратов",0,2.0,2,5,0,14,0,1,set,high,-5; 2,,,1,1,0,0,0,1,1.0,,0.0,5; -2; 2; 5,,0,0,1,1,0,0,0,1,1.0,,0.0,5; -2; 2; 5,,0,0,2,1.0,0,0,0
W007,7.5,S007,W007,dev,0,1,0,ОГЭ,20,алгебра-уравнения,"уравнения x⁴=(ax+b)², разность квадратов",0,2.0,2,5,0,14,0,1,set,high,-3; 2,,,1,1,0,0,0,1,1.0,,0.0,3; -2; 2; -3,,0,0,1,1,0,0,0,1,1.0,,0.0,3; -2; 2; -3,,0,0,2,1.0,0,0,0
W007,8.3,S007,W007,dev,0,1,0,ОГЭ,20,системы,системы второй степени (подстановка/сложение),0,2.0,2,5,0,14,0,1,pair,high,(5/7; 0); (1; 2),,,1,1,0,0,0,1,1.0,,0.0,(1; 3); (5/7; 0),,0,0,1,1,0,0,0,1,1.0,,0.0,(1; 3); (5/7; 0),,0,0,2,1.0,0,0,0
W007,8.7,S007,W007,dev,1,0,0,ОГЭ,20,системы,системы второй степени (подстановка/сложение),0,2.0,2,5,0,14,0,1,pair,high,"(0,75; 0); (2; 10)",,,0,0,0,0,1,1,0.0,,0.0,(2; 10); (3/4; 0),,0,0,0,0,0,0,1,1,0.0,,0.0,(2; 10); (3/4; 0),,0,0,2,0.0,0,1,0
W008,14.3а,S008,W008,dev,1,0,0,ЕГЭ проф,14,стереометрия,сечения призмы: доказательство и вычисление,0,1.0,1,3,2,2,0,1,proof,high,—,,,0,0,0,0,,,0.0,,0.0,A_1MB — р/б треугольник,,0,0,0,0,0,0,,,0.0,,0.0,A_1MB — р/б треугольник,,0,0,2,0.0,0,,
W008,14.3б,S008,W008,dev,1,0,0,ЕГЭ проф,14,стереометрия,сечения призмы: доказательство и вычисление,0,1.0,1,3,2,2,2,1,expression,high,2√11,,,0,0,0,0,,,0.0,,0.0,2\sqrt{11},1,0,0,0,0,0,0,,,0.0,,0.0,2\sqrt{11},1,0,0,2,0.0,0,,
W008,14.6а,S008,W008,dev,1,0,0,ЕГЭ проф,14,стереометрия,сечения призмы: доказательство и вычисление,0,1.0,1,3,2,2,0,1,proof,high,—,,,0,0,0,0,,,0.0,,0.0,M — середина A_1B_1,,0,0,0,0,0,0,,,0.0,,0.0,M — середина A_1B_1,,0,0,2,0.0,0,,
W008,14.6б,S008,W008,dev,1,0,0,ЕГЭ проф,14,стереометрия,сечения призмы: доказательство и вычисление,0,1.0,1,3,2,2,0,1,expression,high,√3,,,0,0,0,0,,,0.0,,0.0,\sqrt{3},0,0,0,0,0,0,0,,,0.0,,0.0,\sqrt{3},0,0,0,2,0.0,0,,
W009,Б1-1,S002,W009,dev,1,0,0,ЕГЭ проф,2,векторы,"длина вектора, скалярное произведение, косинус угла",1,1.7647058823529411,1,17,6,71,0,1,number,high,17,,,0,0,0,0,1,1,0.0,,0.0,17,1,0,0,0,0,0,0,1,1,0.0,,0.0,17,1,0,0,2,0.0,0,1,0
W009,Б1-10,S002,W009,dev,1,0,0,ЕГЭ проф,2,векторы,"длина вектора, скалярное произведение, косинус угла",1,1.7647058823529411,1,17,6,71,1,1,number,high,86,,,0,0,0,0,1,1,0.0,,0.0,86,1,1,0,0,0,0,0,1,1,0.0,,0.0,86,1,1,0,2,0.0,0,1,0
W009,Б1-11,S002,W009,dev,1,0,0,ЕГЭ проф,2,векторы,"длина вектора, скалярное произведение, косинус угла",1,1.7647058823529411,1,17,6,71,0,1,number,high,62,,,0,0,0,0,1,1,0.0,,0.0,62,1,0,0,0,0,0,0,1,1,0.0,,0.0,62,1,0,0,2,0.0,0,1,0
W009,Б1-12,S002,W009,dev,1,0,0,ЕГЭ проф,2,векторы,"длина вектора, скалярное произведение, косинус угла",1,1.7647058823529411,1,17,6,71,0,1,number,high,63,,,0,0,0,0,1,1,0.0,,0.0,63,1,0,0,0,0,0,0,1,1,0.0,,0.0,63,1,0,0,2,0.0,0,1,0
W009,Б1-13А,S002,W009,dev,1,0,0,ЕГЭ проф,2,векторы,"длина вектора, скалярное произведение, косинус угла",1,1.7647058823529411,1,17,6,71,0,1,number,high,1,,,0,0,0,0,1,1,0.0,,0.0,1,,0,0,0,0,0,0,1,1,0.0,,0.0,1,,0,0,2,0.0,0,1,0
W009,Б1-13Б,S002,W009,dev,0,1,0,ЕГЭ проф,2,векторы,"длина вектора, скалярное произведение, косинус угла",1,1.7647058823529411,1,17,6,71,0,1,number,high,2,,,1,1,0,0,0,1,1.0,,0.0,10,,0,0,1,1,0,0,0,1,1.0,,0.0,10,,0,0,2,1.0,0,0,0
W009,Б1-14А,S002,W009,dev,1,0,0,ЕГЭ проф,2,векторы,"длина вектора, скалярное произведение, косинус угла",1,1.7647058823529411,1,17,6,71,1,1,number,high,41,,,0,0,0,0,1,1,0.0,,0.0,41,1,1,0,0,0,0,0,1,1,0.0,,0.0,41,1,1,0,2,0.0,0,1,0
W009,Б1-14Б,S002,W009,dev,1,0,0,ЕГЭ проф,2,векторы,"длина вектора, скалярное произведение, косинус угла",1,1.7647058823529411,1,17,6,71,1,1,number,high,71,,,0,0,0,0,1,1,0.0,,0.0,71,1,1,0,0,0,0,0,1,1,0.0,,0.0,71,1,1,0,2,0.0,0,1,0
W009,Б1-2,S002,W009,dev,1,0,0,ЕГЭ проф,2,векторы,"длина вектора, скалярное произведение, косинус угла",1,1.7647058823529411,1,17,6,71,0,1,number,high,13,,,0,0,0,0,1,1,0.0,,0.0,13,1,1,0,0,0,0,0,1,1,0.0,,0.0,13,1,1,0,2,0.0,0,1,0
W009,Б1-3,S002,W009,dev,1,0,0,ЕГЭ проф,2,векторы,"длина вектора, скалярное произведение, косинус угла",1,1.7647058823529411,1,17,6,71,0,1,number,high,29,,,0,0,0,0,1,1,0.0,,0.0,29,1,1,0,0,0,0,0,1,1,0.0,,0.0,29,1,1,0,2,0.0,0,1,0
W009,Б1-4,S002,W009,dev,1,0,0,ЕГЭ проф,2,векторы,"длина вектора, скалярное произведение, косинус угла",1,1.7647058823529411,1,17,6,71,0,1,number,high,25,,,0,0,0,0,1,1,0.0,,0.0,25,0,1,0,0,0,0,0,1,1,0.0,,0.0,25,0,1,0,2,0.0,0,1,0
W009,Б1-5,S002,W009,dev,1,0,0,ЕГЭ проф,2,векторы,"длина вектора, скалярное произведение, косинус угла",1,1.7647058823529411,1,17,6,71,0,1,number,high,8,,,0,0,0,0,1,1,0.0,,0.0,8,1,1,0,0,0,0,0,1,1,0.0,,0.0,8,1,1,0,2,0.0,0,1,0
W009,Б1-6,S002,W009,dev,1,0,0,ЕГЭ проф,2,векторы,"длина вектора, скалярное произведение, косинус угла",1,1.7647058823529411,1,17,6,71,0,1,number,high,11,,,0,0,0,0,1,1,0.0,,0.0,11,1,1,0,0,0,0,0,1,1,0.0,,0.0,11,1,1,0,2,0.0,0,1,0
W009,Б1-7,S002,W009,dev,1,0,0,ЕГЭ проф,2,векторы,"длина вектора, скалярное произведение, косинус угла",1,1.7647058823529411,1,17,6,71,0,1,number,high,"7,5",,,0,0,0,0,1,1,0.0,,0.0,"7,5",1,1,0,0,0,0,0,1,1,0.0,,0.0,"7,5",1,1,0,2,0.0,0,1,0
W009,Б1-8,S002,W009,dev,1,0,0,ЕГЭ проф,2,векторы,"длина вектора, скалярное произведение, косинус угла",1,1.7647058823529411,1,17,6,71,1,1,number,high,"10,5",,,0,0,0,0,1,1,0.0,,0.0,"10,5",1,1,0,0,0,0,0,1,1,0.0,,0.0,"10,5",1,1,0,2,0.0,0,1,0
W009,Б1-9,S002,W009,dev,1,0,0,ЕГЭ проф,2,векторы,"длина вектора, скалярное произведение, косинус угла",1,1.7647058823529411,1,17,6,71,1,1,number,high,82,,,0,0,0,0,1,1,0.0,,0.0,82,1,1,0,0,0,0,0,1,1,0.0,,0.0,82,1,1,0,2,0.0,0,1,0
W009,Б2-1,S002,W009,dev,1,0,0,ЕГЭ проф,2,векторы,"длина вектора, скалярное произведение, косинус угла",1,1.7647058823529411,1,17,6,71,1,1,number,high,10,,,0,0,0,0,1,1,0.0,,0.0,10,1,1,0,0,0,0,0,1,1,0.0,,0.0,10,1,1,0,2,0.0,0,1,0
W009,Б2-10,S002,W009,dev,0,1,1,ЕГЭ проф,2,векторы,"длина вектора, скалярное произведение, косинус угла",1,1.7647058823529411,1,17,6,71,0,1,number,high,11,,,1,1,0,0,0,1,1.0,,0.0,21,0,1,0,1,1,0,0,0,1,1.0,,0.0,21,0,1,0,2,1.0,0,0,0
W009,Б2-11,S002,W009,dev,0,1,1,ЕГЭ проф,2,векторы,"длина вектора, скалярное произведение, косинус угла",1,1.7647058823529411,1,17,6,71,0,1,number,high,13,,,1,1,0,0,0,1,1.0,,0.0,5,0,1,0,0,0,0,0,0,1,0.0,,0.0,5,0,1,1,2,0.5,1,0,0
W009,Б2-12,S002,W009,dev,0,1,1,ЕГЭ проф,2,векторы,"длина вектора, скалярное произведение, косинус угла",1,1.7647058823529411,1,17,6,71,0,1,number,high,15,,,1,1,0,0,1,1,1.0,,0.0,15,1,1,0,1,1,0,0,1,1,1.0,,0.0,15,1,1,0,2,1.0,0,1,1
W009,Б2-17,S002,W009,dev,1,0,0,ЕГЭ проф,2,векторы,"длина вектора, скалярное произведение, косинус угла",1,1.7647058823529411,1,17,6,71,1,1,number,high,21,,,0,0,0,0,1,1,0.0,,0.0,21,1,1,0,0,0,0,0,1,1,0.0,,0.0,21,1,1,0,2,0.0,0,1,0
W009,Б2-18,S002,W009,dev,1,0,0,ЕГЭ проф,2,векторы,"длина вектора, скалярное произведение, косинус угла",1,1.7647058823529411,1,17,6,71,1,1,number,high,18,,,0,0,0,0,1,1,0.0,,0.0,18,1,1,0,0,0,0,0,1,1,0.0,,0.0,18,1,1,0,2,0.0,0,1,0
W009,Б2-19,S002,W009,dev,1,0,0,ЕГЭ проф,2,векторы,"длина вектора, скалярное произведение, косинус угла",1,1.7647058823529411,1,17,6,71,1,1,number,high,-20,,,0,0,0,0,1,1,0.0,,0.0,-20,1,1,0,0,0,0,0,1,1,0.0,,0.0,-20,1,1,0,2,0.0,0,1,0
W009,Б2-2,S002,W009,dev,1,0,0,ЕГЭ проф,2,векторы,"длина вектора, скалярное произведение, косинус угла",1,1.7647058823529411,1,17,6,71,1,1,number,high,13,,,0,0,0,0,1,1,0.0,,0.0,13,1,1,0,0,0,0,0,1,1,0.0,,0.0,13,1,1,0,2,0.0,0,1,0
W009,Б2-20,S002,W009,dev,1,0,0,ЕГЭ проф,2,векторы,"длина вектора, скалярное произведение, косинус угла",1,1.7647058823529411,1,17,6,71,1,1,number,high,2,,,0,0,0,0,1,1,0.0,,0.0,2,,1,0,0,0,0,0,1,1,0.0,,0.0,2,,1,0,2,0.0,0,1,0
W009,Б2-21,S002,W009,dev,1,0,0,ЕГЭ проф,2,векторы,"длина вектора, скалярное произведение, косинус угла",1,1.7647058823529411,1,17,6,71,0,1,number,high,59,,,0,0,0,0,1,1,0.0,,0.0,59,1,1,0,0,0,0,0,1,1,0.0,,0.0,59,1,1,0,2,0.0,0,1,0
W009,Б2-22,S002,W009,dev,1,0,0,ЕГЭ проф,2,векторы,"длина вектора, скалярное произведение, косинус угла",1,1.7647058823529411,1,17,6,71,0,1,number,high,52,,,0,0,0,0,1,1,0.0,,0.0,52,1,1,0,0,0,0,0,1,1,0.0,,0.0,52,1,1,0,2,0.0,0,1,0
W009,Б2-23,S002,W009,dev,1,0,0,ЕГЭ проф,2,векторы,"длина вектора, скалярное произведение, косинус угла",1,1.7647058823529411,1,17,6,71,0,1,number,high,26,,,0,0,0,0,1,1,0.0,,0.0,26,1,1,0,0,0,0,0,1,1,0.0,,0.0,26,1,1,0,2,0.0,0,1,0
W009,Б2-24,S002,W009,dev,1,0,0,ЕГЭ проф,2,векторы,"длина вектора, скалярное произведение, косинус угла",1,1.7647058823529411,1,17,6,71,0,1,number,high,70,,,0,0,0,0,1,1,0.0,,0.0,70,1,1,0,0,0,0,0,1,1,0.0,,0.0,70,1,1,0,2,0.0,0,1,0
W009,Б2-25,S002,W009,dev,0,1,1,ЕГЭ проф,2,векторы,"длина вектора, скалярное произведение, косинус угла",1,1.7647058823529411,1,17,6,71,0,1,number,high,-18,,,1,1,0,0,0,1,1.0,,0.0,34,0,1,0,0,0,0,0,0,1,0.0,,0.0,34,0,1,1,2,0.5,1,0,0
W009,Б2-26,S002,W009,dev,0,1,1,ЕГЭ проф,2,векторы,"длина вектора, скалярное произведение, косинус угла",1,1.7647058823529411,1,17,6,71,0,1,number,high,-15,,,1,1,0,0,0,1,1.0,,0.0,20,0,1,0,0,0,0,0,0,1,0.0,,0.0,20,0,1,1,2,0.5,1,0,0
W009,Б2-27,S002,W009,dev,0,1,1,ЕГЭ проф,2,векторы,"длина вектора, скалярное произведение, косинус угла",1,1.7647058823529411,1,17,6,71,0,1,number,high,8,,,0,0,0,0,1,1,0.0,,0.0,8,1,1,1,0,0,0,0,1,1,0.0,,0.0,8,1,1,1,2,0.0,0,1,0
W009,Б2-28,S002,W009,dev,0,1,0,ЕГЭ проф,2,векторы,"длина вектора, скалярное произведение, косинус угла",1,1.7647058823529411,1,17,6,71,0,1,number,high,-42,,,1,1,0,0,0,1,1.0,,0.0,-36,0,1,0,0,0,0,0,0,1,0.0,,0.0,-36,0,1,1,2,0.5,1,0,0
W009,Б2-29,S002,W009,dev,1,0,0,ЕГЭ проф,2,векторы,"длина вектора, скалярное произведение, косинус угла",1,1.7647058823529411,1,17,6,71,0,1,number,high,"0,6",,,0,0,0,0,1,1,0.0,,0.0,3/5,1,1,0,0,0,0,0,1,1,0.0,,0.0,3/5,1,1,0,2,0.0,0,1,0
W009,Б2-3,S002,W009,dev,1,0,0,ЕГЭ проф,2,векторы,"длина вектора, скалярное произведение, косинус угла",1,1.7647058823529411,1,17,6,71,1,1,number,high,15,,,0,0,0,0,1,1,0.0,,0.0,15,0,1,0,0,0,0,0,1,1,0.0,,0.0,15,0,1,0,2,0.0,0,1,0
W009,Б2-30,S002,W009,dev,0,1,0,ЕГЭ проф,2,векторы,"длина вектора, скалярное произведение, косинус угла",1,1.7647058823529411,1,17,6,71,0,1,number,high,"0,8",,,1,1,0,0,0,1,1.0,,0.0,4/3,1,1,0,1,1,0,0,0,1,1.0,,0.0,4/3,1,1,0,2,1.0,0,0,0
W009,Б2-31,S002,W009,dev,0,1,0,ЕГЭ проф,2,векторы,"длина вектора, скалярное произведение, косинус угла",1,1.7647058823529411,1,17,6,71,1,1,number,high,"-0,6",,,1,1,0,0,0,1,1.0,,0.0,-13/20,0,1,0,1,1,0,0,0,1,1.0,,0.0,-13/20,0,1,0,2,1.0,0,0,0
W009,Б2-32,S002,W009,dev,0,1,0,ЕГЭ проф,2,векторы,"длина вектора, скалярное произведение, косинус угла",1,1.7647058823529411,1,17,6,71,1,1,number,high,"-0,8",,,1,1,0,0,0,1,1.0,,0.0,-4,0,1,0,1,1,0,0,0,1,1.0,,0.0,-4,0,1,0,2,1.0,0,0,0
W009,Б2-34,S002,W009,dev,0,1,0,ЕГЭ проф,2,векторы,"длина вектора, скалярное произведение, косинус угла",1,1.7647058823529411,1,17,6,71,0,1,number,high,1,,,1,1,0,0,0,1,1.0,,0.0,3,,1,0,1,1,0,0,0,1,1.0,,0.0,3,,1,0,2,1.0,0,0,0
W009,Б2-4,S002,W009,dev,1,0,0,ЕГЭ проф,2,векторы,"длина вектора, скалярное произведение, косинус угла",1,1.7647058823529411,1,17,6,71,1,1,number,high,17,,,0,0,0,0,1,1,0.0,,0.0,17,1,1,0,0,0,0,0,1,1,0.0,,0.0,17,1,1,0,2,0.0,0,1,0
W009,Б2-5,S002,W009,dev,1,0,0,ЕГЭ проф,2,векторы,"длина вектора, скалярное произведение, косинус угла",1,1.7647058823529411,1,17,6,71,1,1,number,high,"2,9",,,0,0,0,0,1,1,0.0,,0.0,"2,9",1,1,0,0,0,0,0,1,1,0.0,,0.0,"2,9",1,1,0,2,0.0,0,1,0
W009,Б2-6,S002,W009,dev,1,0,0,ЕГЭ проф,2,векторы,"длина вектора, скалярное произведение, косинус угла",1,1.7647058823529411,1,17,6,71,0,1,number,high,"2,6",,,0,0,0,0,1,1,0.0,,0.0,"2,6",1,1,0,0,0,0,0,1,1,0.0,,0.0,"2,6",1,1,0,2,0.0,0,1,0
W009,Б2-7,S002,W009,dev,1,0,0,ЕГЭ проф,2,векторы,"длина вектора, скалярное произведение, косинус угла",1,1.7647058823529411,1,17,6,71,0,1,number,high,25,,,0,0,0,0,1,1,0.0,,0.0,25,1,1,0,0,0,0,0,1,1,0.0,,0.0,25,1,1,0,2,0.0,0,1,0
W009,Б2-8,S002,W009,dev,1,0,0,ЕГЭ проф,2,векторы,"длина вектора, скалярное произведение, косинус угла",1,1.7647058823529411,1,17,6,71,0,1,number,high,25,,,0,0,0,0,1,1,0.0,,0.0,25,1,1,0,0,0,0,0,1,1,0.0,,0.0,25,1,1,0,2,0.0,0,1,0
W009,Б2-9,S002,W009,dev,1,0,0,ЕГЭ проф,2,векторы,"длина вектора, скалярное произведение, косинус угла",1,1.7647058823529411,1,17,6,71,0,1,number,high,13,,,0,1,0,0,1,1,0.0,,0.0,13,1,1,0,0,0,0,0,1,1,0.0,,0.0,13,1,1,0,2,0.0,0,1,0
W010,Б1-1,S002,W010,dev,1,0,0,ЕГЭ проф,2,векторы,"длина вектора, скалярное произведение, косинус угла",1,1.8,1,5,3,42,0,1,number,high,17,,,0,0,0,0,1,1,0.0,,0.0,17,1,0,0,0,0,0,0,1,1,0.0,,0.0,17,1,0,0,2,0.0,0,1,0
W010,Б1-10,S002,W010,dev,1,0,0,ЕГЭ проф,2,векторы,"длина вектора, скалярное произведение, косинус угла",1,1.8,1,5,3,42,0,1,number,high,86,,,0,0,0,0,1,1,0.0,,0.0,86,1,0,0,0,0,0,0,1,1,0.0,,0.0,86,1,0,0,2,0.0,0,1,0
W010,Б1-11,S002,W010,dev,1,0,0,ЕГЭ проф,2,векторы,"длина вектора, скалярное произведение, косинус угла",1,1.8,1,5,3,42,0,1,number,high,62,,,0,0,0,0,1,1,0.0,,0.0,62,1,0,0,0,0,0,0,1,1,0.0,,0.0,62,1,0,0,2,0.0,0,1,0
W010,Б1-12,S002,W010,dev,1,0,0,ЕГЭ проф,2,векторы,"длина вектора, скалярное произведение, косинус угла",1,1.8,1,5,3,42,0,1,number,high,63,,,0,0,0,0,1,1,0.0,,0.0,63,1,0,0,0,0,0,0,1,1,0.0,,0.0,63,1,0,0,2,0.0,0,1,0
W010,Б1-13А,S002,W010,dev,1,0,0,ЕГЭ проф,2,векторы,"длина вектора, скалярное произведение, косинус угла",1,1.8,1,5,3,42,2,1,number,high,1,,,0,0,0,0,1,1,0.0,,0.0,1,,0,0,0,0,0,0,1,1,0.0,,0.0,1,,0,0,2,0.0,0,1,0
W010,Б1-13Б,S002,W010,dev,1,0,0,ЕГЭ проф,2,векторы,"длина вектора, скалярное произведение, косинус угла",1,1.8,1,5,3,42,2,1,number,high,2,,,0,0,0,0,1,1,0.0,,0.0,2,,0,0,0,0,0,0,1,1,0.0,,0.0,2,,0,0,2,0.0,0,1,0
W010,Б1-14А,S002,W010,dev,0,1,0,ЕГЭ проф,2,векторы,"длина вектора, скалярное произведение, косинус угла",1,1.8,1,5,3,42,2,1,number,high,41,,,0,0,0,0,1,1,0.0,,0.0,41,1,0,1,0,0,0,0,1,1,0.0,,0.0,41,1,0,1,2,0.0,0,1,0
W010,Б1-14Б,S002,W010,dev,0,1,0,ЕГЭ проф,2,векторы,"длина вектора, скалярное произведение, косинус угла",1,1.8,1,5,3,42,2,1,number,high,71,,,1,1,0,0,0,1,1.0,,0.0,87,0,0,0,1,1,0,0,0,1,1.0,,0.0,87,0,0,0,2,1.0,0,0,0
W010,Б1-2,S002,W010,dev,1,0,0,ЕГЭ проф,2,векторы,"длина вектора, скалярное произведение, косинус угла",1,1.8,1,5,3,42,0,1,number,high,13,,,0,0,0,0,1,1,0.0,,0.0,13,1,0,0,0,0,0,0,1,1,0.0,,0.0,13,1,0,0,2,0.0,0,1,0
W010,Б1-3,S002,W010,dev,1,0,0,ЕГЭ проф,2,векторы,"длина вектора, скалярное произведение, косинус угла",1,1.8,1,5,3,42,0,1,number,high,29,,,0,0,0,0,1,1,0.0,,0.0,29,1,0,0,0,0,0,0,1,1,0.0,,0.0,29,1,0,0,2,0.0,0,1,0
W010,Б1-4,S002,W010,dev,1,0,0,ЕГЭ проф,2,векторы,"длина вектора, скалярное произведение, косинус угла",1,1.8,1,5,3,42,0,1,number,high,25,,,0,0,0,0,1,1,0.0,,0.0,25,1,0,0,0,0,0,0,1,1,0.0,,0.0,25,1,0,0,2,0.0,0,1,0
W010,Б1-5,S002,W010,dev,1,0,0,ЕГЭ проф,2,векторы,"длина вектора, скалярное произведение, косинус угла",1,1.8,1,5,3,42,0,1,number,high,8,,,0,0,0,0,1,1,0.0,,0.0,8,1,0,0,0,0,0,0,1,1,0.0,,0.0,8,1,0,0,2,0.0,0,1,0
W010,Б1-6,S002,W010,dev,1,0,0,ЕГЭ проф,2,векторы,"длина вектора, скалярное произведение, косинус угла",1,1.8,1,5,3,42,0,1,number,high,11,,,0,0,0,0,1,1,0.0,,0.0,11,1,0,0,0,0,0,0,1,1,0.0,,0.0,11,1,0,0,2,0.0,0,1,0
W010,Б1-7,S002,W010,dev,1,0,0,ЕГЭ проф,2,векторы,"длина вектора, скалярное произведение, косинус угла",1,1.8,1,5,3,42,0,1,number,high,"7,5",,,0,0,0,0,1,1,0.0,,0.0,"7,5",1,0,0,0,0,0,0,1,1,0.0,,0.0,"7,5",1,0,0,2,0.0,0,1,0
W010,Б1-8,S002,W010,dev,1,0,0,ЕГЭ проф,2,векторы,"длина вектора, скалярное произведение, косинус угла",1,1.8,1,5,3,42,0,1,number,high,"10,5",,,0,0,0,0,1,1,0.0,,0.0,"10,5",1,0,0,0,0,0,0,1,1,0.0,,0.0,"10,5",1,0,0,2,0.0,0,1,0
W010,Б1-9,S002,W010,dev,1,0,0,ЕГЭ проф,2,векторы,"длина вектора, скалярное произведение, косинус угла",1,1.8,1,5,3,42,0,1,number,high,82,,,0,0,0,0,1,1,0.0,,0.0,82,1,0,0,0,0,0,0,1,1,0.0,,0.0,82,1,0,0,2,0.0,0,1,0
W010,Б2-1,S002,W010,dev,1,0,0,ЕГЭ проф,2,векторы,"длина вектора, скалярное произведение, косинус угла",1,1.8,1,5,3,42,2,1,number,high,10,,,0,0,0,0,1,1,0.0,,0.0,10,1,0,0,0,0,0,0,1,1,0.0,,0.0,10,1,0,0,2,0.0,0,1,0
W010,Б2-10,S002,W010,dev,1,0,0,ЕГЭ проф,2,векторы,"длина вектора, скалярное произведение, косинус угла",1,1.8,1,5,3,42,0,1,number,high,11,,,0,0,0,0,1,1,0.0,,0.0,11,1,0,0,0,0,0,0,1,1,0.0,,0.0,11,1,0,0,2,0.0,0,1,0
W010,Б2-11,S002,W010,dev,1,0,0,ЕГЭ проф,2,векторы,"длина вектора, скалярное произведение, косинус угла",1,1.8,1,5,3,42,0,1,number,high,13,,,0,0,0,0,1,1,0.0,,0.0,13,1,0,0,0,0,0,0,1,1,0.0,,0.0,13,1,0,0,2,0.0,0,1,0
W010,Б2-12,S002,W010,dev,1,0,0,ЕГЭ проф,2,векторы,"длина вектора, скалярное произведение, косинус угла",1,1.8,1,5,3,42,0,1,number,high,15,,,0,0,0,0,1,1,0.0,,0.0,15,1,0,0,0,0,0,0,1,1,0.0,,0.0,15,1,0,0,2,0.0,0,1,0
W010,Б2-13,S002,W010,dev,1,0,0,ЕГЭ проф,2,векторы,"длина вектора, скалярное произведение, косинус угла",1,1.8,1,5,3,42,0,1,number,high,51,,,0,0,0,0,1,1,0.0,,0.0,51,1,0,0,0,0,0,0,1,1,0.0,,0.0,51,1,0,0,2,0.0,0,1,0
W010,Б2-14,S002,W010,dev,1,0,0,ЕГЭ проф,2,векторы,"длина вектора, скалярное произведение, косинус угла",1,1.8,1,5,3,42,0,1,number,high,50,,,0,0,0,0,1,1,0.0,,0.0,50,1,0,0,0,0,0,0,1,1,0.0,,0.0,50,1,0,0,2,0.0,0,1,0
W010,Б2-15,S002,W010,dev,1,0,0,ЕГЭ проф,2,векторы,"длина вектора, скалярное произведение, косинус угла",1,1.8,1,5,3,42,0,1,number,high,"2,1",,,0,0,0,0,1,1,0.0,,0.0,"2,1",1,0,0,0,0,0,0,1,1,0.0,,0.0,"2,1",1,0,0,2,0.0,0,1,0
W010,Б2-16,S002,W010,dev,0,1,0,ЕГЭ проф,2,векторы,"длина вектора, скалярное произведение, косинус угла",1,1.8,1,5,3,42,0,1,number,high,"3,1",,,1,1,0,0,0,1,1.0,,0.0,"-3,1",0,0,0,1,1,0,0,0,1,1.0,,0.0,"-3,1",0,0,0,2,1.0,0,0,0
W010,Б2-17,S002,W010,dev,1,0,0,ЕГЭ проф,2,векторы,"длина вектора, скалярное произведение, косинус угла",1,1.8,1,5,3,42,0,1,number,high,21,,,0,0,0,0,1,1,0.0,,0.0,21,1,0,0,0,0,0,0,1,1,0.0,,0.0,21,1,0,0,2,0.0,0,1,0
W010,Б2-18,S002,W010,dev,1,0,0,ЕГЭ проф,2,векторы,"длина вектора, скалярное произведение, косинус угла",1,1.8,1,5,3,42,0,1,number,high,18,,,0,0,0,0,1,1,0.0,,0.0,18,1,0,0,0,0,0,0,1,1,0.0,,0.0,18,1,0,0,2,0.0,0,1,0
W010,Б2-19,S002,W010,dev,1,0,0,ЕГЭ проф,2,векторы,"длина вектора, скалярное произведение, косинус угла",1,1.8,1,5,3,42,0,1,number,high,-20,,,0,0,0,0,1,1,0.0,,0.0,-20,1,0,0,0,0,0,0,1,1,0.0,,0.0,-20,1,0,0,2,0.0,0,1,0
W010,Б2-2,S002,W010,dev,1,0,0,ЕГЭ проф,2,векторы,"длина вектора, скалярное произведение, косинус угла",1,1.8,1,5,3,42,2,1,number,high,13,,,0,0,0,0,1,1,0.0,,0.0,13,1,0,0,0,0,0,0,1,1,0.0,,0.0,13,1,0,0,2,0.0,0,1,0
W010,Б2-20,S002,W010,dev,1,0,0,ЕГЭ проф,2,векторы,"длина вектора, скалярное произведение, косинус угла",1,1.8,1,5,3,42,0,1,number,high,2,,,0,0,0,0,1,1,0.0,,0.0,2,,0,0,0,0,0,0,1,1,0.0,,0.0,2,,0,0,2,0.0,0,1,0
W010,Б2-21,S002,W010,dev,1,0,0,ЕГЭ проф,2,векторы,"длина вектора, скалярное произведение, косинус угла",1,1.8,1,5,3,42,0,1,number,high,59,,,0,0,0,0,1,1,0.0,,0.0,59,1,0,0,0,0,0,0,1,1,0.0,,0.0,59,1,0,0,2,0.0,0,1,0
W010,Б2-22,S002,W010,dev,1,0,0,ЕГЭ проф,2,векторы,"длина вектора, скалярное произведение, косинус угла",1,1.8,1,5,3,42,0,1,number,high,52,,,0,0,0,0,1,1,0.0,,0.0,52,1,0,0,0,0,0,0,1,1,0.0,,0.0,52,1,0,0,2,0.0,0,1,0
W010,Б2-23,S002,W010,dev,1,0,0,ЕГЭ проф,2,векторы,"длина вектора, скалярное произведение, косинус угла",1,1.8,1,5,3,42,0,1,number,high,26,,,0,0,0,0,1,1,0.0,,0.0,26,1,0,0,0,0,0,0,1,1,0.0,,0.0,26,1,0,0,2,0.0,0,1,0
W010,Б2-24,S002,W010,dev,0,1,0,ЕГЭ проф,2,векторы,"длина вектора, скалярное произведение, косинус угла",1,1.8,1,5,3,42,0,1,number,high,70,,,1,1,0,0,0,1,1.0,,0.0,84,0,0,0,1,1,0,0,0,1,1.0,,0.0,84,0,0,0,2,1.0,0,0,0
W010,Б2-25,S002,W010,dev,0,1,0,ЕГЭ проф,2,векторы,"длина вектора, скалярное произведение, косинус угла",1,1.8,1,5,3,42,0,1,number,high,-18,,,1,1,0,0,0,1,1.0,,0.0,-42,0,0,0,0,0,0,0,0,1,0.0,,0.0,-42,0,0,1,2,0.5,1,0,0
W010,Б2-26,S002,W010,dev,1,0,0,ЕГЭ проф,2,векторы,"длина вектора, скалярное произведение, косинус угла",1,1.8,1,5,3,42,0,1,number,high,-15,,,0,0,0,0,1,1,0.0,,0.0,-15,1,0,0,0,0,0,0,1,1,0.0,,0.0,-15,1,0,0,2,0.0,0,1,0
W010,Б2-27,S002,W010,dev,1,0,0,ЕГЭ проф,2,векторы,"длина вектора, скалярное произведение, косинус угла",1,1.8,1,5,3,42,0,1,number,high,8,,,0,0,0,0,1,1,0.0,,0.0,8,1,0,0,0,0,0,0,1,1,0.0,,0.0,8,1,0,0,2,0.0,0,1,0
W010,Б2-28,S002,W010,dev,0,1,0,ЕГЭ проф,2,векторы,"длина вектора, скалярное произведение, косинус угла",1,1.8,1,5,3,42,0,1,number,high,-42,,,1,1,0,0,0,1,1.0,,0.0,-40,1,0,0,1,1,0,0,0,1,1.0,,0.0,-40,1,0,0,2,1.0,0,0,0
W010,Б2-29,S002,W010,dev,1,0,0,ЕГЭ проф,2,векторы,"длина вектора, скалярное произведение, косинус угла",1,1.8,1,5,3,42,1,1,number,high,"0,6",,,0,0,0,0,1,1,0.0,,0.0,"0,6",1,0,0,0,0,0,0,1,1,0.0,,0.0,"0,6",1,0,0,2,0.0,0,1,0
W010,Б2-3,S002,W010,dev,1,0,0,ЕГЭ проф,2,векторы,"длина вектора, скалярное произведение, косинус угла",1,1.8,1,5,3,42,2,1,number,high,15,,,0,0,0,0,1,1,0.0,,0.0,15,1,0,0,0,0,0,0,1,1,0.0,,0.0,15,1,0,0,2,0.0,0,1,0
W010,Б2-30,S002,W010,dev,1,0,0,ЕГЭ проф,2,векторы,"длина вектора, скалярное произведение, косинус угла",1,1.8,1,5,3,42,1,1,number,high,"0,8",,,0,0,0,0,1,1,0.0,,0.0,"0,8",1,0,0,0,0,0,0,1,1,0.0,,0.0,"0,8",1,0,0,2,0.0,0,1,0
W010,Б2-31,S002,W010,dev,1,0,0,ЕГЭ проф,2,векторы,"длина вектора, скалярное произведение, косинус угла",1,1.8,1,5,3,42,1,1,number,high,"-0,6",,,0,0,0,0,1,1,0.0,,0.0,"-0,6",1,0,0,0,0,0,0,1,1,0.0,,0.0,"-0,6",1,0,0,2,0.0,0,1,0
W010,Б2-32,S002,W010,dev,1,0,0,ЕГЭ проф,2,векторы,"длина вектора, скалярное произведение, косинус угла",1,1.8,1,5,3,42,1,1,number,high,"-0,8",,,0,0,0,0,1,1,0.0,,0.0,"-0,8",1,0,0,0,0,0,0,1,1,0.0,,0.0,"-0,8",1,0,0,2,0.0,0,1,0
W010,Б2-33,S002,W010,dev,1,0,0,ЕГЭ проф,2,векторы,"длина вектора, скалярное произведение, косинус угла",1,1.8,1,5,3,42,1,1,number,high,0,,,0,0,0,0,1,1,0.0,,0.0,0,,0,0,0,0,0,0,1,1,0.0,,0.0,0,,0,0,2,0.0,0,1,0
W010,Б2-34,S002,W010,dev,1,0,0,ЕГЭ проф,2,векторы,"длина вектора, скалярное произведение, косинус угла",1,1.8,1,5,3,42,1,1,number,high,1,,,0,0,0,0,1,1,0.0,,0.0,1,,0,0,0,0,0,0,1,1,0.0,,0.0,1,,0,0,2,0.0,0,1,0
W010,Б2-35,S002,W010,dev,1,0,0,ЕГЭ проф,2,векторы,"длина вектора, скалярное произведение, косинус угла",1,1.8,1,5,3,42,1,1,number,high,"-0,28",,,0,0,0,0,1,1,0.0,,0.0,"-0,28",1,0,0,0,0,0,0,1,1,0.0,,0.0,"-0,28",1,0,0,2,0.0,0,1,0
W010,Б2-36,S002,W010,dev,1,0,0,ЕГЭ проф,2,векторы,"длина вектора, скалярное произведение, косинус угла",1,1.8,1,5,3,42,1,1,number,high,"0,96",,,0,0,0,0,1,1,0.0,,0.0,"0,96",1,0,0,0,0,0,0,1,1,0.0,,0.0,"0,96",1,0,0,2,0.0,0,1,0
W010,Б2-4,S002,W010,dev,1,0,0,ЕГЭ проф,2,векторы,"длина вектора, скалярное произведение, косинус угла",1,1.8,1,5,3,42,2,1,number,high,17,,,0,0,0,0,1,1,0.0,,0.0,17,1,0,0,0,0,0,0,1,1,0.0,,0.0,17,1,0,0,2,0.0,0,1,0
W010,Б2-5,S002,W010,dev,1,0,0,ЕГЭ проф,2,векторы,"длина вектора, скалярное произведение, косинус угла",1,1.8,1,5,3,42,2,1,number,high,"2,9",,,0,0,0,0,1,1,0.0,,0.0,"2,9",1,0,0,0,0,0,0,1,1,0.0,,0.0,"2,9",1,0,0,2,0.0,0,1,0
W010,Б2-6,S002,W010,dev,1,0,0,ЕГЭ проф,2,векторы,"длина вектора, скалярное произведение, косинус угла",1,1.8,1,5,3,42,0,1,number,high,"2,6",,,0,0,0,0,1,1,0.0,,0.0,"2,6",1,0,0,0,0,0,0,1,1,0.0,,0.0,"2,6",1,0,0,2,0.0,0,1,0
W010,Б2-7,S002,W010,dev,1,0,0,ЕГЭ проф,2,векторы,"длина вектора, скалярное произведение, косинус угла",1,1.8,1,5,3,42,0,1,number,high,25,,,0,0,0,0,1,1,0.0,,0.0,25,1,0,0,0,0,0,0,1,1,0.0,,0.0,25,1,0,0,2,0.0,0,1,0
W010,Б2-8,S002,W010,dev,1,0,0,ЕГЭ проф,2,векторы,"длина вектора, скалярное произведение, косинус угла",1,1.8,1,5,3,42,0,1,number,high,25,,,0,0,0,0,1,1,0.0,,0.0,25,1,0,0,0,0,0,0,1,1,0.0,,0.0,25,1,0,0,2,0.0,0,1,0
W010,Б2-9,S002,W010,dev,1,0,0,ЕГЭ проф,2,векторы,"длина вектора, скалярное произведение, косинус угла",1,1.8,1,5,3,42,0,1,number,high,13,,,0,0,0,0,1,1,0.0,,0.0,13,1,0,0,0,0,0,0,1,1,0.0,,0.0,13,1,0,0,2,0.0,0,1,0
W011,1.1,S002,W011,dev,1,0,0,ЕГЭ проф,12,производная,"точки экстремума, наибольшее/наименьшее значение на отрезке",0,1.9090909090909092,1,11,5,65,2,1,number,high,-3,,,0,0,0,0,1,1,0.0,,0.0,-3,1,0,0,0,0,0,0,1,1,0.0,,0.0,-3,1,0,0,2,0.0,0,1,0
W011,1.10,S002,W011,dev,1,0,0,ЕГЭ проф,12,производная,"точки экстремума, наибольшее/наименьшее значение на отрезке",0,1.9090909090909092,1,11,5,65,0,1,number,high,-2,,,0,0,0,0,1,1,0.0,,0.0,-2,,0,0,0,0,0,0,1,1,0.0,,0.0,-2,,0,0,2,0.0,0,1,0
W011,1.11,S002,W011,dev,1,0,0,ЕГЭ проф,12,производная,"точки экстремума, наибольшее/наименьшее значение на отрезке",0,1.9090909090909092,1,11,5,65,0,1,number,high,-8,,,0,0,0,0,1,1,0.0,,0.0,-8,1,0,0,0,0,0,0,1,1,0.0,,0.0,-8,1,0,0,2,0.0,0,1,0
W011,1.12,S002,W011,dev,1,0,0,ЕГЭ проф,12,производная,"точки экстремума, наибольшее/наименьшее значение на отрезке",0,1.9090909090909092,1,11,5,65,0,1,number,high,-5,,,0,0,0,0,1,1,0.0,,0.0,-5,1,0,0,0,0,0,0,1,1,0.0,,0.0,-5,1,0,0,2,0.0,0,1,0
W011,1.2,S002,W011,dev,1,0,0,ЕГЭ проф,12,производная,"точки экстремума, наибольшее/наименьшее значение на отрезке",0,1.9090909090909092,1,11,5,65,2,1,number,high,-5,,,0,0,0,0,1,1,0.0,,0.0,-5,1,0,0,0,0,0,0,1,1,0.0,,0.0,-5,1,0,0,2,0.0,0,1,0
W011,1.3,S002,W011,dev,1,0,0,ЕГЭ проф,12,производная,"точки экстремума, наибольшее/наименьшее значение на отрезке",0,1.9090909090909092,1,11,5,65,2,1,number,high,-6,,,0,0,0,0,1,1,0.0,,0.0,-6,1,0,0,0,0,0,0,1,1,0.0,,0.0,-6,1,0,0,2,0.0,0,1,0
W011,1.4,S002,W011,dev,1,0,0,ЕГЭ проф,12,производная,"точки экстремума, наибольшее/наименьшее значение на отрезке",0,1.9090909090909092,1,11,5,65,2,1,number,high,-10,,,0,0,0,0,1,1,0.0,,0.0,-10,1,0,0,0,0,0,0,1,1,0.0,,0.0,-10,1,0,0,2,0.0,0,1,0
W011,1.5,S002,W011,dev,1,0,0,ЕГЭ проф,12,производная,"точки экстремума, наибольшее/наименьшее значение на отрезке",0,1.9090909090909092,1,11,5,65,2,1,number,high,-6,,,0,0,0,0,1,1,0.0,,0.0,-6,1,0,0,0,0,0,0,1,1,0.0,,0.0,-6,1,0,0,2,0.0,0,1,0
W011,1.6,S002,W011,dev,1,0,0,ЕГЭ проф,12,производная,"точки экстремума, наибольшее/наименьшее значение на отрезке",0,1.9090909090909092,1,11,5,65,2,1,number,high,-4,,,0,0,0,0,1,1,0.0,,0.0,-4,1,0,0,0,0,0,0,1,1,0.0,,0.0,-4,1,0,0,2,0.0,0,1,0
W011,1.7,S002,W011,dev,1,0,0,ЕГЭ проф,12,производная,"точки экстремума, наибольшее/наименьшее значение на отрезке",0,1.9090909090909092,1,11,5,65,0,1,number,high,0,,,1,1,0,0,1,1,1.0,,0.0,0,,0,1,0,0,0,0,1,1,0.0,,0.0,0,,0,0,2,0.5,1,1,1
W011,1.8,S002,W011,dev,1,0,0,ЕГЭ проф,12,производная,"точки экстремума, наибольшее/наименьшее значение на отрезке",0,1.9090909090909092,1,11,5,65,0,1,number,high,0,,,0,0,0,0,1,1,0.0,,0.0,0,,0,0,0,0,0,0,1,1,0.0,,0.0,0,,0,0,2,0.0,0,1,0
W011,1.9,S002,W011,dev,1,0,0,ЕГЭ проф,12,производная,"точки экстремума, наибольшее/наименьшее значение на отрезке",0,1.9090909090909092,1,11,5,65,0,1,number,high,-6,,,0,0,0,0,1,1,0.0,,0.0,-6,1,0,0,0,0,0,0,1,1,0.0,,0.0,-6,1,0,0,2,0.0,0,1,0
W011,10.1,S002,W011,dev,1,0,0,ЕГЭ проф,12,производная,"точки экстремума, наибольшее/наименьшее значение на отрезке",0,1.9090909090909092,1,11,5,65,0,1,number,high,1,,,0,0,0,0,1,1,0.0,,0.0,1,,0,0,0,0,0,0,1,1,0.0,,0.0,1,,0,0,2,0.0,0,1,0
W011,10.2,S002,W011,dev,1,0,0,ЕГЭ проф,12,производная,"точки экстремума, наибольшее/наименьшее значение на отрезке",0,1.9090909090909092,1,11,5,65,0,1,number,high,-3,,,0,0,0,0,1,1,0.0,,0.0,-3,1,0,0,0,0,0,0,1,1,0.0,,0.0,-3,1,0,0,2,0.0,0,1,0
W011,10.3,S002,W011,dev,1,0,0,ЕГЭ проф,12,производная,"точки экстремума, наибольшее/наименьшее значение на отрезке",0,1.9090909090909092,1,11,5,65,0,1,number,high,10,,,0,0,0,0,1,1,0.0,,0.0,10,1,0,0,0,0,0,0,1,1,0.0,,0.0,10,1,0,0,2,0.0,0,1,0
W011,10.4,S002,W011,dev,1,0,0,ЕГЭ проф,12,производная,"точки экстремума, наибольшее/наименьшее значение на отрезке",0,1.9090909090909092,1,11,5,65,0,1,number,high,-3,,,0,0,0,0,1,1,0.0,,0.0,-3,1,0,0,0,0,0,0,1,1,0.0,,0.0,-3,1,0,0,2,0.0,0,1,0
W011,11.1,S002,W011,dev,0,1,0,ЕГЭ проф,12,производная,"точки экстремума, наибольшее/наименьшее значение на отрезке",0,1.9090909090909092,1,11,5,65,0,1,number,high,-2,,,1,1,0,0,0,1,1.0,,0.0,4,,0,0,1,1,0,0,0,1,1.0,,0.0,4,,0,0,2,1.0,0,0,0
W011,11.2,S002,W011,dev,0,1,0,ЕГЭ проф,12,производная,"точки экстремума, наибольшее/наименьшее значение на отрезке",0,1.9090909090909092,1,11,5,65,0,1,number,high,-1,,,1,1,0,0,0,1,1.0,,0.0,3,,0,0,1,1,0,0,0,1,1.0,,0.0,3,,0,0,2,1.0,0,0,0
W011,11.3,S002,W011,dev,1,0,0,ЕГЭ проф,12,производная,"точки экстремума, наибольшее/наименьшее значение на отрезке",0,1.9090909090909092,1,11,5,65,0,1,number,high,3,,,1,0,0,0,,1,0.0,,0.0,,1,0,1,1,0,0,0,,1,0.0,,0.0,,1,0,1,2,1.0,0,,
W011,11.4,S002,W011,dev,1,0,0,ЕГЭ проф,12,производная,"точки экстремума, наибольшее/наименьшее значение на отрезке",0,1.9090909090909092,1,11,5,65,0,1,number,high,8,,,0,0,0,0,1,1,0.0,,0.0,8,1,0,0,0,0,0,0,1,1,0.0,,0.0,8,1,0,0,2,0.0,0,1,0
W011,12.1,S002,W011,dev,1,0,0,ЕГЭ проф,12,производная,"точки экстремума, наибольшее/наименьшее значение на отрезке",0,1.9090909090909092,1,11,5,65,0,1,number,high,-6,,,0,1,0,0,1,1,0.0,,0.0,-6,1,0,0,1,1,0,0,1,1,1.0,,0.0,-6,1,0,1,2,0.5,1,1,0
W011,12.2,S002,W011,dev,1,0,0,ЕГЭ проф,12,производная,"точки экстремума, наибольшее/наименьшее значение на отрезке",0,1.9090909090909092,1,11,5,65,0,1,number,high,-17,,,0,0,0,0,1,1,0.0,,0.0,-17,1,0,0,0,0,0,0,1,1,0.0,,0.0,-17,1,0,0,2,0.0,0,1,0
W011,12.3,S002,W011,dev,0,1,0,ЕГЭ проф,12,производная,"точки экстремума, наибольшее/наименьшее значение на отрезке",0,1.9090909090909092,1,11,5,65,0,1,number,high,8,,,1,1,0,0,0,1,1.0,,0.0,-8,1,0,0,1,1,0,0,0,1,1.0,,0.0,-8,1,0,0,2,1.0,0,0,0
W011,12.4,S002,W011,dev,0,1,0,ЕГЭ проф,12,производная,"точки экстремума, наибольшее/наименьшее значение на отрезке",0,1.9090909090909092,1,11,5,65,0,1,number,high,4,,,1,1,0,0,0,1,1.0,,0.0,-4,1,0,0,1,1,0,0,0,1,1.0,,0.0,-4,1,0,0,2,1.0,0,0,0
W011,13.1,S002,W011,dev,1,0,0,ЕГЭ проф,12,производная,"точки экстремума, наибольшее/наименьшее значение на отрезке",0,1.9090909090909092,1,11,5,65,0,1,number,high,-3,,,0,0,0,0,1,1,0.0,,0.0,-3,1,0,0,0,0,0,0,1,1,0.0,,0.0,-3,1,0,0,2,0.0,0,1,0
W011,13.3,S002,W011,dev,1,0,0,ЕГЭ проф,12,производная,"точки экстремума, наибольшее/наименьшее значение на отрезке",0,1.9090909090909092,1,11,5,65,0,1,number,high,9,,,0,0,0,0,1,1,0.0,,0.0,9,1,0,0,0,0,0,0,1,1,0.0,,0.0,9,1,0,0,2,0.0,0,1,0
W011,14.1,S002,W011,dev,0,1,0,ЕГЭ проф,12,производная,"точки экстремума, наибольшее/наименьшее значение на отрезке",0,1.9090909090909092,1,11,5,65,1,1,number,high,9,,,1,1,0,0,0,1,1.0,,0.0,0,1,0,0,1,1,0,0,0,1,1.0,,0.0,0,1,0,0,2,1.0,0,0,0
W011,14.3,S002,W011,dev,1,0,0,ЕГЭ проф,12,производная,"точки экстремума, наибольшее/наименьшее значение на отрезке",0,1.9090909090909092,1,11,5,65,1,1,number,high,4,,,0,0,0,0,1,1,0.0,,0.0,4,1,0,0,0,0,0,0,1,1,0.0,,0.0,4,1,0,0,2,0.0,0,1,0
W011,15.1,S002,W011,dev,1,0,0,ЕГЭ проф,12,производная,"точки экстремума, наибольшее/наименьшее значение на отрезке",0,1.9090909090909092,1,11,5,65,1,1,number,high,1,,,0,0,0,0,1,1,0.0,,0.0,1,,0,0,0,0,0,0,1,1,0.0,,0.0,1,,0,0,2,0.0,0,1,0
W011,16.1,S002,W011,dev,0,1,0,ЕГЭ проф,12,производная,"точки экстремума, наибольшее/наименьшее значение на отрезке",0,1.9090909090909092,1,11,5,65,0,1,number,high,10,,,1,1,0,0,,1,0.0,,0.0,,1,0,0,1,0,0,0,,1,0.0,,0.0,,1,0,0,2,1.0,0,,
W011,16.3,S002,W011,dev,1,0,0,ЕГЭ проф,12,производная,"точки экстремума, наибольшее/наименьшее значение на отрезке",0,1.9090909090909092,1,11,5,65,0,1,number,high,4,,,0,0,0,0,1,1,0.0,,0.0,4,1,0,0,0,0,0,0,1,1,0.0,,0.0,4,1,0,0,2,0.0,0,1,0
W011,17.1,S002,W011,dev,1,0,0,ЕГЭ проф,12,производная,"точки экстремума, наибольшее/наименьшее значение на отрезке",0,1.9090909090909092,1,11,5,65,0,1,number,high,3,,,0,0,0,0,1,1,0.0,,0.0,3,1,0,0,0,0,0,0,1,1,0.0,,0.0,3,1,0,0,2,0.0,0,1,0
W011,17.3,S002,W011,dev,0,1,0,ЕГЭ проф,12,производная,"точки экстремума, наибольшее/наименьшее значение на отрезке",0,1.9090909090909092,1,11,5,65,0,1,number,high,1,,,1,1,0,0,0,1,1.0,,0.0,-53,,0,0,1,1,0,0,0,1,1.0,,0.0,-53,,0,0,2,1.0,0,0,0
W011,18.1,S002,W011,dev,1,0,0,ЕГЭ проф,12,производная,"точки экстремума, наибольшее/наименьшее значение на отрезке",0,1.9090909090909092,1,11,5,65,0,1,number,high,-21,,,0,0,0,0,1,1,0.0,,0.0,-21,1,0,0,0,0,0,0,1,1,0.0,,0.0,-21,1,0,0,2,0.0,0,1,0
W011,18.3,S002,W011,dev,1,0,0,ЕГЭ проф,12,производная,"точки экстремума, наибольшее/наименьшее значение на отрезке",0,1.9090909090909092,1,11,5,65,0,1,number,high,-24,,,0,0,0,0,1,1,0.0,,0.0,-24,1,0,0,0,0,0,0,1,1,0.0,,0.0,-24,1,0,0,2,0.0,0,1,0
W011,19.1,S002,W011,dev,1,0,0,ЕГЭ проф,12,производная,"точки экстремума, наибольшее/наименьшее значение на отрезке",0,1.9090909090909092,1,11,5,65,1,1,number,high,-35,,,0,0,0,0,1,1,0.0,,0.0,-35,1,0,0,0,0,0,0,1,1,0.0,,0.0,-35,1,0,0,2,0.0,0,1,0
W011,19.3,S002,W011,dev,1,0,0,ЕГЭ проф,12,производная,"точки экстремума, наибольшее/наименьшее значение на отрезке",0,1.9090909090909092,1,11,5,65,1,1,number,high,"-0,5",,,0,0,0,0,1,1,0.0,,0.0,"-0,5",1,0,0,0,0,0,0,1,1,0.0,,0.0,"-0,5",1,0,0,2,0.0,0,1,0
W011,2.1,S002,W011,dev,1,0,0,ЕГЭ проф,12,производная,"точки экстремума, наибольшее/наименьшее значение на отрезке",0,1.9090909090909092,1,11,5,65,0,1,number,high,10,,,0,0,0,0,1,1,0.0,,0.0,10,1,0,0,0,0,0,0,1,1,0.0,,0.0,10,1,0,0,2,0.0,0,1,0
W011,2.2,S002,W011,dev,1,0,0,ЕГЭ проф,12,производная,"точки экстремума, наибольшее/наименьшее значение на отрезке",0,1.9090909090909092,1,11,5,65,0,1,number,high,4,,,0,0,0,0,1,1,0.0,,0.0,4,1,0,0,0,0,0,0,1,1,0.0,,0.0,4,1,0,0,2,0.0,0,1,0
W011,2.3,S002,W011,dev,1,0,0,ЕГЭ проф,12,производная,"точки экстремума, наибольшее/наименьшее значение на отрезке",0,1.9090909090909092,1,11,5,65,0,1,number,high,3,,,0,0,0,0,1,1,0.0,,0.0,3,1,0,0,0,0,0,0,1,1,0.0,,0.0,3,1,0,0,2,0.0,0,1,0
W011,2.4,S002,W011,dev,1,0,0,ЕГЭ проф,12,производная,"точки экстремума, наибольшее/наименьшее значение на отрезке",0,1.9090909090909092,1,11,5,65,0,1,number,high,6,,,0,0,0,0,1,1,0.0,,0.0,6,1,0,0,0,0,0,0,1,1,0.0,,0.0,6,1,0,0,2,0.0,0,1,0
W011,2.5,S002,W011,dev,1,0,0,ЕГЭ проф,12,производная,"точки экстремума, наибольшее/наименьшее значение на отрезке",0,1.9090909090909092,1,11,5,65,0,1,number,high,7,,,0,0,0,0,1,1,0.0,,0.0,7,1,0,0,0,0,0,0,1,1,0.0,,0.0,7,1,0,0,2,0.0,0,1,0
W011,2.6,S002,W011,dev,1,0,0,ЕГЭ проф,12,производная,"точки экстремума, наибольшее/наименьшее значение на отрезке",0,1.9090909090909092,1,11,5,65,0,1,number,high,9,,,0,0,0,0,1,1,0.0,,0.0,9,1,0,0,0,0,0,0,1,1,0.0,,0.0,9,1,0,0,2,0.0,0,1,0
W011,20.1,S002,W011,dev,0,1,0,ЕГЭ проф,12,производная,"точки экстремума, наибольшее/наименьшее значение на отрезке",0,1.9090909090909092,1,11,5,65,1,1,number,high,1,,,1,2,0,0,0,1,1.0,,0.0,0,,0,0,1,2,0,0,0,1,1.0,,0.0,0,,0,0,2,1.0,0,0,0
W011,3.1,S002,W011,dev,1,0,0,ЕГЭ проф,12,производная,"точки экстремума, наибольшее/наименьшее значение на отрезке",0,1.9090909090909092,1,11,5,65,0,1,number,high,3,,,0,0,0,0,1,1,0.0,,0.0,3,1,0,0,0,0,0,0,1,1,0.0,,0.0,3,1,0,0,2,0.0,0,1,0
W011,3.2,S002,W011,dev,1,0,0,ЕГЭ проф,12,производная,"точки экстремума, наибольшее/наименьшее значение на отрезке",0,1.9090909090909092,1,11,5,65,0,1,number,high,48,,,0,0,0,0,1,1,0.0,,0.0,48,1,0,0,0,0,0,0,1,1,0.0,,0.0,48,1,0,0,2,0.0,0,1,0
W011,3.3,S002,W011,dev,1,0,0,ЕГЭ проф,12,производная,"точки экстремума, наибольшее/наименьшее значение на отрезке",0,1.9090909090909092,1,11,5,65,0,1,number,high,44,,,0,0,0,0,1,1,0.0,,0.0,44,1,0,0,0,0,0,0,1,1,0.0,,0.0,44,1,0,0,2,0.0,0,1,0
W011,3.5,S002,W011,dev,1,0,0,ЕГЭ проф,12,производная,"точки экстремума, наибольшее/наименьшее значение на отрезке",0,1.9090909090909092,1,11,5,65,0,1,number,high,243,,,0,1,0,0,1,1,0.0,,0.0,243,1,0,0,1,1,0,0,1,1,1.0,,0.0,243,1,0,1,2,0.5,1,1,0
W011,3.6,S002,W011,dev,1,0,0,ЕГЭ проф,12,производная,"точки экстремума, наибольшее/наименьшее значение на отрезке",0,1.9090909090909092,1,11,5,65,0,1,number,high,-7,,,0,0,0,0,1,1,0.0,,0.0,-7,1,0,0,0,0,0,0,1,1,0.0,,0.0,-7,1,0,0,2,0.0,0,1,0
W011,3.7,S002,W011,dev,1,0,0,ЕГЭ проф,12,производная,"точки экстремума, наибольшее/наименьшее значение на отрезке",0,1.9090909090909092,1,11,5,65,0,1,number,high,9,,,0,0,0,0,1,1,0.0,,0.0,9,1,0,0,0,0,0,0,1,1,0.0,,0.0,9,1,0,0,2,0.0,0,1,0
W011,3.8,S002,W011,dev,1,0,0,ЕГЭ проф,12,производная,"точки экстремума, наибольшее/наименьшее значение на отрезке",0,1.9090909090909092,1,11,5,65,0,1,number,high,13,,,0,0,0,0,1,1,0.0,,0.0,13,1,0,0,0,0,0,0,1,1,0.0,,0.0,13,1,0,0,2,0.0,0,1,0
W011,4.1,S002,W011,dev,1,0,0,ЕГЭ проф,12,производная,"точки экстремума, наибольшее/наименьшее значение на отрезке",0,1.9090909090909092,1,11,5,65,0,1,number,high,3,,,0,0,0,0,1,1,0.0,,0.0,3,1,0,0,0,0,0,0,1,1,0.0,,0.0,3,1,0,0,2,0.0,0,1,0
W011,4.2,S002,W011,dev,1,0,0,ЕГЭ проф,12,производная,"точки экстремума, наибольшее/наименьшее значение на отрезке",0,1.9090909090909092,1,11,5,65,0,1,number,high,19,,,0,0,0,0,1,1,0.0,,0.0,19,1,0,0,0,0,0,0,1,1,0.0,,0.0,19,1,0,0,2,0.0,0,1,0
W011,4.3,S002,W011,dev,1,0,0,ЕГЭ проф,12,производная,"точки экстремума, наибольшее/наименьшее значение на отрезке",0,1.9090909090909092,1,11,5,65,0,1,number,high,11,,,0,0,0,0,1,1,0.0,,0.0,11,1,0,0,0,0,0,0,1,1,0.0,,0.0,11,1,0,0,2,0.0,0,1,0
W011,4.4,S002,W011,dev,0,1,1,ЕГЭ проф,12,производная,"точки экстремума, наибольшее/наименьшее значение на отрезке",0,1.9090909090909092,1,11,5,65,0,1,number,high,5,,,1,1,0,0,1,1,1.0,,0.0,5,1,0,0,1,1,0,0,1,1,1.0,,0.0,5,1,0,0,2,1.0,0,1,1
W011,4.5,S002,W011,dev,1,0,0,ЕГЭ проф,12,производная,"точки экстремума, наибольшее/наименьшее значение на отрезке",0,1.9090909090909092,1,11,5,65,0,1,number,high,-117,,,0,0,0,0,1,1,0.0,,0.0,-117,1,0,0,0,0,0,0,1,1,0.0,,0.0,-117,1,0,0,2,0.0,0,1,0
W011,4.6,S002,W011,dev,1,0,0,ЕГЭ проф,12,производная,"точки экстремума, наибольшее/наименьшее значение на отрезке",0,1.9090909090909092,1,11,5,65,0,1,number,high,-1005,,,0,0,0,0,1,1,0.0,,0.0,-1005,1,0,0,0,0,0,0,1,1,0.0,,0.0,-1005,1,0,0,2,0.0,0,1,0
W011,4.7,S002,W011,dev,0,1,0,ЕГЭ проф,12,производная,"точки экстремума, наибольшее/наименьшее значение на отрезке",0,1.9090909090909092,1,11,5,65,0,1,number,high,17,,,1,2,0,0,0,1,1.0,,0.0,18,1,0,0,1,2,0,0,0,1,1.0,,0.0,18,1,0,0,2,1.0,0,0,0
W011,4.8,S002,W011,dev,1,0,0,ЕГЭ проф,12,производная,"точки экстремума, наибольшее/наименьшее значение на отрезке",0,1.9090909090909092,1,11,5,65,0,1,number,high,-8,,,0,0,0,0,1,1,0.0,,0.0,-8,1,0,0,0,0,0,0,1,1,0.0,,0.0,-8,1,0,0,2,0.0,0,1,0
W011,5.1,S002,W011,dev,1,0,0,ЕГЭ проф,12,производная,"точки экстремума, наибольшее/наименьшее значение на отрезке",0,1.9090909090909092,1,11,5,65,0,1,number,high,144,,,0,0,0,0,1,1,0.0,,0.0,144,1,0,0,0,0,0,0,1,1,0.0,,0.0,144,1,0,0,2,0.0,0,1,0
W011,5.2,S002,W011,dev,1,0,0,ЕГЭ проф,12,производная,"точки экстремума, наибольшее/наименьшее значение на отрезке",0,1.9090909090909092,1,11,5,65,0,1,number,high,196,,,0,0,0,0,1,1,0.0,,0.0,196,1,0,0,0,0,0,0,1,1,0.0,,0.0,196,1,0,0,2,0.0,0,1,0
W011,6.1,S002,W011,dev,1,0,0,ЕГЭ проф,12,производная,"точки экстремума, наибольшее/наименьшее значение на отрезке",0,1.9090909090909092,1,11,5,65,0,1,number,high,36,,,0,0,0,0,1,1,0.0,,0.0,36,1,0,0,0,0,0,0,1,1,0.0,,0.0,36,1,0,0,2,0.0,0,1,0
W011,6.2,S002,W011,dev,1,0,0,ЕГЭ проф,12,производная,"точки экстремума, наибольшее/наименьшее значение на отрезке",0,1.9090909090909092,1,11,5,65,0,1,number,high,81,,,0,0,0,0,1,1,0.0,,0.0,81,1,0,0,0,0,0,0,1,1,0.0,,0.0,81,1,0,0,2,0.0,0,1,0
W011,7.1,S002,W011,dev,1,0,0,ЕГЭ проф,12,производная,"точки экстремума, наибольшее/наименьшее значение на отрезке",0,1.9090909090909092,1,11,5,65,1,1,number,high,37,,,0,0,0,0,1,1,0.0,,0.0,37,1,0,0,0,0,0,0,1,1,0.0,,0.0,37,1,0,0,2,0.0,0,1,0
W011,7.2,S002,W011,dev,1,0,0,ЕГЭ проф,12,производная,"точки экстремума, наибольшее/наименьшее значение на отрезке",0,1.9090909090909092,1,11,5,65,1,1,number,high,22,,,0,0,0,0,1,1,0.0,,0.0,22,1,0,0,0,0,0,0,1,1,0.0,,0.0,22,1,0,0,2,0.0,0,1,0
W011,7.3,S002,W011,dev,1,0,0,ЕГЭ проф,12,производная,"точки экстремума, наибольшее/наименьшее значение на отрезке",0,1.9090909090909092,1,11,5,65,1,1,number,high,13,,,0,0,0,0,1,1,0.0,,0.0,13,1,0,0,0,0,0,0,1,1,0.0,,0.0,13,1,0,0,2,0.0,0,1,0
W011,7.4,S002,W011,dev,1,0,0,ЕГЭ проф,12,производная,"точки экстремума, наибольшее/наименьшее значение на отрезке",0,1.9090909090909092,1,11,5,65,1,1,number,high,15,,,0,0,0,0,1,1,0.0,,0.0,15,1,0,0,0,0,0,0,1,1,0.0,,0.0,15,1,0,0,2,0.0,0,1,0
W011,8.1,S002,W011,dev,1,0,0,ЕГЭ проф,12,производная,"точки экстремума, наибольшее/наименьшее значение на отрезке",0,1.9090909090909092,1,11,5,65,1,1,number,high,-29,,,0,0,0,0,1,1,0.0,,0.0,-29,1,0,0,0,0,0,0,1,1,0.0,,0.0,-29,1,0,0,2,0.0,0,1,0
W011,8.2,S002,W011,dev,0,1,0,ЕГЭ проф,12,производная,"точки экстремума, наибольшее/наименьшее значение на отрезке",0,1.9090909090909092,1,11,5,65,1,1,number,high,-77,,,1,1,0,0,0,1,1.0,,0.0,43,0,0,0,1,1,0,0,0,1,1.0,,0.0,43,0,0,0,2,1.0,0,0,0
W011,8.3,S002,W011,dev,0,1,0,ЕГЭ проф,12,производная,"точки экстремума, наибольшее/наименьшее значение на отрезке",0,1.9090909090909092,1,11,5,65,0,1,number,high,-85,,,1,1,0,0,0,1,1.0,,0.0,-205,0,0,0,1,1,0,0,0,1,1.0,,0.0,-205,0,0,0,2,1.0,0,0,0
W011,8.4,S002,W011,dev,1,0,0,ЕГЭ проф,12,производная,"точки экстремума, наибольшее/наименьшее значение на отрезке",0,1.9090909090909092,1,11,5,65,0,1,number,high,-8,,,0,0,0,0,1,1,0.0,,0.0,-8,1,0,0,0,0,0,0,1,1,0.0,,0.0,-8,1,0,0,2,0.0,0,1,0
W011,9.1,S002,W011,dev,1,0,0,ЕГЭ проф,12,производная,"точки экстремума, наибольшее/наименьшее значение на отрезке",0,1.9090909090909092,1,11,5,65,0,1,number,high,-2,,,0,0,0,0,1,1,0.0,,0.0,-2,,0,0,0,0,0,0,1,1,0.0,,0.0,-2,,0,0,2,0.0,0,1,0
W011,9.2,S002,W011,dev,1,0,0,ЕГЭ проф,12,производная,"точки экстремума, наибольшее/наименьшее значение на отрезке",0,1.9090909090909092,1,11,5,65,0,1,number,high,4,,,0,0,0,0,1,1,0.0,,0.0,4,1,0,0,0,0,0,0,1,1,0.0,,0.0,4,1,0,0,2,0.0,0,1,0
W011,9.3,S002,W011,dev,1,0,0,ЕГЭ проф,12,производная,"точки экстремума, наибольшее/наименьшее значение на отрезке",0,1.9090909090909092,1,11,5,65,0,1,number,high,-8,,,0,0,0,0,1,1,0.0,,0.0,-8,1,0,0,0,0,0,0,1,1,0.0,,0.0,-8,1,0,0,2,0.0,0,1,0
W011,9.4,S002,W011,dev,1,0,0,ЕГЭ проф,12,производная,"точки экстремума, наибольшее/наименьшее значение на отрезке",0,1.9090909090909092,1,11,5,65,0,1,number,high,-8,,,0,0,0,0,1,1,0.0,,0.0,-8,1,0,0,0,0,0,0,1,1,0.0,,0.0,-8,1,0,0,2,0.0,0,1,0
W012,1,S003,W012,dev,0,1,0,ЕГЭ проф,,вариант-смешанный,пробный вариант ЕГЭ проф (задания 1–19),1,1.3333333333333333,1,3,0,8,0,1,number,high,10,,,1,1,0,0,0,1,1.0,,0.0,"17,5",0,0,0,1,1,0,0,0,1,1.0,,0.0,"17,5",0,0,0,2,1.0,0,0,0
W012,10,S003,W012,dev,1,0,0,ЕГЭ проф,,вариант-смешанный,пробный вариант ЕГЭ проф (задания 1–19),1,1.3333333333333333,1,3,0,8,0,1,number,high,13,,,0,0,0,0,1,1,0.0,,0.0,13,0,1,0,0,0,0,0,1,1,0.0,,0.0,13,0,1,0,2,0.0,0,1,0
W012,11,S003,W012,dev,1,0,0,ЕГЭ проф,,вариант-смешанный,пробный вариант ЕГЭ проф (задания 1–19),1,1.3333333333333333,1,3,0,8,0,1,number,high,"-0,2",,,1,1,0,0,1,1,1.0,,0.0,"-0,2",1,1,1,0,0,0,0,1,1,0.0,,0.0,"-0,2",1,1,0,2,0.5,1,1,1
W012,12,S003,W012,dev,0,1,1,ЕГЭ проф,,вариант-смешанный,пробный вариант ЕГЭ проф (задания 1–19),1,1.3333333333333333,1,3,0,8,0,1,number,high,16,,,1,1,0,0,0,1,1.0,,0.0,0,1,1,0,1,1,0,0,0,1,1.0,,0.0,0,1,1,0,2,1.0,0,0,0
W012,13а,S003,W012,dev,0,1,0,ЕГЭ проф,,вариант-смешанный,пробный вариант ЕГЭ проф (задания 1–19),1,1.3333333333333333,1,3,0,8,0,1,series,low,"x = -π/4 + 2πk; x = -3π/4 + 2πk; x = -π/3 + 2πk; x = -2π/3 + 2πk, k∈Z",,,1,2,0,0,,1,1.0,,0.0,,,1,0,1,2,0,0,,1,1.0,,0.0,,,1,0,2,1.0,0,,
W012,15,S003,W012,dev,0,1,0,ЕГЭ проф,,вариант-смешанный,пробный вариант ЕГЭ проф (задания 1–19),1,1.3333333333333333,1,3,0,8,0,1,interval,high,(-∞; 1],,,1,2,0,0,1,1,1.0,,0.0,(-\infty; 1],,0,0,1,2,0,0,1,1,1.0,,0.0,(-\infty; 1],,0,0,2,1.0,0,1,1
W012,2,S003,W012,dev,1,0,0,ЕГЭ проф,,вариант-смешанный,пробный вариант ЕГЭ проф (задания 1–19),1,1.3333333333333333,1,3,0,8,0,1,number,high,5,,,1,1,0,0,1,1,1.0,,0.0,5,0,1,1,1,1,0,0,1,1,1.0,,0.0,5,0,1,1,2,1.0,0,1,1
W012,4,S003,W012,dev,1,0,0,ЕГЭ проф,,вариант-смешанный,пробный вариант ЕГЭ проф (задания 1–19),1,1.3333333333333333,1,3,0,8,0,1,number,high,"0,2",,,0,0,0,0,1,1,0.0,,0.0,"0,2",0,1,0,0,0,0,0,1,1,0.0,,0.0,"0,2",0,1,0,2,0.0,0,1,0
W012,5,S003,W012,dev,1,0,0,ЕГЭ проф,,вариант-смешанный,пробный вариант ЕГЭ проф (задания 1–19),1,1.3333333333333333,1,3,0,8,0,1,number,high,"0,53",,,0,0,0,0,1,1,0.0,,0.0,"0,53",1,1,0,0,0,0,0,1,1,0.0,,0.0,"0,53",1,1,0,2,0.0,0,1,0
W012,6,S003,W012,dev,1,0,0,ЕГЭ проф,,вариант-смешанный,пробный вариант ЕГЭ проф (задания 1–19),1,1.3333333333333333,1,3,0,8,0,1,number,high,9,,,0,0,0,0,1,1,0.0,,0.0,9,1,1,0,0,0,0,0,1,1,0.0,,0.0,9,1,1,0,2,0.0,0,1,0
W012,7,S003,W012,dev,1,0,0,ЕГЭ проф,,вариант-смешанный,пробный вариант ЕГЭ проф (задания 1–19),1,1.3333333333333333,1,3,0,8,0,1,number,high,2,,,0,0,0,0,1,1,0.0,,0.0,2,,1,0,0,0,0,0,1,1,0.0,,0.0,2,,1,0,2,0.0,0,1,0
W012,8,S003,W012,dev,0,1,0,ЕГЭ проф,,вариант-смешанный,пробный вариант ЕГЭ проф (задания 1–19),1,1.3333333333333333,1,3,0,8,0,1,number,high,"-0,2",,,1,1,0,0,0,0,1.0,,0.0,-5,0,1,0,0,0,0,0,0,0,0.0,,0.0,-5,0,1,1,2,0.5,1,0,0
W012,9,S003,W012,dev,1,0,0,ЕГЭ проф,,вариант-смешанный,пробный вариант ЕГЭ проф (задания 1–19),1,1.3333333333333333,1,3,0,8,0,1,number,high,5000,,,0,0,0,0,1,1,0.0,,0.0,5000,1,1,0,0,0,0,0,1,1,0.0,,0.0,5000,1,1,0,2,0.0,0,1,0
W013,1а,S006,W013,dev,1,0,0,ЕГЭ проф,13,тригонометрия,"тригонометрические уравнения (формулы приведения, двойного угла)",0,2.0,2,4,2,3,0,1,series,high,"x = πk; x = -π/4 + 2πk; x = -3π/4 + 2πk, k∈Z",,,0,0,0,0,,,0.0,,0.0,"x = \pi n, n \in Z; x = 5\pi/4 + 2\pi n, n \in Z; x = 7\pi/4 + 2\pi n, n \in Z",,0,0,1,0,0,0,,,1.0,,0.0,"x = \pi n, n \in Z; x = 5\pi/4 + 2\pi n, n \in Z; x = 7\pi/4 + 2\pi n, n \in Z",,0,1,2,0.5,1,,
W013,2а,S006,W013,dev,0,1,0,ЕГЭ проф,13,тригонометрия,"тригонометрические уравнения (формулы приведения, двойного угла)",0,2.0,2,4,2,3,0,1,series,high,"x = πk; x = ±3π/4 + 2πk, k∈Z",,,1,1,0,0,,,1.0,,0.0,"x = 3\pi/4 + 2\pi n, n \in \mathbb{Z}; x = 5\pi/4 + 2\pi n, n \in \mathbb{Z}",,0,0,1,1,0,0,,,1.0,,0.0,"x = 3\pi/4 + 2\pi n, n \in \mathbb{Z}; x = 5\pi/4 + 2\pi n, n \in \mathbb{Z}",,0,0,2,1.0,0,,
W013,3а,S006,W013,dev,0,1,0,ЕГЭ проф,13,тригонометрия,"тригонометрические уравнения (формулы приведения, двойного угла)",0,2.0,2,4,2,3,2,1,series,high,"x = 2πk; x = -π/6 + 2πk; x = -5π/6 + 2πk, k∈Z",,,1,1,0,0,,,1.0,,0.0,"x = 7\pi/6 + 2\pi n, n \in \mathbb{Z}; x = 11\pi/6 + 2\pi n, n \in \mathbb{Z}",,0,0,1,1,0,0,,,1.0,,0.0,"x = 7\pi/6 + 2\pi n, n \in \mathbb{Z}; x = 11\pi/6 + 2\pi n, n \in \mathbb{Z}",,0,0,2,1.0,0,,
W013,4а,S006,W013,dev,1,0,0,ЕГЭ проф,13,тригонометрия,"тригонометрические уравнения (формулы приведения, двойного угла)",0,2.0,2,4,2,3,0,1,series,high,"x = ±π/12 + πk/2, k∈Z",,,0,0,0,0,,,0.0,,0.0,"x = 7\pi/12 + \pi n; x = 11\pi/12 + \pi n; x = \pi/12 + \pi n; x = 5\pi/12 + \pi n, n \in \mathbb{Z}",,0,0,1,0,0,0,,,1.0,,0.0,"x = 7\pi/12 + \pi n; x = 11\pi/12 + \pi n; x = \pi/12 + \pi n; x = 5\pi/12 + \pi n, n \in \mathbb{Z}",,0,1,2,0.5,1,,
W014,1,S002,W014,dev,0,1,0,ЕГЭ проф,8,производная,физический смысл производной (скорость),0,2.0,2,3,0,16,0,1,number,high,6,,,1,2,0,0,0,1,1.0,,0.0,10,0,1,0,1,2,0,0,0,1,1.0,,0.0,10,0,1,0,2,1.0,0,0,0
W014,11,S002,W014,dev,0,1,0,ЕГЭ проф,8,производная,"геометрический смысл производной, касательная, чтение графика",1,2.0,2,3,0,16,0,1,number,high,2,,,1,1,0,0,0,1,1.0,,0.0,-1,,1,0,1,1,0,0,0,1,1.0,,0.0,-1,,1,0,2,1.0,0,0,0
W014,12,S002,W014,dev,0,1,0,ЕГЭ проф,8,производная,"геометрический смысл производной, касательная, чтение графика",1,2.0,2,3,0,16,0,1,number,high,-1,,,1,1,0,0,0,1,1.0,,0.0,3,,1,0,1,1,0,0,0,1,1.0,,0.0,3,,1,0,2,1.0,0,0,0
W014,13,S002,W014,dev,0,1,0,ЕГЭ проф,8,производная,"геометрический смысл производной, касательная, чтение графика",1,2.0,2,3,0,16,0,1,number,high,-1,,,1,1,0,0,0,1,1.0,,0.0,2,,1,0,1,1,0,0,0,1,1.0,,0.0,2,,1,0,2,1.0,0,0,0
W014,14,S002,W014,dev,0,1,0,ЕГЭ проф,8,производная,"геометрический смысл производной, касательная, чтение графика",1,2.0,2,3,0,16,0,1,number,medium,2,,,1,1,0,0,0,1,1.0,,0.0,1,,1,0,1,1,0,0,0,1,1.0,,0.0,1,,1,0,2,1.0,0,0,0
W014,15а,S002,W014,dev,1,0,0,ЕГЭ проф,8,производная,"геометрический смысл производной, касательная, чтение графика",1,2.0,2,3,0,16,0,1,number,high,7,,,0,0,0,0,1,1,0.0,,0.0,7,1,1,0,0,0,0,0,1,1,0.0,,0.0,7,1,1,0,2,0.0,0,1,0
W014,2,S002,W014,dev,1,0,0,ЕГЭ проф,8,производная,физический смысл производной (скорость),0,2.0,2,3,0,16,0,1,number,high,2,,,0,0,0,0,1,1,0.0,,0.0,2,,1,0,0,0,0,0,1,1,0.0,,0.0,2,,1,0,2,0.0,0,1,0
W014,3,S002,W014,dev,1,0,0,ЕГЭ проф,8,производная,физический смысл производной (скорость),0,2.0,2,3,0,16,0,1,number,high,5,,,0,0,0,0,1,1,0.0,,0.0,5,1,1,0,0,0,0,0,1,1,0.0,,0.0,5,1,1,0,2,0.0,0,1,0
W014,4,S002,W014,dev,1,0,0,ЕГЭ проф,8,производная,физический смысл производной (скорость),0,2.0,2,3,0,16,0,1,number,high,8,,,0,0,0,0,1,1,0.0,,0.0,8,1,1,0,0,0,0,0,1,1,0.0,,0.0,8,1,1,0,2,0.0,0,1,0
W014,5,S002,W014,dev,1,0,0,ЕГЭ проф,8,производная,физический смысл производной (скорость),0,2.0,2,3,0,16,0,1,number,high,9,,,0,0,0,0,1,1,0.0,,0.0,9,1,1,0,0,0,0,0,1,1,0.0,,0.0,9,1,1,0,2,0.0,0,1,0
W014,6,S002,W014,dev,1,0,0,ЕГЭ проф,8,производная,физический смысл производной (скорость),0,2.0,2,3,0,16,0,1,number,high,18,,,0,0,0,0,1,1,0.0,,0.0,18,1,1,0,0,0,0,0,1,1,0.0,,0.0,18,1,1,0,2,0.0,0,1,0
W014,7.1,S002,W014,dev,1,0,0,ЕГЭ проф,8,производная,"геометрический смысл производной, касательная, чтение графика",1,2.0,2,3,0,16,0,1,number,high,"0,4",,,0,0,0,0,1,1,0.0,,0.0,"0,4",1,1,0,0,0,0,0,1,1,0.0,,0.0,"0,4",1,1,0,2,0.0,0,1,0
W014,7.2,S002,W014,dev,1,0,0,ЕГЭ проф,8,производная,"геометрический смысл производной, касательная, чтение графика",1,2.0,2,3,0,16,0,1,number,high,"-1,5",,,0,0,0,0,1,1,0.0,,0.0,"-1,5",1,1,0,0,0,0,0,1,1,0.0,,0.0,"-1,5",1,1,0,2,0.0,0,1,0
W014,7.3,S002,W014,dev,1,0,0,ЕГЭ проф,8,производная,"геометрический смысл производной, касательная, чтение графика",1,2.0,2,3,0,16,0,1,number,high,"-1,25",,,0,0,0,0,1,1,0.0,,0.0,"-1,25",1,1,0,0,0,0,0,1,1,0.0,,0.0,"-1,25",1,1,0,2,0.0,0,1,0
W014,7.4,S002,W014,dev,1,0,0,ЕГЭ проф,8,производная,"геометрический смысл производной, касательная, чтение графика",1,2.0,2,3,0,16,0,1,number,high,"0,25",,,0,0,0,0,1,1,0.0,,0.0,"0,25",1,1,0,0,0,0,0,1,1,0.0,,0.0,"0,25",1,1,0,2,0.0,0,1,0
W014,7.5,S002,W014,dev,1,0,0,ЕГЭ проф,8,производная,"геометрический смысл производной, касательная, чтение графика",1,2.0,2,3,0,16,0,1,number,high,2,,,0,0,0,0,1,1,0.0,,0.0,2,,1,0,0,0,0,0,1,1,0.0,,0.0,2,,1,0,2,0.0,0,1,0
W014,7.8,S002,W014,dev,0,1,1,ЕГЭ проф,8,производная,"геометрический смысл производной, касательная, чтение графика",1,2.0,2,3,0,16,0,1,number,high,"-0,75",,,1,1,0,0,0,1,1.0,,0.0,"0,75",1,1,0,1,1,0,0,0,1,1.0,,0.0,"0,75",1,1,0,2,1.0,0,0,0
W014,8,S002,W014,dev,1,0,0,ЕГЭ проф,8,производная,"геометрический смысл производной, касательная, чтение графика",1,2.0,2,3,0,16,0,1,number,high,3,,,0,0,0,0,1,1,0.0,,0.0,3,0,1,0,0,0,0,0,1,1,0.0,,0.0,3,0,1,0,2,0.0,0,1,0
W014,9,S002,W014,dev,0,1,0,ЕГЭ проф,8,производная,"геометрический смысл производной, касательная, чтение графика",1,2.0,2,3,0,16,0,1,number,high,5,,,1,1,0,0,0,1,1.0,,0.0,y = 3,0,1,0,1,1,0,0,0,1,1.0,,0.0,y = 3,0,1,0,2,1.0,0,0,0
W015,4а,S008,W015,dev,1,0,0,ЕГЭ проф,14,стереометрия,"сечения, угол между прямыми, расстояние от точки до плоскости",0,1.0,1,5,1,3,0,1,construction,high,—,,,0,0,0,0,,,0.0,,0.0,сеч: KLMN,,0,0,0,0,0,0,,,0.0,,0.0,сеч: KLMN,,0,0,2,0.0,0,,
W015,4б,S008,W015,dev,1,0,0,ЕГЭ проф,14,стереометрия,"сечения, угол между прямыми, расстояние от точки до плоскости",0,1.0,1,5,1,3,0,1,number,high,90,,,0,0,0,0,1,1,0.0,,0.0,90°,1,0,0,0,0,0,0,1,1,0.0,,0.0,90°,1,0,0,2,0.0,0,1,0
W015,5а,S008,W015,dev,0,1,0,ЕГЭ проф,14,стереометрия,"сечения, угол между прямыми, расстояние от точки до плоскости",0,1.0,1,5,1,3,0,1,proof,high,—,,,1,1,0,0,,,1.0,,0.0,Доказано через среднюю линию MO,,1,0,1,1,0,0,,,1.0,,0.0,Доказано через среднюю линию MO,,1,0,2,1.0,0,,
W015,5б,S008,W015,dev,1,0,0,ЕГЭ проф,14,стереометрия,"сечения, угол между прямыми, расстояние от точки до плоскости",0,1.0,1,5,1,3,0,1,expression,high,"arccos 0,64",,,0,0,0,0,,,0.0,,0.0,"arccos 0,64 (записано как arccos = 0,64)",0,0,0,1,0,0,0,,,1.0,,0.0,"arccos 0,64 (записано как arccos = 0,64)",0,0,1,2,0.5,1,,
W015,7,S008,W015,dev,1,0,0,ЕГЭ проф,14,стереометрия,"сечения, угол между прямыми, расстояние от точки до плоскости",0,1.0,1,5,1,3,0,1,number,high,3,,,0,0,0,0,1,1,0.0,,0.0,3,1,0,0,0,0,0,0,1,1,0.0,,0.0,3,1,0,0,2,0.0,0,1,0
W016,1.12,S008,W016,dev,1,0,0,ЕГЭ проф,12,производная,"точки экстремума, наибольшее/наименьшее значение на отрезке",0,1.75,1,8,1,7,0,1,number,high,-5,,,0,0,0,0,1,1,0.0,,0.0,-5,1,1,0,0,0,0,0,1,1,0.0,,0.0,-5,1,1,0,2,0.0,0,1,0
W016,1.2,S008,W016,dev,0,1,0,ЕГЭ проф,12,производная,"точки экстремума, наибольшее/наименьшее значение на отрезке",0,1.75,1,8,1,7,0,1,number,high,-5,,,1,1,0,0,0,1,1.0,,0.0,5,1,1,0,1,1,0,0,0,1,1.0,,0.0,5,1,1,0,2,1.0,0,0,0
W016,1.6,S008,W016,dev,1,0,0,ЕГЭ проф,12,производная,"точки экстремума, наибольшее/наименьшее значение на отрезке",0,1.75,1,8,1,7,0,1,number,high,-4,,,0,0,0,0,1,1,0.0,,0.0,-4,1,1,0,0,0,0,0,1,1,0.0,,0.0,-4,1,1,0,2,0.0,0,1,0
W016,2.2,S008,W016,dev,1,0,0,ЕГЭ проф,12,производная,"точки экстремума, наибольшее/наименьшее значение на отрезке",0,1.75,1,8,1,7,1,1,number,high,4,,,0,0,0,0,1,1,0.0,,0.0,4,1,1,0,0,0,0,0,1,1,0.0,,0.0,4,1,1,0,2,0.0,0,1,0
W016,2.3,S008,W016,dev,1,0,0,ЕГЭ проф,12,производная,"точки экстремума, наибольшее/наименьшее значение на отрезке",0,1.75,1,8,1,7,1,1,number,high,3,,,0,0,0,0,1,1,0.0,,0.0,3,1,1,0,0,0,0,0,1,1,0.0,,0.0,3,1,1,0,2,0.0,0,1,0
W016,2.5,S008,W016,dev,1,0,0,ЕГЭ проф,12,производная,"точки экстремума, наибольшее/наименьшее значение на отрезке",0,1.75,1,8,1,7,1,1,number,high,7,,,0,0,0,0,1,1,0.0,,0.0,7,1,1,0,0,0,0,0,1,1,0.0,,0.0,7,1,1,0,2,0.0,0,1,0
W016,3.5,S008,W016,dev,1,0,0,ЕГЭ проф,12,производная,"точки экстремума, наибольшее/наименьшее значение на отрезке",0,1.75,1,8,1,7,0,1,number,high,243,,,0,0,0,0,1,1,0.0,,0.0,243,1,0,0,0,0,0,0,1,1,0.0,,0.0,243,1,0,0,2,0.0,0,1,0
W016,3.7,S008,W016,dev,1,0,0,ЕГЭ проф,12,производная,"точки экстремума, наибольшее/наименьшее значение на отрезке",0,1.75,1,8,1,7,0,1,number,high,9,,,0,0,0,0,1,1,0.0,,0.0,9,1,0,0,0,0,0,0,1,1,0.0,,0.0,9,1,0,0,2,0.0,0,1,0
W016,3.8,S008,W016,dev,1,0,0,ЕГЭ проф,12,производная,"точки экстремума, наибольшее/наименьшее значение на отрезке",0,1.75,1,8,1,7,0,1,number,high,13,,,0,0,0,0,1,1,0.0,,0.0,13,1,0,0,0,0,0,0,1,1,0.0,,0.0,13,1,0,0,2,0.0,0,1,0
W016,4.1,S008,W016,dev,1,0,0,ЕГЭ проф,12,производная,"точки экстремума, наибольшее/наименьшее значение на отрезке",0,1.75,1,8,1,7,0,1,number,high,3,,,0,0,0,0,1,1,0.0,,0.0,3,1,1,0,0,0,0,0,1,1,0.0,,0.0,3,1,1,0,2,0.0,0,1,0
W016,4.3,S008,W016,dev,1,0,0,ЕГЭ проф,12,производная,"точки экстремума, наибольшее/наименьшее значение на отрезке",0,1.75,1,8,1,7,0,1,number,high,11,,,0,0,0,0,1,1,0.0,,0.0,11,1,0,0,0,0,0,0,1,1,0.0,,0.0,11,1,0,0,2,0.0,0,1,0
W016,4.7,S008,W016,dev,1,0,0,ЕГЭ проф,12,производная,"точки экстремума, наибольшее/наименьшее значение на отрезке",0,1.75,1,8,1,7,0,1,number,high,17,,,0,0,0,0,1,1,0.0,,0.0,17,1,0,0,0,0,0,0,1,1,0.0,,0.0,17,1,0,0,2,0.0,0,1,0
W016,5.1,S008,W016,dev,1,0,0,ЕГЭ проф,12,производная,"точки экстремума, наибольшее/наименьшее значение на отрезке",0,1.75,1,8,1,7,0,1,number,high,144,,,0,0,0,0,1,1,0.0,,0.0,144,0,1,0,0,0,0,0,1,1,0.0,,0.0,144,0,1,0,2,0.0,0,1,0
W016,5.2,S008,W016,dev,1,0,0,ЕГЭ проф,12,производная,"точки экстремума, наибольшее/наименьшее значение на отрезке",0,1.75,1,8,1,7,0,1,number,high,196,,,0,0,0,0,1,1,0.0,,0.0,196,1,0,0,0,0,0,0,1,1,0.0,,0.0,196,1,0,0,2,0.0,0,1,0
W016,6.1,S008,W016,dev,1,0,0,ЕГЭ проф,12,производная,"точки экстремума, наибольшее/наименьшее значение на отрезке",0,1.75,1,8,1,7,0,1,number,high,36,,,0,0,0,0,1,1,0.0,,0.0,36,1,1,0,0,0,0,0,1,1,0.0,,0.0,36,1,1,0,2,0.0,0,1,0
W016,6.2,S008,W016,dev,1,0,0,ЕГЭ проф,12,производная,"точки экстремума, наибольшее/наименьшее значение на отрезке",0,1.75,1,8,1,7,0,1,number,high,81,,,0,0,0,0,1,1,0.0,,0.0,81,1,1,0,0,0,0,0,1,1,0.0,,0.0,81,1,1,0,2,0.0,0,1,0
W016,7.1,S008,W016,dev,1,0,0,ЕГЭ проф,12,производная,"точки экстремума, наибольшее/наименьшее значение на отрезке",0,1.75,1,8,1,7,0,1,number,high,37,,,0,0,0,0,1,1,0.0,,0.0,37,1,0,0,0,0,0,0,1,1,0.0,,0.0,37,1,0,0,2,0.0,0,1,0
W016,7.2,S008,W016,dev,1,0,0,ЕГЭ проф,12,производная,"точки экстремума, наибольшее/наименьшее значение на отрезке",0,1.75,1,8,1,7,0,1,number,high,22,,,0,0,0,0,1,1,0.0,,0.0,22,1,0,0,0,0,0,0,1,1,0.0,,0.0,22,1,0,0,2,0.0,0,1,0
W016,7.3,S008,W016,dev,1,0,0,ЕГЭ проф,12,производная,"точки экстремума, наибольшее/наименьшее значение на отрезке",0,1.75,1,8,1,7,0,1,number,high,13,,,0,0,0,0,1,1,0.0,,0.0,13,1,0,0,0,0,0,0,1,1,0.0,,0.0,13,1,0,0,2,0.0,0,1,0
W017,1,S009,T25,dev,0,1,0,ОГЭ,21,текстовые задачи,"движение, совместная работа, сушка фруктов, смеси",0,1.0,1,3,5,32,5,1,number,high,25,14,4,1,2,0,0,0,1,1.0,,0.0,12 км/ч,1,0,0,1,2,0,0,0,1,1.0,,0.0,12 км/ч,1,0,0,2,1.0,0,0,0
W017,3,S009,T25,dev,0,1,0,ОГЭ,21,текстовые задачи,"движение, совместная работа, сушка фруктов, смеси",0,1.0,1,3,5,32,5,1,number,high,15,14,4,1,2,0,0,0,1,1.0,,0.0,1 км/ч,0,1,0,1,2,0,0,0,1,1.0,,0.0,1 км/ч,0,1,0,2,1.0,0,0,0
W017,4,S009,T25,dev,1,0,0,ОГЭ,21,текстовые задачи,"движение, совместная работа, сушка фруктов, смеси",0,1.0,1,3,5,32,0,1,number,high,14,14,6,0,0,0,0,1,1,0.0,,0.0,14 км/ч,1,0,0,0,0,0,0,1,1,0.0,,0.0,14 км/ч,1,0,0,2,0.0,0,1,0
W017,6,S009,T25,dev,1,0,0,ОГЭ,21,текстовые задачи,"движение, совместная работа, сушка фруктов, смеси",0,1.0,1,3,5,32,0,1,number,high,18,14,6,0,0,0,0,1,1,0.0,,0.0,18 км/ч,1,0,0,0,0,0,0,1,1,0.0,,0.0,18 км/ч,1,0,0,2,0.0,0,1,0
W018,1,S010,T25,dev,1,0,0,ОГЭ,21,текстовые задачи,"движение, совместная работа, сушка фруктов, смеси",0,1.0,1,3,2,14,1,1,number,high,25,,,0,0,0,0,1,1,0.0,,0.0,25 км/ч,1,0,0,0,0,0,0,1,1,0.0,,0.0,25 км/ч,1,0,0,2,0.0,0,1,0
W018,11,S010,T25,dev,1,0,0,ОГЭ,21,текстовые задачи,"движение, совместная работа, сушка фруктов, смеси",0,1.0,1,3,2,14,1,1,number,high,4,,,0,0,0,0,1,1,0.0,,0.0,4 км/ч,1,1,0,0,0,0,0,1,1,0.0,,0.0,4 км/ч,1,1,0,2,0.0,0,1,0
W018,3,S010,T25,dev,1,0,0,ОГЭ,21,текстовые задачи,"движение, совместная работа, сушка фруктов, смеси",0,1.0,1,3,2,14,1,1,number,high,15,,,0,0,0,0,1,1,0.0,,0.0,15 км/ч,0,1,0,0,0,0,0,1,1,0.0,,0.0,15 км/ч,0,1,0,2,0.0,0,1,0
W018,4,S010,T25,dev,0,1,0,ОГЭ,21,текстовые задачи,"движение, совместная работа, сушка фруктов, смеси",0,1.0,1,3,2,14,0,1,number,high,14,,,1,1,0,0,0,1,1.0,,0.0,28 км/ч,1,0,0,1,1,0,0,0,1,1.0,,0.0,28 км/ч,1,0,0,2,1.0,0,0,0
W018,7,S010,T25,dev,1,0,0,ОГЭ,21,текстовые задачи,"движение, совместная работа, сушка фруктов, смеси",0,1.0,1,3,2,14,1,1,number,high,18,,,0,0,0,0,1,1,0.0,,0.0,18 км/ч,1,0,0,0,0,0,0,1,1,0.0,,0.0,18 км/ч,1,0,0,2,0.0,0,1,0
W019,1,S011,T4,dev,0,1,1,школьная программа,,планиметрия-подобие,"подобие треугольников, отношение периметров и площадей",1,2.0,2,4,0,5,0,1,proof,high,—,,,1,1,0,0,,,1.0,,0.0,DE ∥ AC доказано через равенство углов и 1-й признак подобия,,0,0,1,1,0,0,,,1.0,,0.0,DE ∥ AC доказано через равенство углов и 1-й признак подобия,,0,0,2,1.0,0,,
W019,1а,S011,T4,dev,1,0,0,школьная программа,,планиметрия-подобие,"подобие треугольников, отношение периметров и площадей",1,2.0,2,4,0,5,0,1,expression,high,1:3,,,0,0,0,0,,,0.0,,0.0,1/3,,0,0,0,0,0,0,,,0.0,,0.0,1/3,,0,0,2,0.0,0,,
W019,1б,S011,T4,dev,1,0,0,школьная программа,,планиметрия-подобие,"подобие треугольников, отношение периметров и площадей",1,2.0,2,4,0,5,0,1,expression,high,3:1,,,0,0,0,0,,,0.0,,0.0,3/1,,0,0,0,0,0,0,,,0.0,,0.0,3/1,,0,0,2,0.0,0,,
W019,1в,S011,T4,dev,1,0,0,школьная программа,,планиметрия-подобие,"подобие треугольников, отношение периметров и площадей",1,2.0,2,4,0,5,0,1,expression,high,1:9,,,0,0,0,0,,,0.0,,0.0,1/9,,0,0,0,0,0,0,,,0.0,,0.0,1/9,,0,0,2,0.0,0,,
W019,2,S011,T4,dev,1,0,0,школьная программа,,планиметрия-подобие,"подобие треугольников, отношение периметров и площадей",1,2.0,2,4,0,5,0,1,set,high,4√5; 8√5,,,0,0,0,0,1,1,0.0,,0.0,2\sqrt{20}; 2\sqrt{80},,1,0,0,0,0,0,1,1,0.0,,0.0,2\sqrt{20}; 2\sqrt{80},,1,0,2,0.0,0,1,0
W019,3,S011,T4,dev,0,1,1,школьная программа,,планиметрия-подобие,"подобие треугольников, отношение периметров и площадей",1,2.0,2,4,0,5,0,1,proof,high,—,,,1,1,0,0,,,1.0,,0.0,Доказано через перечисление свойств/признаков трапеции,,1,0,1,1,0,0,,,1.0,,0.0,Доказано через перечисление свойств/признаков трапеции,,1,0,2,1.0,0,,
W020,1,S012,M1,dev,1,0,0,ЕГЭ проф,15,алгебра-неравенства,"смешанные неравенства (логарифмы, показательные, корни, модуль)",0,2.0,2,6,1,8,1,1,interval,high,(-∞; 0] ∪ [2; +∞),,,0,0,0,0,1,1,0.0,,0.0,x ∈ (-∞; 0] ∪ [2; +∞),,0,0,0,0,0,0,1,1,0.0,,0.0,x ∈ (-∞; 0] ∪ [2; +∞),,0,0,2,0.0,0,1,0
W020,2,S012,M1,dev,0,1,0,ЕГЭ проф,15,алгебра-неравенства,"смешанные неравенства (логарифмы, показательные, корни, модуль)",0,2.0,2,6,1,8,1,1,interval,high,[2; +∞),,,1,2,0,0,0,1,1.0,,0.0,x ∈ [1; 2],,0,0,1,2,0,0,0,1,1.0,,0.0,x ∈ [1; 2],,0,0,2,1.0,0,0,0
W020,3,S012,M1,dev,0,1,0,ЕГЭ проф,15,алгебра-неравенства,"смешанные неравенства (логарифмы, показательные, корни, модуль)",0,2.0,2,6,1,8,0,1,interval,high,(-∞; -3) ∪ [0; 1],,,1,2,0,0,0,1,1.0,,0.0,x ∈ (-∞; -2) ∪ (0; 1],,1,0,1,2,0,0,0,1,1.0,,0.0,x ∈ (-∞; -2) ∪ (0; 1],,1,0,2,1.0,0,0,0
W020,4,S012,M1,dev,0,1,0,ЕГЭ проф,15,алгебра-неравенства,"смешанные неравенства (логарифмы, показательные, корни, модуль)",0,2.0,2,6,1,8,0,1,interval,high,(-11; -5] ∪ [-3; 1),,,1,1,0,0,0,1,1.0,,0.0,x ∈ [-5; -3],,0,0,1,1,0,0,0,1,1.0,,0.0,x ∈ [-5; -3],,0,0,2,1.0,0,0,0
W020,5,S012,M1,dev,0,1,0,ЕГЭ проф,15,алгебра-неравенства,"смешанные неравенства (логарифмы, показательные, корни, модуль)",0,2.0,2,6,1,8,0,1,interval,high,(-∞; 0) ∪ (0; 6/7],,,1,1,0,0,0,1,1.0,,0.0,x ∈ (-∞; -12-8√2] ∪ [-12+8√2; 0),,0,0,1,1,0,0,0,1,1.0,,0.0,x ∈ (-∞; -12-8√2] ∪ [-12+8√2; 0),,0,0,2,1.0,0,0,0
W021,1,S009,T4,dev,0,1,1,школьная программа,,планиметрия-подобие,"подобие треугольников, отношение периметров и площадей",1,1.0,1,2,5,5,5,1,proof,high,—,,,1,1,0,0,,,1.0,,0.0,DE || AC,,0,0,1,1,0,0,,,1.0,,0.0,DE || AC,,0,0,2,1.0,0,,
W021,1а,S009,T4,dev,1,0,0,школьная программа,,планиметрия-подобие,"подобие треугольников, отношение периметров и площадей",1,1.0,1,2,5,5,5,1,expression,high,1:3,,,0,0,0,0,,,0.0,,0.0,1/3,,0,0,0,0,0,0,,,0.0,,0.0,1/3,,0,0,2,0.0,0,,
W021,1б,S009,T4,dev,1,0,0,школьная программа,,планиметрия-подобие,"подобие треугольников, отношение периметров и площадей",1,1.0,1,2,5,5,5,1,expression,high,3:1,,,0,0,0,0,,,0.0,,0.0,3 : 1,,0,0,0,0,0,0,,,0.0,,0.0,3 : 1,,0,0,2,0.0,0,,
W021,1в,S009,T4,dev,1,0,0,школьная программа,,планиметрия-подобие,"подобие треугольников, отношение периметров и площадей",1,1.0,1,2,5,5,0,1,expression,high,1:9,,,0,0,0,0,,,0.0,,0.0,1:9,,0,0,0,0,0,0,,,0.0,,0.0,1:9,,0,0,2,0.0,0,,
W022,В3-1,S009,T13,dev,0,1,0,школьная программа,,системы,"системы уравнений второй степени, задачи на составление систем",0,1.25,1,4,4,19,0,1,pair,high,(4/3; -5); (-2; 5),12,3,1,2,0,0,0,1,1.0,,0.0,(-3; 2),,0,0,1,2,0,0,0,1,1.0,,0.0,(-3; 2),,0,0,2,1.0,0,0,0
W022,В3-2,S009,T13,dev,1,0,0,школьная программа,,системы,"системы уравнений второй степени, задачи на составление систем",0,1.25,1,4,4,19,0,1,text,high,5 и 9,12,6,0,0,0,0,,,0.0,,0.0,5 см и 9 см,,0,0,0,0,0,0,,,0.0,,0.0,5 см и 9 см,,0,0,2,0.0,0,,
W022,В3-3,S009,T13,dev,1,0,0,школьная программа,,системы,"системы уравнений второй степени, задачи на составление систем",0,1.25,1,4,4,19,2,1,pair,high,(1; -4); (4; 1),12,0,0,0,0,0,1,1,0.0,,0.0,(4; 1); (1; -4),,0,0,0,0,0,0,1,1,0.0,,0.0,(4; 1); (1; -4),,0,0,2,0.0,0,1,0
W022,В4-1,S009,T13,dev,1,0,0,школьная программа,,системы,"системы уравнений второй степени, задачи на составление систем",0,1.25,1,4,4,19,0,1,pair,high,"(3,2; 0,24); (-3; -1)",12,3,0,0,0,0,1,1,0.0,,0.0,"(3,2; 0,24); (-3; -1)",,0,0,0,0,0,0,1,1,0.0,,0.0,"(3,2; 0,24); (-3; -1)",,0,0,2,0.0,0,1,0
W022,В4-3,S009,T13,dev,1,0,0,школьная программа,,системы,"системы уравнений второй степени, задачи на составление систем",0,1.25,1,4,4,19,2,1,pair,high,(3; 1); (-4; 8),12,0,0,0,0,0,1,1,0.0,,0.0,(3; 1); (-4; 8),,0,0,0,0,0,0,1,1,0.0,,0.0,(3; 1); (-4; 8),,0,0,2,0.0,0,1,0
W023,В3-1,S011,T13,dev,1,0,0,школьная программа,,системы,"системы уравнений второй степени, задачи на составление систем",0,2.0,2,4,1,9,0,1,pair,high,(4/3; -5); (-2; 5),,,1,1,0,0,0,1,1.0,,0.0,"(1,3 ; -4,9) ; (-2 ; 5)",,0,1,0,0,0,0,0,1,0.0,,0.0,"(1,3 ; -4,9) ; (-2 ; 5)",,0,0,2,0.5,1,0,0
W023,В3-2,S011,T13,dev,1,0,0,школьная программа,,системы,"системы уравнений второй степени, задачи на составление систем",0,2.0,2,4,1,9,1,1,text,high,5 и 9,,,0,0,0,0,,,0.0,,0.0,a = 5 ; b = 9,,0,0,0,0,0,0,,,0.0,,0.0,a = 5 ; b = 9,,0,0,2,0.0,0,,
W023,В3-3,S011,T13,dev,0,1,0,школьная программа,,системы,"системы уравнений второй степени, задачи на составление систем",0,2.0,2,4,1,9,1,1,pair,high,(1; -4); (4; 1),,,1,2,0,0,0,1,1.0,,0.0,"(4,6 ; 2)",,0,0,1,2,0,0,0,1,1.0,,0.0,"(4,6 ; 2)",,0,0,2,1.0,0,0,0
W023,В4-1,S011,T13,dev,1,0,0,школьная программа,,системы,"системы уравнений второй степени, задачи на составление систем",0,2.0,2,4,1,9,0,1,pair,high,"(3,2; 0,24); (-3; -1)",,,0,0,0,0,1,1,0.0,,0.0,"(3,2; 0,24); (-3; -1)",,0,0,0,0,0,0,1,1,0.0,,0.0,"(3,2; 0,24); (-3; -1)",,0,0,2,0.0,0,1,0
W023,В4-2,S011,T13,dev,1,0,0,школьная программа,,системы,"системы уравнений второй степени, задачи на составление систем",0,2.0,2,4,1,9,0,1,text,high,6 и 7,,,0,0,0,0,,,0.0,,0.0,a = 6; b = 7,,1,0,0,0,0,0,,,0.0,,0.0,a = 6; b = 7,,1,0,2,0.0,0,,
W023,В4-3,S011,T13,dev,0,1,0,школьная программа,,системы,"системы уравнений второй степени, задачи на составление систем",0,2.0,2,4,1,9,0,1,pair,high,(3; 1); (-4; 8),,,1,2,0,0,0,1,1.0,,0.0,(-4; 8); (4; 0),,0,0,1,2,0,0,0,1,1.0,,0.0,(-4; 8); (4; 0),,0,0,2,1.0,0,0,0
W024,4.13,S009,T17,dev,1,0,0,ОГЭ,20,алгебра-уравнения,"уравнения высших степеней: разложение на множители, сумма квадратов",0,1.5454545454545454,1,11,5,45,0,1,number,high,-5,37,4,0,0,0,0,1,1,0.0,,0.0,-5,1,0,0,0,0,0,0,1,1,0.0,,0.0,-5,1,0,0,2,0.0,0,1,0
W024,4.14,S009,T17,dev,1,0,0,ОГЭ,20,алгебра-уравнения,"уравнения высших степеней: разложение на множители, сумма квадратов",0,1.5454545454545454,1,11,5,45,0,1,number,high,-7,37,4,0,0,0,0,1,1,0.0,,0.0,-7,1,0,0,0,0,0,0,1,1,0.0,,0.0,-7,1,0,0,2,0.0,0,1,0
W024,4.4,S009,T17,dev,0,1,0,ОГЭ,20,алгебра-уравнения,"уравнения высших степеней: разложение на множители, сумма квадратов",0,1.5454545454545454,1,11,5,45,0,1,set,high,-2; -1; 3,37,3,1,1,0,0,0,1,1.0,,0.0,-1; 2; 3,,1,0,1,1,0,0,0,1,1.0,,0.0,-1; 2; 3,,1,0,2,1.0,0,0,0
W024,4.5,S009,T17,dev,1,0,0,ОГЭ,20,алгебра-уравнения,"уравнения высших степеней: разложение на множители, сумма квадратов",0,1.5454545454545454,1,11,5,45,0,1,set,high,-4; -3; 2,37,3,0,0,0,0,1,1,0.0,,0.0,-4; -3; 2,,1,0,0,0,0,0,1,1,0.0,,0.0,-4; -3; 2,,1,0,2,0.0,0,1,0
W024,5.11,S009,T17,dev,1,0,0,ОГЭ,20,алгебра-уравнения,"дробно-рациональные уравнения, замена t=1/x",0,1.5454545454545454,1,11,5,45,0,1,set,high,"2; 3,25",37,2,0,0,0,0,1,1,0.0,,0.0,"3,25; 2",,0,0,0,0,0,0,1,1,0.0,,0.0,"3,25; 2",,0,0,2,0.0,0,1,0
W024,5.13,S009,T17,dev,0,1,1,ОГЭ,20,алгебра-уравнения,"дробно-рациональные уравнения, замена t=1/x",0,1.5454545454545454,1,11,5,45,1,1,set,high,"1,5; 15/7",37,6,1,1,0,0,0,1,1.0,,0.0,"-1,5; 15/7",,0,0,1,1,0,0,0,1,1.0,,0.0,"-1,5; 15/7",,0,0,2,1.0,0,0,0
W024,5.3,S009,T17,dev,0,1,0,ОГЭ,20,алгебра-уравнения,"дробно-рациональные уравнения, замена t=1/x",0,1.5454545454545454,1,11,5,45,0,1,set,high,-1/3; 1,37,6,1,1,0,0,0,1,1.0,,0.0,9; -7,,0,0,1,1,0,0,0,1,1.0,,0.0,9; -7,,0,0,2,1.0,0,0,0
W024,5.5,S009,T17,dev,0,1,0,ОГЭ,20,алгебра-уравнения,"дробно-рациональные уравнения, замена t=1/x",0,1.5454545454545454,1,11,5,45,0,1,set,high,"-0,2; 0,5",37,6,1,1,0,0,0,1,1.0,,0.0,-2; 5,,0,0,1,1,0,0,0,1,1.0,,0.0,-2; 5,,0,0,2,1.0,0,0,0
W024,6.2,S009,T17,dev,1,0,0,ОГЭ,20,алгебра-уравнения,биквадратные уравнения с заменой,0,1.5454545454545454,1,11,5,45,1,1,set,high,2-√3; 2+√3,37,6,1,1,0,0,0,1,1.0,,0.0,-\sqrt{2}+2; \sqrt{2}+2,,0,1,1,1,0,0,0,1,1.0,,0.0,-\sqrt{2}+2; \sqrt{2}+2,,0,1,2,1.0,0,0,0
W024,6.4,S009,T17,dev,1,0,0,ОГЭ,20,алгебра-уравнения,биквадратные уравнения с заменой,0,1.5454545454545454,1,11,5,45,0,1,set,high,4-√7; 4+√7,37,2,0,0,0,0,1,1,0.0,,0.0,\sqrt{7}+4; -\sqrt{7}+4,,0,0,0,0,0,0,1,1,0.0,,0.0,\sqrt{7}+4; -\sqrt{7}+4,,0,0,2,0.0,0,1,0
W024,6.6,S009,T17,dev,1,0,0,ОГЭ,20,алгебра-уравнения,биквадратные уравнения с заменой,0,1.5454545454545454,1,11,5,45,0,1,set,high,3-√5; 3+√5,37,2,0,0,0,0,1,1,0.0,,0.0,-\sqrt{5}+3; \sqrt{5}+3,,0,0,0,0,0,0,1,1,0.0,,0.0,-\sqrt{5}+3; \sqrt{5}+3,,0,0,2,0.0,0,1,0
W024,7.1,S009,T17,dev,1,0,0,ОГЭ,20,алгебра-уравнения,"уравнения x⁴=(ax+b)², разность квадратов",0,1.5454545454545454,1,11,5,45,0,1,set,high,-5; 4,37,5,0,0,0,0,1,1,0.0,,0.0,4; -5,,1,0,0,0,0,0,1,1,0.0,,0.0,4; -5,,1,0,2,0.0,0,1,0
W024,7.4,S009,T17,dev,0,1,0,ОГЭ,20,алгебра-уравнения,"уравнения x⁴=(ax+b)², разность квадратов",0,1.5454545454545454,1,11,5,45,3,1,set,high,-5; 3,37,2,1,1,0,0,0,1,1.0,,0.0,"-5; 3,5",,0,0,1,1,0,0,0,1,1.0,,0.0,"-5; 3,5",,0,0,2,1.0,0,0,0
W024,8.1,S009,T17,dev,1,0,0,ОГЭ,20,системы,системы второй степени (подстановка/сложение),0,1.5454545454545454,1,11,5,45,0,1,pair,high,(1; -1); (4/3; 0),37,5,0,0,0,0,1,1,0.0,,0.0,(1 1/3; 0) и (1; -1),,0,0,0,0,0,0,1,1,0.0,,0.0,(1 1/3; 0) и (1; -1),,0,0,2,0.0,0,1,0
W024,8.11,S009,T17,dev,0,1,0,ОГЭ,20,системы,системы второй степени (подстановка/сложение),0,1.5454545454545454,1,11,5,45,0,1,pair,high,(-1; 2); (1; 2),37,5,1,1,0,0,0,1,1.0,,0.0,(1; 8); (-1; 8),,0,0,1,1,0,0,0,1,1.0,,0.0,(1; 8); (-1; 8),,0,0,2,1.0,0,0,0
W025,4.4,S010,T17,dev,0,1,0,ОГЭ,20,алгебра-уравнения,"уравнения высших степеней: разложение на множители, сумма квадратов",0,1.75,1,4,0,6,0,1,set,high,-2; -1; 3,9,3,1,1,0,0,0,1,1.0,,0.0,"x=2,5; x=-1",,0,0,1,1,0,0,0,1,1.0,,0.0,"x=2,5; x=-1",,0,0,2,1.0,0,0,0
W025,5.11,S010,T17,dev,1,0,0,ОГЭ,20,алгебра-уравнения,"дробно-рациональные уравнения, замена t=1/x",0,1.75,1,4,0,6,0,1,set,high,"2; 3,25",9,2,0,0,0,0,1,1,0.0,,0.0,"x_1 = 3,25; x_2 = 2",,1,0,0,0,0,0,1,1,0.0,,0.0,"x_1 = 3,25; x_2 = 2",,1,0,2,0.0,0,1,0
W025,5.3,S010,T17,dev,0,1,0,ОГЭ,20,алгебра-уравнения,"дробно-рациональные уравнения, замена t=1/x",0,1.75,1,4,0,6,0,1,set,high,-1/3; 1,9,3,1,1,0,0,0,1,1.0,,0.0,"x_1 = 1; x_2 = 0,5",,0,0,1,1,0,0,0,1,1.0,,0.0,"x_1 = 1; x_2 = 0,5",,0,0,2,1.0,0,0,0
W025,8.11,S010,T17,dev,1,0,0,ОГЭ,20,системы,системы второй степени (подстановка/сложение),0,1.75,1,4,0,6,0,1,pair,high,(-1; 2); (1; 2),9,3,0,0,0,0,1,1,0.0,,0.0,x=1; x=-1; y=2,,0,0,0,0,0,0,1,1,0.0,,0.0,x=1; x=-1; y=2,,0,0,2,0.0,0,1,0
W025,9.1,S010,T17,dev,0,1,0,ОГЭ,20,системы,"системы второй степени (однородные, распадающиеся)",0,1.75,1,4,0,6,0,1,pair,high,(2; -3); (2; 3),9,3,1,2,0,0,0,1,1.0,,0.0,y = 3; x = 2,,1,0,1,2,0,0,0,1,1.0,,0.0,y = 3; x = 2,,1,0,2,1.0,0,0,0
W026,4.13,S011,T17,dev,1,0,0,ОГЭ,20,алгебра-уравнения,"уравнения высших степеней: разложение на множители, сумма квадратов",0,2.0,2,9,1,18,0,1,number,high,-5,,,0,0,0,0,1,1,0.0,,0.0,-5,1,0,0,0,0,0,0,1,1,0.0,,0.0,-5,1,0,0,2,0.0,0,1,0
W026,4.14,S011,T17,dev,1,0,0,ОГЭ,20,алгебра-уравнения,"уравнения высших степеней: разложение на множители, сумма квадратов",0,2.0,2,9,1,18,0,1,number,high,-7,,,0,0,0,0,1,1,0.0,,0.0,-7,1,0,0,0,0,0,0,1,1,0.0,,0.0,-7,1,0,0,2,0.0,0,1,0
W026,4.4,S011,T17,dev,0,1,0,ОГЭ,20,алгебра-уравнения,"уравнения высших степеней: разложение на множители, сумма квадратов",0,2.0,2,9,1,18,0,1,set,high,-2; -1; 3,,,1,1,0,0,0,1,1.0,,0.0,-1; -1; 2,,0,0,1,1,0,0,0,1,1.0,,0.0,-1; -1; 2,,0,0,2,1.0,0,0,0
W026,4.5,S011,T17,dev,0,1,0,ОГЭ,20,алгебра-уравнения,"уравнения высших степеней: разложение на множители, сумма квадратов",0,2.0,2,9,1,18,0,1,set,high,-4; -3; 2,,,1,1,0,0,0,1,1.0,,0.0,-3; -3; 1,,0,0,1,1,0,0,0,1,1.0,,0.0,-3; -3; 1,,0,0,2,1.0,0,0,0
W026,5.11,S011,T17,dev,1,0,0,ОГЭ,20,алгебра-уравнения,"дробно-рациональные уравнения, замена t=1/x",0,2.0,2,9,1,18,1,1,set,high,"2; 3,25",,,0,0,0,0,1,1,0.0,,0.0,"2; 3,25",,0,0,0,0,0,0,1,1,0.0,,0.0,"2; 3,25",,0,0,2,0.0,0,1,0
W026,5.13,S011,T17,dev,1,0,0,ОГЭ,20,алгебра-уравнения,"дробно-рациональные уравнения, замена t=1/x",0,2.0,2,9,1,18,0,1,set,high,"1,5; 15/7",,,0,0,0,0,1,1,0.0,,0.0,"1,5; 2 1/7",,0,0,0,0,0,0,1,1,0.0,,0.0,"1,5; 2 1/7",,0,0,2,0.0,0,1,0
W026,5.3,S011,T17,dev,1,0,0,ОГЭ,20,алгебра-уравнения,"дробно-рациональные уравнения, замена t=1/x",0,2.0,2,9,1,18,0,1,set,high,-1/3; 1,,,0,0,0,0,1,1,0.0,,0.0,1; -1/3,,0,0,0,0,0,0,1,1,0.0,,0.0,1; -1/3,,0,0,2,0.0,0,1,0
W026,5.5,S011,T17,dev,1,0,0,ОГЭ,20,алгебра-уравнения,"дробно-рациональные уравнения, замена t=1/x",0,2.0,2,9,1,18,0,1,set,high,"-0,2; 0,5",,,0,0,0,0,1,1,0.0,,0.0,"0,5; -1/5",,0,0,0,0,0,0,1,1,0.0,,0.0,"0,5; -1/5",,0,0,2,0.0,0,1,0
W026,6.2,S011,T17,dev,1,0,0,ОГЭ,20,алгебра-уравнения,биквадратные уравнения с заменой,0,2.0,2,9,1,18,0,1,set,high,2-√3; 2+√3,,,0,0,0,0,1,1,0.0,,0.0,√3 + 2; -√3 + 2,,0,0,0,0,0,0,1,1,0.0,,0.0,√3 + 2; -√3 + 2,,0,0,2,0.0,0,1,0
W026,6.4,S011,T17,dev,1,0,0,ОГЭ,20,алгебра-уравнения,биквадратные уравнения с заменой,0,2.0,2,9,1,18,0,1,set,high,4-√7; 4+√7,,,0,0,0,0,1,1,0.0,,0.0,√7 + 4; -√7 + 4,,0,0,0,0,0,0,1,1,0.0,,0.0,√7 + 4; -√7 + 4,,0,0,2,0.0,0,1,0
W026,6.6,S011,T17,dev,1,0,0,ОГЭ,20,алгебра-уравнения,биквадратные уравнения с заменой,0,2.0,2,9,1,18,0,1,set,high,3-√5; 3+√5,,,0,0,0,0,1,1,0.0,,0.0,√5 + 3; -√5 + 3,,0,0,0,0,0,0,1,1,0.0,,0.0,√5 + 3; -√5 + 3,,0,0,2,0.0,0,1,0
W026,7.1,S011,T17,dev,1,0,0,ОГЭ,20,алгебра-уравнения,"уравнения x⁴=(ax+b)², разность квадратов",0,2.0,2,9,1,18,0,1,set,high,-5; 4,,,0,0,0,0,1,1,0.0,,0.0,-5; 4,,0,0,0,0,0,0,1,1,0.0,,0.0,-5; 4,,0,0,2,0.0,0,1,0
W026,7.4,S011,T17,dev,1,0,0,ОГЭ,20,алгебра-уравнения,"уравнения x⁴=(ax+b)², разность квадратов",0,2.0,2,9,1,18,0,1,set,high,-5; 3,,,0,0,0,0,1,1,0.0,,0.0,-5; 3,,0,0,0,0,0,0,1,1,0.0,,0.0,-5; 3,,0,0,2,0.0,0,1,0
W027,2,S013,M1,dev,0,1,0,ЕГЭ проф,15,алгебра-неравенства,"смешанные неравенства (логарифмы, показательные, корни, модуль)",0,1.25,1,4,1,11,0,1,interval,high,[2; +∞),,,1,1,0,0,0,1,1.0,,0.0,[3; +\infty),,0,0,1,1,0,0,0,1,1.0,,0.0,[3; +\infty),,0,0,2,1.0,0,0,0
W027,3,S013,M1,dev,0,1,0,ЕГЭ проф,15,алгебра-неравенства,"смешанные неравенства (логарифмы, показательные, корни, модуль)",0,1.25,1,4,1,11,0,1,interval,high,(-∞; -3) ∪ [0; 1],,,1,2,0,0,0,1,1.0,,0.0,(-\infty; -3) \cup (2; 3],,1,0,1,2,0,0,0,1,1.0,,0.0,(-\infty; -3) \cup (2; 3],,1,0,2,1.0,0,0,0
W027,4,S013,M1,dev,0,1,0,ЕГЭ проф,15,алгебра-неравенства,"смешанные неравенства (логарифмы, показательные, корни, модуль)",0,1.25,1,4,1,11,1,1,interval,high,(-11; -5] ∪ [-3; 1),,,1,1,0,0,0,1,1.0,,0.0,(-\infty; -11) \cup [-5; -3] \cup (1; +\infty),,1,0,1,1,0,0,0,1,1.0,,0.0,(-\infty; -11) \cup [-5; -3] \cup (1; +\infty),,1,0,2,1.0,0,0,0
W027,5,S013,M1,dev,0,1,0,ЕГЭ проф,15,алгебра-неравенства,"смешанные неравенства (логарифмы, показательные, корни, модуль)",0,1.25,1,4,1,11,0,1,interval,high,(-∞; 0) ∪ (0; 6/7],,,1,2,0,0,0,1,1.0,,0.0,[\frac{6}{7}; +\infty),,0,0,1,2,0,0,0,1,1.0,,0.0,[\frac{6}{7}; +\infty),,0,0,2,1.0,0,0,0
W027,7,S013,M1,dev,0,1,0,ЕГЭ проф,15,алгебра-неравенства,"смешанные неравенства (логарифмы, показательные, корни, модуль)",0,1.25,1,4,1,11,0,1,set,high,(-∞; 1] ∪ {2} ∪ [3; +∞),,,1,3,0,0,,1,1.0,,0.0,R,,0,0,1,3,0,0,,1,1.0,,0.0,R,,0,0,2,1.0,0,,
W028,109,S009,T25,dev,1,0,0,ОГЭ,21,текстовые задачи,"движение, совместная работа, сушка фруктов, смеси",0,1.5,1,8,3,41,0,1,number,high,78,,,0,0,0,0,1,1,0.0,,0.0,78 кг,1,0,0,0,0,0,0,1,1,0.0,,0.0,78 кг,1,0,0,2,0.0,0,1,0
W028,112,S009,T25,dev,0,1,0,ОГЭ,21,текстовые задачи,"движение, совместная работа, сушка фруктов, смеси",0,1.5,1,8,3,41,0,1,number,high,135,,,1,1,0,0,0,1,1.0,,0.0,"140,4 кг",0,1,0,0,0,0,0,0,1,0.0,,0.0,"140,4 кг",0,1,1,2,0.5,1,0,0
W028,114,S009,T25,dev,1,0,0,ОГЭ,21,текстовые задачи,"движение, совместная работа, сушка фруктов, смеси",0,1.5,1,8,3,41,0,1,number,high,288,,,0,0,0,0,1,1,0.0,,0.0,288 кг,1,1,0,0,0,0,0,1,1,0.0,,0.0,288 кг,1,1,0,2,0.0,0,1,0
W028,117,S009,T25,dev,0,1,0,ОГЭ,21,текстовые задачи,"движение, совместная работа, сушка фруктов, смеси",0,1.5,1,8,3,41,0,1,number,high,72,,,1,1,0,0,0,1,1.0,,0.0,2178 кг,0,0,0,1,1,0,0,0,1,1.0,,0.0,2178 кг,0,0,0,2,1.0,0,0,0
W028,121,S009,T25,dev,1,0,0,ОГЭ,21,текстовые задачи,"движение, совместная работа, сушка фруктов, смеси",0,1.5,1,8,3,41,0,1,number,high,13,,,0,0,0,0,1,1,0.0,,0.0,13,1,0,0,0,0,0,0,1,1,0.0,,0.0,13,1,0,0,2,0.0,0,1,0
W028,124,S009,T25,dev,0,1,0,ОГЭ,21,текстовые задачи,"движение, совместная работа, сушка фруктов, смеси",0,1.5,1,8,3,41,0,1,number,high,20,,,1,2,0,0,0,1,1.0,,0.0,10,1,1,0,1,2,0,0,0,1,1.0,,0.0,10,1,1,0,2,1.0,0,0,0
W028,126,S009,T25,dev,0,1,1,ОГЭ,21,текстовые задачи,"движение, совместная работа, сушка фруктов, смеси",0,1.5,1,8,3,41,0,1,number,high,20,,,1,1,0,0,1,1,1.0,,0.0,20,1,0,0,1,1,0,0,1,1,1.0,,0.0,20,1,0,0,2,1.0,0,1,1
W028,127,S009,T25,dev,1,0,0,ОГЭ,21,текстовые задачи,"движение, совместная работа, сушка фруктов, смеси",0,1.5,1,8,3,41,0,1,number,high,13,,,1,1,0,0,0,1,1.0,,0.0,23,0,0,1,0,0,0,0,0,1,0.0,,0.0,23,0,0,0,2,0.5,1,0,0
W028,129,S009,T25,dev,1,0,0,ОГЭ,21,текстовые задачи,"движение, совместная работа, сушка фруктов, смеси",0,1.5,1,8,3,41,3,1,number,high,26,,,0,0,0,0,1,1,0.0,,0.0,26,1,1,0,0,0,0,0,1,1,0.0,,0.0,26,1,1,0,2,0.0,0,1,0
W028,132,S009,T25,dev,0,1,0,ОГЭ,21,текстовые задачи,"движение, совместная работа, сушка фруктов, смеси",0,1.5,1,8,3,41,0,1,number,high,14,,,1,2,0,0,0,1,1.0,,0.0,20,0,0,0,1,2,0,0,0,1,1.0,,0.0,20,0,0,0,2,1.0,0,0,0
W029,121,S010,T25,dev,1,0,0,ОГЭ,21,текстовые задачи,"движение, совместная работа, сушка фруктов, смеси",0,1.5,1,2,0,7,0,1,number,high,13,,,0,0,0,0,1,1,0.0,,0.0,13 д/ч,1,1,0,0,0,0,0,1,1,0.0,,0.0,13 д/ч,1,1,0,2,0.0,0,1,0
W029,127,S010,T25,dev,1,0,0,ОГЭ,21,текстовые задачи,"движение, совместная работа, сушка фруктов, смеси",0,1.5,1,2,0,7,0,1,number,high,13,,,1,1,0,0,1,1,1.0,,0.0,13 л/м,1,1,1,1,1,0,0,1,1,1.0,,0.0,13 л/м,1,1,1,2,1.0,0,1,1
W029,97,S010,T25,dev,1,0,0,ОГЭ,21,текстовые задачи,"движение, совместная работа, сушка фруктов, смеси",0,1.5,1,2,0,7,0,1,number,high,87,,,0,0,0,0,1,1,0.0,,0.0,87%,1,0,0,0,0,0,0,1,1,0.0,,0.0,87%,1,0,0,2,0.0,0,1,0
W030,109,S011,T25,dev,1,0,0,ОГЭ,21,текстовые задачи,"движение, совместная работа, сушка фруктов, смеси",0,1.5,1,2,0,1,0,1,number,high,78,,,0,0,0,0,1,1,0.0,,0.0,78 кг.,1,1,0,0,0,0,0,1,1,0.0,,0.0,78 кг.,1,1,0,2,0.0,0,1,0
W030,97,S011,T25,dev,1,0,0,ОГЭ,21,текстовые задачи,"движение, совместная работа, сушка фруктов, смеси",0,1.5,1,2,0,1,0,1,number,high,87,,,0,0,0,0,1,1,0.0,,0.0,87%,1,1,0,0,0,0,0,1,1,0.0,,0.0,87%,1,1,0,2,0.0,0,1,0
W031,Б1-1,S009,T22,dev,1,0,0,ОГЭ,15,планиметрия-треугольники,"углы, площади, Пифагор, тригонометрия, подобие в треугольнике",1,2.0,2,3,1,3,1,1,number,high,37,,,0,0,0,0,1,1,0.0,,0.0,37,1,1,0,0,0,0,0,1,1,0.0,,0.0,37,1,1,0,2,0.0,0,1,0
W031,Б1-10,S009,T22,dev,1,0,0,ОГЭ,15,планиметрия-треугольники,"углы, площади, Пифагор, тригонометрия, подобие в треугольнике",1,2.0,2,3,1,3,1,1,number,high,231,,,0,0,0,0,1,1,0.0,,0.0,231,1,1,0,0,0,0,0,1,1,0.0,,0.0,231,1,1,0,2,0.0,0,1,0
W031,Б1-11,S009,T22,dev,1,0,0,ОГЭ,15,планиметрия-треугольники,"углы, площади, Пифагор, тригонометрия, подобие в треугольнике",1,2.0,2,3,1,3,1,1,number,high,20,,,0,0,0,0,1,1,0.0,,0.0,20,1,1,0,0,0,0,0,1,1,0.0,,0.0,20,1,1,0,2,0.0,0,1,0
W031,Б1-12,S009,T22,dev,1,0,0,ОГЭ,15,планиметрия-треугольники,"углы, площади, Пифагор, тригонометрия, подобие в треугольнике",1,2.0,2,3,1,3,0,1,number,high,26,,,0,0,0,0,1,1,0.0,,0.0,26,1,1,0,0,0,0,0,1,1,0.0,,0.0,26,1,1,0,2,0.0,0,1,0
W031,Б1-13,S009,T22,dev,1,0,0,ОГЭ,15,планиметрия-треугольники,"углы, площади, Пифагор, тригонометрия, подобие в треугольнике",1,2.0,2,3,1,3,0,1,number,high,21,,,0,0,0,0,1,1,0.0,,0.0,21,1,1,0,0,0,0,0,1,1,0.0,,0.0,21,1,1,0,2,0.0,0,1,0
W031,Б1-16,S009,T22,dev,1,0,0,ОГЭ,15,планиметрия-треугольники,"углы, площади, Пифагор, тригонометрия, подобие в треугольнике",1,2.0,2,3,1,3,0,1,number,high,"20,5",,,1,1,0,0,0,1,1.0,,0.0,41,0,1,1,0,0,0,0,0,1,0.0,,0.0,41,0,1,0,2,0.5,1,0,0
W031,Б1-17,S009,T22,dev,1,0,0,ОГЭ,15,планиметрия-треугольники,"углы, площади, Пифагор, тригонометрия, подобие в треугольнике",1,2.0,2,3,1,3,0,1,number,high,"0,6",,,0,0,0,0,1,1,0.0,,0.0,"0,6",1,1,0,0,0,0,0,1,1,0.0,,0.0,"0,6",1,1,0,2,0.0,0,1,0
W031,Б1-18,S009,T22,dev,1,0,0,ОГЭ,15,планиметрия-треугольники,"углы, площади, Пифагор, тригонометрия, подобие в треугольнике",1,2.0,2,3,1,3,0,1,number,high,"0,85",,,0,0,0,0,1,1,0.0,,0.0,"0,85",1,1,0,0,0,0,0,1,1,0.0,,0.0,"0,85",1,1,0,2,0.0,0,1,0
W031,Б1-19,S009,T22,dev,0,1,0,ОГЭ,15,планиметрия-треугольники,"углы, площади, Пифагор, тригонометрия, подобие в треугольнике",1,2.0,2,3,1,3,0,1,number,high,2,,,1,1,0,0,0,1,1.0,,0.0,"0,5",,1,0,1,1,0,0,0,1,1.0,,0.0,"0,5",,1,0,2,1.0,0,0,0
W031,Б1-2,S009,T22,dev,1,0,0,ОГЭ,15,планиметрия-треугольники,"углы, площади, Пифагор, тригонометрия, подобие в треугольнике",1,2.0,2,3,1,3,1,1,number,high,9,,,0,0,0,0,1,1,0.0,,0.0,9,1,1,0,0,0,0,0,1,1,0.0,,0.0,9,1,1,0,2,0.0,0,1,0
W031,Б1-20,S009,T22,dev,1,0,0,ОГЭ,15,планиметрия-треугольники,"углы, площади, Пифагор, тригонометрия, подобие в треугольнике",1,2.0,2,3,1,3,0,1,number,high,20,,,0,0,0,0,1,1,0.0,,0.0,20,1,1,0,0,0,0,0,1,1,0.0,,0.0,20,1,1,0,2,0.0,0,1,0
W031,Б1-21,S009,T22,dev,1,0,0,ОГЭ,15,планиметрия-треугольники,"углы, площади, Пифагор, тригонометрия, подобие в треугольнике",1,2.0,2,3,1,3,0,1,number,high,24,,,0,0,0,0,1,1,0.0,,0.0,24,1,1,0,0,0,0,0,1,1,0.0,,0.0,24,1,1,0,2,0.0,0,1,0
W031,Б1-22,S009,T22,dev,1,0,0,ОГЭ,15,планиметрия-треугольники,"углы, площади, Пифагор, тригонометрия, подобие в треугольнике",1,2.0,2,3,1,3,0,1,number,high,28,,,0,0,0,0,1,1,0.0,,0.0,28,1,1,0,0,0,0,0,1,1,0.0,,0.0,28,1,1,0,2,0.0,0,1,0
W031,Б1-3,S009,T22,dev,1,0,0,ОГЭ,15,планиметрия-треугольники,"углы, площади, Пифагор, тригонометрия, подобие в треугольнике",1,2.0,2,3,1,3,1,1,number,high,76,,,0,0,0,0,1,1,0.0,,0.0,76,1,1,0,0,0,0,0,1,1,0.0,,0.0,76,1,1,0,2,0.0,0,1,0
W031,Б1-4,S009,T22,dev,1,0,0,ОГЭ,15,планиметрия-треугольники,"углы, площади, Пифагор, тригонометрия, подобие в треугольнике",1,2.0,2,3,1,3,1,1,number,high,48,,,0,0,0,0,1,1,0.0,,0.0,48,1,1,0,0,0,0,0,1,1,0.0,,0.0,48,1,1,0,2,0.0,0,1,0
W031,Б1-5,S009,T22,dev,1,0,0,ОГЭ,15,планиметрия-треугольники,"углы, площади, Пифагор, тригонометрия, подобие в треугольнике",1,2.0,2,3,1,3,1,1,number,high,28,,,0,0,0,0,1,1,0.0,,0.0,28,1,1,0,0,0,0,0,1,1,0.0,,0.0,28,1,1,0,2,0.0,0,1,0
W031,Б1-6,S009,T22,dev,1,0,0,ОГЭ,15,планиметрия-треугольники,"углы, площади, Пифагор, тригонометрия, подобие в треугольнике",1,2.0,2,3,1,3,1,1,number,high,56,,,0,0,0,0,1,1,0.0,,0.0,56,1,1,0,0,0,0,0,1,1,0.0,,0.0,56,1,1,0,2,0.0,0,1,0
W031,Б1-7,S009,T22,dev,1,0,0,ОГЭ,15,планиметрия-треугольники,"углы, площади, Пифагор, тригонометрия, подобие в треугольнике",1,2.0,2,3,1,3,1,1,number,high,35,,,0,0,0,0,1,1,0.0,,0.0,35,0,1,0,0,0,0,0,1,1,0.0,,0.0,35,0,1,0,2,0.0,0,1,0
W031,Б1-8,S009,T22,dev,1,0,0,ОГЭ,15,планиметрия-треугольники,"углы, площади, Пифагор, тригонометрия, подобие в треугольнике",1,2.0,2,3,1,3,1,1,number,high,27,,,0,0,0,0,1,1,0.0,,0.0,27,1,1,0,0,0,0,0,1,1,0.0,,0.0,27,1,1,0,2,0.0,0,1,0
W031,Б1-9,S009,T22,dev,1,0,0,ОГЭ,15,планиметрия-треугольники,"углы, площади, Пифагор, тригонометрия, подобие в треугольнике",1,2.0,2,3,1,3,1,1,number,high,44,,,0,0,0,0,1,1,0.0,,0.0,44,1,1,0,0,0,0,0,1,1,0.0,,0.0,44,1,1,0,2,0.0,0,1,0
W031,Б2-1а,S009,T22,dev,0,1,1,ОГЭ,15,планиметрия-треугольники,"углы, площади, Пифагор, тригонометрия, подобие в треугольнике",1,2.0,2,3,1,3,0,1,number,high,57,,,1,1,0,0,0,1,1.0,,0.0,38,0,1,0,1,1,0,0,0,1,1.0,,0.0,38,0,1,0,2,1.0,0,0,0
W031,Б2-1б,S009,T22,dev,1,0,0,ОГЭ,15,планиметрия-треугольники,"углы, площади, Пифагор, тригонометрия, подобие в треугольнике",1,2.0,2,3,1,3,0,1,number,medium,35,,,0,0,0,0,1,1,0.0,,0.0,35,1,1,0,0,0,0,0,1,1,0.0,,0.0,35,1,1,0,2,0.0,0,1,0
W031,Б2-2,S009,T22,dev,1,0,0,ОГЭ,15,планиметрия-треугольники,"углы, площади, Пифагор, тригонометрия, подобие в треугольнике",1,2.0,2,3,1,3,0,1,number,high,58,,,0,0,0,0,1,1,0.0,,0.0,58,1,1,0,0,0,0,0,1,1,0.0,,0.0,58,1,1,0,2,0.0,0,1,0
W031,Б2-26,S009,T22,dev,0,1,0,ОГЭ,15,планиметрия-треугольники,"углы, площади, Пифагор, тригонометрия, подобие в треугольнике",1,2.0,2,3,1,3,0,1,number,high,24,,,1,1,0,0,0,1,1.0,,0.0,18,0,1,0,1,1,0,0,0,1,1.0,,0.0,18,0,1,0,2,1.0,0,0,0
W031,Б2-27,S009,T22,dev,1,0,0,ОГЭ,15,планиметрия-треугольники,"углы, площади, Пифагор, тригонометрия, подобие в треугольнике",1,2.0,2,3,1,3,0,1,number,high,88,,,0,0,0,0,1,1,0.0,,0.0,88,1,1,0,0,0,0,0,1,1,0.0,,0.0,88,1,1,0,2,0.0,0,1,0
W031,Б2-3,S009,T22,dev,1,0,0,ОГЭ,15,планиметрия-треугольники,"углы, площади, Пифагор, тригонометрия, подобие в треугольнике",1,2.0,2,3,1,3,0,1,number,high,64,,,0,0,0,0,1,1,0.0,,0.0,64,1,1,0,0,0,0,0,1,1,0.0,,0.0,64,1,1,0,2,0.0,0,1,0
W032,Б1-1,S011,T22,dev,1,0,0,ОГЭ,15,планиметрия-треугольники,"углы, площади, Пифагор, тригонометрия, подобие в треугольнике",1,1.5,1,8,5,13,0,1,number,high,37,,,0,0,0,0,1,1,0.0,,0.0,37,1,1,0,0,0,0,0,1,1,0.0,,0.0,37,1,1,0,2,0.0,0,1,0
W032,Б1-10,S011,T22,dev,1,0,0,ОГЭ,15,планиметрия-треугольники,"углы, площади, Пифагор, тригонометрия, подобие в треугольнике",1,1.5,1,8,5,13,1,1,number,high,231,,,0,0,0,0,1,1,0.0,,0.0,231,1,1,0,0,0,0,0,1,1,0.0,,0.0,231,1,1,0,2,0.0,0,1,0
W032,Б1-11,S011,T22,dev,1,0,0,ОГЭ,15,планиметрия-треугольники,"углы, площади, Пифагор, тригонометрия, подобие в треугольнике",1,1.5,1,8,5,13,1,1,number,high,20,,,0,0,0,0,1,1,0.0,,0.0,20,0,1,0,0,0,0,0,1,1,0.0,,0.0,20,0,1,0,2,0.0,0,1,0
W032,Б1-12,S011,T22,dev,1,0,0,ОГЭ,15,планиметрия-треугольники,"углы, площади, Пифагор, тригонометрия, подобие в треугольнике",1,1.5,1,8,5,13,2,1,number,high,26,,,0,0,0,0,1,1,0.0,,0.0,26,1,1,0,0,0,0,0,1,1,0.0,,0.0,26,1,1,0,2,0.0,0,1,0
W032,Б1-13,S011,T22,dev,1,0,0,ОГЭ,15,планиметрия-треугольники,"углы, площади, Пифагор, тригонометрия, подобие в треугольнике",1,1.5,1,8,5,13,2,1,number,high,21,,,0,0,0,0,1,1,0.0,,0.0,21,1,1,0,0,0,0,0,1,1,0.0,,0.0,21,1,1,0,2,0.0,0,1,0
W032,Б1-16,S011,T22,dev,1,0,0,ОГЭ,15,планиметрия-треугольники,"углы, площади, Пифагор, тригонометрия, подобие в треугольнике",1,1.5,1,8,5,13,2,1,number,high,"20,5",,,0,0,0,0,1,1,0.0,,0.0,"20,5",1,1,0,0,0,0,0,1,1,0.0,,0.0,"20,5",1,1,0,2,0.0,0,1,0
W032,Б1-17,S011,T22,dev,1,0,0,ОГЭ,15,планиметрия-треугольники,"углы, площади, Пифагор, тригонометрия, подобие в треугольнике",1,1.5,1,8,5,13,0,1,number,high,"0,6",,,0,0,0,0,1,1,0.0,,0.0,"0,6",1,1,0,0,0,0,0,1,1,0.0,,0.0,"0,6",1,1,0,2,0.0,0,1,0
W032,Б1-18,S011,T22,dev,1,0,0,ОГЭ,15,планиметрия-треугольники,"углы, площади, Пифагор, тригонометрия, подобие в треугольнике",1,1.5,1,8,5,13,0,1,number,high,"0,85",,,0,0,0,0,1,1,0.0,,0.0,"0,85",1,1,0,0,0,0,0,1,1,0.0,,0.0,"0,85",1,1,0,2,0.0,0,1,0
W032,Б1-19,S011,T22,dev,1,0,0,ОГЭ,15,планиметрия-треугольники,"углы, площади, Пифагор, тригонометрия, подобие в треугольнике",1,1.5,1,8,5,13,0,1,number,high,2,,,0,0,0,0,1,1,0.0,,0.0,2,,1,0,0,0,0,0,1,1,0.0,,0.0,2,,1,0,2,0.0,0,1,0
W032,Б1-2,S011,T22,dev,1,0,0,ОГЭ,15,планиметрия-треугольники,"углы, площади, Пифагор, тригонометрия, подобие в треугольнике",1,1.5,1,8,5,13,0,1,number,high,9,,,0,0,0,0,1,1,0.0,,0.0,9,1,1,0,0,0,0,0,1,1,0.0,,0.0,9,1,1,0,2,0.0,0,1,0
W032,Б1-20,S011,T22,dev,1,0,0,ОГЭ,15,планиметрия-треугольники,"углы, площади, Пифагор, тригонометрия, подобие в треугольнике",1,1.5,1,8,5,13,0,1,number,high,20,,,0,0,0,0,1,1,0.0,,0.0,20,1,1,0,0,0,0,0,1,1,0.0,,0.0,20,1,1,0,2,0.0,0,1,0
W032,Б1-21,S011,T22,dev,1,0,0,ОГЭ,15,планиметрия-треугольники,"углы, площади, Пифагор, тригонометрия, подобие в треугольнике",1,1.5,1,8,5,13,0,1,number,high,24,,,0,0,0,0,1,1,0.0,,0.0,24,1,1,0,0,0,0,0,1,1,0.0,,0.0,24,1,1,0,2,0.0,0,1,0
W032,Б1-22,S011,T22,dev,1,0,0,ОГЭ,15,планиметрия-треугольники,"углы, площади, Пифагор, тригонометрия, подобие в треугольнике",1,1.5,1,8,5,13,1,1,number,high,28,,,0,0,0,0,1,1,0.0,,0.0,28,1,0,0,0,0,0,0,1,1,0.0,,0.0,28,1,0,0,2,0.0,0,1,0
W032,Б1-3,S011,T22,dev,1,0,0,ОГЭ,15,планиметрия-треугольники,"углы, площади, Пифагор, тригонометрия, подобие в треугольнике",1,1.5,1,8,5,13,0,1,number,high,76,,,0,0,0,0,1,1,0.0,,0.0,76,1,1,0,0,0,0,0,1,1,0.0,,0.0,76,1,1,0,2,0.0,0,1,0
W032,Б1-4,S011,T22,dev,1,0,0,ОГЭ,15,планиметрия-треугольники,"углы, площади, Пифагор, тригонометрия, подобие в треугольнике",1,1.5,1,8,5,13,0,1,number,high,48,,,0,0,0,0,1,1,0.0,,0.0,48,1,1,0,0,0,0,0,1,1,0.0,,0.0,48,1,1,0,2,0.0,0,1,0
W032,Б1-5,S011,T22,dev,1,0,0,ОГЭ,15,планиметрия-треугольники,"углы, площади, Пифагор, тригонометрия, подобие в треугольнике",1,1.5,1,8,5,13,0,1,number,high,28,,,0,0,0,0,1,1,0.0,,0.0,28,1,1,0,0,0,0,0,1,1,0.0,,0.0,28,1,1,0,2,0.0,0,1,0
W032,Б1-6,S011,T22,dev,1,0,0,ОГЭ,15,планиметрия-треугольники,"углы, площади, Пифагор, тригонометрия, подобие в треугольнике",1,1.5,1,8,5,13,0,1,number,high,56,,,0,0,0,0,1,1,0.0,,0.0,56,1,1,0,0,0,0,0,1,1,0.0,,0.0,56,1,1,0,2,0.0,0,1,0
W032,Б1-7,S011,T22,dev,1,0,0,ОГЭ,15,планиметрия-треугольники,"углы, площади, Пифагор, тригонометрия, подобие в треугольнике",1,1.5,1,8,5,13,1,1,number,high,35,,,0,0,0,0,1,1,0.0,,0.0,35,1,1,0,0,0,0,0,1,1,0.0,,0.0,35,1,1,0,2,0.0,0,1,0
W032,Б1-8,S011,T22,dev,1,0,0,ОГЭ,15,планиметрия-треугольники,"углы, площади, Пифагор, тригонометрия, подобие в треугольнике",1,1.5,1,8,5,13,1,1,number,high,27,,,0,0,0,0,1,1,0.0,,0.0,27,1,1,0,0,0,0,0,1,1,0.0,,0.0,27,1,1,0,2,0.0,0,1,0
W032,Б1-9,S011,T22,dev,1,0,0,ОГЭ,15,планиметрия-треугольники,"углы, площади, Пифагор, тригонометрия, подобие в треугольнике",1,1.5,1,8,5,13,1,1,number,high,44,,,0,0,0,0,1,1,0.0,,0.0,44,1,1,0,0,0,0,0,1,1,0.0,,0.0,44,1,1,0,2,0.0,0,1,0
W032,Б2-1а,S011,T22,dev,0,1,1,ОГЭ,15,планиметрия-треугольники,"углы, площади, Пифагор, тригонометрия, подобие в треугольнике",1,1.5,1,8,5,13,1,1,number,high,57,,,1,1,0,0,0,1,1.0,,0.0,38,0,1,0,1,1,0,0,0,1,1.0,,0.0,38,0,1,0,2,1.0,0,0,0
W032,Б2-1б,S011,T22,dev,1,0,0,ОГЭ,15,планиметрия-треугольники,"углы, площади, Пифагор, тригонометрия, подобие в треугольнике",1,1.5,1,8,5,13,1,1,number,medium,35,,,0,0,0,0,1,1,0.0,,0.0,35,1,1,0,0,0,0,0,1,1,0.0,,0.0,35,1,1,0,2,0.0,0,1,0
W032,Б2-2,S011,T22,dev,1,0,0,ОГЭ,15,планиметрия-треугольники,"углы, площади, Пифагор, тригонометрия, подобие в треугольнике",1,1.5,1,8,5,13,1,1,number,high,58,,,0,0,0,0,1,1,0.0,,0.0,58,1,1,0,0,0,0,0,1,1,0.0,,0.0,58,1,1,0,2,0.0,0,1,0
W032,Б2-3,S011,T22,dev,1,0,0,ОГЭ,15,планиметрия-треугольники,"углы, площади, Пифагор, тригонометрия, подобие в треугольнике",1,1.5,1,8,5,13,1,1,number,high,64,,,0,0,0,0,1,1,0.0,,0.0,64,1,1,0,0,0,0,0,1,1,0.0,,0.0,64,1,1,0,2,0.0,0,1,0
W032,Б2-4,S011,T22,dev,1,0,0,ОГЭ,15,планиметрия-треугольники,"углы, площади, Пифагор, тригонометрия, подобие в треугольнике",1,1.5,1,8,5,13,1,1,number,high,14,,,0,0,0,0,1,1,0.0,,0.0,14,1,1,0,1,0,0,0,1,1,1.0,,0.0,14,1,1,1,2,0.5,1,1,0
W032,Б2-5,S011,T22,dev,1,0,0,ОГЭ,15,планиметрия-треугольники,"углы, площади, Пифагор, тригонометрия, подобие в треугольнике",1,1.5,1,8,5,13,1,1,number,high,"7,5",,,0,0,0,0,1,1,0.0,,0.0,"7,5",0,1,0,0,0,0,0,1,1,0.0,,0.0,"7,5",0,1,0,2,0.0,0,1,0
W032,Б2-6,S011,T22,dev,1,0,0,ОГЭ,15,планиметрия-треугольники,"углы, площади, Пифагор, тригонометрия, подобие в треугольнике",1,1.5,1,8,5,13,0,1,number,high,131,,,0,0,0,0,1,1,0.0,,0.0,131,1,0,0,0,0,0,0,1,1,0.0,,0.0,131,1,0,0,2,0.0,0,1,0
W032,Б2-7,S011,T22,dev,1,0,0,ОГЭ,15,планиметрия-треугольники,"углы, площади, Пифагор, тригонометрия, подобие в треугольнике",1,1.5,1,8,5,13,0,1,number,high,112,,,0,0,0,0,1,1,0.0,,0.0,112,1,1,0,0,0,0,0,1,1,0.0,,0.0,112,1,1,0,2,0.0,0,1,0
W032,Б2-8,S011,T22,dev,1,0,0,ОГЭ,15,планиметрия-треугольники,"углы, площади, Пифагор, тригонометрия, подобие в треугольнике",1,1.5,1,8,5,13,0,1,number,high,116,,,0,1,0,0,1,1,0.0,,0.0,116,1,1,0,1,1,0,0,1,1,1.0,,0.0,116,1,1,1,2,0.5,1,1,0
W033,1,S013,M2,dev,1,0,0,ЕГЭ проф,15,алгебра-неравенства,"показательные и логарифмические неравенства, метод рационализации",0,2.0,2,3,2,12,0,1,interval,high,"[-2,3; log₅6) ∪ [2,5; +∞)",,,0,0,0,0,1,1,0.0,,0.0,"[-2,3; \log_5 6) \cup [2,5; +\infty)",,0,0,0,0,0,0,1,1,0.0,,0.0,"[-2,3; \log_5 6) \cup [2,5; +\infty)",,0,0,2,0.0,0,1,0
W033,2,S013,M2,dev,1,0,0,ЕГЭ проф,15,алгебра-неравенства,"показательные и логарифмические неравенства, метод рационализации",0,2.0,2,3,2,12,0,1,interval,high,[-9; 1 + log₉2),,,0,0,0,0,1,1,0.0,,0.0,[-9; 1+\log_9 2),,1,0,0,0,0,0,1,1,0.0,,0.0,[-9; 1+\log_9 2),,1,0,2,0.0,0,1,0
W033,3,S013,M2,dev,1,0,0,ЕГЭ проф,15,алгебра-неравенства,"показательные и логарифмические неравенства, метод рационализации",0,2.0,2,3,2,12,0,1,interval,high,[1/⁵√5; 25],,,0,0,0,0,0,0,0.0,,0.0,[\frac{1}{\sqrt[5]{5}}; 25],,1,0,0,0,0,0,0,0,0.0,,0.0,[\frac{1}{\sqrt[5]{5}}; 25],,1,0,2,0.0,0,0,1
W034,2,S012,M3,dev,1,0,0,ЕГЭ проф,15,алгебра-неравенства,"показательные и логарифмические неравенства, метод рационализации",0,1.75,1,4,1,2,1,1,interval,high,(-∞; -1] ∪ [2; +∞),,,0,0,0,0,1,1,0.0,,0.0,x \in (-\infty; -1] \cup [2; +\infty),,0,0,0,0,0,0,1,1,0.0,,0.0,x \in (-\infty; -1] \cup [2; +\infty),,0,0,2,0.0,0,1,0
W034,3,S012,M3,dev,1,0,0,ЕГЭ проф,15,алгебра-неравенства,"показательные и логарифмические неравенства, метод рационализации",0,1.75,1,4,1,2,0,1,interval,high,"(1,5; log₂3) ∪ [11/6; 4,5]",,,0,0,0,0,1,1,0.0,,0.0,"(1,5; \log_2 3) \cup [\frac{11}{6}; 4,5]",,1,0,0,0,0,0,1,1,0.0,,0.0,"(1,5; \log_2 3) \cup [\frac{11}{6}; 4,5]",,1,0,2,0.0,0,1,0
W035,7.5,S011,T18,dev,1,0,0,ОГЭ,20,алгебра-уравнения,"уравнения x⁴=(ax+b)², разность квадратов",0,2.0,2,6,7,9,3,1,set,high,-3; 2,18,4,0,0,0,0,1,1,0.0,,0.0,-3; 2,,0,0,0,0,0,0,1,1,0.0,,0.0,-3; 2,,0,0,2,0.0,0,1,0
W035,7.6,S011,T18,dev,1,0,0,ОГЭ,20,алгебра-уравнения,"уравнения x⁴=(ax+b)², разность квадратов",0,2.0,2,6,7,9,3,1,set,high,-4; 1,18,4,0,0,0,0,1,1,0.0,,0.0,-4; 1,,0,0,0,0,0,0,1,1,0.0,,0.0,-4; 1,,0,0,2,0.0,0,1,0
W035,7.7,S011,T18,dev,1,0,0,ОГЭ,20,алгебра-уравнения,"уравнения x⁴=(ax+b)², разность квадратов",0,2.0,2,6,7,9,0,1,set,high,-4; 2,18,3,0,0,0,0,1,1,0.0,,0.0,-4; 2,,0,0,0,0,0,0,1,1,0.0,,0.0,-4; 2,,0,0,2,0.0,0,1,0
W035,8.12,S011,T18,dev,0,1,0,ОГЭ,20,системы,системы второй степени (подстановка/сложение),0,2.0,2,6,7,9,1,1,pair,high,(-1; 7); (1; 7),18,0,1,1,0,0,0,1,1.0,,0.0,(1; 7); (-1; 17),,0,0,1,1,0,0,0,1,1.0,,0.0,(1; 7); (-1; 17),,0,0,2,1.0,0,0,0
W035,8.8,S011,T18,dev,0,1,0,ОГЭ,20,системы,системы второй степени (подстановка/сложение),0,2.0,2,6,7,9,1,1,pair,high,"(1,25; 0); (2; 6)",18,3,1,2,0,0,0,1,1.0,,0.0,"-2; 1,25",,1,0,1,2,0,0,0,1,1.0,,0.0,"-2; 1,25",,1,0,2,1.0,0,0,0
W035,9.12,S011,T18,dev,1,0,0,ОГЭ,20,системы,"системы второй степени (однородные, распадающиеся)",0,2.0,2,6,7,9,2,1,pair,high,(3; 7),18,4,0,0,0,0,1,1,0.0,,0.0,(3; 7),,0,0,0,0,0,0,1,1,0.0,,0.0,(3; 7),,0,0,2,0.0,0,1,0
W035,9.4,S011,T18,dev,1,0,0,ОГЭ,20,системы,"системы второй степени (однородные, распадающиеся)",0,2.0,2,6,7,9,0,1,pair,high,(3; -4); (3; 4),18,4,0,0,0,0,1,1,0.0,,0.0,(3; 4); (3; -4),,0,0,0,0,0,0,1,1,0.0,,0.0,(3; 4); (3; -4),,0,0,2,0.0,0,1,0
W035,9.8,S011,T18,dev,0,1,1,ОГЭ,20,системы,"системы второй степени (однородные, распадающиеся)",0,2.0,2,6,7,9,0,1,pair,high,(3; -3); (3; 3),18,3,1,1,0,0,0,1,1.0,,0.0,3,,0,0,1,1,0,0,0,1,1.0,,0.0,3,,0,0,2,1.0,0,0,0
W036,10,S011,T1,dev,1,0,0,ЕГЭ проф,1,планиметрия-треугольники,"углы треугольника: биссектриса, медиана, высота",0,1.75,1,16,9,16,1,1,number,high,26,,,0,0,0,0,1,1,0.0,,0.0,26^{\circ},1,1,0,0,0,0,0,1,1,0.0,,0.0,26^{\circ},1,1,0,2,0.0,0,1,0
W036,11,S011,T1,dev,1,0,0,ЕГЭ проф,1,планиметрия-треугольники,"углы треугольника: биссектриса, медиана, высота",0,1.75,1,16,9,16,1,1,number,high,42,,,0,0,0,0,1,1,0.0,,0.0,42^{\circ},1,1,0,0,0,0,0,1,1,0.0,,0.0,42^{\circ},1,1,0,2,0.0,0,1,0
W036,12,S011,T1,dev,1,0,0,ЕГЭ проф,1,планиметрия-треугольники,"углы треугольника: биссектриса, медиана, высота",0,1.75,1,16,9,16,1,1,number,high,38,,,0,0,0,0,1,1,0.0,,0.0,38^{\circ},1,1,0,0,0,0,0,1,1,0.0,,0.0,38^{\circ},1,1,0,2,0.0,0,1,0
W036,13,S011,T1,dev,1,0,0,ЕГЭ проф,1,планиметрия-треугольники,"углы треугольника: биссектриса, медиана, высота",0,1.75,1,16,9,16,0,1,number,high,55,,,0,0,0,0,1,1,0.0,,0.0,55,1,1,0,0,0,0,0,1,1,0.0,,0.0,55,1,1,0,2,0.0,0,1,0
W036,14,S011,T1,dev,1,0,0,ЕГЭ проф,1,планиметрия-треугольники,"углы треугольника: биссектриса, медиана, высота",0,1.75,1,16,9,16,0,1,number,high,73,,,0,0,0,0,1,1,0.0,,0.0,73,1,1,0,0,0,0,0,1,1,0.0,,0.0,73,1,1,0,2,0.0,0,1,0
W036,15,S011,T1,dev,1,0,0,ЕГЭ проф,1,планиметрия-треугольники,"углы треугольника: биссектриса, медиана, высота",0,1.75,1,16,9,16,0,1,number,high,64,,,0,0,0,0,1,1,0.0,,0.0,64^\circ,1,1,0,0,0,0,0,1,1,0.0,,0.0,64^\circ,1,1,0,2,0.0,0,1,0
W036,16,S011,T1,dev,1,0,0,ЕГЭ проф,1,планиметрия-треугольники,"углы треугольника: биссектриса, медиана, высота",0,1.75,1,16,9,16,0,1,number,high,59,,,0,0,0,0,1,1,0.0,,0.0,59^\circ,1,1,0,0,0,0,0,1,1,0.0,,0.0,59^\circ,1,1,0,2,0.0,0,1,0
W036,17,S011,T1,dev,1,0,0,ЕГЭ проф,1,планиметрия-треугольники,"углы треугольника: биссектриса, медиана, высота",0,1.75,1,16,9,16,0,1,number,high,24,,,0,0,0,0,1,1,0.0,,0.0,24^\circ,1,1,0,0,0,0,0,1,1,0.0,,0.0,24^\circ,1,1,0,2,0.0,0,1,0
W036,18,S011,T1,dev,1,0,0,ЕГЭ проф,1,планиметрия-треугольники,"углы треугольника: биссектриса, медиана, высота",0,1.75,1,16,9,16,0,1,number,high,28,,,0,0,0,0,1,1,0.0,,0.0,28^\circ,1,1,0,0,0,0,0,1,1,0.0,,0.0,28^\circ,1,1,0,2,0.0,0,1,0
W036,19,S011,T1,dev,1,0,0,ЕГЭ проф,1,планиметрия-треугольники,"углы треугольника: биссектриса, медиана, высота",0,1.75,1,16,9,16,0,1,number,high,29,,,0,0,0,0,1,1,0.0,,0.0,29^\circ,1,1,0,0,0,0,0,1,1,0.0,,0.0,29^\circ,1,1,0,2,0.0,0,1,0
W036,20,S011,T1,dev,1,0,0,ЕГЭ проф,1,планиметрия-треугольники,"углы треугольника: биссектриса, медиана, высота",0,1.75,1,16,9,16,0,1,number,high,25,,,0,0,0,0,1,1,0.0,,0.0,25^\circ,1,1,0,0,0,0,0,1,1,0.0,,0.0,25^\circ,1,1,0,2,0.0,0,1,0
W036,21,S011,T1,dev,0,1,0,ЕГЭ проф,1,планиметрия-треугольники,"углы треугольника: биссектриса, медиана, высота",0,1.75,1,16,9,16,0,1,number,high,31,,,1,2,0,0,0,1,1.0,,0.0,14^{\circ},0,1,0,1,2,0,0,0,1,1.0,,0.0,14^{\circ},0,1,0,2,1.0,0,0,0
W036,22,S011,T1,dev,0,1,1,ЕГЭ проф,1,планиметрия-треугольники,"углы треугольника: биссектриса, медиана, высота",0,1.75,1,16,9,16,1,1,number,high,11,,,1,1,0,0,1,1,1.0,,0.0,11^{\circ},1,1,0,1,1,0,0,1,1,1.0,,0.0,11^{\circ},1,1,0,2,1.0,0,1,1
W036,23,S011,T1,dev,0,1,0,ЕГЭ проф,1,планиметрия-треугольники,"углы треугольника: биссектриса, медиана, высота",0,1.75,1,16,9,16,1,1,number,high,36,,,1,2,0,0,0,1,1.0,,0.0,9,0,1,0,1,2,0,0,0,1,1.0,,0.0,9,0,1,0,2,1.0,0,0,0
W036,24,S011,T1,dev,0,1,0,ЕГЭ проф,1,планиметрия-треугольники,"углы треугольника: биссектриса, медиана, высота",0,1.75,1,16,9,16,0,1,number,high,22,,,1,2,0,0,0,1,1.0,,0.0,23^\circ,1,1,0,1,2,0,0,0,1,1.0,,0.0,23^\circ,1,1,0,2,1.0,0,0,0
W036,25,S011,T1,dev,0,1,0,ЕГЭ проф,1,планиметрия-треугольники,"углы треугольника: биссектриса, медиана, высота",0,1.75,1,16,9,16,0,1,number,high,33,,,1,2,0,0,0,1,1.0,,0.0,12^\circ,1,1,0,1,2,0,0,0,1,1.0,,0.0,12^\circ,1,1,0,2,1.0,0,0,0
W036,26,S011,T1,dev,0,1,0,ЕГЭ проф,1,планиметрия-треугольники,"углы треугольника: биссектриса, медиана, высота",0,1.75,1,16,9,16,0,1,number,high,26,,,1,2,0,0,0,1,1.0,,0.0,19^\circ,1,1,0,1,2,0,0,0,1,1.0,,0.0,19^\circ,1,1,0,2,1.0,0,0,0
W036,27,S011,T1,dev,0,1,0,ЕГЭ проф,1,планиметрия-треугольники,"углы треугольника: биссектриса, медиана, высота",0,1.75,1,16,9,16,1,1,number,high,31,,,1,2,0,0,0,1,1.0,,0.0,14,1,1,0,1,2,0,0,0,1,1.0,,0.0,14,1,1,0,2,1.0,0,0,0
W036,28,S011,T1,dev,0,1,0,ЕГЭ проф,1,планиметрия-треугольники,"углы треугольника: биссектриса, медиана, высота",0,1.75,1,16,9,16,1,1,number,high,27,,,1,2,0,0,0,1,1.0,,0.0,18^{\circ},1,1,0,1,2,0,0,0,1,1.0,,0.0,18^{\circ},1,1,0,2,1.0,0,0,0
W036,29,S011,T1,dev,1,0,0,ЕГЭ проф,1,планиметрия-треугольники,"углы треугольника: биссектриса, медиана, высота",0,1.75,1,16,9,16,2,1,number,high,78,,,0,0,0,0,1,1,0.0,,0.0,78^\circ,1,1,0,0,0,0,0,1,1,0.0,,0.0,78^\circ,1,1,0,2,0.0,0,1,0
W036,3,S011,T1,dev,1,0,0,ЕГЭ проф,1,планиметрия-треугольники,"углы треугольника: биссектриса, медиана, высота",0,1.75,1,16,9,16,0,1,number,high,110,,,0,0,0,0,1,1,0.0,,0.0,110^\circ,1,1,0,0,0,0,0,1,1,0.0,,0.0,110^\circ,1,1,0,2,0.0,0,1,0
W036,30,S011,T1,dev,1,0,0,ЕГЭ проф,1,планиметрия-треугольники,"углы треугольника: биссектриса, медиана, высота",0,1.75,1,16,9,16,2,1,number,high,16,,,0,0,0,0,1,1,0.0,,0.0,16^\circ,1,1,0,0,0,0,0,1,1,0.0,,0.0,16^\circ,1,1,0,2,0.0,0,1,0
W036,31,S011,T1,dev,1,0,0,ЕГЭ проф,1,планиметрия-треугольники,"углы треугольника: биссектриса, медиана, высота",0,1.75,1,16,9,16,0,1,number,high,34,,,0,0,0,0,1,1,0.0,,0.0,34^\circ,1,0,0,0,0,0,0,1,1,0.0,,0.0,34^\circ,1,0,0,2,0.0,0,1,0
W036,32,S011,T1,dev,1,0,0,ЕГЭ проф,1,планиметрия-треугольники,"углы треугольника: биссектриса, медиана, высота",0,1.75,1,16,9,16,0,1,number,high,84,,,0,0,0,0,1,1,0.0,,0.0,84^\circ,1,1,0,0,0,0,0,1,1,0.0,,0.0,84^\circ,1,1,0,2,0.0,0,1,0
W036,33,S011,T1,dev,1,0,0,ЕГЭ проф,1,планиметрия-треугольники,"углы треугольника: биссектриса, медиана, высота",0,1.75,1,16,9,16,0,1,number,high,38,,,0,0,0,0,1,1,0.0,,0.0,38^{\circ},1,1,0,0,0,0,0,1,1,0.0,,0.0,38^{\circ},1,1,0,2,0.0,0,1,0
W036,34,S011,T1,dev,1,0,0,ЕГЭ проф,1,планиметрия-треугольники,"углы треугольника: биссектриса, медиана, высота",0,1.75,1,16,9,16,0,1,number,high,32,,,0,0,0,0,1,1,0.0,,0.0,32^{\circ},1,1,0,0,0,0,0,1,1,0.0,,0.0,32^{\circ},1,1,0,2,0.0,0,1,0
W036,35,S011,T1,dev,1,0,0,ЕГЭ проф,1,планиметрия-треугольники,"углы треугольника: биссектриса, медиана, высота",0,1.75,1,16,9,16,0,1,number,high,64,,,0,0,0,0,1,1,0.0,,0.0,64,1,1,0,0,0,0,0,1,1,0.0,,0.0,64,1,1,0,2,0.0,0,1,0
W036,36,S011,T1,dev,0,1,0,ЕГЭ проф,1,планиметрия-треугольники,"углы треугольника: биссектриса, медиана, высота",0,1.75,1,16,9,16,0,1,number,high,61,,,1,1,0,0,0,1,1.0,,0.0,63,0,1,0,1,1,0,0,0,1,1.0,,0.0,63,0,1,0,2,1.0,0,0,0
W036,38,S011,T1,dev,1,0,0,ЕГЭ проф,1,планиметрия-треугольники,"углы треугольника: биссектриса, медиана, высота",0,1.75,1,16,9,16,0,1,number,high,24,,,0,0,0,0,1,1,0.0,,0.0,24,1,1,0,0,0,0,0,1,1,0.0,,0.0,24,1,1,0,2,0.0,0,1,0
W036,4,S011,T1,dev,1,0,0,ЕГЭ проф,1,планиметрия-треугольники,"углы треугольника: биссектриса, медиана, высота",0,1.75,1,16,9,16,0,1,number,high,94,,,0,0,0,0,1,1,0.0,,0.0,94^\circ,1,0,0,0,0,0,0,1,1,0.0,,0.0,94^\circ,1,0,0,2,0.0,0,1,0
W036,5,S011,T1,dev,1,0,0,ЕГЭ проф,1,планиметрия-треугольники,"углы треугольника: биссектриса, медиана, высота",0,1.75,1,16,9,16,0,1,number,high,39,,,0,0,0,0,1,1,0.0,,0.0,"\angle A = 39^\circ, \angle B = 39^\circ",1,1,0,0,0,0,0,1,1,0.0,,0.0,"\angle A = 39^\circ, \angle B = 39^\circ",1,1,0,2,0.0,0,1,0
W036,6,S011,T1,dev,1,0,0,ЕГЭ проф,1,планиметрия-треугольники,"углы треугольника: биссектриса, медиана, высота",0,1.75,1,16,9,16,0,1,number,high,33,,,0,0,0,0,1,1,0.0,,0.0,33^\circ,1,1,0,0,0,0,0,1,1,0.0,,0.0,33^\circ,1,1,0,2,0.0,0,1,0
W036,7,S011,T1,dev,1,0,0,ЕГЭ проф,1,планиметрия-треугольники,"углы треугольника: биссектриса, медиана, высота",0,1.75,1,16,9,16,0,1,number,high,36,,,0,0,0,0,1,1,0.0,,0.0,36^\circ,1,1,0,0,0,0,0,1,1,0.0,,0.0,36^\circ,1,1,0,2,0.0,0,1,0
W036,8,S011,T1,dev,1,0,0,ЕГЭ проф,1,планиметрия-треугольники,"углы треугольника: биссектриса, медиана, высота",0,1.75,1,16,9,16,1,1,number,high,32,,,0,0,0,0,1,1,0.0,,0.0,32^\circ,1,1,0,0,0,0,0,1,1,0.0,,0.0,32^\circ,1,1,0,2,0.0,0,1,0
W036,9,S011,T1,dev,1,0,0,ЕГЭ проф,1,планиметрия-треугольники,"углы треугольника: биссектриса, медиана, высота",0,1.75,1,16,9,16,1,1,number,high,34,,,0,0,0,0,1,1,0.0,,0.0,34^\circ,1,1,0,0,0,0,0,1,1,0.0,,0.0,34^\circ,1,1,0,2,0.0,0,1,0
W037,575,S009,T6,dev,1,0,0,школьная программа,,планиметрия-подобие,"пропорциональные отрезки в прямоугольном треугольнике, практические приложения подобия",0,1.0,1,5,0,14,0,1,set,high,18; 32,,,0,0,0,0,1,1,0.0,,0.0,18; 32,,0,0,0,0,0,0,1,1,0.0,,0.0,18; 32,,0,0,2,0.0,0,1,0
W037,576,S009,T6,dev,1,0,0,школьная программа,,планиметрия-подобие,"пропорциональные отрезки в прямоугольном треугольнике, практические приложения подобия",0,1.0,1,5,0,14,0,1,number,high,61,,,1,0,0,0,1,1,0.0,,0.0,61,1,0,1,1,0,0,0,1,1,0.0,,0.0,61,1,0,1,2,1.0,0,1,1
W037,577,S009,T6,dev,1,0,0,школьная программа,,планиметрия-подобие,"пропорциональные отрезки в прямоугольном треугольнике, практические приложения подобия",0,1.0,1,5,0,14,0,1,set,high,25/13; 144/13,,,0,0,0,0,1,1,0.0,,0.0,p = 25/13; q = 144/13,,0,0,0,0,0,0,1,1,0.0,,0.0,p = 25/13; q = 144/13,,0,0,2,0.0,0,1,0
W037,579,S009,T6,dev,1,0,0,школьная программа,,планиметрия-подобие,"пропорциональные отрезки в прямоугольном треугольнике, практические приложения подобия",0,1.0,1,5,0,14,0,1,number,medium,"3,15",,,0,0,0,0,1,1,0.0,,0.0,"3,15 м",0,1,0,0,0,0,0,1,1,0.0,,0.0,"3,15 м",0,1,0,2,0.0,0,1,0
W037,580,S009,T6,dev,1,0,0,школьная программа,,планиметрия-подобие,"пропорциональные отрезки в прямоугольном треугольнике, практические приложения подобия",0,1.0,1,5,0,14,0,1,number,high,"6,936",,,0,0,0,0,1,1,0.0,,0.0,"6,936 м",1,1,0,0,0,0,0,1,1,0.0,,0.0,"6,936 м",1,1,0,2,0.0,0,1,0
W037,581,S009,T6,dev,0,1,0,школьная программа,,планиметрия-подобие,"пропорциональные отрезки в прямоугольном треугольнике, практические приложения подобия",0,1.0,1,5,0,14,0,1,number,high,"6,12",,,1,1,0,0,0,0,1.0,,0.0,66 м,0,0,0,1,1,0,0,0,0,1.0,,0.0,66 м,0,0,0,2,1.0,0,0,0
W038,575,S011,T6,dev,1,0,0,школьная программа,,планиметрия-подобие,"пропорциональные отрезки в прямоугольном треугольнике, практические приложения подобия",0,2.0,2,6,0,4,0,1,set,high,18; 32,,,0,0,0,0,1,1,0.0,,0.0,18; 32,,1,0,0,0,0,0,1,1,0.0,,0.0,18; 32,,1,0,2,0.0,0,1,0
W038,577,S011,T6,dev,1,0,0,школьная программа,,планиметрия-подобие,"пропорциональные отрезки в прямоугольном треугольнике, практические приложения подобия",0,2.0,2,6,0,4,0,1,set,high,25/13; 144/13,,,1,2,0,0,0,1,1.0,,0.0,"2 см, 11 см",,1,1,0,0,0,0,0,1,0.0,,0.0,"2 см, 11 см",,1,0,2,0.5,1,0,0
W038,579,S011,T6,dev,1,0,0,школьная программа,,планиметрия-подобие,"пропорциональные отрезки в прямоугольном треугольнике, практические приложения подобия",0,2.0,2,6,0,4,0,1,number,medium,"3,15",,,1,1,0,0,0,1,1.0,,0.0,3 м,0,0,1,0,0,0,0,0,1,0.0,,0.0,3 м,0,0,0,2,0.5,1,0,0
W038,580,S011,T6,dev,1,0,0,школьная программа,,планиметрия-подобие,"пропорциональные отрезки в прямоугольном треугольнике, практические приложения подобия",0,2.0,2,6,0,4,0,1,number,high,"6,936",,,1,1,0,0,0,1,1.0,,0.0,7 м,0,1,1,0,0,0,0,0,1,0.0,,0.0,7 м,0,1,0,2,0.5,1,0,0
W038,581,S011,T6,dev,0,1,0,школьная программа,,планиметрия-подобие,"пропорциональные отрезки в прямоугольном треугольнике, практические приложения подобия",0,2.0,2,6,0,4,0,1,number,high,"6,12",,,1,2,0,0,0,1,1.0,,0.0,"6,6 м",0,1,0,1,2,0,0,0,1,1.0,,0.0,"6,6 м",0,1,0,2,1.0,0,0,0
W039,Б1-1.1,S009,T14,dev,1,0,0,ОГЭ,18,планиметрия-решётка,"длины, площади, средние линии, расстояния, тангенс угла на клетчатой бумаге",1,1.3571428571428572,1,14,9,9,0,1,number,high,6,,,0,0,0,0,1,1,0.0,,0.0,6,1,0,0,0,0,0,0,1,1,0.0,,0.0,6,1,0,0,2,0.0,0,1,0
W039,Б1-1.2,S009,T14,dev,1,0,0,ОГЭ,18,планиметрия-решётка,"длины, площади, средние линии, расстояния, тангенс угла на клетчатой бумаге",1,1.3571428571428572,1,14,9,9,0,1,number,high,4,,,0,0,0,0,1,1,0.0,,0.0,4,1,0,0,0,0,0,0,1,1,0.0,,0.0,4,1,0,0,2,0.0,0,1,0
W039,Б1-1.3,S009,T14,dev,1,0,0,ОГЭ,18,планиметрия-решётка,"длины, площади, средние линии, расстояния, тангенс угла на клетчатой бумаге",1,1.3571428571428572,1,14,9,9,0,1,number,high,7,,,0,0,0,0,1,1,0.0,,0.0,7,1,0,0,0,0,0,0,1,1,0.0,,0.0,7,1,0,0,2,0.0,0,1,0
W039,Б1-1.4,S009,T14,dev,1,0,0,ОГЭ,18,планиметрия-решётка,"длины, площади, средние линии, расстояния, тангенс угла на клетчатой бумаге",1,1.3571428571428572,1,14,9,9,0,1,number,high,6,,,0,0,0,0,1,1,0.0,,0.0,6,1,0,0,0,0,0,0,1,1,0.0,,0.0,6,1,0,0,2,0.0,0,1,0
W039,Б1-1.5,S009,T14,dev,1,0,0,ОГЭ,18,планиметрия-решётка,"длины, площади, средние линии, расстояния, тангенс угла на клетчатой бумаге",1,1.3571428571428572,1,14,9,9,0,1,number,high,8,,,0,0,0,0,1,1,0.0,,0.0,8,1,0,0,0,0,0,0,1,1,0.0,,0.0,8,1,0,0,2,0.0,0,1,0
W039,Б1-1.6,S009,T14,dev,1,0,0,ОГЭ,18,планиметрия-решётка,"длины, площади, средние линии, расстояния, тангенс угла на клетчатой бумаге",1,1.3571428571428572,1,14,9,9,0,1,number,low,9,,,0,0,0,0,1,1,0.0,,0.0,9,1,0,0,0,0,0,0,1,1,0.0,,0.0,9,1,0,0,2,0.0,0,1,0
W039,Б1-10.1,S009,T14,dev,1,0,0,ОГЭ,18,планиметрия-решётка,"длины, площади, средние линии, расстояния, тангенс угла на клетчатой бумаге",1,1.3571428571428572,1,14,9,9,0,1,number,high,3,,,0,0,0,0,1,1,0.0,,0.0,3,1,1,0,0,0,0,0,1,1,0.0,,0.0,3,1,1,0,2,0.0,0,1,0
W039,Б1-10.2,S009,T14,dev,1,0,0,ОГЭ,18,планиметрия-решётка,"длины, площади, средние линии, расстояния, тангенс угла на клетчатой бумаге",1,1.3571428571428572,1,14,9,9,0,1,number,high,"2,5",,,0,0,0,0,1,1,0.0,,0.0,"2,5",1,1,0,0,0,0,0,1,1,0.0,,0.0,"2,5",1,1,0,2,0.0,0,1,0
W039,Б1-10.3,S009,T14,dev,1,0,0,ОГЭ,18,планиметрия-решётка,"длины, площади, средние линии, расстояния, тангенс угла на клетчатой бумаге",1,1.3571428571428572,1,14,9,9,0,1,number,high,2,,,0,0,0,0,1,1,0.0,,0.0,2,,1,0,0,0,0,0,1,1,0.0,,0.0,2,,1,0,2,0.0,0,1,0
W039,Б1-10.4,S009,T14,dev,0,1,0,ОГЭ,18,планиметрия-решётка,"длины, площади, средние линии, расстояния, тангенс угла на клетчатой бумаге",1,1.3571428571428572,1,14,9,9,0,1,number,high,1,,,1,1,0,0,0,1,1.0,,0.0,2,,1,0,1,1,0,0,0,1,1.0,,0.0,2,,1,0,2,1.0,0,0,0
W039,Б1-10.5,S009,T14,dev,1,0,0,ОГЭ,18,планиметрия-решётка,"длины, площади, средние линии, расстояния, тангенс угла на клетчатой бумаге",1,1.3571428571428572,1,14,9,9,0,1,number,high,"4,5",,,0,0,0,0,1,1,0.0,,0.0,"4,5",1,1,0,0,0,0,0,1,1,0.0,,0.0,"4,5",1,1,0,2,0.0,0,1,0
W039,Б1-10.6,S009,T14,dev,1,0,0,ОГЭ,18,планиметрия-решётка,"длины, площади, средние линии, расстояния, тангенс угла на клетчатой бумаге",1,1.3571428571428572,1,14,9,9,0,1,number,high,3,,,0,0,0,0,1,1,0.0,,0.0,3,1,1,0,0,0,0,0,1,1,0.0,,0.0,3,1,1,0,2,0.0,0,1,0
W039,Б1-10.7,S009,T14,dev,1,0,0,ОГЭ,18,планиметрия-решётка,"длины, площади, средние линии, расстояния, тангенс угла на клетчатой бумаге",1,1.3571428571428572,1,14,9,9,0,1,number,high,1,,,0,0,0,0,1,1,0.0,,0.0,1,,1,0,0,0,0,0,1,1,0.0,,0.0,1,,1,0,2,0.0,0,1,0
W039,Б1-10.8,S009,T14,dev,1,0,0,ОГЭ,18,планиметрия-решётка,"длины, площади, средние линии, расстояния, тангенс угла на клетчатой бумаге",1,1.3571428571428572,1,14,9,9,1,1,number,high,5,,,0,0,0,0,1,1,0.0,,0.0,5,1,0,0,0,0,0,0,1,1,0.0,,0.0,5,1,0,0,2,0.0,0,1,0
W039,Б1-10.9,S009,T14,dev,1,0,0,ОГЭ,18,планиметрия-решётка,"длины, площади, средние линии, расстояния, тангенс угла на клетчатой бумаге",1,1.3571428571428572,1,14,9,9,1,1,number,high,1,,,1,0,0,0,,1,0.0,,0.0,,,0,1,1,0,0,0,,1,0.0,,0.0,,,0,1,2,1.0,0,,
W039,Б1-11.2,S009,T14,dev,1,0,0,ОГЭ,18,планиметрия-решётка,"длины, площади, средние линии, расстояния, тангенс угла на клетчатой бумаге",1,1.3571428571428572,1,14,9,9,5,1,number,high,6,,,0,0,0,0,1,1,0.0,,0.0,6,1,0,0,0,0,0,0,1,1,0.0,,0.0,6,1,0,0,2,0.0,0,1,0
W039,Б1-11.3,S009,T14,dev,1,0,0,ОГЭ,18,планиметрия-решётка,"длины, площади, средние линии, расстояния, тангенс угла на клетчатой бумаге",1,1.3571428571428572,1,14,9,9,5,1,number,high,6,,,0,0,0,0,1,1,0.0,,0.0,6,1,0,0,0,0,0,0,1,1,0.0,,0.0,6,1,0,0,2,0.0,0,1,0
W039,Б1-11.4,S009,T14,dev,0,1,0,ОГЭ,18,планиметрия-решётка,"длины, площади, средние линии, расстояния, тангенс угла на клетчатой бумаге",1,1.3571428571428572,1,14,9,9,5,1,number,high,7,,,1,1,0,0,0,1,1.0,,0.0,"6,5",1,0,0,1,1,0,0,0,1,1.0,,0.0,"6,5",1,0,0,2,1.0,0,0,0
W039,Б1-11.5,S009,T14,dev,1,0,0,ОГЭ,18,планиметрия-решётка,"длины, площади, средние линии, расстояния, тангенс угла на клетчатой бумаге",1,1.3571428571428572,1,14,9,9,5,1,number,high,8,,,0,0,0,0,1,1,0.0,,0.0,8,1,0,0,0,0,0,0,1,1,0.0,,0.0,8,1,0,0,2,0.0,0,1,0
W039,Б1-11.6,S009,T14,dev,1,0,0,ОГЭ,18,планиметрия-решётка,"длины, площади, средние линии, расстояния, тангенс угла на клетчатой бумаге",1,1.3571428571428572,1,14,9,9,5,1,number,high,6,,,0,0,0,0,1,1,0.0,,0.0,6,1,0,0,0,0,0,0,1,1,0.0,,0.0,6,1,0,0,2,0.0,0,1,0
W039,Б1-11.7,S009,T14,dev,1,0,0,ОГЭ,18,планиметрия-решётка,"длины, площади, средние линии, расстояния, тангенс угла на клетчатой бумаге",1,1.3571428571428572,1,14,9,9,5,1,number,high,4,,,0,0,0,0,1,1,0.0,,0.0,4,1,0,0,0,0,0,0,1,1,0.0,,0.0,4,1,0,0,2,0.0,0,1,0
W039,Б1-11.8,S009,T14,dev,1,0,0,ОГЭ,18,планиметрия-решётка,"длины, площади, средние линии, расстояния, тангенс угла на клетчатой бумаге",1,1.3571428571428572,1,14,9,9,5,1,number,high,5,,,0,0,0,0,1,1,0.0,,0.0,5,1,0,0,0,0,0,0,1,1,0.0,,0.0,5,1,0,0,2,0.0,0,1,0
W039,Б1-11.9,S009,T14,dev,1,0,0,ОГЭ,18,планиметрия-решётка,"длины, площади, средние линии, расстояния, тангенс угла на клетчатой бумаге",1,1.3571428571428572,1,14,9,9,5,1,number,high,3,,,0,0,0,0,1,1,0.0,,0.0,3,1,0,0,0,0,0,0,1,1,0.0,,0.0,3,1,0,0,2,0.0,0,1,0
W039,Б1-12.1,S009,T14,dev,1,0,0,ОГЭ,18,планиметрия-решётка,"длины, площади, средние линии, расстояния, тангенс угла на клетчатой бумаге",1,1.3571428571428572,1,14,9,9,5,1,number,high,4,,,0,0,0,0,1,1,0.0,,0.0,4,1,0,0,0,0,0,0,1,1,0.0,,0.0,4,1,0,0,2,0.0,0,1,0
W039,Б1-12.2,S009,T14,dev,1,0,0,ОГЭ,18,планиметрия-решётка,"длины, площади, средние линии, расстояния, тангенс угла на клетчатой бумаге",1,1.3571428571428572,1,14,9,9,5,1,number,high,4,,,0,0,0,0,1,1,0.0,,0.0,4,1,0,0,0,0,0,0,1,1,0.0,,0.0,4,1,0,0,2,0.0,0,1,0
W039,Б1-12.3,S009,T14,dev,1,0,0,ОГЭ,18,планиметрия-решётка,"длины, площади, средние линии, расстояния, тангенс угла на клетчатой бумаге",1,1.3571428571428572,1,14,9,9,5,1,number,high,"2,25",,,0,0,0,0,1,1,0.0,,0.0,"2,25",1,0,0,0,0,0,0,1,1,0.0,,0.0,"2,25",1,0,0,2,0.0,0,1,0
W039,Б1-12.5,S009,T14,dev,1,0,0,ОГЭ,18,планиметрия-решётка,"длины, площади, средние линии, расстояния, тангенс угла на клетчатой бумаге",1,1.3571428571428572,1,14,9,9,0,1,number,high,"2,5",,,1,1,0,0,0,1,1.0,,0.0,225,0,0,1,1,1,0,0,0,1,1.0,,0.0,225,0,0,1,2,1.0,0,0,0
W039,Б1-12.6,S009,T14,dev,1,0,0,ОГЭ,18,планиметрия-решётка,"длины, площади, средние линии, расстояния, тангенс угла на клетчатой бумаге",1,1.3571428571428572,1,14,9,9,0,1,number,high,"1,25",,,0,0,0,0,1,1,0.0,,0.0,"1,25",1,0,0,0,0,0,0,1,1,0.0,,0.0,"1,25",1,0,0,2,0.0,0,1,0
W039,Б1-12.7,S009,T14,dev,1,0,0,ОГЭ,18,планиметрия-решётка,"длины, площади, средние линии, расстояния, тангенс угла на клетчатой бумаге",1,1.3571428571428572,1,14,9,9,0,1,number,high,2,,,0,0,0,0,1,1,0.0,,0.0,2,,0,0,0,0,0,0,1,1,0.0,,0.0,2,,0,0,2,0.0,0,1,0
W039,Б1-12.8,S009,T14,dev,1,0,0,ОГЭ,18,планиметрия-решётка,"длины, площади, средние линии, расстояния, тангенс угла на клетчатой бумаге",1,1.3571428571428572,1,14,9,9,0,1,number,high,"1,8",,,0,0,0,0,1,1,0.0,,0.0,"1,8",1,0,0,0,0,0,0,1,1,0.0,,0.0,"1,8",1,0,0,2,0.0,0,1,0
W039,Б1-12.9,S009,T14,dev,1,0,0,ОГЭ,18,планиметрия-решётка,"длины, площади, средние линии, расстояния, тангенс угла на клетчатой бумаге",1,1.3571428571428572,1,14,9,9,0,1,number,high,"3,2",,,0,0,0,0,1,1,0.0,,0.0,"3,2",1,0,0,0,0,0,0,1,1,0.0,,0.0,"3,2",1,0,0,2,0.0,0,1,0
W039,Б1-2.1,S009,T14,dev,1,0,0,ОГЭ,18,планиметрия-решётка,"длины, площади, средние линии, расстояния, тангенс угла на клетчатой бумаге",1,1.3571428571428572,1,14,9,9,0,1,number,high,10,,,0,0,0,0,1,1,0.0,,0.0,10,0,0,0,0,0,0,0,1,1,0.0,,0.0,10,0,0,0,2,0.0,0,1,0
W039,Б1-2.2,S009,T14,dev,1,0,0,ОГЭ,18,планиметрия-решётка,"длины, площади, средние линии, расстояния, тангенс угла на клетчатой бумаге",1,1.3571428571428572,1,14,9,9,0,1,number,high,10,,,0,0,0,0,1,1,0.0,,0.0,10,0,0,0,0,0,0,0,1,1,0.0,,0.0,10,0,0,0,2,0.0,0,1,0
W039,Б1-2.3,S009,T14,dev,1,0,0,ОГЭ,18,планиметрия-решётка,"длины, площади, средние линии, расстояния, тангенс угла на клетчатой бумаге",1,1.3571428571428572,1,14,9,9,0,1,number,high,8,,,0,0,0,0,1,1,0.0,,0.0,8,1,0,0,0,0,0,0,1,1,0.0,,0.0,8,1,0,0,2,0.0,0,1,0
W039,Б1-2.4,S009,T14,dev,1,0,0,ОГЭ,18,планиметрия-решётка,"длины, площади, средние линии, расстояния, тангенс угла на клетчатой бумаге",1,1.3571428571428572,1,14,9,9,0,1,number,high,8,,,0,0,0,0,1,1,0.0,,0.0,8,1,0,0,0,0,0,0,1,1,0.0,,0.0,8,1,0,0,2,0.0,0,1,0
W039,Б1-2.5,S009,T14,dev,1,0,0,ОГЭ,18,планиметрия-решётка,"длины, площади, средние линии, расстояния, тангенс угла на клетчатой бумаге",1,1.3571428571428572,1,14,9,9,0,1,number,high,6,,,0,0,0,0,1,1,0.0,,0.0,6,1,0,0,0,0,0,0,1,1,0.0,,0.0,6,1,0,0,2,0.0,0,1,0
W039,Б1-2.6,S009,T14,dev,1,0,0,ОГЭ,18,планиметрия-решётка,"длины, площади, средние линии, расстояния, тангенс угла на клетчатой бумаге",1,1.3571428571428572,1,14,9,9,0,1,number,high,6,,,0,0,0,0,1,1,0.0,,0.0,6,1,0,0,0,0,0,0,1,1,0.0,,0.0,6,1,0,0,2,0.0,0,1,0
W039,Б1-3.1,S009,T14,dev,1,0,0,ОГЭ,18,планиметрия-решётка,"длины, площади, средние линии, расстояния, тангенс угла на клетчатой бумаге",1,1.3571428571428572,1,14,9,9,0,1,number,high,4,,,1,1,0,0,0,1,1.0,,0.0,"0,25",1,0,1,1,1,0,0,0,1,1.0,,0.0,"0,25",1,0,1,2,1.0,0,0,0
W039,Б1-3.2,S009,T14,dev,1,0,0,ОГЭ,18,планиметрия-решётка,"длины, площади, средние линии, расстояния, тангенс угла на клетчатой бумаге",1,1.3571428571428572,1,14,9,9,0,1,number,high,"1,5",,,0,0,0,0,1,1,0.0,,0.0,"1,5",1,0,0,0,0,0,0,1,1,0.0,,0.0,"1,5",1,0,0,2,0.0,0,1,0
W039,Б1-3.3,S009,T14,dev,0,1,0,ОГЭ,18,планиметрия-решётка,"длины, площади, средние линии, расстояния, тангенс угла на клетчатой бумаге",1,1.3571428571428572,1,14,9,9,0,1,number,high,2,,,1,1,0,0,0,1,1.0,,0.0,"1,5",,0,0,1,1,0,0,0,1,1.0,,0.0,"1,5",,0,0,2,1.0,0,0,0
W039,Б1-3.4,S009,T14,dev,1,0,0,ОГЭ,18,планиметрия-решётка,"длины, площади, средние линии, расстояния, тангенс угла на клетчатой бумаге",1,1.3571428571428572,1,14,9,9,0,1,number,high,2,,,0,0,0,0,1,1,0.0,,0.0,2,,1,0,0,0,0,0,1,1,0.0,,0.0,2,,1,0,2,0.0,0,1,0
W039,Б1-3.5,S009,T14,dev,1,0,0,ОГЭ,18,планиметрия-решётка,"длины, площади, средние линии, расстояния, тангенс угла на клетчатой бумаге",1,1.3571428571428572,1,14,9,9,0,1,number,high,3,,,0,0,0,0,1,1,0.0,,0.0,3,1,1,0,0,0,0,0,1,1,0.0,,0.0,3,1,1,0,2,0.0,0,1,0
W039,Б1-3.6,S009,T14,dev,1,0,0,ОГЭ,18,планиметрия-решётка,"длины, площади, средние линии, расстояния, тангенс угла на клетчатой бумаге",1,1.3571428571428572,1,14,9,9,0,1,number,high,3,,,0,0,0,0,1,1,0.0,,0.0,3,1,1,0,0,0,0,0,1,1,0.0,,0.0,3,1,1,0,2,0.0,0,1,0
W039,Б1-4.1,S009,T14,dev,1,0,0,ОГЭ,18,планиметрия-решётка,"длины, площади, средние линии, расстояния, тангенс угла на клетчатой бумаге",1,1.3571428571428572,1,14,9,9,0,1,number,high,28,,,0,0,0,0,1,1,0.0,,0.0,28,1,1,0,0,0,0,0,1,1,0.0,,0.0,28,1,1,0,2,0.0,0,1,0
W039,Б1-4.2,S009,T14,dev,1,0,0,ОГЭ,18,планиметрия-решётка,"длины, площади, средние линии, расстояния, тангенс угла на клетчатой бумаге",1,1.3571428571428572,1,14,9,9,0,1,number,high,10,,,0,0,0,0,1,1,0.0,,0.0,10,1,1,0,0,0,0,0,1,1,0.0,,0.0,10,1,1,0,2,0.0,0,1,0
W039,Б1-4.3,S009,T14,dev,1,0,0,ОГЭ,18,планиметрия-решётка,"длины, площади, средние линии, расстояния, тангенс угла на клетчатой бумаге",1,1.3571428571428572,1,14,9,9,0,1,number,high,21,,,0,0,0,0,1,1,0.0,,0.0,21,1,1,0,0,0,0,0,1,1,0.0,,0.0,21,1,1,0,2,0.0,0,1,0
W039,Б1-4.4,S009,T14,dev,1,0,0,ОГЭ,18,планиметрия-решётка,"длины, площади, средние линии, расстояния, тангенс угла на клетчатой бумаге",1,1.3571428571428572,1,14,9,9,0,1,number,high,14,,,0,0,0,0,1,1,0.0,,0.0,14,1,1,0,0,0,0,0,1,1,0.0,,0.0,14,1,1,0,2,0.0,0,1,0
W039,Б1-4.5,S009,T14,dev,1,0,0,ОГЭ,18,планиметрия-решётка,"длины, площади, средние линии, расстояния, тангенс угла на клетчатой бумаге",1,1.3571428571428572,1,14,9,9,0,1,number,high,20,,,0,0,0,0,1,1,0.0,,0.0,20,1,1,0,0,0,0,0,1,1,0.0,,0.0,20,1,1,0,2,0.0,0,1,0
W039,Б1-4.6,S009,T14,dev,1,0,0,ОГЭ,18,планиметрия-решётка,"длины, площади, средние линии, расстояния, тангенс угла на клетчатой бумаге",1,1.3571428571428572,1,14,9,9,0,1,number,high,12,,,0,0,0,0,1,1,0.0,,0.0,12,1,1,0,0,0,0,0,1,1,0.0,,0.0,12,1,1,0,2,0.0,0,1,0
W039,Б1-4.7,S009,T14,dev,1,0,0,ОГЭ,18,планиметрия-решётка,"длины, площади, средние линии, расстояния, тангенс угла на клетчатой бумаге",1,1.3571428571428572,1,14,9,9,0,1,number,high,30,,,0,0,0,0,1,1,0.0,,0.0,30,0,1,0,0,0,0,0,1,1,0.0,,0.0,30,0,1,0,2,0.0,0,1,0
W039,Б1-4.8,S009,T14,dev,1,0,0,ОГЭ,18,планиметрия-решётка,"длины, площади, средние линии, расстояния, тангенс угла на клетчатой бумаге",1,1.3571428571428572,1,14,9,9,0,1,number,high,25,,,0,0,0,0,1,1,0.0,,0.0,25,0,1,0,0,0,0,0,1,1,0.0,,0.0,25,0,1,0,2,0.0,0,1,0
W039,Б1-4.9,S009,T14,dev,1,0,0,ОГЭ,18,планиметрия-решётка,"длины, площади, средние линии, расстояния, тангенс угла на клетчатой бумаге",1,1.3571428571428572,1,14,9,9,0,1,number,high,24,,,0,0,0,0,1,1,0.0,,0.0,24,0,1,0,0,0,0,0,1,1,0.0,,0.0,24,0,1,0,2,0.0,0,1,0
W039,Б1-5.1,S009,T14,dev,1,0,0,ОГЭ,18,планиметрия-решётка,"длины, площади, средние линии, расстояния, тангенс угла на клетчатой бумаге",1,1.3571428571428572,1,14,9,9,1,1,number,high,15,,,0,0,0,0,1,1,0.0,,0.0,15,1,1,0,0,0,0,0,1,1,0.0,,0.0,15,1,1,0,2,0.0,0,1,0
W039,Б1-5.2,S009,T14,dev,1,0,0,ОГЭ,18,планиметрия-решётка,"длины, площади, средние линии, расстояния, тангенс угла на клетчатой бумаге",1,1.3571428571428572,1,14,9,9,1,1,number,high,9,,,0,0,0,0,1,1,0.0,,0.0,9,1,1,0,0,0,0,0,1,1,0.0,,0.0,9,1,1,0,2,0.0,0,1,0
W039,Б1-5.3,S009,T14,dev,1,0,0,ОГЭ,18,планиметрия-решётка,"длины, площади, средние линии, расстояния, тангенс угла на клетчатой бумаге",1,1.3571428571428572,1,14,9,9,1,1,number,high,14,,,0,0,0,0,1,1,0.0,,0.0,14,1,1,0,0,0,0,0,1,1,0.0,,0.0,14,1,1,0,2,0.0,0,1,0
W039,Б1-5.4,S009,T14,dev,1,0,0,ОГЭ,18,планиметрия-решётка,"длины, площади, средние линии, расстояния, тангенс угла на клетчатой бумаге",1,1.3571428571428572,1,14,9,9,1,1,number,high,20,,,0,0,0,0,1,1,0.0,,0.0,20,1,1,0,0,0,0,0,1,1,0.0,,0.0,20,1,1,0,2,0.0,0,1,0
W039,Б1-5.5,S009,T14,dev,1,0,0,ОГЭ,18,планиметрия-решётка,"длины, площади, средние линии, расстояния, тангенс угла на клетчатой бумаге",1,1.3571428571428572,1,14,9,9,1,1,number,high,12,,,1,1,0,0,0,1,1.0,,0.0,1,1,1,1,1,1,0,0,0,1,1.0,,0.0,1,1,1,1,2,1.0,0,0,0
W039,Б1-5.6,S009,T14,dev,1,0,0,ОГЭ,18,планиметрия-решётка,"длины, площади, средние линии, расстояния, тангенс угла на клетчатой бумаге",1,1.3571428571428572,1,14,9,9,1,1,number,high,12,,,0,0,0,0,1,1,0.0,,0.0,12,1,1,0,0,0,0,0,1,1,0.0,,0.0,12,1,1,0,2,0.0,0,1,0
W039,Б1-5.7,S009,T14,dev,1,0,0,ОГЭ,18,планиметрия-решётка,"длины, площади, средние линии, расстояния, тангенс угла на клетчатой бумаге",1,1.3571428571428572,1,14,9,9,1,1,number,high,10,,,0,0,0,0,1,1,0.0,,0.0,10,1,1,0,0,0,0,0,1,1,0.0,,0.0,10,1,1,0,2,0.0,0,1,0
W039,Б1-5.8,S009,T14,dev,1,0,0,ОГЭ,18,планиметрия-решётка,"длины, площади, средние линии, расстояния, тангенс угла на клетчатой бумаге",1,1.3571428571428572,1,14,9,9,1,1,number,high,6,,,0,0,0,0,1,1,0.0,,0.0,6,1,1,0,0,0,0,0,1,1,0.0,,0.0,6,1,1,0,2,0.0,0,1,0
W039,Б1-5.9,S009,T14,dev,1,0,0,ОГЭ,18,планиметрия-решётка,"длины, площади, средние линии, расстояния, тангенс угла на клетчатой бумаге",1,1.3571428571428572,1,14,9,9,1,1,number,high,10,,,0,0,0,0,1,1,0.0,,0.0,10,1,1,0,0,0,0,0,1,1,0.0,,0.0,10,1,1,0,2,0.0,0,1,0
W039,Б1-6.1,S009,T14,dev,1,0,0,ОГЭ,18,планиметрия-решётка,"длины, площади, средние линии, расстояния, тангенс угла на клетчатой бумаге",1,1.3571428571428572,1,14,9,9,0,1,number,high,20,,,0,0,0,0,1,1,0.0,,0.0,20,1,0,0,0,0,0,0,1,1,0.0,,0.0,20,1,0,0,2,0.0,0,1,0
W039,Б1-6.2,S009,T14,dev,1,0,0,ОГЭ,18,планиметрия-решётка,"длины, площади, средние линии, расстояния, тангенс угла на клетчатой бумаге",1,1.3571428571428572,1,14,9,9,0,1,number,high,18,,,0,0,0,0,1,1,0.0,,0.0,18,1,0,0,0,0,0,0,1,1,0.0,,0.0,18,1,0,0,2,0.0,0,1,0
W039,Б1-6.3,S009,T14,dev,1,0,0,ОГЭ,18,планиметрия-решётка,"длины, площади, средние линии, расстояния, тангенс угла на клетчатой бумаге",1,1.3571428571428572,1,14,9,9,0,1,number,high,12,,,0,0,0,0,1,1,0.0,,0.0,12,1,0,0,0,0,0,0,1,1,0.0,,0.0,12,1,0,0,2,0.0,0,1,0
W039,Б1-6.4,S009,T14,dev,1,0,0,ОГЭ,18,планиметрия-решётка,"длины, площади, средние линии, расстояния, тангенс угла на клетчатой бумаге",1,1.3571428571428572,1,14,9,9,0,1,number,high,28,,,0,0,0,0,1,1,0.0,,0.0,28,1,0,0,0,0,0,0,1,1,0.0,,0.0,28,1,0,0,2,0.0,0,1,0
W039,Б1-6.5,S009,T14,dev,1,0,0,ОГЭ,18,планиметрия-решётка,"длины, площади, средние линии, расстояния, тангенс угла на клетчатой бумаге",1,1.3571428571428572,1,14,9,9,0,1,number,high,28,,,0,0,0,0,1,1,0.0,,0.0,28,1,0,0,0,0,0,0,1,1,0.0,,0.0,28,1,0,0,2,0.0,0,1,0
W039,Б1-6.6,S009,T14,dev,1,0,0,ОГЭ,18,планиметрия-решётка,"длины, площади, средние линии, расстояния, тангенс угла на клетчатой бумаге",1,1.3571428571428572,1,14,9,9,0,1,number,high,35,,,0,0,0,0,1,1,0.0,,0.0,35,1,0,0,0,0,0,0,1,1,0.0,,0.0,35,1,0,0,2,0.0,0,1,0
W039,Б1-6.7,S009,T14,dev,1,0,0,ОГЭ,18,планиметрия-решётка,"длины, площади, средние линии, расстояния, тангенс угла на клетчатой бумаге",1,1.3571428571428572,1,14,9,9,0,1,number,high,36,,,0,0,0,0,1,1,0.0,,0.0,36,1,0,0,0,0,0,0,1,1,0.0,,0.0,36,1,0,0,2,0.0,0,1,0
W039,Б1-6.8,S009,T14,dev,1,0,0,ОГЭ,18,планиметрия-решётка,"длины, площади, средние линии, расстояния, тангенс угла на клетчатой бумаге",1,1.3571428571428572,1,14,9,9,0,1,number,high,25,,,0,0,0,0,1,1,0.0,,0.0,25,1,0,0,0,0,0,0,1,1,0.0,,0.0,25,1,0,0,2,0.0,0,1,0
W039,Б1-6.9,S009,T14,dev,1,0,0,ОГЭ,18,планиметрия-решётка,"длины, площади, средние линии, расстояния, тангенс угла на клетчатой бумаге",1,1.3571428571428572,1,14,9,9,0,1,number,high,36,,,0,0,0,0,1,1,0.0,,0.0,36,1,0,0,0,0,0,0,1,1,0.0,,0.0,36,1,0,0,2,0.0,0,1,0
W039,Б1-7.1,S009,T14,dev,1,0,0,ОГЭ,18,планиметрия-решётка,"длины, площади, средние линии, расстояния, тангенс угла на клетчатой бумаге",1,1.3571428571428572,1,14,9,9,0,1,number,high,30,,,0,0,0,0,1,1,0.0,,0.0,30,1,0,0,0,0,0,0,1,1,0.0,,0.0,30,1,0,0,2,0.0,0,1,0
W039,Б1-7.2,S009,T14,dev,0,1,0,ОГЭ,18,планиметрия-решётка,"длины, площади, средние линии, расстояния, тангенс угла на клетчатой бумаге",1,1.3571428571428572,1,14,9,9,0,1,number,high,20,,,1,1,0,0,0,1,1.0,,0.0,38,0,0,0,1,1,0,0,0,1,1.0,,0.0,38,0,0,0,2,1.0,0,0,0
W039,Б1-7.3,S009,T14,dev,1,0,0,ОГЭ,18,планиметрия-решётка,"длины, площади, средние линии, расстояния, тангенс угла на клетчатой бумаге",1,1.3571428571428572,1,14,9,9,0,1,number,high,10,,,0,0,0,0,1,1,0.0,,0.0,10,1,0,0,0,0,0,0,1,1,0.0,,0.0,10,1,0,0,2,0.0,0,1,0
W039,Б1-7.4,S009,T14,dev,1,0,0,ОГЭ,18,планиметрия-решётка,"длины, площади, средние линии, расстояния, тангенс угла на клетчатой бумаге",1,1.3571428571428572,1,14,9,9,0,1,number,high,18,,,0,0,0,0,1,1,0.0,,0.0,18,1,0,0,0,0,0,0,1,1,0.0,,0.0,18,1,0,0,2,0.0,0,1,0
W039,Б1-7.5,S009,T14,dev,1,0,0,ОГЭ,18,планиметрия-решётка,"длины, площади, средние линии, расстояния, тангенс угла на клетчатой бумаге",1,1.3571428571428572,1,14,9,9,0,1,number,high,12,,,0,0,0,0,1,1,0.0,,0.0,12,1,0,0,0,0,0,0,1,1,0.0,,0.0,12,1,0,0,2,0.0,0,1,0
W039,Б1-7.6,S009,T14,dev,1,0,0,ОГЭ,18,планиметрия-решётка,"длины, площади, средние линии, расстояния, тангенс угла на клетчатой бумаге",1,1.3571428571428572,1,14,9,9,0,1,number,high,4,,,0,0,0,0,1,1,0.0,,0.0,4,1,0,0,0,0,0,0,1,1,0.0,,0.0,4,1,0,0,2,0.0,0,1,0
W039,Б1-7.7,S009,T14,dev,1,0,0,ОГЭ,18,планиметрия-решётка,"длины, площади, средние линии, расстояния, тангенс угла на клетчатой бумаге",1,1.3571428571428572,1,14,9,9,0,1,number,high,16,,,0,0,0,0,1,1,0.0,,0.0,16,1,0,0,0,0,0,0,1,1,0.0,,0.0,16,1,0,0,2,0.0,0,1,0
W039,Б1-7.8,S009,T14,dev,1,0,0,ОГЭ,18,планиметрия-решётка,"длины, площади, средние линии, расстояния, тангенс угла на клетчатой бумаге",1,1.3571428571428572,1,14,9,9,0,1,number,high,24,,,0,0,0,0,1,1,0.0,,0.0,24,1,0,0,0,0,0,0,1,1,0.0,,0.0,24,1,0,0,2,0.0,0,1,0
W039,Б1-7.9,S009,T14,dev,1,0,0,ОГЭ,18,планиметрия-решётка,"длины, площади, средние линии, расстояния, тангенс угла на клетчатой бумаге",1,1.3571428571428572,1,14,9,9,0,1,number,high,8,,,0,0,0,0,1,1,0.0,,0.0,8,1,0,0,0,0,0,0,1,1,0.0,,0.0,8,1,0,0,2,0.0,0,1,0
W039,Б1-8.1,S009,T14,dev,1,0,0,ОГЭ,18,планиметрия-решётка,"длины, площади, средние линии, расстояния, тангенс угла на клетчатой бумаге",1,1.3571428571428572,1,14,9,9,0,1,number,high,5,,,0,0,0,0,1,1,0.0,,0.0,5,1,1,0,0,0,0,0,1,1,0.0,,0.0,5,1,1,0,2,0.0,0,1,0
W039,Б1-8.2,S009,T14,dev,1,0,0,ОГЭ,18,планиметрия-решётка,"длины, площади, средние линии, расстояния, тангенс угла на клетчатой бумаге",1,1.3571428571428572,1,14,9,9,0,1,number,high,10,,,0,0,0,0,1,1,0.0,,0.0,10,1,1,0,0,0,0,0,1,1,0.0,,0.0,10,1,1,0,2,0.0,0,1,0
W039,Б1-8.3,S009,T14,dev,1,0,0,ОГЭ,18,планиметрия-решётка,"длины, площади, средние линии, расстояния, тангенс угла на клетчатой бумаге",1,1.3571428571428572,1,14,9,9,0,1,number,high,13,,,0,0,0,0,1,1,0.0,,0.0,13,1,1,0,0,0,0,0,1,1,0.0,,0.0,13,1,1,0,2,0.0,0,1,0
W039,Б1-8.4,S009,T14,dev,1,0,0,ОГЭ,18,планиметрия-решётка,"длины, площади, средние линии, расстояния, тангенс угла на клетчатой бумаге",1,1.3571428571428572,1,14,9,9,0,1,number,high,5,,,0,0,0,0,1,1,0.0,,0.0,5,1,1,0,0,0,0,0,1,1,0.0,,0.0,5,1,1,0,2,0.0,0,1,0
W039,Б1-8.5,S009,T14,dev,1,0,0,ОГЭ,18,планиметрия-решётка,"длины, площади, средние линии, расстояния, тангенс угла на клетчатой бумаге",1,1.3571428571428572,1,14,9,9,0,1,number,high,10,,,0,0,0,0,1,1,0.0,,0.0,10,1,1,0,0,0,0,0,1,1,0.0,,0.0,10,1,1,0,2,0.0,0,1,0
W039,Б1-8.6,S009,T14,dev,1,0,0,ОГЭ,18,планиметрия-решётка,"длины, площади, средние линии, расстояния, тангенс угла на клетчатой бумаге",1,1.3571428571428572,1,14,9,9,0,1,number,high,13,,,0,0,0,0,1,1,0.0,,0.0,13,1,1,0,0,0,0,0,1,1,0.0,,0.0,13,1,1,0,2,0.0,0,1,0
W039,Б1-9.1,S009,T14,dev,1,0,0,ОГЭ,18,планиметрия-решётка,"длины, площади, средние линии, расстояния, тангенс угла на клетчатой бумаге",1,1.3571428571428572,1,14,9,9,0,1,number,high,2,,,0,0,0,0,1,1,0.0,,0.0,2,,1,0,0,0,0,0,1,1,0.0,,0.0,2,,1,0,2,0.0,0,1,0
W039,Б1-9.2,S009,T14,dev,1,0,0,ОГЭ,18,планиметрия-решётка,"длины, площади, средние линии, расстояния, тангенс угла на клетчатой бумаге",1,1.3571428571428572,1,14,9,9,0,1,number,high,4,,,0,0,0,0,1,1,0.0,,0.0,4,1,1,0,0,0,0,0,1,1,0.0,,0.0,4,1,1,0,2,0.0,0,1,0
W039,Б1-9.3,S009,T14,dev,1,0,0,ОГЭ,18,планиметрия-решётка,"длины, площади, средние линии, расстояния, тангенс угла на клетчатой бумаге",1,1.3571428571428572,1,14,9,9,0,1,number,high,3,,,0,0,0,0,1,1,0.0,,0.0,3,1,1,0,0,0,0,0,1,1,0.0,,0.0,3,1,1,0,2,0.0,0,1,0
W039,Б1-9.4,S009,T14,dev,1,0,0,ОГЭ,18,планиметрия-решётка,"длины, площади, средние линии, расстояния, тангенс угла на клетчатой бумаге",1,1.3571428571428572,1,14,9,9,0,1,number,high,2,,,0,0,0,0,1,1,0.0,,0.0,2,,1,0,0,0,0,0,1,1,0.0,,0.0,2,,1,0,2,0.0,0,1,0
W039,Б1-9.5,S009,T14,dev,1,0,0,ОГЭ,18,планиметрия-решётка,"длины, площади, средние линии, расстояния, тангенс угла на клетчатой бумаге",1,1.3571428571428572,1,14,9,9,0,1,number,high,5,,,0,0,0,0,1,1,0.0,,0.0,5,1,1,0,0,0,0,0,1,1,0.0,,0.0,5,1,1,0,2,0.0,0,1,0
W039,Б1-9.6,S009,T14,dev,1,0,0,ОГЭ,18,планиметрия-решётка,"длины, площади, средние линии, расстояния, тангенс угла на клетчатой бумаге",1,1.3571428571428572,1,14,9,9,0,1,number,high,2,,,0,0,0,0,1,1,0.0,,0.0,2,,1,0,0,0,0,0,1,1,0.0,,0.0,2,,1,0,2,0.0,0,1,0
W039,Б2-1.1,S009,T14,dev,1,0,0,ОГЭ,18,планиметрия-решётка,"длины, площади, средние линии, расстояния, тангенс угла на клетчатой бумаге",1,1.3571428571428572,1,14,9,9,0,1,number,high,4,,,0,0,0,0,1,1,0.0,,0.0,4,0,1,0,0,0,0,0,1,1,0.0,,0.0,4,0,1,0,2,0.0,0,1,0
W039,Б2-1.2,S009,T14,dev,1,0,0,ОГЭ,18,планиметрия-решётка,"длины, площади, средние линии, расстояния, тангенс угла на клетчатой бумаге",1,1.3571428571428572,1,14,9,9,0,1,number,high,7,,,0,0,0,0,1,1,0.0,,0.0,7,0,1,0,0,0,0,0,1,1,0.0,,0.0,7,0,1,0,2,0.0,0,1,0
W039,Б2-1.3,S009,T14,dev,1,0,0,ОГЭ,18,планиметрия-решётка,"длины, площади, средние линии, расстояния, тангенс угла на клетчатой бумаге",1,1.3571428571428572,1,14,9,9,0,1,number,high,3,,,0,0,0,0,1,1,0.0,,0.0,3,1,1,0,0,0,0,0,1,1,0.0,,0.0,3,1,1,0,2,0.0,0,1,0
W039,Б2-1.4,S009,T14,dev,1,0,0,ОГЭ,18,планиметрия-решётка,"длины, площади, средние линии, расстояния, тангенс угла на клетчатой бумаге",1,1.3571428571428572,1,14,9,9,0,1,number,high,5,,,0,0,0,0,1,1,0.0,,0.0,5,1,1,0,0,0,0,0,1,1,0.0,,0.0,5,1,1,0,2,0.0,0,1,0
W039,Б2-1.5,S009,T14,dev,1,0,0,ОГЭ,18,планиметрия-решётка,"длины, площади, средние линии, расстояния, тангенс угла на клетчатой бумаге",1,1.3571428571428572,1,14,9,9,0,1,number,high,2,,,0,0,0,0,1,1,0.0,,0.0,2,,1,0,0,0,0,0,1,1,0.0,,0.0,2,,1,0,2,0.0,0,1,0
W039,Б2-1.6,S009,T14,dev,1,0,0,ОГЭ,18,планиметрия-решётка,"длины, площади, средние линии, расстояния, тангенс угла на клетчатой бумаге",1,1.3571428571428572,1,14,9,9,0,1,number,low,1,,,0,0,0,0,1,1,0.0,,0.0,1,,1,0,0,0,0,0,1,1,0.0,,0.0,1,,1,0,2,0.0,0,1,0
W039,Б2-11.1,S009,T14,dev,1,0,0,ОГЭ,18,планиметрия-решётка,"длины, площади, средние линии, расстояния, тангенс угла на клетчатой бумаге",1,1.3571428571428572,1,14,9,9,2,1,number,high,1,,,0,0,0,0,1,1,0.0,,0.0,1,,1,0,0,0,0,0,1,1,0.0,,0.0,1,,1,0,2,0.0,0,1,0
W039,Б2-11.2,S009,T14,dev,1,0,0,ОГЭ,18,планиметрия-решётка,"длины, площади, средние линии, расстояния, тангенс угла на клетчатой бумаге",1,1.3571428571428572,1,14,9,9,2,1,number,high,"1,5",,,1,1,0,0,0,1,1.0,,0.0,"2,25",1,1,1,1,1,0,0,0,1,1.0,,0.0,"2,25",1,1,1,2,1.0,0,0,0
W039,Б2-11.3,S009,T14,dev,1,0,0,ОГЭ,18,планиметрия-решётка,"длины, площади, средние линии, расстояния, тангенс угла на клетчатой бумаге",1,1.3571428571428572,1,14,9,9,2,1,number,high,2,,,0,0,0,0,1,1,0.0,,0.0,2,,1,0,0,0,0,0,1,1,0.0,,0.0,2,,1,0,2,0.0,0,1,0
W039,Б2-11.4,S009,T14,dev,1,0,0,ОГЭ,18,планиметрия-решётка,"длины, площади, средние линии, расстояния, тангенс угла на клетчатой бумаге",1,1.3571428571428572,1,14,9,9,2,1,number,high,1,,,0,0,0,0,1,1,0.0,,0.0,1,,1,0,0,0,0,0,1,1,0.0,,0.0,1,,1,0,2,0.0,0,1,0
W039,Б2-11.5,S009,T14,dev,1,0,0,ОГЭ,18,планиметрия-решётка,"длины, площади, средние линии, расстояния, тангенс угла на клетчатой бумаге",1,1.3571428571428572,1,14,9,9,2,1,number,high,"0,6",,,1,1,0,0,0,1,1.0,,0.0,"0,36",1,1,1,1,1,0,0,0,1,1.0,,0.0,"0,36",1,1,1,2,1.0,0,0,0
W039,Б2-11.6,S009,T14,dev,1,0,0,ОГЭ,18,планиметрия-решётка,"длины, площади, средние линии, расстояния, тангенс угла на клетчатой бумаге",1,1.3571428571428572,1,14,9,9,2,1,number,high,"0,5",,,0,0,0,0,1,1,0.0,,0.0,"0,5",1,1,0,0,0,0,0,1,1,0.0,,0.0,"0,5",1,1,0,2,0.0,0,1,0
W039,Б2-2.1,S009,T14,dev,0,1,0,ОГЭ,18,планиметрия-решётка,"длины, площади, средние линии, расстояния, тангенс угла на клетчатой бумаге",1,1.3571428571428572,1,14,9,9,0,1,number,high,2,,,1,1,0,0,0,1,1.0,,0.0,8,,1,0,1,1,0,0,0,1,1.0,,0.0,8,,1,0,2,1.0,0,0,0
W039,Б2-2.2,S009,T14,dev,1,0,0,ОГЭ,18,планиметрия-решётка,"длины, площади, средние линии, расстояния, тангенс угла на клетчатой бумаге",1,1.3571428571428572,1,14,9,9,0,1,number,high,7,,,0,0,0,0,1,1,0.0,,0.0,7,1,1,0,0,0,0,0,1,1,0.0,,0.0,7,1,1,0,2,0.0,0,1,0
W039,Б2-2.3,S009,T14,dev,1,0,0,ОГЭ,18,планиметрия-решётка,"длины, площади, средние линии, расстояния, тангенс угла на клетчатой бумаге",1,1.3571428571428572,1,14,9,9,0,1,number,high,7,,,0,0,0,0,1,1,0.0,,0.0,7,1,1,0,0,0,0,0,1,1,0.0,,0.0,7,1,1,0,2,0.0,0,1,0
W039,Б2-2.4,S009,T14,dev,1,0,0,ОГЭ,18,планиметрия-решётка,"длины, площади, средние линии, расстояния, тангенс угла на клетчатой бумаге",1,1.3571428571428572,1,14,9,9,0,1,number,high,4,,,0,0,0,0,1,1,0.0,,0.0,4,1,1,0,0,0,0,0,1,1,0.0,,0.0,4,1,1,0,2,0.0,0,1,0
W039,Б2-2.5,S009,T14,dev,1,0,0,ОГЭ,18,планиметрия-решётка,"длины, площади, средние линии, расстояния, тангенс угла на клетчатой бумаге",1,1.3571428571428572,1,14,9,9,0,1,number,high,4,,,0,0,0,0,1,1,0.0,,0.0,4,1,1,0,0,0,0,0,1,1,0.0,,0.0,4,1,1,0,2,0.0,0,1,0
W039,Б2-2.6,S009,T14,dev,1,0,0,ОГЭ,18,планиметрия-решётка,"длины, площади, средние линии, расстояния, тангенс угла на клетчатой бумаге",1,1.3571428571428572,1,14,9,9,0,1,number,high,2,,,0,0,0,0,1,1,0.0,,0.0,2,,1,0,0,0,0,0,1,1,0.0,,0.0,2,,1,0,2,0.0,0,1,0
W039,Б2-3.1,S009,T14,dev,1,0,0,ОГЭ,18,планиметрия-решётка,"длины, площади, средние линии, расстояния, тангенс угла на клетчатой бумаге",1,1.3571428571428572,1,14,9,9,0,1,number,high,3,,,0,0,0,0,1,1,0.0,,0.0,3,1,1,0,0,0,0,0,1,1,0.0,,0.0,3,1,1,0,2,0.0,0,1,0
W039,Б2-3.2,S009,T14,dev,1,0,0,ОГЭ,18,планиметрия-решётка,"длины, площади, средние линии, расстояния, тангенс угла на клетчатой бумаге",1,1.3571428571428572,1,14,9,9,0,1,number,high,2,,,0,0,0,0,1,1,0.0,,0.0,2,,1,0,0,0,0,0,1,1,0.0,,0.0,2,,1,0,2,0.0,0,1,0
W039,Б2-3.3,S009,T14,dev,1,0,0,ОГЭ,18,планиметрия-решётка,"длины, площади, средние линии, расстояния, тангенс угла на клетчатой бумаге",1,1.3571428571428572,1,14,9,9,0,1,number,high,2,,,0,0,0,0,1,1,0.0,,0.0,2,,1,0,0,0,0,0,1,1,0.0,,0.0,2,,1,0,2,0.0,0,1,0
W039,Б2-3.4,S009,T14,dev,1,0,0,ОГЭ,18,планиметрия-решётка,"длины, площади, средние линии, расстояния, тангенс угла на клетчатой бумаге",1,1.3571428571428572,1,14,9,9,0,1,number,high,"1,5",,,0,0,0,0,1,1,0.0,,0.0,"1,5",1,1,0,0,0,0,0,1,1,0.0,,0.0,"1,5",1,1,0,2,0.0,0,1,0
W039,Б2-3.6,S009,T14,dev,1,0,0,ОГЭ,18,планиметрия-решётка,"длины, площади, средние линии, расстояния, тангенс угла на клетчатой бумаге",1,1.3571428571428572,1,14,9,9,0,1,number,high,2,,,0,0,0,0,1,1,0.0,,0.0,2,,1,0,0,0,0,0,1,1,0.0,,0.0,2,,1,0,2,0.0,0,1,0
W039,Б2-4.1,S009,T14,dev,1,0,0,ОГЭ,18,планиметрия-решётка,"длины, площади, средние линии, расстояния, тангенс угла на клетчатой бумаге",1,1.3571428571428572,1,14,9,9,0,1,number,high,14,,,0,0,0,0,1,1,0.0,,0.0,14,1,1,0,0,0,0,0,1,1,0.0,,0.0,14,1,1,0,2,0.0,0,1,0
W039,Б2-4.2,S009,T14,dev,1,0,0,ОГЭ,18,планиметрия-решётка,"длины, площади, средние линии, расстояния, тангенс угла на клетчатой бумаге",1,1.3571428571428572,1,14,9,9,0,1,number,high,15,,,1,1,0,0,0,1,1.0,,0.0,25,0,1,1,1,1,0,0,0,1,1.0,,0.0,25,0,1,1,2,1.0,0,0,0
W039,Б2-4.3,S009,T14,dev,1,0,0,ОГЭ,18,планиметрия-решётка,"длины, площади, средние линии, расстояния, тангенс угла на клетчатой бумаге",1,1.3571428571428572,1,14,9,9,0,1,number,high,18,,,0,0,0,0,1,1,0.0,,0.0,18,1,1,0,0,0,0,0,1,1,0.0,,0.0,18,1,1,0,2,0.0,0,1,0
W039,Б2-4.4,S009,T14,dev,1,0,0,ОГЭ,18,планиметрия-решётка,"длины, площади, средние линии, расстояния, тангенс угла на клетчатой бумаге",1,1.3571428571428572,1,14,9,9,0,1,number,high,13,,,0,0,0,0,1,1,0.0,,0.0,13,1,1,0,0,0,0,0,1,1,0.0,,0.0,13,1,1,0,2,0.0,0,1,0
W039,Б2-4.5,S009,T14,dev,1,0,0,ОГЭ,18,планиметрия-решётка,"длины, площади, средние линии, расстояния, тангенс угла на клетчатой бумаге",1,1.3571428571428572,1,14,9,9,0,1,number,low,19,,,0,0,0,0,1,1,0.0,,0.0,19,1,1,0,0,0,0,0,1,1,0.0,,0.0,19,1,1,0,2,0.0,0,1,0
W039,Б2-4.6,S009,T14,dev,1,0,0,ОГЭ,18,планиметрия-решётка,"длины, площади, средние линии, расстояния, тангенс угла на клетчатой бумаге",1,1.3571428571428572,1,14,9,9,0,1,number,high,16,,,0,0,0,0,1,1,0.0,,0.0,16,1,1,0,0,0,0,0,1,1,0.0,,0.0,16,1,1,0,2,0.0,0,1,0
W039,Б2-4.7,S009,T14,dev,1,0,0,ОГЭ,18,планиметрия-решётка,"длины, площади, средние линии, расстояния, тангенс угла на клетчатой бумаге",1,1.3571428571428572,1,14,9,9,0,1,number,low,11,,,0,0,0,0,1,1,0.0,,0.0,11,1,1,0,0,0,0,0,1,1,0.0,,0.0,11,1,1,0,2,0.0,0,1,0
W039,Б2-4.8,S009,T14,dev,1,0,0,ОГЭ,18,планиметрия-решётка,"длины, площади, средние линии, расстояния, тангенс угла на клетчатой бумаге",1,1.3571428571428572,1,14,9,9,0,1,number,low,9,,,0,0,0,0,1,1,0.0,,0.0,9,1,1,0,0,0,0,0,1,1,0.0,,0.0,9,1,1,0,2,0.0,0,1,0
W039,Б2-4.9,S009,T14,dev,1,0,0,ОГЭ,18,планиметрия-решётка,"длины, площади, средние линии, расстояния, тангенс угла на клетчатой бумаге",1,1.3571428571428572,1,14,9,9,0,1,number,high,11,,,0,0,0,0,1,1,0.0,,0.0,11,1,1,0,0,0,0,0,1,1,0.0,,0.0,11,1,1,0,2,0.0,0,1,0
W039,Б2-5.1,S009,T14,dev,0,1,0,ОГЭ,18,планиметрия-решётка,"длины, площади, средние линии, расстояния, тангенс угла на клетчатой бумаге",1,1.3571428571428572,1,14,9,9,0,1,number,high,23,,,1,1,0,0,0,1,1.0,,0.0,"33,5",0,1,0,1,1,0,0,0,1,1.0,,0.0,"33,5",0,1,0,2,1.0,0,0,0
W039,Б2-5.2,S009,T14,dev,0,1,0,ОГЭ,18,планиметрия-решётка,"длины, площади, средние линии, расстояния, тангенс угла на клетчатой бумаге",1,1.3571428571428572,1,14,9,9,0,1,number,high,17,,,1,1,0,0,0,1,1.0,,0.0,"14,84",0,1,0,1,1,0,0,0,1,1.0,,0.0,"14,84",0,1,0,2,1.0,0,0,0
W039,Б2-5.3,S009,T14,dev,1,0,0,ОГЭ,18,планиметрия-решётка,"длины, площади, средние линии, расстояния, тангенс угла на клетчатой бумаге",1,1.3571428571428572,1,14,9,9,0,1,number,low,"32,5",,,0,0,0,0,1,1,0.0,,0.0,"32,5",1,1,0,0,0,0,0,1,1,0.0,,0.0,"32,5",1,1,0,2,0.0,0,1,0
W039,Б2-5.4,S009,T14,dev,1,0,0,ОГЭ,18,планиметрия-решётка,"длины, площади, средние линии, расстояния, тангенс угла на клетчатой бумаге",1,1.3571428571428572,1,14,9,9,0,1,number,high,28,,,0,0,0,0,1,1,0.0,,0.0,28,1,1,0,0,0,0,0,1,1,0.0,,0.0,28,1,1,0,2,0.0,0,1,0
W039,Б2-5.5,S009,T14,dev,1,0,0,ОГЭ,18,планиметрия-решётка,"длины, площади, средние линии, расстояния, тангенс угла на клетчатой бумаге",1,1.3571428571428572,1,14,9,9,0,1,number,high,12,,,0,0,0,0,1,1,0.0,,0.0,12,1,1,0,0,0,0,0,1,1,0.0,,0.0,12,1,1,0,2,0.0,0,1,0
W039,Б2-5.6,S009,T14,dev,0,1,0,ОГЭ,18,планиметрия-решётка,"длины, площади, средние линии, расстояния, тангенс угла на клетчатой бумаге",1,1.3571428571428572,1,14,9,9,0,1,number,high,25,,,1,1,0,0,0,1,1.0,,0.0,"24,5",1,1,0,1,1,0,0,0,1,1.0,,0.0,"24,5",1,1,0,2,1.0,0,0,0
W039,Б2-5.7,S009,T14,dev,1,0,0,ОГЭ,18,планиметрия-решётка,"длины, площади, средние линии, расстояния, тангенс угла на клетчатой бумаге",1,1.3571428571428572,1,14,9,9,0,1,number,high,"28,5",,,0,0,0,0,1,1,0.0,,0.0,"28,5",1,1,0,0,0,0,0,1,1,0.0,,0.0,"28,5",1,1,0,2,0.0,0,1,0
W039,Б2-5.8,S009,T14,dev,1,0,0,ОГЭ,18,планиметрия-решётка,"длины, площади, средние линии, расстояния, тангенс угла на клетчатой бумаге",1,1.3571428571428572,1,14,9,9,0,1,number,high,"18,5",,,0,0,0,0,1,1,0.0,,0.0,"18,5",1,1,0,0,0,0,0,1,1,0.0,,0.0,"18,5",1,1,0,2,0.0,0,1,0
W039,Б2-5.9,S009,T14,dev,1,0,0,ОГЭ,18,планиметрия-решётка,"длины, площади, средние линии, расстояния, тангенс угла на клетчатой бумаге",1,1.3571428571428572,1,14,9,9,0,1,number,high,26,,,0,0,0,0,1,1,0.0,,0.0,26,1,1,0,0,0,0,0,1,1,0.0,,0.0,26,1,1,0,2,0.0,0,1,0
W040,Б1-1.1,S011,T14,dev,1,0,0,ОГЭ,18,планиметрия-решётка,"длины, площади, средние линии, расстояния, тангенс угла на клетчатой бумаге",1,1.0,1,2,7,9,1,1,number,high,6,,,0,0,0,0,1,1,0.0,,0.0,6,0,1,0,0,0,0,0,1,1,0.0,,0.0,6,0,1,0,2,0.0,0,1,0
W040,Б1-1.2,S011,T14,dev,1,0,0,ОГЭ,18,планиметрия-решётка,"длины, площади, средние линии, расстояния, тангенс угла на клетчатой бумаге",1,1.0,1,2,7,9,1,1,number,high,4,,,0,0,0,0,1,1,0.0,,0.0,4,1,1,0,0,0,0,0,1,1,0.0,,0.0,4,1,1,0,2,0.0,0,1,0
W040,Б1-1.3,S011,T14,dev,1,0,0,ОГЭ,18,планиметрия-решётка,"длины, площади, средние линии, расстояния, тангенс угла на клетчатой бумаге",1,1.0,1,2,7,9,1,1,number,high,7,,,0,0,0,0,1,1,0.0,,0.0,7,0,1,0,0,0,0,0,1,1,0.0,,0.0,7,0,1,0,2,0.0,0,1,0
W040,Б1-1.4,S011,T14,dev,1,0,0,ОГЭ,18,планиметрия-решётка,"длины, площади, средние линии, расстояния, тангенс угла на клетчатой бумаге",1,1.0,1,2,7,9,1,1,number,high,6,,,0,0,0,0,1,1,0.0,,0.0,6,0,1,0,0,0,0,0,1,1,0.0,,0.0,6,0,1,0,2,0.0,0,1,0
W040,Б1-1.5,S011,T14,dev,1,0,0,ОГЭ,18,планиметрия-решётка,"длины, площади, средние линии, расстояния, тангенс угла на клетчатой бумаге",1,1.0,1,2,7,9,1,1,number,high,8,,,0,0,0,0,1,1,0.0,,0.0,8,0,1,0,0,0,0,0,1,1,0.0,,0.0,8,0,1,0,2,0.0,0,1,0
W040,Б1-1.6,S011,T14,dev,1,0,0,ОГЭ,18,планиметрия-решётка,"длины, площади, средние линии, расстояния, тангенс угла на клетчатой бумаге",1,1.0,1,2,7,9,1,1,number,low,9,,,1,1,0,0,0,1,1.0,,0.0,3,0,1,1,1,1,0,0,0,1,1.0,,0.0,3,0,1,1,2,1.0,0,0,0
W040,Б1-10.1,S011,T14,dev,1,0,0,ОГЭ,18,планиметрия-решётка,"длины, площади, средние линии, расстояния, тангенс угла на клетчатой бумаге",1,1.0,1,2,7,9,1,1,number,high,3,,,0,0,0,0,1,1,0.0,,0.0,3,1,1,0,0,0,0,0,1,1,0.0,,0.0,3,1,1,0,2,0.0,0,1,0
W040,Б1-10.2,S011,T14,dev,0,1,0,ОГЭ,18,планиметрия-решётка,"длины, площади, средние линии, расстояния, тангенс угла на клетчатой бумаге",1,1.0,1,2,7,9,1,1,number,high,"2,5",,,1,1,0,0,0,1,1.0,,0.0,3,0,1,0,1,1,0,0,0,1,1.0,,0.0,3,0,1,0,2,1.0,0,0,0
W040,Б1-10.3,S011,T14,dev,1,0,0,ОГЭ,18,планиметрия-решётка,"длины, площади, средние линии, расстояния, тангенс угла на клетчатой бумаге",1,1.0,1,2,7,9,1,1,number,high,2,,,0,0,0,0,1,1,0.0,,0.0,2,,1,0,0,0,0,0,1,1,0.0,,0.0,2,,1,0,2,0.0,0,1,0
W040,Б1-10.4,S011,T14,dev,1,0,0,ОГЭ,18,планиметрия-решётка,"длины, площади, средние линии, расстояния, тангенс угла на клетчатой бумаге",1,1.0,1,2,7,9,1,1,number,high,1,,,0,0,0,0,1,1,0.0,,0.0,1,,1,0,0,0,0,0,1,1,0.0,,0.0,1,,1,0,2,0.0,0,1,0
W040,Б1-10.5,S011,T14,dev,0,1,0,ОГЭ,18,планиметрия-решётка,"длины, площади, средние линии, расстояния, тангенс угла на клетчатой бумаге",1,1.0,1,2,7,9,1,1,number,high,"4,5",,,1,1,0,0,0,1,1.0,,0.0,5,0,1,0,1,1,0,0,0,1,1.0,,0.0,5,0,1,0,2,1.0,0,0,0
W040,Б1-10.6,S011,T14,dev,0,1,0,ОГЭ,18,планиметрия-решётка,"длины, площади, средние линии, расстояния, тангенс угла на клетчатой бумаге",1,1.0,1,2,7,9,1,1,number,high,3,,,1,1,0,0,0,1,1.0,,0.0,4,1,1,0,1,1,0,0,0,1,1.0,,0.0,4,1,1,0,2,1.0,0,0,0
W040,Б1-10.7,S011,T14,dev,0,1,0,ОГЭ,18,планиметрия-решётка,"длины, площади, средние линии, расстояния, тангенс угла на клетчатой бумаге",1,1.0,1,2,7,9,1,1,number,high,1,,,1,1,0,0,0,1,1.0,,0.0,2,,1,0,1,1,0,0,0,1,1.0,,0.0,2,,1,0,2,1.0,0,0,0
W040,Б1-10.8,S011,T14,dev,0,1,0,ОГЭ,18,планиметрия-решётка,"длины, площади, средние линии, расстояния, тангенс угла на клетчатой бумаге",1,1.0,1,2,7,9,1,1,number,high,5,,,1,1,0,0,0,1,1.0,,0.0,6,0,1,0,1,1,0,0,0,1,1.0,,0.0,6,0,1,0,2,1.0,0,0,0
W040,Б1-10.9,S011,T14,dev,0,1,0,ОГЭ,18,планиметрия-решётка,"длины, площади, средние линии, расстояния, тангенс угла на клетчатой бумаге",1,1.0,1,2,7,9,1,1,number,high,1,,,1,1,0,0,0,1,1.0,,0.0,2,,1,0,1,1,0,0,0,1,1.0,,0.0,2,,1,0,2,1.0,0,0,0
W040,Б1-11.1,S011,T14,dev,0,1,0,ОГЭ,18,планиметрия-решётка,"длины, площади, средние линии, расстояния, тангенс угла на клетчатой бумаге",1,1.0,1,2,7,9,1,1,number,high,4,,,1,1,0,0,0,1,1.0,,0.0,18,1,1,0,0,0,0,0,0,1,0.0,,0.0,18,1,1,1,2,0.5,1,0,0
W040,Б1-11.2,S011,T14,dev,1,0,0,ОГЭ,18,планиметрия-решётка,"длины, площади, средние линии, расстояния, тангенс угла на клетчатой бумаге",1,1.0,1,2,7,9,1,1,number,high,6,,,1,1,0,0,0,1,1.0,,0.0,24,1,1,1,1,1,0,0,0,1,1.0,,0.0,24,1,1,1,2,1.0,0,0,0
W040,Б1-11.3,S011,T14,dev,1,0,0,ОГЭ,18,планиметрия-решётка,"длины, площади, средние линии, расстояния, тангенс угла на клетчатой бумаге",1,1.0,1,2,7,9,1,1,number,high,6,,,0,0,0,0,1,1,0.0,,0.0,6,1,1,0,0,0,0,0,1,1,0.0,,0.0,6,1,1,0,2,0.0,0,1,0
W040,Б1-11.4,S011,T14,dev,1,0,0,ОГЭ,18,планиметрия-решётка,"длины, площади, средние линии, расстояния, тангенс угла на клетчатой бумаге",1,1.0,1,2,7,9,1,1,number,high,7,,,0,0,0,0,1,1,0.0,,0.0,7,0,1,0,0,0,0,0,1,1,0.0,,0.0,7,0,1,0,2,0.0,0,1,0
W040,Б1-11.5,S011,T14,dev,1,0,0,ОГЭ,18,планиметрия-решётка,"длины, площади, средние линии, расстояния, тангенс угла на клетчатой бумаге",1,1.0,1,2,7,9,1,1,number,high,8,,,0,0,0,0,1,1,0.0,,0.0,8,0,1,0,0,0,0,0,1,1,0.0,,0.0,8,0,1,0,2,0.0,0,1,0
W040,Б1-11.6,S011,T14,dev,1,0,0,ОГЭ,18,планиметрия-решётка,"длины, площади, средние линии, расстояния, тангенс угла на клетчатой бумаге",1,1.0,1,2,7,9,1,1,number,high,6,,,0,0,0,0,1,1,0.0,,0.0,6,1,1,0,0,0,0,0,1,1,0.0,,0.0,6,1,1,0,2,0.0,0,1,0
W040,Б1-11.7,S011,T14,dev,1,0,0,ОГЭ,18,планиметрия-решётка,"длины, площади, средние линии, расстояния, тангенс угла на клетчатой бумаге",1,1.0,1,2,7,9,1,1,number,high,4,,,0,0,0,0,1,1,0.0,,0.0,4,1,1,0,0,0,0,0,1,1,0.0,,0.0,4,1,1,0,2,0.0,0,1,0
W040,Б1-11.8,S011,T14,dev,1,0,0,ОГЭ,18,планиметрия-решётка,"длины, площади, средние линии, расстояния, тангенс угла на клетчатой бумаге",1,1.0,1,2,7,9,1,1,number,high,5,,,0,0,0,0,1,1,0.0,,0.0,5,1,1,0,0,0,0,0,1,1,0.0,,0.0,5,1,1,0,2,0.0,0,1,0
W040,Б1-11.9,S011,T14,dev,1,0,0,ОГЭ,18,планиметрия-решётка,"длины, площади, средние линии, расстояния, тангенс угла на клетчатой бумаге",1,1.0,1,2,7,9,1,1,number,high,3,,,0,0,0,0,1,1,0.0,,0.0,3,1,1,0,0,0,0,0,1,1,0.0,,0.0,3,1,1,0,2,0.0,0,1,0
W040,Б1-12.1,S011,T14,dev,0,1,0,ОГЭ,18,планиметрия-решётка,"длины, площади, средние линии, расстояния, тангенс угла на клетчатой бумаге",1,1.0,1,2,7,9,,0,number,high,4,,,1,0,0,0,,1,0.0,,0.0,,,0,0,1,0,0,0,,1,0.0,,0.0,,,0,0,2,1.0,0,,
W040,Б1-12.2,S011,T14,dev,0,1,0,ОГЭ,18,планиметрия-решётка,"длины, площади, средние линии, расстояния, тангенс угла на клетчатой бумаге",1,1.0,1,2,7,9,,0,number,high,4,,,1,0,0,0,,1,0.0,,0.0,,,0,0,1,0,0,0,,1,0.0,,0.0,,,0,0,2,1.0,0,,
W040,Б1-12.3,S011,T14,dev,0,1,0,ОГЭ,18,планиметрия-решётка,"длины, площади, средние линии, расстояния, тангенс угла на клетчатой бумаге",1,1.0,1,2,7,9,,0,number,high,"2,25",,,1,0,0,0,,1,0.0,,0.0,,,0,0,1,0,0,0,,1,0.0,,0.0,,,0,0,2,1.0,0,,
W040,Б1-12.4,S011,T14,dev,0,1,0,ОГЭ,18,планиметрия-решётка,"длины, площади, средние линии, расстояния, тангенс угла на клетчатой бумаге",1,1.0,1,2,7,9,,0,number,high,5,,,1,0,0,0,,1,0.0,,0.0,,,0,0,1,0,0,0,,1,0.0,,0.0,,,0,0,2,1.0,0,,
W040,Б1-12.5,S011,T14,dev,0,1,0,ОГЭ,18,планиметрия-решётка,"длины, площади, средние линии, расстояния, тангенс угла на клетчатой бумаге",1,1.0,1,2,7,9,,0,number,high,"2,5",,,1,0,0,0,,1,0.0,,0.0,,,0,0,1,0,0,0,,1,0.0,,0.0,,,0,0,2,1.0,0,,
W040,Б1-12.6,S011,T14,dev,0,1,0,ОГЭ,18,планиметрия-решётка,"длины, площади, средние линии, расстояния, тангенс угла на клетчатой бумаге",1,1.0,1,2,7,9,,0,number,high,"1,25",,,1,0,0,0,,1,0.0,,0.0,,,0,0,1,0,0,0,,1,0.0,,0.0,,,0,0,2,1.0,0,,
W040,Б1-12.7,S011,T14,dev,0,1,0,ОГЭ,18,планиметрия-решётка,"длины, площади, средние линии, расстояния, тангенс угла на клетчатой бумаге",1,1.0,1,2,7,9,,0,number,high,2,,,1,0,0,0,,1,0.0,,0.0,,,0,0,1,0,0,0,,1,0.0,,0.0,,,0,0,2,1.0,0,,
W040,Б1-12.8,S011,T14,dev,0,1,0,ОГЭ,18,планиметрия-решётка,"длины, площади, средние линии, расстояния, тангенс угла на клетчатой бумаге",1,1.0,1,2,7,9,,0,number,high,"1,8",,,1,0,0,0,,1,0.0,,0.0,,,0,0,1,0,0,0,,1,0.0,,0.0,,,0,0,2,1.0,0,,
W040,Б1-12.9,S011,T14,dev,0,1,0,ОГЭ,18,планиметрия-решётка,"длины, площади, средние линии, расстояния, тангенс угла на клетчатой бумаге",1,1.0,1,2,7,9,,0,number,high,"3,2",,,1,0,0,0,,1,0.0,,0.0,,,0,0,1,0,0,0,,1,0.0,,0.0,,,0,0,2,1.0,0,,
W040,Б1-2.1,S011,T14,dev,1,0,0,ОГЭ,18,планиметрия-решётка,"длины, площади, средние линии, расстояния, тангенс угла на клетчатой бумаге",1,1.0,1,2,7,9,1,1,number,high,10,,,0,0,0,0,1,1,0.0,,0.0,10,0,1,0,0,0,0,0,1,1,0.0,,0.0,10,0,1,0,2,0.0,0,1,0
W040,Б1-2.2,S011,T14,dev,1,0,0,ОГЭ,18,планиметрия-решётка,"длины, площади, средние линии, расстояния, тангенс угла на клетчатой бумаге",1,1.0,1,2,7,9,1,1,number,high,10,,,0,0,0,0,1,1,0.0,,0.0,10,0,1,0,0,0,0,0,1,1,0.0,,0.0,10,0,1,0,2,0.0,0,1,0
W040,Б1-2.3,S011,T14,dev,1,0,0,ОГЭ,18,планиметрия-решётка,"длины, площади, средние линии, расстояния, тангенс угла на клетчатой бумаге",1,1.0,1,2,7,9,1,1,number,high,8,,,0,0,0,0,1,1,0.0,,0.0,8,0,1,0,0,0,0,0,1,1,0.0,,0.0,8,0,1,0,2,0.0,0,1,0
W040,Б1-2.4,S011,T14,dev,1,0,0,ОГЭ,18,планиметрия-решётка,"длины, площади, средние линии, расстояния, тангенс угла на клетчатой бумаге",1,1.0,1,2,7,9,1,1,number,high,8,,,1,1,0,0,0,1,1.0,,0.0,6,0,1,1,1,1,0,0,0,1,1.0,,0.0,6,0,1,1,2,1.0,0,0,0
W040,Б1-2.5,S011,T14,dev,1,0,0,ОГЭ,18,планиметрия-решётка,"длины, площади, средние линии, расстояния, тангенс угла на клетчатой бумаге",1,1.0,1,2,7,9,1,1,number,high,6,,,0,0,0,0,1,1,0.0,,0.0,6,1,1,0,0,0,0,0,1,1,0.0,,0.0,6,1,1,0,2,0.0,0,1,0
W040,Б1-2.6,S011,T14,dev,1,0,0,ОГЭ,18,планиметрия-решётка,"длины, площади, средние линии, расстояния, тангенс угла на клетчатой бумаге",1,1.0,1,2,7,9,1,1,number,high,6,,,0,0,0,0,1,1,0.0,,0.0,6,1,1,0,0,0,0,0,1,1,0.0,,0.0,6,1,1,0,2,0.0,0,1,0
W040,Б1-3.1,S011,T14,dev,1,0,0,ОГЭ,18,планиметрия-решётка,"длины, площади, средние линии, расстояния, тангенс угла на клетчатой бумаге",1,1.0,1,2,7,9,1,1,number,high,4,,,0,0,0,0,1,1,0.0,,0.0,4,1,1,0,0,0,0,0,1,1,0.0,,0.0,4,1,1,0,2,0.0,0,1,0
W040,Б1-3.2,S011,T14,dev,1,0,0,ОГЭ,18,планиметрия-решётка,"длины, площади, средние линии, расстояния, тангенс угла на клетчатой бумаге",1,1.0,1,2,7,9,1,1,number,high,"1,5",,,0,0,0,0,1,1,0.0,,0.0,"1,5",0,1,0,0,0,0,0,1,1,0.0,,0.0,"1,5",0,1,0,2,0.0,0,1,0
W040,Б1-3.4,S011,T14,dev,1,0,0,ОГЭ,18,планиметрия-решётка,"длины, площади, средние линии, расстояния, тангенс угла на клетчатой бумаге",1,1.0,1,2,7,9,1,1,number,high,2,,,0,0,0,0,1,1,0.0,,0.0,2,,1,0,0,0,0,0,1,1,0.0,,0.0,2,,1,0,2,0.0,0,1,0
W040,Б1-3.5,S011,T14,dev,1,0,0,ОГЭ,18,планиметрия-решётка,"длины, площади, средние линии, расстояния, тангенс угла на клетчатой бумаге",1,1.0,1,2,7,9,1,1,number,high,3,,,0,0,0,0,1,1,0.0,,0.0,3,1,1,0,0,0,0,0,1,1,0.0,,0.0,3,1,1,0,2,0.0,0,1,0
W040,Б1-4.1,S011,T14,dev,1,0,0,ОГЭ,18,планиметрия-решётка,"длины, площади, средние линии, расстояния, тангенс угла на клетчатой бумаге",1,1.0,1,2,7,9,1,1,number,high,28,,,0,0,0,0,1,1,0.0,,0.0,28,0,1,0,0,0,0,0,1,1,0.0,,0.0,28,0,1,0,2,0.0,0,1,0
W040,Б1-4.2,S011,T14,dev,1,0,0,ОГЭ,18,планиметрия-решётка,"длины, площади, средние линии, расстояния, тангенс угла на клетчатой бумаге",1,1.0,1,2,7,9,1,1,number,high,10,,,0,0,0,0,1,1,0.0,,0.0,10,0,1,0,0,0,0,0,1,1,0.0,,0.0,10,0,1,0,2,0.0,0,1,0
W040,Б1-4.3,S011,T14,dev,1,0,0,ОГЭ,18,планиметрия-решётка,"длины, площади, средние линии, расстояния, тангенс угла на клетчатой бумаге",1,1.0,1,2,7,9,1,1,number,high,21,,,0,0,0,0,1,1,0.0,,0.0,21,0,1,0,0,0,0,0,1,1,0.0,,0.0,21,0,1,0,2,0.0,0,1,0
W040,Б1-4.4,S011,T14,dev,1,0,0,ОГЭ,18,планиметрия-решётка,"длины, площади, средние линии, расстояния, тангенс угла на клетчатой бумаге",1,1.0,1,2,7,9,1,1,number,high,14,,,0,0,0,0,1,1,0.0,,0.0,14,0,1,0,0,0,0,0,1,1,0.0,,0.0,14,0,1,0,2,0.0,0,1,0
W040,Б1-4.5,S011,T14,dev,1,0,0,ОГЭ,18,планиметрия-решётка,"длины, площади, средние линии, расстояния, тангенс угла на клетчатой бумаге",1,1.0,1,2,7,9,,0,number,high,20,,,1,0,0,0,,1,0.0,,0.0,,,0,1,1,0,0,0,,1,0.0,,0.0,,,0,1,2,1.0,0,,
W040,Б1-4.6,S011,T14,dev,1,0,0,ОГЭ,18,планиметрия-решётка,"длины, площади, средние линии, расстояния, тангенс угла на клетчатой бумаге",1,1.0,1,2,7,9,,0,number,high,12,,,1,0,0,0,,1,0.0,,0.0,,,0,1,1,0,0,0,,1,0.0,,0.0,,,0,1,2,1.0,0,,
W040,Б1-4.7,S011,T14,dev,1,0,0,ОГЭ,18,планиметрия-решётка,"длины, площади, средние линии, расстояния, тангенс угла на клетчатой бумаге",1,1.0,1,2,7,9,1,1,number,high,30,,,0,0,0,0,1,1,0.0,,0.0,30,0,1,0,0,0,0,0,1,1,0.0,,0.0,30,0,1,0,2,0.0,0,1,0
W040,Б1-4.8,S011,T14,dev,1,0,0,ОГЭ,18,планиметрия-решётка,"длины, площади, средние линии, расстояния, тангенс угла на клетчатой бумаге",1,1.0,1,2,7,9,1,1,number,high,25,,,0,0,0,0,1,1,0.0,,0.0,25,0,1,0,0,0,0,0,1,1,0.0,,0.0,25,0,1,0,2,0.0,0,1,0
W040,Б1-4.9,S011,T14,dev,1,0,0,ОГЭ,18,планиметрия-решётка,"длины, площади, средние линии, расстояния, тангенс угла на клетчатой бумаге",1,1.0,1,2,7,9,1,1,number,high,24,,,0,0,0,0,1,1,0.0,,0.0,24,0,1,0,0,0,0,0,1,1,0.0,,0.0,24,0,1,0,2,0.0,0,1,0
W040,Б1-5.1,S011,T14,dev,0,1,0,ОГЭ,18,планиметрия-решётка,"длины, площади, средние линии, расстояния, тангенс угла на клетчатой бумаге",1,1.0,1,2,7,9,1,1,number,high,15,,,1,1,0,0,0,1,1.0,,0.0,25,0,1,0,0,0,0,0,0,1,0.0,,0.0,25,0,1,1,2,0.5,1,0,0
W040,Б1-5.2,S011,T14,dev,1,0,0,ОГЭ,18,планиметрия-решётка,"длины, площади, средние линии, расстояния, тангенс угла на клетчатой бумаге",1,1.0,1,2,7,9,1,1,number,high,9,,,0,0,0,0,1,1,0.0,,0.0,9,0,1,0,0,0,0,0,1,1,0.0,,0.0,9,0,1,0,2,0.0,0,1,0
W040,Б1-5.3,S011,T14,dev,1,0,0,ОГЭ,18,планиметрия-решётка,"длины, площади, средние линии, расстояния, тангенс угла на клетчатой бумаге",1,1.0,1,2,7,9,1,1,number,high,14,,,0,0,0,0,1,1,0.0,,0.0,14,0,1,0,0,0,0,0,1,1,0.0,,0.0,14,0,1,0,2,0.0,0,1,0
W040,Б1-5.4,S011,T14,dev,1,0,0,ОГЭ,18,планиметрия-решётка,"длины, площади, средние линии, расстояния, тангенс угла на клетчатой бумаге",1,1.0,1,2,7,9,1,1,number,high,20,,,0,0,0,0,1,1,0.0,,0.0,20,0,1,0,0,0,0,0,1,1,0.0,,0.0,20,0,1,0,2,0.0,0,1,0
W040,Б1-5.5,S011,T14,dev,1,0,0,ОГЭ,18,планиметрия-решётка,"длины, площади, средние линии, расстояния, тангенс угла на клетчатой бумаге",1,1.0,1,2,7,9,1,1,number,high,12,,,0,0,0,0,1,1,0.0,,0.0,12,0,1,0,0,0,0,0,1,1,0.0,,0.0,12,0,1,0,2,0.0,0,1,0
W040,Б1-5.6,S011,T14,dev,1,0,0,ОГЭ,18,планиметрия-решётка,"длины, площади, средние линии, расстояния, тангенс угла на клетчатой бумаге",1,1.0,1,2,7,9,1,1,number,high,12,,,0,0,0,0,1,1,0.0,,0.0,12,0,1,0,0,0,0,0,1,1,0.0,,0.0,12,0,1,0,2,0.0,0,1,0
W040,Б1-5.7,S011,T14,dev,1,0,0,ОГЭ,18,планиметрия-решётка,"длины, площади, средние линии, расстояния, тангенс угла на клетчатой бумаге",1,1.0,1,2,7,9,1,1,number,high,10,,,0,0,0,0,1,1,0.0,,0.0,10,0,1,0,0,0,0,0,1,1,0.0,,0.0,10,0,1,0,2,0.0,0,1,0
W040,Б1-5.8,S011,T14,dev,1,0,0,ОГЭ,18,планиметрия-решётка,"длины, площади, средние линии, расстояния, тангенс угла на клетчатой бумаге",1,1.0,1,2,7,9,1,1,number,high,6,,,0,0,0,0,1,1,0.0,,0.0,6,0,1,0,0,0,0,0,1,1,0.0,,0.0,6,0,1,0,2,0.0,0,1,0
W040,Б1-5.9,S011,T14,dev,1,0,0,ОГЭ,18,планиметрия-решётка,"длины, площади, средние линии, расстояния, тангенс угла на клетчатой бумаге",1,1.0,1,2,7,9,1,1,number,high,10,,,0,0,0,0,1,1,0.0,,0.0,10,0,1,0,0,0,0,0,1,1,0.0,,0.0,10,0,1,0,2,0.0,0,1,0
W040,Б1-6.1,S011,T14,dev,1,0,0,ОГЭ,18,планиметрия-решётка,"длины, площади, средние линии, расстояния, тангенс угла на клетчатой бумаге",1,1.0,1,2,7,9,1,1,number,high,20,,,1,1,0,0,0,1,1.0,,0.0,30,0,1,1,1,1,0,0,0,1,1.0,,0.0,30,0,1,1,2,1.0,0,0,0
W040,Б1-6.2,S011,T14,dev,1,0,0,ОГЭ,18,планиметрия-решётка,"длины, площади, средние линии, расстояния, тангенс угла на клетчатой бумаге",1,1.0,1,2,7,9,1,1,number,high,18,,,0,0,0,0,1,1,0.0,,0.0,18,0,1,0,0,0,0,0,1,1,0.0,,0.0,18,0,1,0,2,0.0,0,1,0
W040,Б1-6.3,S011,T14,dev,1,0,0,ОГЭ,18,планиметрия-решётка,"длины, площади, средние линии, расстояния, тангенс угла на клетчатой бумаге",1,1.0,1,2,7,9,1,1,number,high,12,,,0,0,0,0,1,1,0.0,,0.0,12,0,1,0,0,0,0,0,1,1,0.0,,0.0,12,0,1,0,2,0.0,0,1,0
W040,Б1-6.4,S011,T14,dev,1,0,0,ОГЭ,18,планиметрия-решётка,"длины, площади, средние линии, расстояния, тангенс угла на клетчатой бумаге",1,1.0,1,2,7,9,1,1,number,high,28,,,0,0,0,0,1,1,0.0,,0.0,28,0,1,0,0,0,0,0,1,1,0.0,,0.0,28,0,1,0,2,0.0,0,1,0
W040,Б1-6.5,S011,T14,dev,1,0,0,ОГЭ,18,планиметрия-решётка,"длины, площади, средние линии, расстояния, тангенс угла на клетчатой бумаге",1,1.0,1,2,7,9,1,1,number,high,28,,,0,0,0,0,1,1,0.0,,0.0,28,0,1,0,0,0,0,0,1,1,0.0,,0.0,28,0,1,0,2,0.0,0,1,0
W040,Б1-6.6,S011,T14,dev,1,0,0,ОГЭ,18,планиметрия-решётка,"длины, площади, средние линии, расстояния, тангенс угла на клетчатой бумаге",1,1.0,1,2,7,9,1,1,number,high,35,,,0,0,0,0,1,1,0.0,,0.0,35,0,1,0,0,0,0,0,1,1,0.0,,0.0,35,0,1,0,2,0.0,0,1,0
W040,Б1-6.7,S011,T14,dev,1,0,0,ОГЭ,18,планиметрия-решётка,"длины, площади, средние линии, расстояния, тангенс угла на клетчатой бумаге",1,1.0,1,2,7,9,1,1,number,high,36,,,0,0,0,0,1,1,0.0,,0.0,36,0,1,0,0,0,0,0,1,1,0.0,,0.0,36,0,1,0,2,0.0,0,1,0
W040,Б1-6.8,S011,T14,dev,1,0,0,ОГЭ,18,планиметрия-решётка,"длины, площади, средние линии, расстояния, тангенс угла на клетчатой бумаге",1,1.0,1,2,7,9,1,1,number,high,25,,,0,0,0,0,1,1,0.0,,0.0,25,0,1,0,0,0,0,0,1,1,0.0,,0.0,25,0,1,0,2,0.0,0,1,0
W040,Б1-6.9,S011,T14,dev,1,0,0,ОГЭ,18,планиметрия-решётка,"длины, площади, средние линии, расстояния, тангенс угла на клетчатой бумаге",1,1.0,1,2,7,9,1,1,number,high,36,,,0,0,0,0,1,1,0.0,,0.0,36,0,1,0,0,0,0,0,1,1,0.0,,0.0,36,0,1,0,2,0.0,0,1,0
W040,Б1-7.1,S011,T14,dev,1,0,0,ОГЭ,18,планиметрия-решётка,"длины, площади, средние линии, расстояния, тангенс угла на клетчатой бумаге",1,1.0,1,2,7,9,1,1,number,high,30,,,0,0,0,0,1,1,0.0,,0.0,30,0,1,0,0,0,0,0,1,1,0.0,,0.0,30,0,1,0,2,0.0,0,1,0
W040,Б1-7.2,S011,T14,dev,1,0,0,ОГЭ,18,планиметрия-решётка,"длины, площади, средние линии, расстояния, тангенс угла на клетчатой бумаге",1,1.0,1,2,7,9,1,1,number,high,20,,,0,0,0,0,1,1,0.0,,0.0,20,0,1,0,0,0,0,0,1,1,0.0,,0.0,20,0,1,0,2,0.0,0,1,0
W040,Б1-7.3,S011,T14,dev,1,0,0,ОГЭ,18,планиметрия-решётка,"длины, площади, средние линии, расстояния, тангенс угла на клетчатой бумаге",1,1.0,1,2,7,9,1,1,number,high,10,,,0,0,0,0,1,1,0.0,,0.0,10,0,1,0,0,0,0,0,1,1,0.0,,0.0,10,0,1,0,2,0.0,0,1,0
W040,Б1-7.4,S011,T14,dev,1,0,0,ОГЭ,18,планиметрия-решётка,"длины, площади, средние линии, расстояния, тангенс угла на клетчатой бумаге",1,1.0,1,2,7,9,1,1,number,high,18,,,1,1,0,0,0,1,1.0,,0.0,28,0,1,1,1,1,0,0,0,1,1.0,,0.0,28,0,1,1,2,1.0,0,0,0
W040,Б1-7.5,S011,T14,dev,1,0,0,ОГЭ,18,планиметрия-решётка,"длины, площади, средние линии, расстояния, тангенс угла на клетчатой бумаге",1,1.0,1,2,7,9,1,1,number,high,12,,,0,0,0,0,1,1,0.0,,0.0,12,0,1,0,0,0,0,0,1,1,0.0,,0.0,12,0,1,0,2,0.0,0,1,0
W040,Б1-7.6,S011,T14,dev,1,0,0,ОГЭ,18,планиметрия-решётка,"длины, площади, средние линии, расстояния, тангенс угла на клетчатой бумаге",1,1.0,1,2,7,9,1,1,number,high,4,,,0,0,0,0,1,1,0.0,,0.0,4,1,1,0,0,0,0,0,1,1,0.0,,0.0,4,1,1,0,2,0.0,0,1,0
W040,Б1-7.7,S011,T14,dev,1,0,0,ОГЭ,18,планиметрия-решётка,"длины, площади, средние линии, расстояния, тангенс угла на клетчатой бумаге",1,1.0,1,2,7,9,1,1,number,high,16,,,0,0,0,0,1,1,0.0,,0.0,16,0,1,0,0,0,0,0,1,1,0.0,,0.0,16,0,1,0,2,0.0,0,1,0
W040,Б1-7.8,S011,T14,dev,1,0,0,ОГЭ,18,планиметрия-решётка,"длины, площади, средние линии, расстояния, тангенс угла на клетчатой бумаге",1,1.0,1,2,7,9,1,1,number,high,24,,,0,0,0,0,1,1,0.0,,0.0,24,0,1,0,0,0,0,0,1,1,0.0,,0.0,24,0,1,0,2,0.0,0,1,0
W040,Б1-7.9,S011,T14,dev,1,0,0,ОГЭ,18,планиметрия-решётка,"длины, площади, средние линии, расстояния, тангенс угла на клетчатой бумаге",1,1.0,1,2,7,9,1,1,number,high,8,,,0,0,0,0,1,1,0.0,,0.0,8,0,1,0,0,0,0,0,1,1,0.0,,0.0,8,0,1,0,2,0.0,0,1,0
W040,Б1-8.1,S011,T14,dev,1,0,0,ОГЭ,18,планиметрия-решётка,"длины, площади, средние линии, расстояния, тангенс угла на клетчатой бумаге",1,1.0,1,2,7,9,1,1,number,high,5,,,0,0,0,0,1,1,0.0,,0.0,5,0,1,0,0,0,0,0,1,1,0.0,,0.0,5,0,1,0,2,0.0,0,1,0
W040,Б1-8.2,S011,T14,dev,1,0,0,ОГЭ,18,планиметрия-решётка,"длины, площади, средние линии, расстояния, тангенс угла на клетчатой бумаге",1,1.0,1,2,7,9,1,1,number,high,10,,,0,0,0,0,1,1,0.0,,0.0,10,0,1,0,0,0,0,0,1,1,0.0,,0.0,10,0,1,0,2,0.0,0,1,0
W040,Б1-8.3,S011,T14,dev,1,0,0,ОГЭ,18,планиметрия-решётка,"длины, площади, средние линии, расстояния, тангенс угла на клетчатой бумаге",1,1.0,1,2,7,9,1,1,number,high,13,,,0,0,0,0,1,1,0.0,,0.0,13,0,1,0,0,0,0,0,1,1,0.0,,0.0,13,0,1,0,2,0.0,0,1,0
W040,Б1-8.4,S011,T14,dev,1,0,0,ОГЭ,18,планиметрия-решётка,"длины, площади, средние линии, расстояния, тангенс угла на клетчатой бумаге",1,1.0,1,2,7,9,1,1,number,high,5,,,0,0,0,0,1,1,0.0,,0.0,5,0,1,0,0,0,0,0,1,1,0.0,,0.0,5,0,1,0,2,0.0,0,1,0
W040,Б1-8.5,S011,T14,dev,1,0,0,ОГЭ,18,планиметрия-решётка,"длины, площади, средние линии, расстояния, тангенс угла на клетчатой бумаге",1,1.0,1,2,7,9,1,1,number,high,10,,,0,0,0,0,1,1,0.0,,0.0,10,0,1,0,0,0,0,0,1,1,0.0,,0.0,10,0,1,0,2,0.0,0,1,0
W040,Б1-8.6,S011,T14,dev,1,0,0,ОГЭ,18,планиметрия-решётка,"длины, площади, средние линии, расстояния, тангенс угла на клетчатой бумаге",1,1.0,1,2,7,9,1,1,number,high,13,,,0,0,0,0,1,1,0.0,,0.0,13,0,1,0,0,0,0,0,1,1,0.0,,0.0,13,0,1,0,2,0.0,0,1,0
W040,Б1-9.1,S011,T14,dev,0,1,0,ОГЭ,18,планиметрия-решётка,"длины, площади, средние линии, расстояния, тангенс угла на клетчатой бумаге",1,1.0,1,2,7,9,1,1,number,high,2,,,1,1,0,0,0,1,1.0,,0.0,"2,5",,1,0,1,1,0,0,0,1,1.0,,0.0,"2,5",,1,0,2,1.0,0,0,0
W040,Б1-9.2,S011,T14,dev,0,1,0,ОГЭ,18,планиметрия-решётка,"длины, площади, средние линии, расстояния, тангенс угла на клетчатой бумаге",1,1.0,1,2,7,9,1,1,number,high,4,,,1,1,0,0,0,1,1.0,,0.0,"5,5",1,1,0,1,1,0,0,0,1,1.0,,0.0,"5,5",1,1,0,2,1.0,0,0,0
W040,Б1-9.3,S011,T14,dev,0,1,0,ОГЭ,18,планиметрия-решётка,"длины, площади, средние линии, расстояния, тангенс угла на клетчатой бумаге",1,1.0,1,2,7,9,1,1,number,high,3,,,1,1,0,0,0,1,1.0,,0.0,"3,5",1,1,0,1,1,0,0,0,1,1.0,,0.0,"3,5",1,1,0,2,1.0,0,0,0
W040,Б1-9.4,S011,T14,dev,0,1,0,ОГЭ,18,планиметрия-решётка,"длины, площади, средние линии, расстояния, тангенс угла на клетчатой бумаге",1,1.0,1,2,7,9,1,1,number,high,2,,,1,1,0,0,0,1,1.0,,0.0,"2,5",,1,0,1,1,0,0,0,1,1.0,,0.0,"2,5",,1,0,2,1.0,0,0,0
W040,Б1-9.5,S011,T14,dev,0,1,0,ОГЭ,18,планиметрия-решётка,"длины, площади, средние линии, расстояния, тангенс угла на клетчатой бумаге",1,1.0,1,2,7,9,1,1,number,high,5,,,1,1,0,0,0,1,1.0,,0.0,"7,5",1,1,0,1,1,0,0,0,1,1.0,,0.0,"7,5",1,1,0,2,1.0,0,0,0
W040,Б1-9.6,S011,T14,dev,0,1,0,ОГЭ,18,планиметрия-решётка,"длины, площади, средние линии, расстояния, тангенс угла на клетчатой бумаге",1,1.0,1,2,7,9,1,1,number,high,2,,,1,1,0,0,0,1,1.0,,0.0,"2,5",,1,0,1,1,0,0,0,1,1.0,,0.0,"2,5",,1,0,2,1.0,0,0,0
W040,Б2-1.1,S011,T14,dev,1,0,0,ОГЭ,18,планиметрия-решётка,"длины, площади, средние линии, расстояния, тангенс угла на клетчатой бумаге",1,1.0,1,2,7,9,6,1,number,high,4,,,0,0,0,0,1,1,0.0,,0.0,4,1,0,0,0,0,0,0,1,1,0.0,,0.0,4,1,0,0,2,0.0,0,1,0
W040,Б2-1.2,S011,T14,dev,1,0,0,ОГЭ,18,планиметрия-решётка,"длины, площади, средние линии, расстояния, тангенс угла на клетчатой бумаге",1,1.0,1,2,7,9,6,1,number,high,7,,,1,0,0,0,,1,0.0,,0.0,,1,0,1,1,0,0,0,,1,0.0,,0.0,,1,0,1,2,1.0,0,,
W040,Б2-1.3,S011,T14,dev,1,0,0,ОГЭ,18,планиметрия-решётка,"длины, площади, средние линии, расстояния, тангенс угла на клетчатой бумаге",1,1.0,1,2,7,9,6,1,number,high,3,,,0,0,0,0,1,1,0.0,,0.0,3,1,0,0,0,0,0,0,1,1,0.0,,0.0,3,1,0,0,2,0.0,0,1,0
W040,Б2-1.4,S011,T14,dev,1,0,0,ОГЭ,18,планиметрия-решётка,"длины, площади, средние линии, расстояния, тангенс угла на клетчатой бумаге",1,1.0,1,2,7,9,6,1,number,high,5,,,0,0,0,0,1,1,0.0,,0.0,5,1,0,0,0,0,0,0,1,1,0.0,,0.0,5,1,0,0,2,0.0,0,1,0
W040,Б2-1.5,S011,T14,dev,1,0,0,ОГЭ,18,планиметрия-решётка,"длины, площади, средние линии, расстояния, тангенс угла на клетчатой бумаге",1,1.0,1,2,7,9,6,1,number,high,2,,,0,0,0,0,1,1,0.0,,0.0,2,,0,0,0,0,0,0,1,1,0.0,,0.0,2,,0,0,2,0.0,0,1,0
W040,Б2-1.6,S011,T14,dev,1,0,0,ОГЭ,18,планиметрия-решётка,"длины, площади, средние линии, расстояния, тангенс угла на клетчатой бумаге",1,1.0,1,2,7,9,6,1,number,low,1,,,1,1,0,0,0,1,1.0,,0.0,7,,0,1,1,1,0,0,0,1,1.0,,0.0,7,,0,1,2,1.0,0,0,0
W040,Б2-2.1,S011,T14,dev,1,0,0,ОГЭ,18,планиметрия-решётка,"длины, площади, средние линии, расстояния, тангенс угла на клетчатой бумаге",1,1.0,1,2,7,9,6,1,number,high,2,,,0,0,0,0,1,1,0.0,,0.0,2,,1,0,0,0,0,0,1,1,0.0,,0.0,2,,1,0,2,0.0,0,1,0
W040,Б2-2.2,S011,T14,dev,1,0,0,ОГЭ,18,планиметрия-решётка,"длины, площади, средние линии, расстояния, тангенс угла на клетчатой бумаге",1,1.0,1,2,7,9,6,1,number,high,7,,,0,0,0,0,1,1,0.0,,0.0,7,1,1,0,0,0,0,0,1,1,0.0,,0.0,7,1,1,0,2,0.0,0,1,0
W040,Б2-2.3,S011,T14,dev,1,0,0,ОГЭ,18,планиметрия-решётка,"длины, площади, средние линии, расстояния, тангенс угла на клетчатой бумаге",1,1.0,1,2,7,9,6,1,number,high,7,,,0,0,0,0,1,1,0.0,,0.0,7,1,1,0,0,0,0,0,1,1,0.0,,0.0,7,1,1,0,2,0.0,0,1,0
W040,Б2-2.4,S011,T14,dev,1,0,0,ОГЭ,18,планиметрия-решётка,"длины, площади, средние линии, расстояния, тангенс угла на клетчатой бумаге",1,1.0,1,2,7,9,6,1,number,high,4,,,0,0,0,0,1,1,0.0,,0.0,4,1,1,0,0,0,0,0,1,1,0.0,,0.0,4,1,1,0,2,0.0,0,1,0
W040,Б2-2.5,S011,T14,dev,1,0,0,ОГЭ,18,планиметрия-решётка,"длины, площади, средние линии, расстояния, тангенс угла на клетчатой бумаге",1,1.0,1,2,7,9,6,1,number,high,4,,,0,0,0,0,1,1,0.0,,0.0,4,1,1,0,0,0,0,0,1,1,0.0,,0.0,4,1,1,0,2,0.0,0,1,0
W040,Б2-2.6,S011,T14,dev,1,0,0,ОГЭ,18,планиметрия-решётка,"длины, площади, средние линии, расстояния, тангенс угла на клетчатой бумаге",1,1.0,1,2,7,9,6,1,number,high,2,,,0,0,0,0,1,1,0.0,,0.0,2,,1,0,0,0,0,0,1,1,0.0,,0.0,2,,1,0,2,0.0,0,1,0
W040,Б2-4.1,S011,T14,dev,1,0,0,ОГЭ,18,планиметрия-решётка,"длины, площади, средние линии, расстояния, тангенс угла на клетчатой бумаге",1,1.0,1,2,7,9,6,1,number,high,14,,,0,0,0,0,1,1,0.0,,0.0,14,0,1,0,0,0,0,0,1,1,0.0,,0.0,14,0,1,0,2,0.0,0,1,0
W040,Б2-4.2,S011,T14,dev,1,0,0,ОГЭ,18,планиметрия-решётка,"длины, площади, средние линии, расстояния, тангенс угла на клетчатой бумаге",1,1.0,1,2,7,9,6,1,number,high,15,,,0,0,0,0,1,1,0.0,,0.0,15,1,1,0,0,0,0,0,1,1,0.0,,0.0,15,1,1,0,2,0.0,0,1,0
W040,Б2-4.3,S011,T14,dev,1,0,0,ОГЭ,18,планиметрия-решётка,"длины, площади, средние линии, расстояния, тангенс угла на клетчатой бумаге",1,1.0,1,2,7,9,6,1,number,high,18,,,0,0,0,0,1,1,0.0,,0.0,18,0,1,0,0,0,0,0,1,1,0.0,,0.0,18,0,1,0,2,0.0,0,1,0
W040,Б2-4.4,S011,T14,dev,1,0,0,ОГЭ,18,планиметрия-решётка,"длины, площади, средние линии, расстояния, тангенс угла на клетчатой бумаге",1,1.0,1,2,7,9,6,1,number,high,13,,,0,0,0,0,1,1,0.0,,0.0,13,0,1,0,0,0,0,0,1,1,0.0,,0.0,13,0,1,0,2,0.0,0,1,0
W040,Б2-4.5,S011,T14,dev,1,0,0,ОГЭ,18,планиметрия-решётка,"длины, площади, средние линии, расстояния, тангенс угла на клетчатой бумаге",1,1.0,1,2,7,9,6,1,number,low,19,,,1,1,0,0,0,1,1.0,,0.0,11,0,1,1,1,1,0,0,0,1,1.0,,0.0,11,0,1,1,2,1.0,0,0,0
W040,Б2-4.6,S011,T14,dev,0,1,1,ОГЭ,18,планиметрия-решётка,"длины, площади, средние линии, расстояния, тангенс угла на клетчатой бумаге",1,1.0,1,2,7,9,6,1,number,high,16,,,1,1,0,0,0,1,1.0,,0.0,15,0,1,0,1,1,0,0,0,1,1.0,,0.0,15,0,1,0,2,1.0,0,0,0
W040,Б2-4.7,S011,T14,dev,1,0,0,ОГЭ,18,планиметрия-решётка,"длины, площади, средние линии, расстояния, тангенс угла на клетчатой бумаге",1,1.0,1,2,7,9,6,1,number,low,11,,,1,1,0,0,0,1,1.0,,0.0,4,0,1,1,1,1,0,0,0,1,1.0,,0.0,4,0,1,1,2,1.0,0,0,0
W040,Б2-4.8,S011,T14,dev,1,0,0,ОГЭ,18,планиметрия-решётка,"длины, площади, средние линии, расстояния, тангенс угла на клетчатой бумаге",1,1.0,1,2,7,9,6,1,number,low,9,,,1,1,0,0,0,1,1.0,,0.0,8,1,1,1,1,1,0,0,0,1,1.0,,0.0,8,1,1,1,2,1.0,0,0,0
W040,Б2-4.9,S011,T14,dev,1,0,0,ОГЭ,18,планиметрия-решётка,"длины, площади, средние линии, расстояния, тангенс угла на клетчатой бумаге",1,1.0,1,2,7,9,6,1,number,high,11,,,0,0,0,0,1,1,0.0,,0.0,11,0,1,0,0,0,0,0,1,1,0.0,,0.0,11,0,1,0,2,0.0,0,1,0
W040,Б2-5.1,S011,T14,dev,0,1,0,ОГЭ,18,планиметрия-решётка,"длины, площади, средние линии, расстояния, тангенс угла на клетчатой бумаге",1,1.0,1,2,7,9,6,1,number,high,23,,,1,1,0,0,0,1,1.0,,0.0,26,0,1,0,1,1,0,0,0,1,1.0,,0.0,26,0,1,0,2,1.0,0,0,0
W040,Б2-5.2,S011,T14,dev,1,0,0,ОГЭ,18,планиметрия-решётка,"длины, площади, средние линии, расстояния, тангенс угла на клетчатой бумаге",1,1.0,1,2,7,9,6,1,number,high,17,,,1,1,0,0,0,1,1.0,,0.0,7,0,1,1,1,1,0,0,0,1,1.0,,0.0,7,0,1,1,2,1.0,0,0,0
W040,Б2-5.3,S011,T14,dev,1,0,0,ОГЭ,18,планиметрия-решётка,"длины, площади, средние линии, расстояния, тангенс угла на клетчатой бумаге",1,1.0,1,2,7,9,6,1,number,low,"32,5",,,1,1,0,0,0,1,1.0,,0.0,"37,5",0,1,1,1,1,0,0,0,1,1.0,,0.0,"37,5",0,1,1,2,1.0,0,0,0
W040,Б2-5.4,S011,T14,dev,1,0,0,ОГЭ,18,планиметрия-решётка,"длины, площади, средние линии, расстояния, тангенс угла на клетчатой бумаге",1,1.0,1,2,7,9,6,1,number,high,28,,,0,0,0,0,1,1,0.0,,0.0,28,0,1,0,0,0,0,0,1,1,0.0,,0.0,28,0,1,0,2,0.0,0,1,0
W040,Б2-5.5,S011,T14,dev,1,0,0,ОГЭ,18,планиметрия-решётка,"длины, площади, средние линии, расстояния, тангенс угла на клетчатой бумаге",1,1.0,1,2,7,9,6,1,number,high,12,,,0,0,0,0,1,1,0.0,,0.0,12,0,1,0,0,0,0,0,1,1,0.0,,0.0,12,0,1,0,2,0.0,0,1,0
W040,Б2-5.6,S011,T14,dev,0,1,0,ОГЭ,18,планиметрия-решётка,"длины, площади, средние линии, расстояния, тангенс угла на клетчатой бумаге",1,1.0,1,2,7,9,6,1,number,high,25,,,1,1,0,0,0,1,1.0,,0.0,30,0,1,0,1,1,0,0,0,1,1.0,,0.0,30,0,1,0,2,1.0,0,0,0
W040,Б2-5.7,S011,T14,dev,1,0,0,ОГЭ,18,планиметрия-решётка,"длины, площади, средние линии, расстояния, тангенс угла на клетчатой бумаге",1,1.0,1,2,7,9,6,1,number,high,"28,5",,,0,0,0,0,1,1,0.0,,0.0,"28,5",0,1,0,0,0,0,0,1,1,0.0,,0.0,"28,5",0,1,0,2,0.0,0,1,0
W040,Б2-5.8,S011,T14,dev,1,0,0,ОГЭ,18,планиметрия-решётка,"длины, площади, средние линии, расстояния, тангенс угла на клетчатой бумаге",1,1.0,1,2,7,9,6,1,number,high,"18,5",,,0,0,0,0,1,1,0.0,,0.0,"18,5",0,1,0,0,0,0,0,1,1,0.0,,0.0,"18,5",0,1,0,2,0.0,0,1,0
W040,Б2-5.9,S011,T14,dev,0,1,0,ОГЭ,18,планиметрия-решётка,"длины, площади, средние линии, расстояния, тангенс угла на клетчатой бумаге",1,1.0,1,2,7,9,6,1,number,high,26,,,1,1,0,0,0,1,1.0,,0.0,12,0,1,0,1,1,0,0,0,1,1.0,,0.0,12,0,1,0,2,1.0,0,0,0
W041,7.5,S009,T18,dev,0,1,0,ОГЭ,20,алгебра-уравнения,"уравнения x⁴=(ax+b)², разность квадратов",0,1.8333333333333333,1,6,4,22,1,1,set,high,-3; 2,16,4,1,1,0,0,0,1,1.0,,0.0,-3; 4,,0,0,1,1,0,0,0,1,1.0,,0.0,-3; 4,,0,0,2,1.0,0,0,0
W041,7.6,S009,T18,dev,1,0,0,ОГЭ,20,алгебра-уравнения,"уравнения x⁴=(ax+b)², разность квадратов",0,1.8333333333333333,1,6,4,22,0,1,set,high,-4; 1,16,4,0,0,0,0,1,1,0.0,,0.0,"-4, 1",,0,0,0,0,0,0,1,1,0.0,,0.0,"-4, 1",,0,0,2,0.0,0,1,0
W041,7.7,S009,T18,dev,1,0,0,ОГЭ,20,алгебра-уравнения,"уравнения x⁴=(ax+b)², разность квадратов",0,1.8333333333333333,1,6,4,22,0,1,set,high,-4; 2,16,4,0,0,0,0,1,1,0.0,,0.0,"-4, 2",,0,0,0,0,0,0,1,1,0.0,,0.0,"-4, 2",,0,0,2,0.0,0,1,0
W041,8.12,S009,T18,dev,0,1,0,ОГЭ,20,системы,системы второй степени (подстановка/сложение),0,1.8333333333333333,1,6,4,22,2,1,pair,high,(-1; 7); (1; 7),16,2,1,1,0,0,0,1,1.0,,0.0,"(\sqrt{2,5}; -0,5) (-\sqrt{2,5}; -0,5)",,0,0,1,1,0,0,0,1,1.0,,0.0,"(\sqrt{2,5}; -0,5) (-\sqrt{2,5}; -0,5)",,0,0,2,1.0,0,0,0
W041,8.4,S009,T18,dev,0,1,0,ОГЭ,20,системы,системы второй степени (подстановка/сложение),0,1.8333333333333333,1,6,4,22,0,1,pair,high,"(1; -6); (2,2; 0)",16,4,1,1,0,0,0,1,1.0,,0.0,"(-2,2; -22) (-1; -16)",,0,0,1,1,0,0,0,1,1.0,,0.0,"(-2,2; -22) (-1; -16)",,0,0,2,1.0,0,0,0
W041,8.8,S009,T18,dev,1,0,0,ОГЭ,20,системы,системы второй степени (подстановка/сложение),0,1.8333333333333333,1,6,4,22,0,1,pair,high,"(1,25; 0); (2; 6)",16,4,0,0,0,0,1,1,0.0,,0.0,"(1,25; 0) (2; 6)",,0,0,0,0,0,0,1,1,0.0,,0.0,"(1,25; 0) (2; 6)",,0,0,2,0.0,0,1,0
W041,9.12,S009,T18,dev,0,1,0,ОГЭ,20,системы,"системы второй степени (однородные, распадающиеся)",0,1.8333333333333333,1,6,4,22,1,1,pair,high,(3; 7),16,0,1,3,0,0,0,1,1.0,,0.0,(4; 21); (7; 27),,0,0,1,3,0,0,0,1,1.0,,0.0,(4; 21); (7; 27),,0,0,2,1.0,0,0,0
W041,9.4,S009,T18,dev,1,0,0,ОГЭ,20,системы,"системы второй степени (однородные, распадающиеся)",0,1.8333333333333333,1,6,4,22,2,1,pair,high,(3; -4); (3; 4),16,2,0,0,0,0,1,1,0.0,,0.0,"(3; 4), (3; -4)",,0,0,0,0,0,0,1,1,0.0,,0.0,"(3; 4), (3; -4)",,0,0,2,0.0,0,1,0
W041,9.8,S009,T18,dev,1,0,0,ОГЭ,20,системы,"системы второй степени (однородные, распадающиеся)",0,1.8333333333333333,1,6,4,22,1,1,pair,high,(3; -3); (3; 3),16,0,0,0,0,0,1,1,0.0,,0.0,(3; 3) (3; -3),,0,0,0,0,0,0,1,1,0.0,,0.0,(3; 3) (3; -3),,0,0,2,0.0,0,1,0
W042,8.12,S010,T18,dev,1,0,0,ОГЭ,20,системы,системы второй степени (подстановка/сложение),0,1.6,1,5,6,9,0,1,pair,high,(-1; 7); (1; 7),,,0,0,0,0,1,1,0.0,,0.0,(1; 7); (-1; 7),,0,0,0,0,0,0,1,1,0.0,,0.0,(1; 7); (-1; 7),,0,0,2,0.0,0,1,0
W042,8.4,S010,T18,dev,0,1,0,ОГЭ,20,системы,системы второй степени (подстановка/сложение),0,1.6,1,5,6,9,0,1,pair,high,"(1; -6); (2,2; 0)",,,1,1,0,0,0,1,1.0,,0.0,"(2; -1); (4,4; 11)",,1,0,1,1,0,0,0,1,1.0,,0.0,"(2; -1); (4,4; 11)",,1,0,2,1.0,0,0,0
W042,8.8,S010,T18,dev,1,0,0,ОГЭ,20,системы,системы второй степени (подстановка/сложение),0,1.6,1,5,6,9,0,1,pair,high,"(1,25; 0); (2; 6)",,,0,0,0,0,1,1,0.0,,0.0,"(2; 6); (1,25; 0)",,0,0,0,0,0,0,1,1,0.0,,0.0,"(2; 6); (1,25; 0)",,0,0,2,0.0,0,1,0
W042,9.4,S010,T18,dev,0,1,0,ОГЭ,20,системы,"системы второй степени (однородные, распадающиеся)",0,1.6,1,5,6,9,1,1,pair,high,(3; -4); (3; 4),,,1,1,0,0,0,1,1.0,,0.0,(3; 4),,0,0,1,1,0,0,0,1,1.0,,0.0,(3; 4),,0,0,2,1.0,0,0,0
W043,1,S009,T1,dev,1,0,0,ЕГЭ проф,1,планиметрия-треугольники,"углы треугольника: биссектриса, медиана, высота",0,1.375,1,8,10,22,5,1,number,high,106,,,0,0,0,0,1,1,0.0,,0.0,106,1,1,0,0,0,0,0,1,1,0.0,,0.0,106,1,1,0,2,0.0,0,1,0
W043,10,S009,T1,dev,1,0,0,ЕГЭ проф,1,планиметрия-треугольники,"углы треугольника: биссектриса, медиана, высота",0,1.375,1,8,10,22,0,1,number,high,26,,,0,0,0,0,1,1,0.0,,0.0,26,0,0,0,0,0,0,0,1,1,0.0,,0.0,26,0,0,0,2,0.0,0,1,0
W043,12,S009,T1,dev,1,0,0,ЕГЭ проф,1,планиметрия-треугольники,"углы треугольника: биссектриса, медиана, высота",0,1.375,1,8,10,22,1,1,number,high,38,,,0,0,0,0,1,1,0.0,,0.0,38,1,1,0,0,0,0,0,1,1,0.0,,0.0,38,1,1,0,2,0.0,0,1,0
W043,13,S009,T1,dev,1,0,0,ЕГЭ проф,1,планиметрия-треугольники,"углы треугольника: биссектриса, медиана, высота",0,1.375,1,8,10,22,1,1,number,high,55,,,0,0,0,0,1,1,0.0,,0.0,55,1,1,0,0,0,0,0,1,1,0.0,,0.0,55,1,1,0,2,0.0,0,1,0
W043,14,S009,T1,dev,1,0,0,ЕГЭ проф,1,планиметрия-треугольники,"углы треугольника: биссектриса, медиана, высота",0,1.375,1,8,10,22,1,1,number,high,73,,,0,0,0,0,1,1,0.0,,0.0,73,1,1,0,0,0,0,0,1,1,0.0,,0.0,73,1,1,0,2,0.0,0,1,0
W043,16,S009,T1,dev,1,0,0,ЕГЭ проф,1,планиметрия-треугольники,"углы треугольника: биссектриса, медиана, высота",0,1.375,1,8,10,22,0,1,number,high,59,,,0,0,0,0,1,1,0.0,,0.0,59,1,1,0,0,0,0,0,1,1,0.0,,0.0,59,1,1,0,2,0.0,0,1,0
W043,17,S009,T1,dev,1,0,0,ЕГЭ проф,1,планиметрия-треугольники,"углы треугольника: биссектриса, медиана, высота",0,1.375,1,8,10,22,0,1,number,high,24,,,0,0,0,0,1,1,0.0,,0.0,24,1,1,0,0,0,0,0,1,1,0.0,,0.0,24,1,1,0,2,0.0,0,1,0
W043,18,S009,T1,dev,1,0,0,ЕГЭ проф,1,планиметрия-треугольники,"углы треугольника: биссектриса, медиана, высота",0,1.375,1,8,10,22,0,1,number,high,28,,,0,0,0,0,1,1,0.0,,0.0,28,1,1,0,0,0,0,0,1,1,0.0,,0.0,28,1,1,0,2,0.0,0,1,0
W043,19,S009,T1,dev,1,0,0,ЕГЭ проф,1,планиметрия-треугольники,"углы треугольника: биссектриса, медиана, высота",0,1.375,1,8,10,22,0,1,number,high,29,,,0,0,0,0,1,1,0.0,,0.0,29,1,1,0,0,0,0,0,1,1,0.0,,0.0,29,1,1,0,2,0.0,0,1,0
W043,2,S009,T1,dev,1,0,0,ЕГЭ проф,1,планиметрия-треугольники,"углы треугольника: биссектриса, медиана, высота",0,1.375,1,8,10,22,5,1,number,high,98,,,0,0,0,0,1,1,0.0,,0.0,98,1,0,0,0,0,0,0,1,1,0.0,,0.0,98,1,0,0,2,0.0,0,1,0
W043,21,S009,T1,dev,0,1,0,ЕГЭ проф,1,планиметрия-треугольники,"углы треугольника: биссектриса, медиана, высота",0,1.375,1,8,10,22,2,1,number,high,31,,,1,1,0,0,0,1,1.0,,0.0,5,0,1,0,1,1,0,0,0,1,1.0,,0.0,5,0,1,0,2,1.0,0,0,0
W043,22,S009,T1,dev,0,1,0,ЕГЭ проф,1,планиметрия-треугольники,"углы треугольника: биссектриса, медиана, высота",0,1.375,1,8,10,22,2,1,number,high,11,,,1,1,0,0,0,1,1.0,,0.0,45,1,1,0,1,1,0,0,0,1,1.0,,0.0,45,1,1,0,2,1.0,0,0,0
W043,23,S009,T1,dev,0,1,0,ЕГЭ проф,1,планиметрия-треугольники,"углы треугольника: биссектриса, медиана, высота",0,1.375,1,8,10,22,2,1,number,high,36,,,1,1,0,0,0,1,1.0,,0.0,46,0,1,0,1,1,0,0,0,1,1.0,,0.0,46,0,1,0,2,1.0,0,0,0
W043,24,S009,T1,dev,0,1,0,ЕГЭ проф,1,планиметрия-треугольники,"углы треугольника: биссектриса, медиана, высота",0,1.375,1,8,10,22,1,1,number,high,22,,,1,1,0,0,0,1,1.0,,0.0,20,0,0,0,1,1,0,0,0,1,1.0,,0.0,20,0,0,0,2,1.0,0,0,0
W043,25,S009,T1,dev,1,0,0,ЕГЭ проф,1,планиметрия-треугольники,"углы треугольника: биссектриса, медиана, высота",0,1.375,1,8,10,22,1,1,number,high,33,,,0,0,0,0,1,1,0.0,,0.0,33,1,0,0,0,0,0,0,1,1,0.0,,0.0,33,1,0,0,2,0.0,0,1,0
W043,26,S009,T1,dev,1,0,0,ЕГЭ проф,1,планиметрия-треугольники,"углы треугольника: биссектриса, медиана, высота",0,1.375,1,8,10,22,1,1,number,high,26,,,0,0,0,0,1,1,0.0,,0.0,26,1,0,0,0,0,0,0,1,1,0.0,,0.0,26,1,0,0,2,0.0,0,1,0
W043,28,S009,T1,dev,1,0,0,ЕГЭ проф,1,планиметрия-треугольники,"углы треугольника: биссектриса, медиана, высота",0,1.375,1,8,10,22,1,1,number,high,27,,,0,0,0,0,1,1,0.0,,0.0,27,1,0,0,0,0,0,0,1,1,0.0,,0.0,27,1,0,0,2,0.0,0,1,0
W043,29,S009,T1,dev,1,0,0,ЕГЭ проф,1,планиметрия-треугольники,"углы треугольника: биссектриса, медиана, высота",0,1.375,1,8,10,22,0,1,number,high,78,,,0,0,0,0,1,1,0.0,,0.0,78,1,1,0,0,0,0,0,1,1,0.0,,0.0,78,1,1,0,2,0.0,0,1,0
W043,30,S009,T1,dev,0,1,0,ЕГЭ проф,1,планиметрия-треугольники,"углы треугольника: биссектриса, медиана, высота",0,1.375,1,8,10,22,0,1,number,high,16,,,1,1,0,0,0,1,1.0,,0.0,18,0,1,0,1,1,0,0,0,1,1.0,,0.0,18,0,1,0,2,1.0,0,0,0
W043,31,S009,T1,dev,0,1,0,ЕГЭ проф,1,планиметрия-треугольники,"углы треугольника: биссектриса, медиана, высота",0,1.375,1,8,10,22,0,1,number,high,34,,,1,1,0,0,0,1,1.0,,0.0,44,0,1,0,1,1,0,0,0,1,1.0,,0.0,44,0,1,0,2,1.0,0,0,0
W043,4,S009,T1,dev,0,1,0,ЕГЭ проф,1,планиметрия-треугольники,"углы треугольника: биссектриса, медиана, высота",0,1.375,1,8,10,22,0,1,number,high,94,,,1,1,0,0,0,1,1.0,,0.0,104,0,0,0,1,1,0,0,0,1,1.0,,0.0,104,0,0,0,2,1.0,0,0,0
W043,6,S009,T1,dev,1,0,0,ЕГЭ проф,1,планиметрия-треугольники,"углы треугольника: биссектриса, медиана, высота",0,1.375,1,8,10,22,0,1,number,high,33,,,0,0,0,0,1,1,0.0,,0.0,33,1,0,0,0,0,0,0,1,1,0.0,,0.0,33,1,0,0,2,0.0,0,1,0
W043,8,S009,T1,dev,1,0,0,ЕГЭ проф,1,планиметрия-треугольники,"углы треугольника: биссектриса, медиана, высота",0,1.375,1,8,10,22,0,1,number,high,32,,,0,0,0,0,1,1,0.0,,0.0,32,1,0,0,0,0,0,0,1,1,0.0,,0.0,32,1,0,0,2,0.0,0,1,0
W043,9,S009,T1,dev,1,0,0,ЕГЭ проф,1,планиметрия-треугольники,"углы треугольника: биссектриса, медиана, высота",0,1.375,1,8,10,22,0,1,number,high,34,,,0,0,0,0,1,1,0.0,,0.0,34,1,0,0,0,0,0,0,1,1,0.0,,0.0,34,1,0,0,2,0.0,0,1,0
W044,15-Б1-1,S009,T26,dev,1,0,0,ОГЭ,15,планиметрия-треугольники,"углы, площади, Пифагор, тригонометрия, подобие в треугольнике",1,1.5384615384615385,1,13,15,34,0,1,number,high,37,,,0,0,0,0,1,1,0.0,,0.0,37,1,1,0,0,0,0,0,1,1,0.0,,0.0,37,1,1,0,2,0.0,0,1,0
W044,15-Б1-10,S009,T26,dev,1,0,0,ОГЭ,15,планиметрия-треугольники,"углы, площади, Пифагор, тригонометрия, подобие в треугольнике",1,1.5384615384615385,1,13,15,34,0,1,number,high,231,,,1,1,0,0,0,1,1.0,,0.0,3231,0,1,1,0,0,0,0,0,1,0.0,,0.0,3231,0,1,0,2,0.5,1,0,0
W044,15-Б1-11,S009,T26,dev,1,0,0,ОГЭ,15,планиметрия-треугольники,"углы, площади, Пифагор, тригонометрия, подобие в треугольнике",1,1.5384615384615385,1,13,15,34,0,1,number,high,20,,,0,0,0,0,1,1,0.0,,0.0,20,1,0,0,0,0,0,0,1,1,0.0,,0.0,20,1,0,0,2,0.0,0,1,0
W044,15-Б1-12,S009,T26,dev,1,0,0,ОГЭ,15,планиметрия-треугольники,"углы, площади, Пифагор, тригонометрия, подобие в треугольнике",1,1.5384615384615385,1,13,15,34,0,1,number,high,26,,,0,0,0,0,1,1,0.0,,0.0,26,1,0,0,0,0,0,0,1,1,0.0,,0.0,26,1,0,0,2,0.0,0,1,0
W044,15-Б1-13,S009,T26,dev,1,0,0,ОГЭ,15,планиметрия-треугольники,"углы, площади, Пифагор, тригонометрия, подобие в треугольнике",1,1.5384615384615385,1,13,15,34,0,1,number,high,21,,,0,0,0,0,1,1,0.0,,0.0,21,1,0,0,0,0,0,0,1,1,0.0,,0.0,21,1,0,0,2,0.0,0,1,0
W044,15-Б1-16,S009,T26,dev,1,0,0,ОГЭ,15,планиметрия-треугольники,"углы, площади, Пифагор, тригонометрия, подобие в треугольнике",1,1.5384615384615385,1,13,15,34,0,1,number,high,"20,5",,,0,0,0,0,1,1,0.0,,0.0,"20,5",1,0,0,0,0,0,0,1,1,0.0,,0.0,"20,5",1,0,0,2,0.0,0,1,0
W044,15-Б1-17,S009,T26,dev,0,1,0,ОГЭ,15,планиметрия-треугольники,"углы, площади, Пифагор, тригонометрия, подобие в треугольнике",1,1.5384615384615385,1,13,15,34,0,1,number,high,"0,6",,,1,1,0,0,0,1,1.0,,0.0,"0,9",0,0,0,1,1,0,0,0,1,1.0,,0.0,"0,9",0,0,0,2,1.0,0,0,0
W044,15-Б1-18,S009,T26,dev,1,0,0,ОГЭ,15,планиметрия-треугольники,"углы, площади, Пифагор, тригонометрия, подобие в треугольнике",1,1.5384615384615385,1,13,15,34,0,1,number,high,"0,85",,,0,0,0,0,1,1,0.0,,0.0,"0,85",1,0,0,0,0,0,0,1,1,0.0,,0.0,"0,85",1,0,0,2,0.0,0,1,0
W044,15-Б1-19,S009,T26,dev,1,0,0,ОГЭ,15,планиметрия-треугольники,"углы, площади, Пифагор, тригонометрия, подобие в треугольнике",1,1.5384615384615385,1,13,15,34,0,1,number,high,2,,,0,0,0,0,1,1,0.0,,0.0,2,,0,0,0,0,0,0,1,1,0.0,,0.0,2,,0,0,2,0.0,0,1,0
W044,15-Б1-2,S009,T26,dev,1,0,0,ОГЭ,15,планиметрия-треугольники,"углы, площади, Пифагор, тригонометрия, подобие в треугольнике",1,1.5384615384615385,1,13,15,34,0,1,number,high,9,,,0,0,0,0,1,1,0.0,,0.0,9,1,1,0,0,0,0,0,1,1,0.0,,0.0,9,1,1,0,2,0.0,0,1,0
W044,15-Б1-20,S009,T26,dev,0,1,0,ОГЭ,15,планиметрия-треугольники,"углы, площади, Пифагор, тригонометрия, подобие в треугольнике",1,1.5384615384615385,1,13,15,34,0,1,number,high,20,,,1,1,0,0,0,1,1.0,,0.0,40,1,0,0,1,1,0,0,0,1,1.0,,0.0,40,1,0,0,2,1.0,0,0,0
W044,15-Б1-21,S009,T26,dev,0,1,0,ОГЭ,15,планиметрия-треугольники,"углы, площади, Пифагор, тригонометрия, подобие в треугольнике",1,1.5384615384615385,1,13,15,34,0,1,number,high,24,,,1,1,0,0,0,1,1.0,,0.0,21,0,0,0,1,1,0,0,0,1,1.0,,0.0,21,0,0,0,2,1.0,0,0,0
W044,15-Б1-22,S009,T26,dev,0,1,0,ОГЭ,15,планиметрия-треугольники,"углы, площади, Пифагор, тригонометрия, подобие в треугольнике",1,1.5384615384615385,1,13,15,34,0,1,number,high,28,,,1,1,0,0,0,1,1.0,,0.0,36,0,0,0,1,1,0,0,0,1,1.0,,0.0,36,0,0,0,2,1.0,0,0,0
W044,15-Б1-3,S009,T26,dev,1,0,0,ОГЭ,15,планиметрия-треугольники,"углы, площади, Пифагор, тригонометрия, подобие в треугольнике",1,1.5384615384615385,1,13,15,34,0,1,number,high,76,,,0,0,0,0,1,1,0.0,,0.0,76,1,1,0,0,0,0,0,1,1,0.0,,0.0,76,1,1,0,2,0.0,0,1,0
W044,15-Б1-4,S009,T26,dev,1,0,0,ОГЭ,15,планиметрия-треугольники,"углы, площади, Пифагор, тригонометрия, подобие в треугольнике",1,1.5384615384615385,1,13,15,34,0,1,number,high,48,,,0,0,0,0,1,1,0.0,,0.0,48,1,1,0,0,0,0,0,1,1,0.0,,0.0,48,1,1,0,2,0.0,0,1,0
W044,15-Б1-5,S009,T26,dev,0,1,0,ОГЭ,15,планиметрия-треугольники,"углы, площади, Пифагор, тригонометрия, подобие в треугольнике",1,1.5384615384615385,1,13,15,34,0,1,number,high,28,,,1,1,0,0,0,1,1.0,,0.0,62,0,1,0,1,1,0,0,0,1,1.0,,0.0,62,0,1,0,2,1.0,0,0,0
W044,15-Б1-6,S009,T26,dev,1,0,0,ОГЭ,15,планиметрия-треугольники,"углы, площади, Пифагор, тригонометрия, подобие в треугольнике",1,1.5384615384615385,1,13,15,34,0,1,number,high,56,,,0,0,0,0,1,1,0.0,,0.0,56,1,1,0,0,0,0,0,1,1,0.0,,0.0,56,1,1,0,2,0.0,0,1,0
W044,15-Б1-7,S009,T26,dev,1,0,0,ОГЭ,15,планиметрия-треугольники,"углы, площади, Пифагор, тригонометрия, подобие в треугольнике",1,1.5384615384615385,1,13,15,34,0,1,number,high,35,,,0,0,0,0,1,1,0.0,,0.0,35,1,1,0,0,0,0,0,1,1,0.0,,0.0,35,1,1,0,2,0.0,0,1,0
W044,15-Б1-8,S009,T26,dev,1,0,0,ОГЭ,15,планиметрия-треугольники,"углы, площади, Пифагор, тригонометрия, подобие в треугольнике",1,1.5384615384615385,1,13,15,34,0,1,number,high,27,,,0,0,0,0,1,1,0.0,,0.0,27,1,1,0,0,0,0,0,1,1,0.0,,0.0,27,1,1,0,2,0.0,0,1,0
W044,15-Б1-9,S009,T26,dev,1,0,0,ОГЭ,15,планиметрия-треугольники,"углы, площади, Пифагор, тригонометрия, подобие в треугольнике",1,1.5384615384615385,1,13,15,34,0,1,number,high,44,,,0,0,0,0,1,1,0.0,,0.0,44,1,1,0,0,0,0,0,1,1,0.0,,0.0,44,1,1,0,2,0.0,0,1,0
W044,15-Б2-10,S009,T26,dev,1,0,0,ОГЭ,15,планиметрия-треугольники,"углы, площади, Пифагор, тригонометрия, подобие в треугольнике",1,1.5384615384615385,1,13,15,34,1,1,number,high,3,,,0,0,0,0,1,1,0.0,,0.0,3,1,0,0,0,0,0,0,1,1,0.0,,0.0,3,1,0,0,2,0.0,0,1,0
W044,15-Б2-11,S009,T26,dev,1,0,0,ОГЭ,15,планиметрия-треугольники,"углы, площади, Пифагор, тригонометрия, подобие в треугольнике",1,1.5384615384615385,1,13,15,34,1,1,number,high,15,,,0,0,0,0,1,1,0.0,,0.0,15,1,0,0,0,0,0,0,1,1,0.0,,0.0,15,1,0,0,2,0.0,0,1,0
W044,15-Б2-12,S009,T26,dev,1,0,0,ОГЭ,15,планиметрия-треугольники,"углы, площади, Пифагор, тригонометрия, подобие в треугольнике",1,1.5384615384615385,1,13,15,34,1,1,number,high,18,,,0,0,0,0,1,1,0.0,,0.0,18,1,0,0,0,0,0,0,1,1,0.0,,0.0,18,1,0,0,2,0.0,0,1,0
W044,15-Б2-13,S009,T26,dev,1,0,0,ОГЭ,15,планиметрия-треугольники,"углы, площади, Пифагор, тригонометрия, подобие в треугольнике",1,1.5384615384615385,1,13,15,34,1,1,number,high,240,,,0,0,0,0,1,1,0.0,,0.0,240,1,0,0,0,0,0,0,1,1,0.0,,0.0,240,1,0,0,2,0.0,0,1,0
W044,15-Б2-14,S009,T26,dev,1,0,0,ОГЭ,15,планиметрия-треугольники,"углы, площади, Пифагор, тригонометрия, подобие в треугольнике",1,1.5384615384615385,1,13,15,34,1,1,number,high,6,,,0,0,0,0,1,1,0.0,,0.0,6,1,1,0,0,0,0,0,1,1,0.0,,0.0,6,1,1,0,2,0.0,0,1,0
W044,15-Б2-15,S009,T26,dev,1,0,0,ОГЭ,15,планиметрия-треугольники,"углы, площади, Пифагор, тригонометрия, подобие в треугольнике",1,1.5384615384615385,1,13,15,34,1,1,number,high,72,,,0,0,0,0,1,1,0.0,,0.0,72,1,1,0,0,0,0,0,1,1,0.0,,0.0,72,1,1,0,2,0.0,0,1,0
W044,15-Б2-17,S009,T26,dev,1,0,0,ОГЭ,15,планиметрия-треугольники,"углы, площади, Пифагор, тригонометрия, подобие в треугольнике",1,1.5384615384615385,1,13,15,34,1,1,number,high,54,,,0,0,0,0,1,1,0.0,,0.0,54,1,1,0,0,0,0,0,1,1,0.0,,0.0,54,1,1,0,2,0.0,0,1,0
W044,15-Б2-18,S009,T26,dev,1,0,0,ОГЭ,15,планиметрия-треугольники,"углы, площади, Пифагор, тригонометрия, подобие в треугольнике",1,1.5384615384615385,1,13,15,34,1,1,number,high,84,,,0,0,0,0,1,1,0.0,,0.0,84,1,1,0,0,0,0,0,1,1,0.0,,0.0,84,1,1,0,2,0.0,0,1,0
W044,15-Б2-19,S009,T26,dev,1,0,0,ОГЭ,15,планиметрия-треугольники,"углы, площади, Пифагор, тригонометрия, подобие в треугольнике",1,1.5384615384615385,1,13,15,34,1,1,number,high,"4,8",,,0,0,0,0,1,1,0.0,,0.0,"4,8",1,1,0,0,0,0,0,1,1,0.0,,0.0,"4,8",1,1,0,2,0.0,0,1,0
W044,15-Б2-1а,S009,T26,dev,0,1,1,ОГЭ,15,планиметрия-треугольники,"углы, площади, Пифагор, тригонометрия, подобие в треугольнике",1,1.5384615384615385,1,13,15,34,0,1,number,high,57,,,1,1,0,0,0,1,1.0,,0.0,38,0,1,0,1,1,0,0,0,1,1.0,,0.0,38,0,1,0,2,1.0,0,0,0
W044,15-Б2-1б,S009,T26,dev,1,0,0,ОГЭ,15,планиметрия-треугольники,"углы, площади, Пифагор, тригонометрия, подобие в треугольнике",1,1.5384615384615385,1,13,15,34,0,1,number,high,35,,,0,0,0,0,1,1,0.0,,0.0,35,1,1,0,0,0,0,0,1,1,0.0,,0.0,35,1,1,0,2,0.0,0,1,0
W044,15-Б2-2,S009,T26,dev,1,0,0,ОГЭ,15,планиметрия-треугольники,"углы, площади, Пифагор, тригонометрия, подобие в треугольнике",1,1.5384615384615385,1,13,15,34,0,1,number,high,58,,,0,0,0,0,1,1,0.0,,0.0,58,1,1,0,0,0,0,0,1,1,0.0,,0.0,58,1,1,0,2,0.0,0,1,0
W044,15-Б2-20,S009,T26,dev,1,0,0,ОГЭ,15,планиметрия-треугольники,"углы, площади, Пифагор, тригонометрия, подобие в треугольнике",1,1.5384615384615385,1,13,15,34,2,1,number,high,24,,,0,0,0,0,1,1,0.0,,0.0,24,1,0,0,0,0,0,0,1,1,0.0,,0.0,24,1,0,0,2,0.0,0,1,0
W044,15-Б2-21,S009,T26,dev,1,0,0,ОГЭ,15,планиметрия-треугольники,"углы, площади, Пифагор, тригонометрия, подобие в треугольнике",1,1.5384615384615385,1,13,15,34,2,1,number,high,1680,,,1,1,0,0,0,1,1.0,,0.0,42,0,0,1,0,0,0,0,0,1,0.0,,0.0,42,0,0,0,2,0.5,1,0,0
W044,15-Б2-22,S009,T26,dev,1,0,0,ОГЭ,15,планиметрия-треугольники,"углы, площади, Пифагор, тригонометрия, подобие в треугольнике",1,1.5384615384615385,1,13,15,34,2,1,number,high,120,,,0,0,0,0,1,1,0.0,,0.0,120,1,0,0,0,0,0,0,1,1,0.0,,0.0,120,1,0,0,2,0.0,0,1,0
W044,15-Б2-25,S009,T26,dev,1,0,0,ОГЭ,15,планиметрия-треугольники,"углы, площади, Пифагор, тригонометрия, подобие в треугольнике",1,1.5384615384615385,1,13,15,34,2,1,number,high,70,,,0,0,0,0,1,1,0.0,,0.0,70,1,0,0,0,0,0,0,1,1,0.0,,0.0,70,1,0,0,2,0.0,0,1,0
W044,15-Б2-26,S009,T26,dev,0,1,0,ОГЭ,15,планиметрия-треугольники,"углы, площади, Пифагор, тригонометрия, подобие в треугольнике",1,1.5384615384615385,1,13,15,34,5,1,number,high,24,,,1,1,0,0,0,1,1.0,,0.0,72,0,0,0,1,1,0,0,0,1,1.0,,0.0,72,0,0,0,2,1.0,0,0,0
W044,15-Б2-27,S009,T26,dev,1,0,0,ОГЭ,15,планиметрия-треугольники,"углы, площади, Пифагор, тригонометрия, подобие в треугольнике",1,1.5384615384615385,1,13,15,34,5,1,number,high,88,,,0,0,0,0,1,1,0.0,,0.0,88,1,0,0,0,0,0,0,1,1,0.0,,0.0,88,1,0,0,2,0.0,0,1,0
W044,15-Б2-3,S009,T26,dev,1,0,0,ОГЭ,15,планиметрия-треугольники,"углы, площади, Пифагор, тригонометрия, подобие в треугольнике",1,1.5384615384615385,1,13,15,34,0,1,number,high,64,,,0,0,0,0,1,1,0.0,,0.0,64,1,1,0,0,0,0,0,1,1,0.0,,0.0,64,1,1,0,2,0.0,0,1,0
W044,15-Б2-5,S009,T26,dev,1,0,0,ОГЭ,15,планиметрия-треугольники,"углы, площади, Пифагор, тригонометрия, подобие в треугольнике",1,1.5384615384615385,1,13,15,34,0,1,number,high,"7,5",,,0,0,0,0,1,1,0.0,,0.0,"7,5",1,1,0,0,0,0,0,1,1,0.0,,0.0,"7,5",1,1,0,2,0.0,0,1,0
W044,15-Б2-6,S009,T26,dev,1,0,0,ОГЭ,15,планиметрия-треугольники,"углы, площади, Пифагор, тригонометрия, подобие в треугольнике",1,1.5384615384615385,1,13,15,34,0,1,number,high,131,,,1,1,0,0,0,1,1.0,,0.0,731,0,1,1,0,0,0,0,0,1,0.0,,0.0,731,0,1,0,2,0.5,1,0,0
W044,15-Б2-7,S009,T26,dev,0,1,0,ОГЭ,15,планиметрия-треугольники,"углы, площади, Пифагор, тригонометрия, подобие в треугольнике",1,1.5384615384615385,1,13,15,34,1,1,number,high,112,,,1,1,0,0,0,1,1.0,,0.0,141,0,0,0,1,1,0,0,0,1,1.0,,0.0,141,0,0,0,2,1.0,0,0,0
W044,15-Б2-8,S009,T26,dev,1,0,0,ОГЭ,15,планиметрия-треугольники,"углы, площади, Пифагор, тригонометрия, подобие в треугольнике",1,1.5384615384615385,1,13,15,34,1,1,number,high,116,,,1,0,0,0,,1,0.0,,0.0,,0,0,1,1,0,0,0,,1,0.0,,0.0,,0,0,1,2,1.0,0,,
W044,15-Б2-9,S009,T26,dev,1,0,0,ОГЭ,15,планиметрия-треугольники,"углы, площади, Пифагор, тригонометрия, подобие в треугольнике",1,1.5384615384615385,1,13,15,34,1,1,number,high,20,,,0,0,0,0,1,1,0.0,,0.0,20,1,0,0,0,0,0,0,1,1,0.0,,0.0,20,1,0,0,2,0.0,0,1,0
W044,17-Б1-1,S009,T26,dev,1,0,0,ОГЭ,17,планиметрия-четырёхугольники,"углы, диагонали, площади параллелограмма, ромба, трапеции",1,1.5384615384615385,1,13,15,34,1,1,number,high,128,,,0,0,0,0,1,1,0.0,,0.0,128,1,1,0,0,0,0,0,1,1,0.0,,0.0,128,1,1,0,2,0.0,0,1,0
W044,17-Б1-11,S009,T26,dev,1,0,0,ОГЭ,17,планиметрия-четырёхугольники,"углы, диагонали, площади параллелограмма, ромба, трапеции",1,1.5384615384615385,1,13,15,34,1,1,number,high,28,,,0,0,0,0,1,1,0.0,,0.0,28,1,0,0,0,0,0,0,1,1,0.0,,0.0,28,1,0,0,2,0.0,0,1,0
W044,17-Б1-12,S009,T26,dev,1,0,0,ОГЭ,17,планиметрия-четырёхугольники,"углы, диагонали, площади параллелограмма, ромба, трапеции",1,1.5384615384615385,1,13,15,34,1,1,number,high,86,,,1,1,0,0,0,1,1.0,,0.0,94,0,0,1,1,1,0,0,0,1,1.0,,0.0,94,0,0,1,2,1.0,0,0,0
W044,17-Б1-13,S009,T26,dev,1,0,0,ОГЭ,17,планиметрия-четырёхугольники,"углы, диагонали, площади параллелограмма, ромба, трапеции",1,1.5384615384615385,1,13,15,34,1,1,number,high,60,,,0,0,0,0,1,1,0.0,,0.0,60,1,0,0,0,0,0,0,1,1,0.0,,0.0,60,1,0,0,2,0.0,0,1,0
W044,17-Б1-14,S009,T26,dev,1,0,0,ОГЭ,17,планиметрия-четырёхугольники,"углы, диагонали, площади параллелограмма, ромба, трапеции",1,1.5384615384615385,1,13,15,34,1,1,number,high,129,,,0,0,0,0,1,1,0.0,,0.0,129,1,0,0,0,0,0,0,1,1,0.0,,0.0,129,1,0,0,2,0.0,0,1,0
W044,17-Б1-15,S009,T26,dev,1,0,0,ОГЭ,17,планиметрия-четырёхугольники,"углы, диагонали, площади параллелограмма, ромба, трапеции",1,1.5384615384615385,1,13,15,34,1,1,number,high,51,,,0,0,0,0,1,1,0.0,,0.0,51,1,0,0,0,0,0,0,1,1,0.0,,0.0,51,1,0,0,2,0.0,0,1,0
W044,17-Б1-17,S009,T26,dev,1,0,0,ОГЭ,17,планиметрия-четырёхугольники,"углы, диагонали, площади параллелограмма, ромба, трапеции",1,1.5384615384615385,1,13,15,34,1,1,number,high,66,,,0,0,0,0,1,1,0.0,,0.0,66,1,0,0,0,0,0,0,1,1,0.0,,0.0,66,1,0,0,2,0.0,0,1,0
W044,17-Б1-18,S009,T26,dev,0,1,0,ОГЭ,17,планиметрия-четырёхугольники,"углы, диагонали, площади параллелограмма, ромба, трапеции",1,1.5384615384615385,1,13,15,34,1,1,number,high,4,,,0,0,0,0,1,1,0.0,,0.0,4,1,0,1,0,0,0,0,1,1,0.0,,0.0,4,1,0,1,2,0.0,0,1,0
W044,17-Б1-19,S009,T26,dev,1,0,0,ОГЭ,17,планиметрия-четырёхугольники,"углы, диагонали, площади параллелограмма, ромба, трапеции",1,1.5384615384615385,1,13,15,34,4,1,number,high,105,,,0,0,0,0,1,1,0.0,,0.0,105,1,1,0,0,0,0,0,1,1,0.0,,0.0,105,1,1,0,2,0.0,0,1,0
W044,17-Б1-2,S009,T26,dev,1,0,0,ОГЭ,17,планиметрия-четырёхугольники,"углы, диагонали, площади параллелограмма, ромба, трапеции",1,1.5384615384615385,1,13,15,34,1,1,number,high,65,,,0,0,0,0,1,1,0.0,,0.0,65,1,1,0,0,0,0,0,1,1,0.0,,0.0,65,1,1,0,2,0.0,0,1,0
W044,17-Б1-20,S009,T26,dev,1,0,0,ОГЭ,17,планиметрия-четырёхугольники,"углы, диагонали, площади параллелограмма, ромба, трапеции",1,1.5384615384615385,1,13,15,34,4,1,number,high,24,,,0,0,0,0,1,1,0.0,,0.0,24,1,1,0,0,0,0,0,1,1,0.0,,0.0,24,1,1,0,2,0.0,0,1,0
W044,17-Б1-22,S009,T26,dev,0,1,0,ОГЭ,17,планиметрия-четырёхугольники,"углы, диагонали, площади параллелограмма, ромба, трапеции",1,1.5384615384615385,1,13,15,34,4,1,number,high,26,,,1,1,0,0,0,1,1.0,,0.0,14,0,0,0,1,1,0,0,0,1,1.0,,0.0,14,0,0,0,2,1.0,0,0,0
W044,17-Б1-24,S009,T26,dev,1,0,0,ОГЭ,17,планиметрия-четырёхугольники,"углы, диагонали, площади параллелограмма, ромба, трапеции",1,1.5384615384615385,1,13,15,34,4,1,number,high,13,,,0,0,0,0,1,1,0.0,,0.0,13,1,0,0,0,0,0,0,1,1,0.0,,0.0,13,1,0,0,2,0.0,0,1,0
W044,17-Б1-3,S009,T26,dev,1,0,0,ОГЭ,17,планиметрия-четырёхугольники,"углы, диагонали, площади параллелограмма, ромба, трапеции",1,1.5384615384615385,1,13,15,34,1,1,number,high,58,,,0,0,0,0,1,1,0.0,,0.0,58,1,1,0,0,0,0,0,1,1,0.0,,0.0,58,1,1,0,2,0.0,0,1,0
W044,17-Б1-4,S009,T26,dev,1,0,0,ОГЭ,17,планиметрия-четырёхугольники,"углы, диагонали, площади параллелограмма, ромба, трапеции",1,1.5384615384615385,1,13,15,34,1,1,number,high,8,,,0,0,0,0,1,1,0.0,,0.0,8,1,1,0,0,0,0,0,1,1,0.0,,0.0,8,1,1,0,2,0.0,0,1,0
W044,17-Б1-5,S009,T26,dev,1,0,0,ОГЭ,17,планиметрия-четырёхугольники,"углы, диагонали, площади параллелограмма, ромба, трапеции",1,1.5384615384615385,1,13,15,34,1,1,number,high,112,,,0,0,0,0,1,1,0.0,,0.0,112,1,1,0,0,0,0,0,1,1,0.0,,0.0,112,1,1,0,2,0.0,0,1,0
W044,17-Б1-6,S009,T26,dev,1,0,0,ОГЭ,17,планиметрия-четырёхугольники,"углы, диагонали, площади параллелограмма, ромба, трапеции",1,1.5384615384615385,1,13,15,34,1,1,number,high,28,,,0,0,0,0,1,1,0.0,,0.0,28,1,1,0,0,0,0,0,1,1,0.0,,0.0,28,1,1,0,2,0.0,0,1,0
W044,17-Б1-7,S009,T26,dev,1,0,0,ОГЭ,17,планиметрия-четырёхугольники,"углы, диагонали, площади параллелограмма, ромба, трапеции",1,1.5384615384615385,1,13,15,34,1,1,number,high,34,,,0,0,0,0,1,1,0.0,,0.0,34,1,1,0,0,0,0,0,1,1,0.0,,0.0,34,1,1,0,2,0.0,0,1,0
W044,17-Б1-8,S009,T26,dev,1,0,0,ОГЭ,17,планиметрия-четырёхугольники,"углы, диагонали, площади параллелограмма, ромба, трапеции",1,1.5384615384615385,1,13,15,34,1,1,number,high,16,,,0,0,0,0,1,1,0.0,,0.0,16,1,1,0,0,0,0,0,1,1,0.0,,0.0,16,1,1,0,2,0.0,0,1,0
W044,17-Б1-9,S009,T26,dev,1,0,0,ОГЭ,17,планиметрия-четырёхугольники,"углы, диагонали, площади параллелограмма, ромба, трапеции",1,1.5384615384615385,1,13,15,34,1,1,number,high,6,,,0,0,0,0,1,1,0.0,,0.0,6,1,1,0,0,0,0,0,1,1,0.0,,0.0,6,1,1,0,2,0.0,0,1,0
W044,17-Б2-1,S009,T26,dev,1,0,0,ОГЭ,17,планиметрия-четырёхугольники,"углы, диагонали, площади параллелограмма, ромба, трапеции",1,1.5384615384615385,1,13,15,34,4,1,number,high,94,,,0,0,0,0,1,1,0.0,,0.0,94,1,1,0,0,0,0,0,1,1,0.0,,0.0,94,1,1,0,2,0.0,0,1,0
W044,17-Б2-3,S009,T26,dev,1,0,0,ОГЭ,17,планиметрия-четырёхугольники,"углы, диагонали, площади параллелограмма, ромба, трапеции",1,1.5384615384615385,1,13,15,34,4,1,number,high,105,,,1,1,0,0,0,1,1.0,,0.0,75,1,1,1,0,0,0,0,0,1,0.0,,0.0,75,1,1,0,2,0.5,1,0,0
W044,17-Б2-4,S009,T26,dev,1,0,0,ОГЭ,17,планиметрия-четырёхугольники,"углы, диагонали, площади параллелограмма, ромба, трапеции",1,1.5384615384615385,1,13,15,34,0,1,number,high,65,,,1,1,0,0,0,1,1.0,,0.0,115,0,0,1,0,0,0,0,0,1,0.0,,0.0,115,0,0,0,2,0.5,1,0,0
W044,17-Б2-5,S009,T26,dev,1,0,0,ОГЭ,17,планиметрия-четырёхугольники,"углы, диагонали, площади параллелограмма, ромба, трапеции",1,1.5384615384615385,1,13,15,34,0,1,number,high,60,,,0,0,0,0,1,1,0.0,,0.0,60,1,0,0,0,0,0,0,1,1,0.0,,0.0,60,1,0,0,2,0.0,0,1,0
W044,17-Б2-6,S009,T26,dev,1,0,0,ОГЭ,17,планиметрия-четырёхугольники,"углы, диагонали, площади параллелограмма, ромба, трапеции",1,1.5384615384615385,1,13,15,34,0,1,number,high,125,,,0,0,0,0,1,1,0.0,,0.0,125,1,0,0,0,0,0,0,1,1,0.0,,0.0,125,1,0,0,2,0.0,0,1,0
W044,17-Б2-7,S009,T26,dev,0,1,0,ОГЭ,17,планиметрия-четырёхугольники,"углы, диагонали, площади параллелограмма, ромба, трапеции",1,1.5384615384615385,1,13,15,34,0,1,number,high,70,,,1,1,0,0,0,1,1.0,,0.0,26,0,0,0,1,1,0,0,0,1,1.0,,0.0,26,0,0,0,2,1.0,0,0,0
W044,18-Б1-1,S009,T26,dev,1,0,0,ОГЭ,18,планиметрия-решётка,"длины, площади, средние линии, углы на клетчатой бумаге",1,1.5384615384615385,1,13,15,34,0,1,number,high,5,,,0,0,0,0,1,1,0.0,,0.0,5,0,1,0,0,0,0,0,1,1,0.0,,0.0,5,0,1,0,2,0.0,0,1,0
W044,18-Б1-10,S009,T26,dev,1,0,0,ОГЭ,18,планиметрия-решётка,"длины, площади, средние линии, углы на клетчатой бумаге",1,1.5384615384615385,1,13,15,34,0,1,number,high,"4,5",,,0,0,0,0,1,1,0.0,,0.0,"4,5",1,1,0,0,0,0,0,1,1,0.0,,0.0,"4,5",1,1,0,2,0.0,0,1,0
W044,18-Б1-2,S009,T26,dev,1,0,0,ОГЭ,18,планиметрия-решётка,"длины, площади, средние линии, углы на клетчатой бумаге",1,1.5384615384615385,1,13,15,34,,0,number,high,10,,,1,0,0,0,,1,0.0,,0.0,,,0,1,1,0,0,0,,1,0.0,,0.0,,,0,1,2,1.0,0,,
W044,18-Б1-3,S009,T26,dev,1,0,0,ОГЭ,18,планиметрия-решётка,"длины, площади, средние линии, углы на клетчатой бумаге",1,1.5384615384615385,1,13,15,34,,0,number,high,"1,5",,,1,0,0,0,,1,0.0,,0.0,,,0,1,1,0,0,0,,1,0.0,,0.0,,,0,1,2,1.0,0,,
W044,18-Б1-4,S009,T26,dev,1,0,0,ОГЭ,18,планиметрия-решётка,"длины, площади, средние линии, углы на клетчатой бумаге",1,1.5384615384615385,1,13,15,34,5,1,number,high,3,,,0,0,0,0,1,1,0.0,,0.0,3,1,0,0,0,0,0,0,1,1,0.0,,0.0,3,1,0,0,2,0.0,0,1,0
W044,18-Б1-5.1,S009,T26,dev,1,0,0,ОГЭ,18,планиметрия-решётка,"длины, площади, средние линии, углы на клетчатой бумаге",1,1.5384615384615385,1,13,15,34,0,1,number,high,18,,,0,0,0,0,1,1,0.0,,0.0,18,1,1,0,0,0,0,0,1,1,0.0,,0.0,18,1,1,0,2,0.0,0,1,0
W044,18-Б1-5.2,S009,T26,dev,1,0,0,ОГЭ,18,планиметрия-решётка,"длины, площади, средние линии, углы на клетчатой бумаге",1,1.5384615384615385,1,13,15,34,0,1,number,high,16,,,0,0,0,0,1,1,0.0,,0.0,16,1,1,0,0,0,0,0,1,1,0.0,,0.0,16,1,1,0,2,0.0,0,1,0
W044,18-Б1-5.3,S009,T26,dev,1,0,0,ОГЭ,18,планиметрия-решётка,"длины, площади, средние линии, углы на клетчатой бумаге",1,1.5384615384615385,1,13,15,34,0,1,number,high,30,,,0,0,0,0,1,1,0.0,,0.0,30,1,1,0,0,0,0,0,1,1,0.0,,0.0,30,1,1,0,2,0.0,0,1,0
W044,18-Б1-5.4,S009,T26,dev,0,1,0,ОГЭ,18,планиметрия-решётка,"длины, площади, средние линии, углы на клетчатой бумаге",1,1.5384615384615385,1,13,15,34,0,1,number,high,24,,,1,1,0,0,0,1,1.0,,0.0,12,0,1,0,1,1,0,0,0,1,1.0,,0.0,12,0,1,0,2,1.0,0,0,0
W044,18-Б1-6,S009,T26,dev,1,0,0,ОГЭ,18,планиметрия-решётка,"длины, площади, средние линии, углы на клетчатой бумаге",1,1.5384615384615385,1,13,15,34,0,1,number,high,5,,,0,0,0,0,1,1,0.0,,0.0,5,1,1,0,0,0,0,0,1,1,0.0,,0.0,5,1,1,0,2,0.0,0,1,0
W044,18-Б1-7,S009,T26,dev,1,0,0,ОГЭ,18,планиметрия-решётка,"длины, площади, средние линии, углы на клетчатой бумаге",1,1.5384615384615385,1,13,15,34,0,1,number,high,3,,,0,0,0,0,1,1,0.0,,0.0,3,1,1,0,0,0,0,0,1,1,0.0,,0.0,3,1,1,0,2,0.0,0,1,0
W044,18-Б1-8.1,S009,T26,dev,0,1,0,ОГЭ,18,планиметрия-решётка,"длины, площади, средние линии, углы на клетчатой бумаге",1,1.5384615384615385,1,13,15,34,0,1,number,high,"2,5",,,1,1,0,0,0,1,1.0,,0.0,2,0,1,0,1,1,0,0,0,1,1.0,,0.0,2,0,1,0,2,1.0,0,0,0
W044,18-Б1-8.2,S009,T26,dev,1,0,0,ОГЭ,18,планиметрия-решётка,"длины, площади, средние линии, углы на клетчатой бумаге",1,1.5384615384615385,1,13,15,34,0,1,number,high,4,,,0,0,0,0,1,1,0.0,,0.0,4,1,1,0,0,0,0,0,1,1,0.0,,0.0,4,1,1,0,2,0.0,0,1,0
W044,18-Б1-9,S009,T26,dev,1,0,0,ОГЭ,18,планиметрия-решётка,"длины, площади, средние линии, углы на клетчатой бумаге",1,1.5384615384615385,1,13,15,34,0,1,number,high,6,,,0,0,0,0,1,1,0.0,,0.0,6,1,1,0,0,0,0,0,1,1,0.0,,0.0,6,1,1,0,2,0.0,0,1,0
W044,18-Б2-1,S009,T26,dev,1,0,0,ОГЭ,18,планиметрия-решётка,"длины, площади, средние линии, углы на клетчатой бумаге",1,1.5384615384615385,1,13,15,34,,0,number,high,6,,,1,0,0,0,,1,0.0,,0.0,,,0,1,1,0,0,0,,1,0.0,,0.0,,,0,1,2,1.0,0,,
W044,18-Б2-2,S009,T26,dev,1,0,0,ОГЭ,18,планиметрия-решётка,"длины, площади, средние линии, углы на клетчатой бумаге",1,1.5384615384615385,1,13,15,34,,0,number,high,8,,,1,0,0,0,,1,0.0,,0.0,,,0,1,1,0,0,0,,1,0.0,,0.0,,,0,1,2,1.0,0,,
W044,18-Б2-4,S009,T26,dev,1,0,0,ОГЭ,18,планиметрия-решётка,"длины, площади, средние линии, углы на клетчатой бумаге",1,1.5384615384615385,1,13,15,34,0,1,number,high,17,,,0,0,0,0,1,1,0.0,,0.0,17,1,1,0,0,0,0,0,1,1,0.0,,0.0,17,1,1,0,2,0.0,0,1,0
W044,18-Б2-5,S009,T26,dev,1,0,0,ОГЭ,18,планиметрия-решётка,"длины, площади, средние линии, углы на клетчатой бумаге",1,1.5384615384615385,1,13,15,34,0,1,number,high,18,,,0,0,0,0,1,1,0.0,,0.0,18,1,1,0,0,0,0,0,1,1,0.0,,0.0,18,1,1,0,2,0.0,0,1,0
W044,18-Б2-6,S009,T26,dev,1,0,0,ОГЭ,18,планиметрия-решётка,"длины, площади, средние линии, углы на клетчатой бумаге",1,1.5384615384615385,1,13,15,34,0,1,number,low,"67,5",,,0,0,0,0,1,1,0.0,,0.0,"67,5",1,1,0,0,0,0,0,1,1,0.0,,0.0,"67,5",1,1,0,2,0.0,0,1,0
W044,18-Б2-7,S009,T26,dev,1,0,0,ОГЭ,18,планиметрия-решётка,"длины, площади, средние линии, углы на клетчатой бумаге",1,1.5384615384615385,1,13,15,34,0,1,number,high,"1,25",,,0,0,0,0,1,1,0.0,,0.0,"1,25",1,1,0,0,0,0,0,1,1,0.0,,0.0,"1,25",1,1,0,2,0.0,0,1,0
W044,18-Б2-8,S009,T26,dev,1,0,0,ОГЭ,18,планиметрия-решётка,"длины, площади, средние линии, углы на клетчатой бумаге",1,1.5384615384615385,1,13,15,34,0,1,number,high,"1,2",,,0,0,0,0,1,1,0.0,,0.0,"1,2",1,1,0,0,0,0,0,1,1,0.0,,0.0,"1,2",1,1,0,2,0.0,0,1,0
W045,15-Б1-1,S011,T26,dev,1,0,0,ОГЭ,15,планиметрия-треугольники,"углы, площади, Пифагор, тригонометрия, подобие в треугольнике",1,1.0,1,2,0,6,0,1,number,high,37,,,0,0,0,0,1,1,0.0,,0.0,37,1,1,0,0,0,0,0,1,1,0.0,,0.0,37,1,1,0,2,0.0,0,1,0
W045,15-Б1-11,S011,T26,dev,1,0,0,ОГЭ,15,планиметрия-треугольники,"углы, площади, Пифагор, тригонометрия, подобие в треугольнике",1,1.0,1,2,0,6,0,1,number,high,20,,,0,0,0,0,1,1,0.0,,0.0,20,1,1,0,0,0,0,0,1,1,0.0,,0.0,20,1,1,0,2,0.0,0,1,0
W045,15-Б1-12,S011,T26,dev,1,0,0,ОГЭ,15,планиметрия-треугольники,"углы, площади, Пифагор, тригонометрия, подобие в треугольнике",1,1.0,1,2,0,6,0,1,number,high,26,,,0,0,0,0,1,1,0.0,,0.0,26,1,1,0,0,0,0,0,1,1,0.0,,0.0,26,1,1,0,2,0.0,0,1,0
W045,15-Б1-17,S011,T26,dev,1,0,0,ОГЭ,15,планиметрия-треугольники,"углы, площади, Пифагор, тригонометрия, подобие в треугольнике",1,1.0,1,2,0,6,0,1,number,high,"0,6",,,0,0,0,0,1,1,0.0,,0.0,"0,6",1,1,0,0,0,0,0,1,1,0.0,,0.0,"0,6",1,1,0,2,0.0,0,1,0
W045,15-Б1-3,S011,T26,dev,1,0,0,ОГЭ,15,планиметрия-треугольники,"углы, площади, Пифагор, тригонометрия, подобие в треугольнике",1,1.0,1,2,0,6,0,1,number,high,76,,,0,0,0,0,1,1,0.0,,0.0,76,1,1,0,0,0,0,0,1,1,0.0,,0.0,76,1,1,0,2,0.0,0,1,0
W045,15-Б1-9,S011,T26,dev,1,0,0,ОГЭ,15,планиметрия-треугольники,"углы, площади, Пифагор, тригонометрия, подобие в треугольнике",1,1.0,1,2,0,6,0,1,number,high,44,,,0,0,0,0,1,1,0.0,,0.0,44,1,1,0,0,0,0,0,1,1,0.0,,0.0,44,1,1,0,2,0.0,0,1,0
W045,15-Б2-13,S011,T26,dev,1,0,0,ОГЭ,15,планиметрия-треугольники,"углы, площади, Пифагор, тригонометрия, подобие в треугольнике",1,1.0,1,2,0,6,0,1,number,high,240,,,0,0,0,0,1,1,0.0,,0.0,240,1,1,0,0,0,0,0,1,1,0.0,,0.0,240,1,1,0,2,0.0,0,1,0
W045,15-Б2-1а,S011,T26,dev,0,1,1,ОГЭ,15,планиметрия-треугольники,"углы, площади, Пифагор, тригонометрия, подобие в треугольнике",1,1.0,1,2,0,6,0,1,number,high,57,,,1,1,0,0,0,1,1.0,,0.0,38,0,1,0,1,1,0,0,0,1,1.0,,0.0,38,0,1,0,2,1.0,0,0,0
W045,15-Б2-25,S011,T26,dev,1,0,0,ОГЭ,15,планиметрия-треугольники,"углы, площади, Пифагор, тригонометрия, подобие в треугольнике",1,1.0,1,2,0,6,0,1,number,high,70,,,0,0,0,0,1,1,0.0,,0.0,70,1,1,0,0,0,0,0,1,1,0.0,,0.0,70,1,1,0,2,0.0,0,1,0
W045,15-Б2-4,S011,T26,dev,1,0,0,ОГЭ,15,планиметрия-треугольники,"углы, площади, Пифагор, тригонометрия, подобие в треугольнике",1,1.0,1,2,0,6,0,1,number,high,14,,,0,0,0,0,1,1,0.0,,0.0,14,1,1,0,0,0,0,0,1,1,0.0,,0.0,14,1,1,0,2,0.0,0,1,0
W045,15-Б2-7,S011,T26,dev,1,0,0,ОГЭ,15,планиметрия-треугольники,"углы, площади, Пифагор, тригонометрия, подобие в треугольнике",1,1.0,1,2,0,6,0,1,number,high,112,,,0,0,0,0,1,1,0.0,,0.0,112,1,1,0,0,0,0,0,1,1,0.0,,0.0,112,1,1,0,2,0.0,0,1,0
W045,15-Б2-8,S011,T26,dev,1,0,0,ОГЭ,15,планиметрия-треугольники,"углы, площади, Пифагор, тригонометрия, подобие в треугольнике",1,1.0,1,2,0,6,0,1,number,high,116,,,1,1,0,0,0,1,1.0,,0.0,46,0,1,1,1,1,0,0,0,1,1.0,,0.0,46,0,1,1,2,1.0,0,0,0
W045,18-Б1-1,S011,T26,dev,1,0,0,ОГЭ,18,планиметрия-решётка,"длины, площади, средние линии, углы на клетчатой бумаге",1,1.0,1,2,0,6,0,1,number,high,5,,,0,0,0,0,1,1,0.0,,0.0,5,1,1,0,0,0,0,0,1,1,0.0,,0.0,5,1,1,0,2,0.0,0,1,0
W045,18-Б1-2,S011,T26,dev,1,0,0,ОГЭ,18,планиметрия-решётка,"длины, площади, средние линии, углы на клетчатой бумаге",1,1.0,1,2,0,6,0,1,number,high,10,,,1,1,0,0,0,1,1.0,,0.0,20,0,1,1,1,1,0,0,0,1,1.0,,0.0,20,0,1,1,2,1.0,0,0,0
W045,18-Б1-5.1,S011,T26,dev,1,0,0,ОГЭ,18,планиметрия-решётка,"длины, площади, средние линии, углы на клетчатой бумаге",1,1.0,1,2,0,6,0,1,number,high,18,,,0,0,0,0,1,1,0.0,,0.0,18,0,1,0,0,0,0,0,1,1,0.0,,0.0,18,0,1,0,2,0.0,0,1,0
W045,18-Б1-6,S011,T26,dev,1,0,0,ОГЭ,18,планиметрия-решётка,"длины, площади, средние линии, углы на клетчатой бумаге",1,1.0,1,2,0,6,0,1,number,high,5,,,0,0,0,0,1,1,0.0,,0.0,5,1,1,0,0,0,0,0,1,1,0.0,,0.0,5,1,1,0,2,0.0,0,1,0
W045,18-Б1-7,S011,T26,dev,1,0,0,ОГЭ,18,планиметрия-решётка,"длины, площади, средние линии, углы на клетчатой бумаге",1,1.0,1,2,0,6,0,1,number,high,3,,,0,0,0,0,1,1,0.0,,0.0,3,1,1,0,0,0,0,0,1,1,0.0,,0.0,3,1,1,0,2,0.0,0,1,0
W045,18-Б1-8.1,S011,T26,dev,1,0,0,ОГЭ,18,планиметрия-решётка,"длины, площади, средние линии, углы на клетчатой бумаге",1,1.0,1,2,0,6,0,1,number,high,"2,5",,,0,0,0,0,1,1,0.0,,0.0,"2,5",0,1,0,0,0,0,0,1,1,0.0,,0.0,"2,5",0,1,0,2,0.0,0,1,0
W045,18-Б1-9,S011,T26,dev,1,0,0,ОГЭ,18,планиметрия-решётка,"длины, площади, средние линии, углы на клетчатой бумаге",1,1.0,1,2,0,6,0,1,number,high,6,,,0,0,0,0,1,1,0.0,,0.0,6,1,1,0,0,0,0,0,1,1,0.0,,0.0,6,1,1,0,2,0.0,0,1,0
W045,18-Б2-1,S011,T26,dev,1,0,0,ОГЭ,18,планиметрия-решётка,"длины, площади, средние линии, углы на клетчатой бумаге",1,1.0,1,2,0,6,0,1,number,high,6,,,0,0,0,0,1,1,0.0,,0.0,6,0,1,0,0,0,0,0,1,1,0.0,,0.0,6,0,1,0,2,0.0,0,1,0
W045,18-Б2-4,S011,T26,dev,1,0,0,ОГЭ,18,планиметрия-решётка,"длины, площади, средние линии, углы на клетчатой бумаге",1,1.0,1,2,0,6,0,1,number,high,17,,,0,0,0,0,1,1,0.0,,0.0,17,1,1,0,0,0,0,0,1,1,0.0,,0.0,17,1,1,0,2,0.0,0,1,0
W045,18-Б2-6,S011,T26,dev,1,0,0,ОГЭ,18,планиметрия-решётка,"длины, площади, средние линии, углы на клетчатой бумаге",1,1.0,1,2,0,6,0,1,number,low,"67,5",,,1,1,0,0,0,1,1.0,,0.0,"62,5",0,1,1,1,1,0,0,0,1,1.0,,0.0,"62,5",0,1,1,2,1.0,0,0,0
W045,18-Б2-7,S011,T26,dev,1,0,0,ОГЭ,18,планиметрия-решётка,"длины, площади, средние линии, углы на клетчатой бумаге",1,1.0,1,2,0,6,0,1,number,high,"1,25",,,0,0,0,0,1,1,0.0,,0.0,"1,25",0,1,0,0,0,0,0,1,1,0.0,,0.0,"1,25",0,1,0,2,0.0,0,1,0
W046,1,S009,T10,dev,1,0,0,ОГЭ,7,алгебра-неравенства,"числа на координатной прямой, сравнение чисел",1,1.2857142857142858,1,7,6,36,0,1,number,high,4,,,0,0,0,0,1,1,0.0,,0.0,4,1,0,0,0,0,0,0,1,1,0.0,,0.0,4,1,0,0,2,0.0,0,1,0
W046,10,S009,T10,dev,1,0,0,ОГЭ,7,алгебра-неравенства,"числа на координатной прямой, сравнение чисел",1,1.2857142857142858,1,7,6,36,0,1,number,high,3,,,0,0,0,0,1,1,0.0,,0.0,3,1,0,0,0,0,0,0,1,1,0.0,,0.0,3,1,0,0,2,0.0,0,1,0
W046,11,S009,T10,dev,1,0,0,ОГЭ,7,алгебра-неравенства,"числа на координатной прямой, сравнение чисел",1,1.2857142857142858,1,7,6,36,0,1,number,high,2,,,0,0,0,0,1,1,0.0,,0.0,2,,0,0,0,0,0,0,1,1,0.0,,0.0,2,,0,0,2,0.0,0,1,0
W046,12,S009,T10,dev,1,0,0,ОГЭ,7,алгебра-неравенства,"числа на координатной прямой, сравнение чисел",1,1.2857142857142858,1,7,6,36,0,1,number,high,3,,,0,0,0,0,1,1,0.0,,0.0,3,1,0,0,0,0,0,0,1,1,0.0,,0.0,3,1,0,0,2,0.0,0,1,0
W046,13,S009,T10,dev,0,1,0,ОГЭ,7,алгебра-неравенства,"числа на координатной прямой, сравнение чисел",1,1.2857142857142858,1,7,6,36,0,1,number,high,3,,,1,1,0,0,0,1,1.0,,0.0,1,1,0,0,1,1,0,0,0,1,1.0,,0.0,1,1,0,0,2,1.0,0,0,0
W046,14,S009,T10,dev,1,0,0,ОГЭ,7,алгебра-неравенства,"числа на координатной прямой, сравнение чисел",1,1.2857142857142858,1,7,6,36,1,1,number,high,2,,,0,0,0,0,1,1,0.0,,0.0,2,,1,0,0,0,0,0,1,1,0.0,,0.0,2,,1,0,2,0.0,0,1,0
W046,15,S009,T10,dev,0,1,0,ОГЭ,7,алгебра-неравенства,"числа на координатной прямой, сравнение чисел",1,1.2857142857142858,1,7,6,36,1,1,number,high,1,,,1,1,0,0,0,1,1.0,,0.0,3,,1,0,1,1,0,0,0,1,1.0,,0.0,3,,1,0,2,1.0,0,0,0
W046,17,S009,T10,dev,0,1,0,ОГЭ,7,алгебра-неравенства,"числа на координатной прямой, сравнение чисел",1,1.2857142857142858,1,7,6,36,1,1,number,high,1,,,1,1,0,0,0,1,1.0,,0.0,2,,1,0,1,1,0,0,0,1,1.0,,0.0,2,,1,0,2,1.0,0,0,0
W046,18,S009,T10,dev,1,0,0,ОГЭ,7,алгебра-неравенства,"числа на координатной прямой, сравнение чисел",1,1.2857142857142858,1,7,6,36,1,1,number,high,1,,,0,0,0,0,1,1,0.0,,0.0,1,,1,0,0,0,0,0,1,1,0.0,,0.0,1,,1,0,2,0.0,0,1,0
W046,19,S009,T10,dev,1,0,0,ОГЭ,7,алгебра-неравенства,"числа на координатной прямой, сравнение чисел",1,1.2857142857142858,1,7,6,36,1,1,number,high,1,,,1,1,0,0,1,1,1.0,,0.0,1,,1,1,0,0,0,0,1,1,0.0,,0.0,1,,1,0,2,0.5,1,1,1
W046,2,S009,T10,dev,0,1,0,ОГЭ,7,алгебра-неравенства,"числа на координатной прямой, сравнение чисел",1,1.2857142857142858,1,7,6,36,0,1,number,high,1,,,1,1,0,0,0,1,1.0,,0.0,2,,0,0,1,1,0,0,0,1,1.0,,0.0,2,,0,0,2,1.0,0,0,0
W046,22,S009,T10,dev,1,0,0,ОГЭ,8,алгебра-уравнения,значения выражений со степенями и корнями,0,1.2857142857142858,1,7,6,36,2,1,number,high,27,,,0,0,0,0,1,1,0.0,,0.0,27,1,1,0,0,0,0,0,1,1,0.0,,0.0,27,1,1,0,2,0.0,0,1,0
W046,3,S009,T10,dev,1,0,0,ОГЭ,7,алгебра-неравенства,"числа на координатной прямой, сравнение чисел",1,1.2857142857142858,1,7,6,36,0,1,number,high,3,,,0,0,0,0,1,1,0.0,,0.0,3,1,0,0,0,0,0,0,1,1,0.0,,0.0,3,1,0,0,2,0.0,0,1,0
W046,30,S009,T10,dev,1,0,0,ОГЭ,8,алгебра-уравнения,значения выражений со степенями и корнями,0,1.2857142857142858,1,7,6,36,2,1,number,high,2,,,0,0,0,0,1,1,0.0,,0.0,2,,0,0,0,0,0,0,1,1,0.0,,0.0,2,,0,0,2,0.0,0,1,0
W046,39,S009,T10,dev,1,0,0,ОГЭ,8,алгебра-уравнения,значения выражений со степенями и корнями,0,1.2857142857142858,1,7,6,36,2,1,number,high,16,,,0,0,0,0,1,1,0.0,,0.0,16,0,1,0,0,0,0,0,1,1,0.0,,0.0,16,0,1,0,2,0.0,0,1,0
W046,4,S009,T10,dev,0,1,0,ОГЭ,7,алгебра-неравенства,"числа на координатной прямой, сравнение чисел",1,1.2857142857142858,1,7,6,36,0,1,number,high,2,,,1,1,0,0,0,1,1.0,,0.0,4,,0,0,1,1,0,0,0,1,1.0,,0.0,4,,0,0,2,1.0,0,0,0
W046,41,S009,T10,dev,1,0,0,ОГЭ,10,вероятность,"классическая вероятность, сложение и умножение вероятностей",0,1.2857142857142858,1,7,6,36,1,1,number,high,"0,3",,,0,0,0,0,1,1,0.0,,0.0,"0,3",1,0,0,0,0,0,0,1,1,0.0,,0.0,"0,3",1,0,0,2,0.0,0,1,0
W046,42,S009,T10,dev,1,0,0,ОГЭ,10,вероятность,"классическая вероятность, сложение и умножение вероятностей",0,1.2857142857142858,1,7,6,36,1,1,number,high,"0,88",,,0,0,0,0,1,1,0.0,,0.0,"0,88",1,0,0,0,0,0,0,1,1,0.0,,0.0,"0,88",1,0,0,2,0.0,0,1,0
W046,43,S009,T10,dev,1,0,0,ОГЭ,10,вероятность,"классическая вероятность, сложение и умножение вероятностей",0,1.2857142857142858,1,7,6,36,1,1,number,high,"0,8",,,0,0,0,0,1,1,0.0,,0.0,"0,8",1,0,0,0,0,0,0,1,1,0.0,,0.0,"0,8",1,0,0,2,0.0,0,1,0
W046,44,S009,T10,dev,0,1,0,ОГЭ,10,вероятность,"классическая вероятность, сложение и умножение вероятностей",0,1.2857142857142858,1,7,6,36,1,1,number,high,"0,096",,,1,1,0,0,0,1,1.0,,0.0,"0,96",0,0,0,1,1,0,0,0,1,1.0,,0.0,"0,96",0,0,0,2,1.0,0,0,0
W046,45,S009,T10,dev,1,0,0,ОГЭ,10,вероятность,"классическая вероятность, сложение и умножение вероятностей",0,1.2857142857142858,1,7,6,36,1,1,number,high,"0,94",,,0,0,0,0,1,1,0.0,,0.0,"0,94",1,0,0,0,0,0,0,1,1,0.0,,0.0,"0,94",1,0,0,2,0.0,0,1,0
W046,46,S009,T10,dev,0,1,0,ОГЭ,10,вероятность,"классическая вероятность, сложение и умножение вероятностей",0,1.2857142857142858,1,7,6,36,2,1,number,high,"0,02",,,1,1,0,0,0,1,1.0,,0.0,"0,044",0,1,0,1,1,0,0,0,1,1.0,,0.0,"0,044",0,1,0,2,1.0,0,0,0
W046,47,S009,T10,dev,1,0,0,ОГЭ,10,вероятность,"классическая вероятность, сложение и умножение вероятностей",0,1.2857142857142858,1,7,6,36,2,1,number,high,"0,1",,,0,0,0,0,1,1,0.0,,0.0,"0,1",1,1,0,0,0,0,0,1,1,0.0,,0.0,"0,1",1,1,0,2,0.0,0,1,0
W046,48,S009,T10,dev,0,1,0,ОГЭ,10,вероятность,"классическая вероятность, сложение и умножение вероятностей",0,1.2857142857142858,1,7,6,36,2,1,number,high,"0,147",,,1,1,0,0,0,1,1.0,,0.0,"0,187",0,1,0,1,1,0,0,0,1,1.0,,0.0,"0,187",0,1,0,2,1.0,0,0,0
W046,49,S009,T10,dev,0,1,0,ОГЭ,10,вероятность,"классическая вероятность, сложение и умножение вероятностей",0,1.2857142857142858,1,7,6,36,2,1,number,high,"0,25",,,1,1,0,0,0,1,1.0,,0.0,"0,5",0,1,0,1,1,0,0,0,1,1.0,,0.0,"0,5",0,1,0,2,1.0,0,0,0
W046,5,S009,T10,dev,0,1,0,ОГЭ,7,алгебра-неравенства,"числа на координатной прямой, сравнение чисел",1,1.2857142857142858,1,7,6,36,0,1,number,high,4,,,1,1,0,0,0,1,1.0,,0.0,3,1,0,0,1,1,0,0,0,1,1.0,,0.0,3,1,0,0,2,1.0,0,0,0
W046,50,S009,T10,dev,1,0,0,ОГЭ,10,вероятность,"классическая вероятность, сложение и умножение вероятностей",0,1.2857142857142858,1,7,6,36,2,1,number,high,"0,3",,,1,1,0,0,0,1,1.0,,0.0,"0,7",0,1,1,1,1,0,0,0,1,1.0,,0.0,"0,7",0,1,1,2,1.0,0,0,0
W046,51,S009,T10,dev,1,0,0,ОГЭ,10,вероятность,"классическая вероятность, сложение и умножение вероятностей",0,1.2857142857142858,1,7,6,36,2,1,number,high,"0,5",,,0,0,0,0,1,1,0.0,,0.0,"0,5",1,1,0,0,0,0,0,1,1,0.0,,0.0,"0,5",1,1,0,2,0.0,0,1,0
W046,52,S009,T10,dev,1,0,0,ОГЭ,10,вероятность,"классическая вероятность, сложение и умножение вероятностей",0,1.2857142857142858,1,7,6,36,2,1,number,high,"0,9604",,,1,1,0,0,0,1,1.0,,0.0,"0,98",0,1,1,0,0,0,0,0,1,0.0,,0.0,"0,98",0,1,0,2,0.5,1,0,0
W046,53,S009,T10,dev,1,0,0,ОГЭ,10,вероятность,"классическая вероятность, сложение и умножение вероятностей",0,1.2857142857142858,1,7,6,36,2,1,number,high,"0,85",,,0,0,0,0,1,1,0.0,,0.0,"0,85",1,1,0,0,0,0,0,1,1,0.0,,0.0,"0,85",1,1,0,2,0.0,0,1,0
W046,54,S009,T10,dev,1,0,0,ОГЭ,10,вероятность,"классическая вероятность, сложение и умножение вероятностей",0,1.2857142857142858,1,7,6,36,2,1,number,high,"0,9409",,,0,0,0,0,1,1,0.0,,0.0,"0,9409",1,1,0,0,0,0,0,1,1,0.0,,0.0,"0,9409",1,1,0,2,0.0,0,1,0
W046,55,S009,T10,dev,1,0,0,ОГЭ,10,вероятность,"классическая вероятность, сложение и умножение вероятностей",0,1.2857142857142858,1,7,6,36,2,1,number,high,"0,92",,,0,0,0,0,1,1,0.0,,0.0,"0,92",1,1,0,0,0,0,0,1,1,0.0,,0.0,"0,92",1,1,0,2,0.0,0,1,0
W046,56,S009,T10,dev,1,0,0,ОГЭ,10,вероятность,"классическая вероятность, сложение и умножение вероятностей",0,1.2857142857142858,1,7,6,36,2,1,number,high,"0,75",,,0,0,0,0,1,1,0.0,,0.0,"0,75",1,1,0,0,0,0,0,1,1,0.0,,0.0,"0,75",1,1,0,2,0.0,0,1,0
W046,57,S009,T10,dev,1,0,0,ОГЭ,10,вероятность,"классическая вероятность, сложение и умножение вероятностей",0,1.2857142857142858,1,7,6,36,2,1,number,high,"0,8",,,1,1,0,0,0,1,1.0,,0.0,"0,2",1,1,1,0,0,0,0,0,1,0.0,,0.0,"0,2",1,1,0,2,0.5,1,0,0
W046,58,S009,T10,dev,1,0,0,ОГЭ,10,вероятность,"классическая вероятность, сложение и умножение вероятностей",0,1.2857142857142858,1,7,6,36,2,1,number,high,"0,4",,,0,0,0,0,1,1,0.0,,0.0,"0,4",1,1,0,0,0,0,0,1,1,0.0,,0.0,"0,4",1,1,0,2,0.0,0,1,0
W046,59,S009,T10,dev,1,0,0,ОГЭ,10,вероятность,"классическая вероятность, сложение и умножение вероятностей",0,1.2857142857142858,1,7,6,36,2,1,number,high,"0,89",,,0,0,0,0,1,1,0.0,,0.0,"0,89",1,0,0,0,0,0,0,1,1,0.0,,0.0,"0,89",1,0,0,2,0.0,0,1,0
W046,6,S009,T10,dev,1,0,0,ОГЭ,7,алгебра-неравенства,"числа на координатной прямой, сравнение чисел",1,1.2857142857142858,1,7,6,36,0,1,number,high,3,,,1,1,0,0,1,1,1.0,,0.0,3,1,0,1,0,0,0,0,1,1,0.0,,0.0,3,1,0,0,2,0.5,1,1,1
W046,60,S009,T10,dev,1,0,0,ОГЭ,10,вероятность,"классическая вероятность, сложение и умножение вероятностей",0,1.2857142857142858,1,7,6,36,2,1,number,high,"0,2",,,0,0,0,0,1,1,0.0,,0.0,"0,2",1,1,0,0,0,0,0,1,1,0.0,,0.0,"0,2",1,1,0,2,0.0,0,1,0
W046,7,S009,T10,dev,1,0,0,ОГЭ,7,алгебра-неравенства,"числа на координатной прямой, сравнение чисел",1,1.2857142857142858,1,7,6,36,0,1,number,high,2,,,0,0,0,0,1,1,0.0,,0.0,2,,0,0,0,0,0,0,1,1,0.0,,0.0,2,,0,0,2,0.0,0,1,0
W046,8,S009,T10,dev,0,1,0,ОГЭ,7,алгебра-неравенства,"числа на координатной прямой, сравнение чисел",1,1.2857142857142858,1,7,6,36,0,1,number,high,2,,,1,1,0,0,0,1,1.0,,0.0,4,,0,0,1,1,0,0,0,1,1.0,,0.0,4,,0,0,2,1.0,0,0,0
W046,9,S009,T10,dev,1,0,0,ОГЭ,7,алгебра-неравенства,"числа на координатной прямой, сравнение чисел",1,1.2857142857142858,1,7,6,36,,0,number,high,4,,,1,0,0,0,,1,0.0,,0.0,,,0,1,1,0,0,0,,1,0.0,,0.0,,,0,1,2,1.0,0,,
W047,1,S011,T23,dev,1,0,0,ОГЭ,,вариант-смешанный,полный вариант ОГЭ (задания 1–25),1,1.8333333333333333,1,6,0,1,0,1,number,high,132,,,0,0,0,0,1,1,0.0,,0.0,132,1,0,0,0,0,0,0,1,1,0.0,,0.0,132,1,0,0,2,0.0,0,1,0
W047,10,S011,T23,dev,1,0,0,ОГЭ,,вариант-смешанный,полный вариант ОГЭ (задания 1–25),1,1.8333333333333333,1,6,0,1,0,1,number,high,"0,3",,,0,0,0,0,1,1,0.0,,0.0,"0,3",1,0,0,0,0,0,0,1,1,0.0,,0.0,"0,3",1,0,0,2,0.0,0,1,0
W047,11,S011,T23,dev,1,0,0,ОГЭ,,вариант-смешанный,полный вариант ОГЭ (задания 1–25),1,1.8333333333333333,1,6,0,1,0,1,number,high,132,,,0,0,0,0,0,1,0.0,,0.0,"А: 1, Б: 3, В: 2",0,0,0,0,0,0,0,0,1,0.0,,0.0,"А: 1, Б: 3, В: 2",0,0,0,2,0.0,0,0,1
W047,12,S011,T23,dev,1,0,0,ОГЭ,,вариант-смешанный,полный вариант ОГЭ (задания 1–25),1,1.8333333333333333,1,6,0,1,0,1,number,high,260,,,0,0,0,0,1,1,0.0,,0.0,260,1,0,0,0,0,0,0,1,1,0.0,,0.0,260,1,0,0,2,0.0,0,1,0
W047,13,S011,T23,dev,1,0,0,ОГЭ,,вариант-смешанный,полный вариант ОГЭ (задания 1–25),1,1.8333333333333333,1,6,0,1,0,1,number,high,2,,,1,1,0,0,1,0,1.0,,0.0,2,,0,1,0,0,0,0,1,0,0.0,,0.0,2,,0,0,2,0.5,1,1,1
W047,14,S011,T23,dev,1,0,0,ОГЭ,,вариант-смешанный,полный вариант ОГЭ (задания 1–25),1,1.8333333333333333,1,6,0,1,0,1,number,high,"-53,7",,,0,0,0,0,1,1,0.0,,0.0,"-53,7",1,0,0,0,0,0,0,1,1,0.0,,0.0,"-53,7",1,0,0,2,0.0,0,1,0
W047,15,S011,T23,dev,0,1,0,ОГЭ,,вариант-смешанный,полный вариант ОГЭ (задания 1–25),1,1.8333333333333333,1,6,0,1,0,1,number,high,114,,,1,1,0,0,0,1,1.0,,0.0,89,0,0,0,1,1,0,0,0,1,1.0,,0.0,89,0,0,0,2,1.0,0,0,0
W047,17,S011,T23,dev,1,0,0,ОГЭ,,вариант-смешанный,полный вариант ОГЭ (задания 1–25),1,1.8333333333333333,1,6,0,1,0,1,number,high,6400,,,0,0,0,0,1,1,0.0,,0.0,6400,1,0,0,0,0,0,0,1,1,0.0,,0.0,6400,1,0,0,2,0.0,0,1,0
W047,18,S011,T23,dev,1,0,0,ОГЭ,,вариант-смешанный,полный вариант ОГЭ (задания 1–25),1,1.8333333333333333,1,6,0,1,0,1,number,high,28,,,1,1,0,0,1,0,1.0,,0.0,28,1,0,1,0,0,0,0,1,0,0.0,,0.0,28,1,0,0,2,0.5,1,1,1
W047,19,S011,T23,dev,1,0,0,ОГЭ,,вариант-смешанный,полный вариант ОГЭ (задания 1–25),1,1.8333333333333333,1,6,0,1,0,1,number,high,1,,,0,0,0,0,1,1,0.0,,0.0,1,,0,0,0,0,0,0,1,1,0.0,,0.0,1,,0,0,2,0.0,0,1,0
W047,2,S011,T23,dev,1,0,0,ОГЭ,,вариант-смешанный,полный вариант ОГЭ (задания 1–25),1,1.8333333333333333,1,6,0,1,0,1,number,high,"15,4",,,0,0,0,0,1,1,0.0,,0.0,"15,4",1,0,0,0,0,0,0,1,1,0.0,,0.0,"15,4",1,0,0,2,0.0,0,1,0
W047,23,S011,T23,dev,1,0,0,ОГЭ,,вариант-смешанный,полный вариант ОГЭ (задания 1–25),1,1.8333333333333333,1,6,0,1,0,1,number,high,16,,,0,0,0,0,1,1,0.0,,0.0,16,1,0,0,0,0,0,0,1,1,0.0,,0.0,16,1,0,0,2,0.0,0,1,0
W047,24,S011,T23,dev,0,1,0,ОГЭ,,вариант-смешанный,полный вариант ОГЭ (задания 1–25),1,1.8333333333333333,1,6,0,1,0,1,proof,high,—,,,1,1,0,0,,,1.0,,0.0,доказано,,0,0,1,1,0,0,,,1.0,,0.0,доказано,,0,0,2,1.0,0,,
W047,3,S011,T23,dev,1,0,0,ОГЭ,,вариант-смешанный,полный вариант ОГЭ (задания 1–25),1,1.8333333333333333,1,6,0,1,0,1,number,high,21100,,,0,0,0,0,1,1,0.0,,0.0,21100,1,0,0,0,0,0,0,1,1,0.0,,0.0,21100,1,0,0,2,0.0,0,1,0
W047,4,S011,T23,dev,0,1,0,ОГЭ,,вариант-смешанный,полный вариант ОГЭ (задания 1–25),1,1.8333333333333333,1,6,0,1,0,1,number,high,15750,,,1,1,0,0,0,1,1.0,,0.0,19250,0,0,0,1,1,0,0,0,1,1.0,,0.0,19250,0,0,0,2,1.0,0,0,0
W047,5,S011,T23,dev,1,0,0,ОГЭ,,вариант-смешанный,полный вариант ОГЭ (задания 1–25),1,1.8333333333333333,1,6,0,1,0,1,number,high,51,,,0,0,0,0,1,1,0.0,,0.0,51,1,0,0,0,0,0,0,1,1,0.0,,0.0,51,1,0,0,2,0.0,0,1,0
W047,6,S011,T23,dev,0,1,0,ОГЭ,,вариант-смешанный,полный вариант ОГЭ (задания 1–25),1,1.8333333333333333,1,6,0,1,0,1,number,high,"-0,55",,,1,1,0,0,0,1,1.0,,0.0,"0,35",0,0,0,1,1,0,0,0,1,1.0,,0.0,"0,35",0,0,0,2,1.0,0,0,0
W047,7,S011,T23,dev,1,0,0,ОГЭ,,вариант-смешанный,полный вариант ОГЭ (задания 1–25),1,1.8333333333333333,1,6,0,1,0,1,number,high,2,,,0,0,0,0,1,1,0.0,,0.0,2,,0,0,0,0,0,0,1,1,0.0,,0.0,2,,0,0,2,0.0,0,1,0
W047,8,S011,T23,dev,1,0,0,ОГЭ,,вариант-смешанный,полный вариант ОГЭ (задания 1–25),1,1.8333333333333333,1,6,0,1,0,1,number,high,"0,02",,,0,0,0,0,1,1,0.0,,0.0,"0,02",1,0,0,0,0,0,0,1,1,0.0,,0.0,"0,02",1,0,0,2,0.0,0,1,0
W047,9,S011,T23,dev,0,1,1,ОГЭ,,вариант-смешанный,полный вариант ОГЭ (задания 1–25),1,1.8333333333333333,1,6,0,1,0,1,number,high,"-6,2",,,1,1,0,0,0,1,1.0,,0.0,"6,2",0,0,0,1,1,0,0,0,1,1.0,,0.0,"6,2",0,0,0,2,1.0,0,0,0
W048,1,S012,M4,dev,1,0,0,школьная программа,,алгебра-неравенства,сравнение степеней,0,1.75,1,4,0,2,0,1,text,high,((3√7−1)/7)^(−3/5) > ((3√7−1)/7)^(−2/5),,,1,1,0,0,,,1.0,,0.0,"((7)/(3\sqrt{7}-1))^{0,6} > ((3\sqrt{7}-1)/(7))^{0,4} (по сути первое больше второго)",,0,1,0,0,0,0,,,0.0,,0.0,"((7)/(3\sqrt{7}-1))^{0,6} > ((3\sqrt{7}-1)/(7))^{0,4} (по сути первое больше второго)",,0,0,2,0.5,1,,
W048,2а,S012,M4,dev,1,0,0,школьная программа,,алгебра-уравнения,показательные уравнения,0,1.75,1,4,0,2,0,1,number,high,2,,,0,0,0,0,1,1,0.0,,0.0,2,,1,0,0,0,0,0,1,1,0.0,,0.0,2,,1,0,2,0.0,0,1,0
W048,2б,S012,M4,dev,1,0,0,школьная программа,,алгебра-уравнения,показательные уравнения,0,1.75,1,4,0,2,0,1,set,high,0; 1,,,0,0,0,0,1,1,0.0,,0.0,0; 1,,1,0,0,0,0,0,1,1,0.0,,0.0,0; 1,,1,0,2,0.0,0,1,0
W048,3,S012,M4,dev,0,1,0,школьная программа,,алгебра-уравнения,значение показательного выражения при условии,0,1.75,1,4,0,2,0,1,expression,high,b²/25 + 2,,,1,2,0,0,,,1.0,,0.0,b^2/25 + b/5,,1,0,1,2,0,0,,,1.0,,0.0,b^2/25 + b/5,,1,0,2,1.0,0,,
W048,4а,S012,M4,dev,0,1,0,школьная программа,,алгебра-неравенства,показательные неравенства,0,1.75,1,4,0,2,0,1,interval,high,(-2; 1) ∪ (3; +∞),,,1,1,0,0,0,1,1.0,,0.0,x \in (-\infty ; -1) \cup (2 ; 3),,1,0,1,1,0,0,0,1,1.0,,0.0,x \in (-\infty ; -1) \cup (2 ; 3),,1,0,2,1.0,0,0,0
W049,1,S009,T23,dev,1,0,0,ОГЭ,,вариант-смешанный,полный вариант ОГЭ (задания 1–25),1,1.25,1,4,9,15,0,1,number,high,132,,,0,0,0,0,1,1,0.0,,0.0,132,1,0,0,0,0,0,0,1,1,0.0,,0.0,132,1,0,0,2,0.0,0,1,0
W049,10,S009,T23,dev,1,0,0,ОГЭ,,вариант-смешанный,полный вариант ОГЭ (задания 1–25),1,1.25,1,4,9,15,0,1,number,high,"0,3",,,0,0,0,0,1,1,0.0,,0.0,"0,3",0,0,0,0,0,0,0,1,1,0.0,,0.0,"0,3",0,0,0,2,0.0,0,1,0
W049,11,S009,T23,dev,1,0,0,ОГЭ,,вариант-смешанный,полный вариант ОГЭ (задания 1–25),1,1.25,1,4,9,15,0,1,number,high,132,,,0,0,0,0,1,1,0.0,,0.0,132,1,0,0,0,0,0,0,1,1,0.0,,0.0,132,1,0,0,2,0.0,0,1,0
W049,12,S009,T23,dev,0,1,0,ОГЭ,,вариант-смешанный,полный вариант ОГЭ (задания 1–25),1,1.25,1,4,9,15,0,1,number,high,260,,,1,1,0,0,0,1,1.0,,0.0,280,0,0,0,1,1,0,0,0,1,1.0,,0.0,280,0,0,0,2,1.0,0,0,0
W049,13,S009,T23,dev,1,0,0,ОГЭ,,вариант-смешанный,полный вариант ОГЭ (задания 1–25),1,1.25,1,4,9,15,0,1,number,high,2,,,1,1,0,0,1,0,1.0,,0.0,2,,0,1,0,0,0,0,1,0,0.0,,0.0,2,,0,0,2,0.5,1,1,1
W049,14,S009,T23,dev,1,0,0,ОГЭ,,вариант-смешанный,полный вариант ОГЭ (задания 1–25),1,1.25,1,4,9,15,0,1,number,high,"-53,7",,,0,0,0,0,1,1,0.0,,0.0,"-53,7",1,0,0,0,0,0,0,1,1,0.0,,0.0,"-53,7",1,0,0,2,0.0,0,1,0
W049,15,S009,T23,dev,1,0,0,ОГЭ,,вариант-смешанный,полный вариант ОГЭ (задания 1–25),1,1.25,1,4,9,15,0,1,number,high,114,,,1,1,0,0,0,1,1.0,,0.0,111,0,0,1,1,1,0,0,0,1,1.0,,0.0,111,0,0,1,2,1.0,0,0,0
W049,16,S009,T23,dev,1,0,0,ОГЭ,,вариант-смешанный,полный вариант ОГЭ (задания 1–25),1,1.25,1,4,9,15,0,1,number,high,10,,,0,0,0,0,1,1,0.0,,0.0,10,0,0,0,0,0,0,0,1,1,0.0,,0.0,10,0,0,0,2,0.0,0,1,0
W049,17,S009,T23,dev,1,0,0,ОГЭ,,вариант-смешанный,полный вариант ОГЭ (задания 1–25),1,1.25,1,4,9,15,0,1,number,high,6400,,,0,0,0,0,1,1,0.0,,0.0,6400,0,0,0,0,0,0,0,1,1,0.0,,0.0,6400,0,0,0,2,0.0,0,1,0
W049,18,S009,T23,dev,1,0,0,ОГЭ,,вариант-смешанный,полный вариант ОГЭ (задания 1–25),1,1.25,1,4,9,15,0,1,number,high,28,,,1,1,0,0,1,0,1.0,,0.0,28,0,0,1,0,0,0,0,1,0,0.0,,0.0,28,0,0,0,2,0.5,1,1,1
W049,19,S009,T23,dev,1,0,0,ОГЭ,,вариант-смешанный,полный вариант ОГЭ (задания 1–25),1,1.25,1,4,9,15,0,1,number,high,1,,,0,0,0,0,1,1,0.0,,0.0,1,,0,0,0,0,0,0,1,1,0.0,,0.0,1,,0,0,2,0.0,0,1,0
W049,2,S009,T23,dev,1,0,0,ОГЭ,,вариант-смешанный,полный вариант ОГЭ (задания 1–25),1,1.25,1,4,9,15,0,1,number,high,"15,4",,,0,0,0,0,1,1,0.0,,0.0,"15,4",0,0,0,0,0,0,0,1,1,0.0,,0.0,"15,4",0,0,0,2,0.0,0,1,0
W049,20,S009,T23,dev,0,1,0,ОГЭ,,вариант-смешанный,полный вариант ОГЭ (задания 1–25),1,1.25,1,4,9,15,2,1,set,high,2/3; 2,,,1,1,0,0,0,1,1.0,,0.0,2; 4/(-6),,0,0,1,1,0,0,0,1,1.0,,0.0,2; 4/(-6),,0,0,2,1.0,0,0,0
W049,3,S009,T23,dev,1,0,0,ОГЭ,,вариант-смешанный,полный вариант ОГЭ (задания 1–25),1,1.25,1,4,9,15,0,1,number,high,21100,,,0,0,0,0,1,1,0.0,,0.0,21100,0,0,0,0,0,0,0,1,1,0.0,,0.0,21100,0,0,0,2,0.0,0,1,0
W049,4,S009,T23,dev,1,0,0,ОГЭ,,вариант-смешанный,полный вариант ОГЭ (задания 1–25),1,1.25,1,4,9,15,0,1,number,high,15750,,,0,0,0,0,1,1,0.0,,0.0,15750,0,0,0,0,0,0,0,1,1,0.0,,0.0,15750,0,0,0,2,0.0,0,1,0
W049,5,S009,T23,dev,1,0,0,ОГЭ,,вариант-смешанный,полный вариант ОГЭ (задания 1–25),1,1.25,1,4,9,15,0,1,number,high,51,,,0,0,0,0,1,1,0.0,,0.0,51,0,0,0,0,0,0,0,1,1,0.0,,0.0,51,0,0,0,2,0.0,0,1,0
W049,6,S009,T23,dev,0,1,0,ОГЭ,,вариант-смешанный,полный вариант ОГЭ (задания 1–25),1,1.25,1,4,9,15,0,1,number,high,"-0,55",,,1,1,0,0,0,1,1.0,,0.0,"-0,45",0,0,0,1,1,0,0,0,1,1.0,,0.0,"-0,45",0,0,0,2,1.0,0,0,0
W049,7,S009,T23,dev,1,0,0,ОГЭ,,вариант-смешанный,полный вариант ОГЭ (задания 1–25),1,1.25,1,4,9,15,0,1,number,high,2,,,0,0,0,0,1,1,0.0,,0.0,2,,0,0,0,0,0,0,1,1,0.0,,0.0,2,,0,0,2,0.0,0,1,0
W049,8,S009,T23,dev,1,0,0,ОГЭ,,вариант-смешанный,полный вариант ОГЭ (задания 1–25),1,1.25,1,4,9,15,0,1,number,high,"0,02",,,0,0,0,0,1,1,0.0,,0.0,"0,02",0,0,0,0,0,0,0,1,1,0.0,,0.0,"0,02",0,0,0,2,0.0,0,1,0
W049,9,S009,T23,dev,1,0,0,ОГЭ,,вариант-смешанный,полный вариант ОГЭ (задания 1–25),1,1.25,1,4,9,15,0,1,number,high,"-6,2",,,0,0,0,0,1,1,0.0,,0.0,"-6,2",1,0,0,0,0,0,0,1,1,0.0,,0.0,"-6,2",1,0,0,2,0.0,0,1,0
W050,1,S010,T23,dev,1,0,0,ОГЭ,,вариант-смешанный,полный вариант ОГЭ (задания 1–25),1,1.8,1,5,6,11,1,1,number,high,132,,,0,0,0,0,1,1,0.0,,0.0,132,1,0,0,0,0,0,0,1,1,0.0,,0.0,132,1,0,0,2,0.0,0,1,0
W050,10,S010,T23,dev,1,0,0,ОГЭ,,вариант-смешанный,полный вариант ОГЭ (задания 1–25),1,1.8,1,5,6,11,1,1,number,high,"0,3",,,0,0,0,0,1,1,0.0,,0.0,"0,3",1,1,0,0,0,0,0,1,1,0.0,,0.0,"0,3",1,1,0,2,0.0,0,1,0
W050,11,S010,T23,dev,0,1,0,ОГЭ,,вариант-смешанный,полный вариант ОГЭ (задания 1–25),1,1.8,1,5,6,11,1,1,number,high,132,,,1,1,0,0,0,1,1.0,,0.0,231,0,0,0,1,1,0,0,0,1,1.0,,0.0,231,0,0,0,2,1.0,0,0,0
W050,12,S010,T23,dev,1,0,0,ОГЭ,,вариант-смешанный,полный вариант ОГЭ (задания 1–25),1,1.8,1,5,6,11,1,1,number,high,260,,,0,0,0,0,1,1,0.0,,0.0,260,1,0,0,0,0,0,0,1,1,0.0,,0.0,260,1,0,0,2,0.0,0,1,0
W050,13,S010,T23,dev,1,0,0,ОГЭ,,вариант-смешанный,полный вариант ОГЭ (задания 1–25),1,1.8,1,5,6,11,1,1,number,high,2,,,1,1,0,0,1,0,1.0,,0.0,2,,0,1,1,1,0,0,1,0,1.0,,0.0,2,,0,1,2,1.0,0,1,1
W050,14,S010,T23,dev,1,0,0,ОГЭ,,вариант-смешанный,полный вариант ОГЭ (задания 1–25),1,1.8,1,5,6,11,1,1,number,high,"-53,7",,,0,0,0,0,1,1,0.0,,0.0,"-53,7",1,0,0,0,0,0,0,1,1,0.0,,0.0,"-53,7",1,0,0,2,0.0,0,1,0
W050,15,S010,T23,dev,1,0,0,ОГЭ,,вариант-смешанный,полный вариант ОГЭ (задания 1–25),1,1.8,1,5,6,11,1,1,number,high,114,,,0,0,0,0,1,1,0.0,,0.0,114,1,0,0,0,0,0,0,1,1,0.0,,0.0,114,1,0,0,2,0.0,0,1,0
W050,17,S010,T23,dev,0,1,0,ОГЭ,,вариант-смешанный,полный вариант ОГЭ (задания 1–25),1,1.8,1,5,6,11,3,1,number,high,6400,,,1,1,0,0,0,1,1.0,,0.0,40,0,1,0,1,1,0,0,0,1,1.0,,0.0,40,0,1,0,2,1.0,0,0,0
W050,18,S010,T23,dev,1,0,0,ОГЭ,,вариант-смешанный,полный вариант ОГЭ (задания 1–25),1,1.8,1,5,6,11,3,1,number,high,28,,,1,1,0,0,1,0,1.0,,0.0,28,1,1,1,1,1,0,0,1,0,1.0,,0.0,28,1,1,1,2,1.0,0,1,1
W050,19,S010,T23,dev,1,0,0,ОГЭ,,вариант-смешанный,полный вариант ОГЭ (задания 1–25),1,1.8,1,5,6,11,3,1,number,high,1,,,1,0,0,0,,1,0.0,,0.0,,,0,1,1,0,0,0,,1,0.0,,0.0,,,0,1,2,1.0,0,,
W050,20,S010,T23,dev,1,0,0,ОГЭ,,вариант-смешанный,полный вариант ОГЭ (задания 1–25),1,1.8,1,5,6,11,3,1,set,high,2/3; 2,,,0,0,0,0,1,1,0.0,,0.0,2/3; 2,,1,0,0,0,0,0,1,1,0.0,,0.0,2/3; 2,,1,0,2,0.0,0,1,0
W050,3,S010,T23,dev,1,0,0,ОГЭ,,вариант-смешанный,полный вариант ОГЭ (задания 1–25),1,1.8,1,5,6,11,1,1,number,high,21100,,,0,0,0,0,1,1,0.0,,0.0,21100,1,0,0,0,0,0,0,1,1,0.0,,0.0,21100,1,0,0,2,0.0,0,1,0
W050,4,S010,T23,dev,1,0,0,ОГЭ,,вариант-смешанный,полный вариант ОГЭ (задания 1–25),1,1.8,1,5,6,11,1,1,number,high,15750,,,1,1,0,0,0,1,1.0,,0.0,15450,0,0,1,1,1,0,0,0,1,1.0,,0.0,15450,0,0,1,2,1.0,0,0,0
W050,6,S010,T23,dev,1,0,0,ОГЭ,,вариант-смешанный,полный вариант ОГЭ (задания 1–25),1,1.8,1,5,6,11,1,1,number,high,"-0,55",,,0,0,0,0,1,1,0.0,,0.0,"-0,55",1,0,0,0,0,0,0,1,1,0.0,,0.0,"-0,55",1,0,0,2,0.0,0,1,0
W050,7,S010,T23,dev,1,0,0,ОГЭ,,вариант-смешанный,полный вариант ОГЭ (задания 1–25),1,1.8,1,5,6,11,1,1,number,high,2,,,0,0,0,0,1,1,0.0,,0.0,2,,0,0,0,0,0,0,1,1,0.0,,0.0,2,,0,0,2,0.0,0,1,0
W050,8,S010,T23,dev,1,0,0,ОГЭ,,вариант-смешанный,полный вариант ОГЭ (задания 1–25),1,1.8,1,5,6,11,1,1,number,high,"0,02",,,1,1,0,0,0,1,1.0,,0.0,"0,2",0,1,1,1,1,0,0,0,1,1.0,,0.0,"0,2",0,1,1,2,1.0,0,0,0
W050,9,S010,T23,dev,1,0,0,ОГЭ,,вариант-смешанный,полный вариант ОГЭ (задания 1–25),1,1.8,1,5,6,11,1,1,number,high,"-6,2",,,0,0,0,0,1,1,0.0,,0.0,"-6,2",1,1,0,0,0,0,0,1,1,0.0,,0.0,"-6,2",1,1,0,2,0.0,0,1,0
W051,1,S011,T7,dev,0,1,0,ОГЭ,16,планиметрия-окружность,"касательная, центральные и вписанные углы, вписанная и описанная окружности",0,1.9333333333333333,1,15,3,6,0,1,number,high,16,,,1,1,0,0,0,1,1.0,,0.0,8,0,0,0,1,1,0,0,0,1,1.0,,0.0,8,0,0,0,2,1.0,0,0,0
W051,103,S011,T7,dev,0,1,1,ОГЭ,16,планиметрия-окружность,"касательная, центральные и вписанные углы, вписанная и описанная окружности",0,1.9333333333333333,1,15,3,6,0,1,number,high,44,,,0,1,0,0,1,1,0.0,,0.0,44,1,1,1,1,1,0,0,1,1,1.0,,0.0,44,1,1,0,2,0.5,1,1,0
W051,107,S011,T7,dev,1,0,0,ОГЭ,16,планиметрия-окружность,"касательная, центральные и вписанные углы, вписанная и описанная окружности",0,1.9333333333333333,1,15,3,6,0,1,number,high,4,,,0,0,0,0,1,1,0.0,,0.0,4,1,1,0,0,0,0,0,1,1,0.0,,0.0,4,1,1,0,2,0.0,0,1,0
W051,111,S011,T7,dev,0,1,0,ОГЭ,16,планиметрия-окружность,"касательная, центральные и вписанные углы, вписанная и описанная окружности",0,1.9333333333333333,1,15,3,6,0,1,number,high,9,,,1,1,0,0,0,1,1.0,,0.0,15,0,1,0,1,1,0,0,0,1,1.0,,0.0,15,0,1,0,2,1.0,0,0,0
W051,13,S011,T7,dev,1,0,0,ОГЭ,16,планиметрия-окружность,"касательная, центральные и вписанные углы, вписанная и описанная окружности",0,1.9333333333333333,1,15,3,6,0,1,number,high,"29,5",,,0,1,0,0,1,1,0.0,,0.0,"29,5",0,1,0,0,0,0,0,1,1,0.0,,0.0,"29,5",0,1,0,2,0.0,0,1,0
W051,15,S011,T7,dev,1,0,0,ОГЭ,16,планиметрия-окружность,"касательная, центральные и вписанные углы, вписанная и описанная окружности",0,1.9333333333333333,1,15,3,6,0,1,number,high,"56,5",,,0,0,0,0,1,1,0.0,,0.0,"56,5°",1,1,0,0,0,0,0,1,1,0.0,,0.0,"56,5°",1,1,0,2,0.0,0,1,0
W051,17,S011,T7,dev,1,0,0,ОГЭ,16,планиметрия-окружность,"касательная, центральные и вписанные углы, вписанная и описанная окружности",0,1.9333333333333333,1,15,3,6,0,1,number,high,142,,,0,0,0,0,1,1,0.0,,0.0,142,0,1,0,0,0,0,0,1,1,0.0,,0.0,142,0,1,0,2,0.0,0,1,0
W051,21,S011,T7,dev,1,0,0,ОГЭ,16,планиметрия-окружность,"касательная, центральные и вписанные углы, вписанная и описанная окружности",0,1.9333333333333333,1,15,3,6,0,1,number,high,72,,,0,0,0,0,1,1,0.0,,0.0,72,1,1,0,0,0,0,0,1,1,0.0,,0.0,72,1,1,0,2,0.0,0,1,0
W051,25,S011,T7,dev,1,0,0,ОГЭ,16,планиметрия-окружность,"касательная, центральные и вписанные углы, вписанная и описанная окружности",0,1.9333333333333333,1,15,3,6,0,1,number,high,58,,,0,0,0,0,1,1,0.0,,0.0,58°,0,1,0,0,0,0,0,1,1,0.0,,0.0,58°,0,1,0,2,0.0,0,1,0
W051,27,S011,T7,dev,1,0,0,ОГЭ,16,планиметрия-окружность,"касательная, центральные и вписанные углы, вписанная и описанная окружности",0,1.9333333333333333,1,15,3,6,1,1,number,high,19,,,0,0,0,0,1,1,0.0,,0.0,19°,1,1,0,0,0,0,0,1,1,0.0,,0.0,19°,1,1,0,2,0.0,0,1,0
W051,29,S011,T7,dev,1,0,0,ОГЭ,16,планиметрия-окружность,"касательная, центральные и вписанные углы, вписанная и описанная окружности",0,1.9333333333333333,1,15,3,6,0,1,number,high,36,,,0,0,0,0,1,1,0.0,,0.0,36,1,1,0,0,0,0,0,1,1,0.0,,0.0,36,1,1,0,2,0.0,0,1,0
W051,31,S011,T7,dev,1,0,0,ОГЭ,16,планиметрия-окружность,"касательная, центральные и вписанные углы, вписанная и описанная окружности",0,1.9333333333333333,1,15,3,6,0,1,number,high,56,,,0,0,0,0,1,1,0.0,,0.0,56,1,1,0,0,0,0,0,1,1,0.0,,0.0,56,1,1,0,2,0.0,0,1,0
W051,35,S011,T7,dev,1,0,0,ОГЭ,16,планиметрия-окружность,"касательная, центральные и вписанные углы, вписанная и описанная окружности",0,1.9333333333333333,1,15,3,6,0,1,number,high,8,,,0,0,0,0,1,1,0.0,,0.0,8,1,1,0,0,0,0,0,1,1,0.0,,0.0,8,1,1,0,2,0.0,0,1,0
W051,39,S011,T7,dev,1,0,0,ОГЭ,16,планиметрия-окружность,"касательная, центральные и вписанные углы, вписанная и описанная окружности",0,1.9333333333333333,1,15,3,6,0,1,number,high,6400,,,0,0,0,0,1,1,0.0,,0.0,6400,1,1,0,0,0,0,0,1,1,0.0,,0.0,6400,1,1,0,2,0.0,0,1,0
W051,43,S011,T7,dev,0,1,0,ОГЭ,16,планиметрия-окружность,"касательная, центральные и вписанные углы, вписанная и описанная окружности",0,1.9333333333333333,1,15,3,6,0,1,number,high,24,,,1,1,0,0,0,1,1.0,,0.0,12,0,1,0,1,1,0,0,0,1,1.0,,0.0,12,0,1,0,2,1.0,0,0,0
W051,47,S011,T7,dev,1,0,0,ОГЭ,16,планиметрия-окружность,"касательная, центральные и вписанные углы, вписанная и описанная окружности",0,1.9333333333333333,1,15,3,6,0,1,number,high,19,,,0,0,0,0,1,1,0.0,,0.0,19,0,1,0,0,0,0,0,1,1,0.0,,0.0,19,0,1,0,2,0.0,0,1,0
W051,67,S011,T7,dev,1,0,0,ОГЭ,16,планиметрия-окружность,"касательная, центральные и вписанные углы, вписанная и описанная окружности",0,1.9333333333333333,1,15,3,6,0,1,number,high,53,,,0,0,0,0,1,1,0.0,,0.0,53,0,1,0,0,0,0,0,1,1,0.0,,0.0,53,0,1,0,2,0.0,0,1,0
W051,69,S011,T7,dev,0,1,0,ОГЭ,16,планиметрия-окружность,"касательная, центральные и вписанные углы, вписанная и описанная окружности",0,1.9333333333333333,1,15,3,6,1,1,number,high,21,,,1,1,0,0,0,1,1.0,,0.0,36,0,1,0,1,1,0,0,0,1,1.0,,0.0,36,0,1,0,2,1.0,0,0,0
W051,75,S011,T7,dev,1,0,0,ОГЭ,16,планиметрия-окружность,"касательная, центральные и вписанные углы, вписанная и описанная окружности",0,1.9333333333333333,1,15,3,6,1,1,number,high,66,,,0,0,0,0,1,1,0.0,,0.0,66°,1,1,0,0,0,0,0,1,1,0.0,,0.0,66°,1,1,0,2,0.0,0,1,0
W051,79,S011,T7,dev,0,1,0,ОГЭ,16,планиметрия-окружность,"касательная, центральные и вписанные углы, вписанная и описанная окружности",0,1.9333333333333333,1,15,3,6,1,1,number,high,20,,,1,1,0,0,0,1,1.0,,0.0,8,0,1,0,1,1,0,0,0,1,1.0,,0.0,8,0,1,0,2,1.0,0,0,0
W051,87,S011,T7,dev,1,0,0,ОГЭ,16,планиметрия-окружность,"касательная, центральные и вписанные углы, вписанная и описанная окружности",0,1.9333333333333333,1,15,3,6,0,1,number,high,124,,,0,0,0,0,1,1,0.0,,0.0,124,1,1,0,0,0,0,0,1,1,0.0,,0.0,124,1,1,0,2,0.0,0,1,0
W051,9,S011,T7,dev,1,0,0,ОГЭ,16,планиметрия-окружность,"касательная, центральные и вписанные углы, вписанная и описанная окружности",0,1.9333333333333333,1,15,3,6,0,1,number,high,28,,,0,0,0,0,1,1,0.0,,0.0,28°,1,1,0,0,0,0,0,1,1,0.0,,0.0,28°,1,1,0,2,0.0,0,1,0
W051,95,S011,T7,dev,1,0,0,ОГЭ,16,планиметрия-окружность,"касательная, центральные и вписанные углы, вписанная и описанная окружности",0,1.9333333333333333,1,15,3,6,0,1,number,high,114,,,0,0,0,0,1,1,0.0,,0.0,114°,1,1,0,0,0,0,0,1,1,0.0,,0.0,114°,1,1,0,2,0.0,0,1,0
W051,99,S011,T7,dev,1,0,0,ОГЭ,16,планиметрия-окружность,"касательная, центральные и вписанные углы, вписанная и описанная окружности",0,1.9333333333333333,1,15,3,6,0,1,number,high,8,,,0,0,0,0,1,1,0.0,,0.0,8,0,1,0,0,0,0,0,1,1,0.0,,0.0,8,0,1,0,2,0.0,0,1,0
W052,103,S009,T7,dev,1,0,0,ОГЭ,16,планиметрия-окружность,"касательная, центральные и вписанные углы, вписанная и описанная окружности",0,1.1111111111111112,1,9,1,24,0,1,number,high,44,,,0,0,0,0,1,1,0.0,,0.0,44,1,1,0,0,0,0,0,1,1,0.0,,0.0,44,1,1,0,2,0.0,0,1,0
W052,11,S009,T7,dev,0,1,0,ОГЭ,16,планиметрия-окружность,"касательная, центральные и вписанные углы, вписанная и описанная окружности",0,1.1111111111111112,1,9,1,24,0,1,number,high,43,,,1,1,0,0,0,1,1.0,,0.0,53,0,1,0,1,1,0,0,0,1,1.0,,0.0,53,0,1,0,2,1.0,0,0,0
W052,112,S009,T7,dev,1,0,0,ОГЭ,16,планиметрия-окружность,"касательная, центральные и вписанные углы, вписанная и описанная окружности",0,1.1111111111111112,1,9,1,24,0,1,number,high,15,,,0,0,0,0,1,1,0.0,,0.0,15,1,1,0,0,0,0,0,1,1,0.0,,0.0,15,1,1,0,2,0.0,0,1,0
W052,12,S009,T7,dev,1,0,0,ОГЭ,16,планиметрия-окружность,"касательная, центральные и вписанные углы, вписанная и описанная окружности",0,1.1111111111111112,1,9,1,24,0,1,number,high,19,,,1,1,0,0,0,1,1.0,,0.0,71,0,1,1,1,1,0,0,0,1,1.0,,0.0,71,0,1,1,2,1.0,0,0,0
W052,13,S009,T7,dev,1,0,0,ОГЭ,16,планиметрия-окружность,"касательная, центральные и вписанные углы, вписанная и описанная окружности",0,1.1111111111111112,1,9,1,24,0,1,number,high,"29,5",,,0,0,0,0,1,1,0.0,,0.0,"29,5",1,1,0,0,0,0,0,1,1,0.0,,0.0,"29,5",1,1,0,2,0.0,0,1,0
W052,14,S009,T7,dev,1,0,0,ОГЭ,16,планиметрия-окружность,"касательная, центральные и вписанные углы, вписанная и описанная окружности",0,1.1111111111111112,1,9,1,24,0,1,number,high,"23,5",,,0,0,0,0,1,1,0.0,,0.0,"23,5",1,1,0,0,0,0,0,1,1,0.0,,0.0,"23,5",1,1,0,2,0.0,0,1,0
W052,16,S009,T7,dev,1,0,0,ОГЭ,16,планиметрия-окружность,"касательная, центральные и вписанные углы, вписанная и описанная окружности",0,1.1111111111111112,1,9,1,24,0,1,number,high,"86,5",,,0,0,0,0,1,1,0.0,,0.0,"86,5",1,1,0,0,0,0,0,1,1,0.0,,0.0,"86,5",1,1,0,2,0.0,0,1,0
W052,17,S009,T7,dev,0,1,0,ОГЭ,16,планиметрия-окружность,"касательная, центральные и вписанные углы, вписанная и описанная окружности",0,1.1111111111111112,1,9,1,24,0,1,number,high,142,,,1,1,0,0,0,1,1.0,,0.0,"170,5",0,1,0,1,1,0,0,0,1,1.0,,0.0,"170,5",0,1,0,2,1.0,0,0,0
W052,19,S009,T7,dev,0,1,0,ОГЭ,16,планиметрия-окружность,"касательная, центральные и вписанные углы, вписанная и описанная окружности",0,1.1111111111111112,1,9,1,24,0,1,number,high,17,,,1,1,0,0,0,1,1.0,,0.0,22,0,1,0,1,1,0,0,0,1,1.0,,0.0,22,0,1,0,2,1.0,0,0,0
W052,20,S009,T7,dev,1,0,0,ОГЭ,16,планиметрия-окружность,"касательная, центральные и вписанные углы, вписанная и описанная окружности",0,1.1111111111111112,1,9,1,24,0,1,number,high,36,,,0,0,0,0,1,1,0.0,,0.0,36,1,1,0,0,0,0,0,1,1,0.0,,0.0,36,1,1,0,2,0.0,0,1,0
W052,22,S009,T7,dev,1,0,0,ОГЭ,16,планиметрия-окружность,"касательная, центральные и вписанные углы, вписанная и описанная окружности",0,1.1111111111111112,1,9,1,24,0,1,number,high,24,,,0,0,0,0,1,1,0.0,,0.0,24,1,1,0,0,0,0,0,1,1,0.0,,0.0,24,1,1,0,2,0.0,0,1,0
W052,23,S009,T7,dev,1,0,0,ОГЭ,16,планиметрия-окружность,"касательная, центральные и вписанные углы, вписанная и описанная окружности",0,1.1111111111111112,1,9,1,24,0,1,number,high,69,,,0,0,0,0,1,1,0.0,,0.0,69,1,1,0,0,0,0,0,1,1,0.0,,0.0,69,1,1,0,2,0.0,0,1,0
W052,24,S009,T7,dev,1,0,0,ОГЭ,16,планиметрия-окружность,"касательная, центральные и вписанные углы, вписанная и описанная окружности",0,1.1111111111111112,1,9,1,24,0,1,number,high,65,,,0,0,0,0,1,1,0.0,,0.0,65,1,1,0,0,0,0,0,1,1,0.0,,0.0,65,1,1,0,2,0.0,0,1,0
W052,25,S009,T7,dev,1,0,0,ОГЭ,16,планиметрия-окружность,"касательная, центральные и вписанные углы, вписанная и описанная окружности",0,1.1111111111111112,1,9,1,24,0,1,number,high,58,,,0,0,0,0,1,1,0.0,,0.0,58,1,1,0,0,0,0,0,1,1,0.0,,0.0,58,1,1,0,2,0.0,0,1,0
W052,26,S009,T7,dev,1,0,0,ОГЭ,16,планиметрия-окружность,"касательная, центральные и вписанные углы, вписанная и описанная окружности",0,1.1111111111111112,1,9,1,24,0,1,number,high,47,,,0,0,0,0,1,1,0.0,,0.0,47,1,1,0,0,0,0,0,1,1,0.0,,0.0,47,1,1,0,2,0.0,0,1,0
W052,28,S009,T7,dev,1,0,0,ОГЭ,16,планиметрия-окружность,"касательная, центральные и вписанные углы, вписанная и описанная окружности",0,1.1111111111111112,1,9,1,24,0,1,number,high,22,,,0,0,0,0,1,1,0.0,,0.0,22,1,1,0,0,0,0,0,1,1,0.0,,0.0,22,1,1,0,2,0.0,0,1,0
W052,30,S009,T7,dev,1,0,0,ОГЭ,16,планиметрия-окружность,"касательная, центральные и вписанные углы, вписанная и описанная окружности",0,1.1111111111111112,1,9,1,24,0,1,number,high,52,,,0,0,0,0,1,1,0.0,,0.0,52,1,1,0,0,0,0,0,1,1,0.0,,0.0,52,1,1,0,2,0.0,0,1,0
W052,32,S009,T7,dev,1,0,0,ОГЭ,16,планиметрия-окружность,"касательная, центральные и вписанные углы, вписанная и описанная окружности",0,1.1111111111111112,1,9,1,24,0,1,number,high,64,,,0,0,0,0,1,1,0.0,,0.0,64,1,1,0,0,0,0,0,1,1,0.0,,0.0,64,1,1,0,2,0.0,0,1,0
W052,34,S009,T7,dev,1,0,0,ОГЭ,16,планиметрия-окружность,"касательная, центральные и вписанные углы, вписанная и описанная окружности",0,1.1111111111111112,1,9,1,24,0,1,number,high,88,,,0,0,0,0,1,1,0.0,,0.0,88,1,0,0,0,0,0,0,1,1,0.0,,0.0,88,1,0,0,2,0.0,0,1,0
W052,36,S009,T7,dev,1,0,0,ОГЭ,16,планиметрия-окружность,"касательная, центральные и вписанные углы, вписанная и описанная окружности",0,1.1111111111111112,1,9,1,24,0,1,number,high,11,,,0,0,0,0,1,1,0.0,,0.0,11,1,0,0,0,0,0,0,1,1,0.0,,0.0,11,1,0,0,2,0.0,0,1,0
W052,38,S009,T7,dev,1,0,0,ОГЭ,16,планиметрия-окружность,"касательная, центральные и вписанные углы, вписанная и описанная окружности",0,1.1111111111111112,1,9,1,24,0,1,number,high,31,,,0,0,0,0,1,1,0.0,,0.0,31,0,0,0,0,0,0,0,1,1,0.0,,0.0,31,0,0,0,2,0.0,0,1,0
W052,40,S009,T7,dev,1,0,0,ОГЭ,16,планиметрия-окружность,"касательная, центральные и вписанные углы, вписанная и описанная окружности",0,1.1111111111111112,1,9,1,24,0,1,number,high,324,,,0,0,0,0,1,1,0.0,,0.0,324,1,0,0,0,0,0,0,1,1,0.0,,0.0,324,1,0,0,2,0.0,0,1,0
W052,42,S009,T7,dev,1,0,0,ОГЭ,16,планиметрия-окружность,"касательная, центральные и вписанные углы, вписанная и описанная окружности",0,1.1111111111111112,1,9,1,24,0,1,number,high,196,,,0,0,0,0,1,1,0.0,,0.0,196,1,0,0,0,0,0,0,1,1,0.0,,0.0,196,1,0,0,2,0.0,0,1,0
W052,44,S009,T7,dev,1,0,0,ОГЭ,16,планиметрия-окружность,"касательная, центральные и вписанные углы, вписанная и описанная окружности",0,1.1111111111111112,1,9,1,24,0,1,number,high,56,,,0,0,0,0,1,1,0.0,,0.0,56,1,0,0,0,0,0,0,1,1,0.0,,0.0,56,1,0,0,2,0.0,0,1,0
W052,46,S009,T7,dev,1,0,0,ОГЭ,16,планиметрия-окружность,"касательная, центральные и вписанные углы, вписанная и описанная окружности",0,1.1111111111111112,1,9,1,24,0,1,number,high,96,,,0,0,0,0,1,1,0.0,,0.0,96,1,0,0,0,0,0,0,1,1,0.0,,0.0,96,1,0,0,2,0.0,0,1,0
W052,47,S009,T7,dev,1,0,0,ОГЭ,16,планиметрия-окружность,"касательная, центральные и вписанные углы, вписанная и описанная окружности",0,1.1111111111111112,1,9,1,24,0,1,number,high,19,,,0,0,0,0,1,1,0.0,,0.0,19,1,0,0,0,0,0,0,1,1,0.0,,0.0,19,1,0,0,2,0.0,0,1,0
W052,49,S009,T7,dev,1,0,0,ОГЭ,16,планиметрия-окружность,"касательная, центральные и вписанные углы, вписанная и описанная окружности",0,1.1111111111111112,1,9,1,24,0,1,number,high,6,,,0,0,0,0,1,1,0.0,,0.0,6,1,0,0,0,0,0,0,1,1,0.0,,0.0,6,1,0,0,2,0.0,0,1,0
W052,51,S009,T7,dev,1,0,0,ОГЭ,16,планиметрия-окружность,"касательная, центральные и вписанные углы, вписанная и описанная окружности",0,1.1111111111111112,1,9,1,24,0,1,number,high,9,,,0,0,0,0,1,1,0.0,,0.0,9,1,1,0,0,0,0,0,1,1,0.0,,0.0,9,1,1,0,2,0.0,0,1,0
W052,55,S009,T7,dev,1,0,0,ОГЭ,16,планиметрия-окружность,"касательная, центральные и вписанные углы, вписанная и описанная окружности",0,1.1111111111111112,1,9,1,24,0,1,number,high,72,,,0,0,0,0,1,1,0.0,,0.0,72,1,1,0,0,0,0,0,1,1,0.0,,0.0,72,1,1,0,2,0.0,0,1,0
W052,58,S009,T7,dev,1,0,0,ОГЭ,16,планиметрия-окружность,"касательная, центральные и вписанные углы, вписанная и описанная окружности",0,1.1111111111111112,1,9,1,24,0,1,number,high,213,,,0,0,0,0,1,1,0.0,,0.0,213,1,1,0,0,0,0,0,1,1,0.0,,0.0,213,1,1,0,2,0.0,0,1,0
W052,63,S009,T7,dev,1,0,0,ОГЭ,16,планиметрия-окружность,"касательная, центральные и вписанные углы, вписанная и описанная окружности",0,1.1111111111111112,1,9,1,24,0,1,number,high,30,,,0,0,0,0,1,1,0.0,,0.0,30,1,1,0,0,0,0,0,1,1,0.0,,0.0,30,1,1,0,2,0.0,0,1,0
W052,66,S009,T7,dev,1,0,0,ОГЭ,16,планиметрия-окружность,"касательная, центральные и вписанные углы, вписанная и описанная окружности",0,1.1111111111111112,1,9,1,24,0,1,number,high,54,,,0,0,0,0,1,1,0.0,,0.0,54,1,1,0,0,0,0,0,1,1,0.0,,0.0,54,1,1,0,2,0.0,0,1,0
W052,68,S009,T7,dev,1,0,0,ОГЭ,16,планиметрия-окружность,"касательная, центральные и вписанные углы, вписанная и описанная окружности",0,1.1111111111111112,1,9,1,24,0,1,number,high,46,,,0,0,0,0,1,1,0.0,,0.0,46,1,1,0,0,0,0,0,1,1,0.0,,0.0,46,1,1,0,2,0.0,0,1,0
W052,69,S009,T7,dev,1,0,0,ОГЭ,16,планиметрия-окружность,"касательная, центральные и вписанные углы, вписанная и описанная окружности",0,1.1111111111111112,1,9,1,24,0,1,number,high,21,,,0,0,0,0,1,1,0.0,,0.0,21,1,1,0,0,0,0,0,1,1,0.0,,0.0,21,1,1,0,2,0.0,0,1,0
W052,71,S009,T7,dev,1,0,0,ОГЭ,16,планиметрия-окружность,"касательная, центральные и вписанные углы, вписанная и описанная окружности",0,1.1111111111111112,1,9,1,24,0,1,number,high,93,,,0,0,0,0,1,1,0.0,,0.0,93,0,1,0,0,0,0,0,1,1,0.0,,0.0,93,0,1,0,2,0.0,0,1,0
W052,73,S009,T7,dev,1,0,0,ОГЭ,16,планиметрия-окружность,"касательная, центральные и вписанные углы, вписанная и описанная окружности",0,1.1111111111111112,1,9,1,24,0,1,number,high,118,,,1,1,0,0,0,1,1.0,,0.0,178,0,1,1,1,1,0,0,0,1,1.0,,0.0,178,0,1,1,2,1.0,0,0,0
W052,75,S009,T7,dev,1,0,0,ОГЭ,16,планиметрия-окружность,"касательная, центральные и вписанные углы, вписанная и описанная окружности",0,1.1111111111111112,1,9,1,24,0,1,number,high,66,,,0,0,0,0,1,1,0.0,,0.0,66,1,1,0,0,0,0,0,1,1,0.0,,0.0,66,1,1,0,2,0.0,0,1,0
W052,77,S009,T7,dev,1,0,0,ОГЭ,16,планиметрия-окружность,"касательная, центральные и вписанные углы, вписанная и описанная окружности",0,1.1111111111111112,1,9,1,24,0,1,number,high,81,,,0,0,0,0,1,1,0.0,,0.0,81,1,1,0,0,0,0,0,1,1,0.0,,0.0,81,1,1,0,2,0.0,0,1,0
W052,79,S009,T7,dev,1,0,0,ОГЭ,16,планиметрия-окружность,"касательная, центральные и вписанные углы, вписанная и описанная окружности",0,1.1111111111111112,1,9,1,24,1,1,number,high,20,,,0,0,0,0,1,1,0.0,,0.0,20,1,0,0,0,0,0,0,1,1,0.0,,0.0,20,1,0,0,2,0.0,0,1,0
W052,82,S009,T7,dev,1,0,0,ОГЭ,16,планиметрия-окружность,"касательная, центральные и вписанные углы, вписанная и описанная окружности",0,1.1111111111111112,1,9,1,24,1,1,number,high,10,,,0,0,0,0,1,1,0.0,,0.0,10,1,0,0,0,0,0,0,1,1,0.0,,0.0,10,1,0,0,2,0.0,0,1,0
W052,83,S009,T7,dev,1,0,0,ОГЭ,16,планиметрия-окружность,"касательная, центральные и вписанные углы, вписанная и описанная окружности",0,1.1111111111111112,1,9,1,24,1,1,number,high,18,,,0,0,0,0,1,1,0.0,,0.0,18,1,0,0,0,0,0,0,1,1,0.0,,0.0,18,1,0,0,2,0.0,0,1,0
W052,87,S009,T7,dev,1,0,0,ОГЭ,16,планиметрия-окружность,"касательная, центральные и вписанные углы, вписанная и описанная окружности",0,1.1111111111111112,1,9,1,24,0,1,number,high,124,,,0,0,0,0,1,1,0.0,,0.0,124,1,1,0,0,0,0,0,1,1,0.0,,0.0,124,1,1,0,2,0.0,0,1,0
W052,90,S009,T7,dev,1,0,0,ОГЭ,16,планиметрия-окружность,"касательная, центральные и вписанные углы, вписанная и описанная окружности",0,1.1111111111111112,1,9,1,24,0,1,number,high,147,,,0,0,0,0,1,1,0.0,,0.0,147,1,1,0,0,0,0,0,1,1,0.0,,0.0,147,1,1,0,2,0.0,0,1,0
W052,92,S009,T7,dev,0,1,1,ОГЭ,16,планиметрия-окружность,"касательная, центральные и вписанные углы, вписанная и описанная окружности",0,1.1111111111111112,1,9,1,24,0,1,number,high,66,,,1,1,0,0,0,1,1.0,,0.0,114,1,1,0,1,1,0,0,0,1,1.0,,0.0,114,1,1,0,2,1.0,0,0,0
W052,94,S009,T7,dev,0,1,1,ОГЭ,16,планиметрия-окружность,"касательная, центральные и вписанные углы, вписанная и описанная окружности",0,1.1111111111111112,1,9,1,24,0,1,number,high,133,,,1,1,0,0,0,1,1.0,,0.0,47,1,1,0,1,1,0,0,0,1,1.0,,0.0,47,1,1,0,2,1.0,0,0,0
W053,7,S009,T15,dev,0,1,0,школьная программа,,алгебра-неравенства,простейшие дробно-рациональные неравенства,0,1.8333333333333333,1,6,0,21,0,1,interval,medium,"(-∞; 0,75)",,,1,1,0,0,0,1,1.0,,0.0,x \in [\frac{3}{4}; +\infty),,0,0,1,1,0,0,0,1,1.0,,0.0,x \in [\frac{3}{4}; +\infty),,0,0,2,1.0,0,0,0
W053,8,S009,T15,dev,1,0,0,школьная программа,,алгебра-неравенства,простейшие дробно-рациональные неравенства,0,1.8333333333333333,1,6,0,21,0,1,interval,medium,(-10/3; +∞),,,0,0,0,0,1,1,0.0,,0.0,x \in (-\frac{10}{3}; +\infty),,0,0,0,0,0,0,1,1,0.0,,0.0,x \in (-\frac{10}{3}; +\infty),,0,0,2,0.0,0,1,0
W053,В1-1а,S009,T15,dev,1,0,0,школьная программа,,алгебра-неравенства,"линейные неравенства, область определения корня",0,1.8333333333333333,1,6,0,21,0,1,interval,high,(3; +∞),,,0,0,0,0,1,1,0.0,,0.0,x \in (3; +\infty),,1,0,0,0,0,0,1,1,0.0,,0.0,x \in (3; +\infty),,1,0,2,0.0,0,1,0
W053,В1-1б,S009,T15,dev,1,0,0,школьная программа,,алгебра-неравенства,"линейные неравенства, область определения корня",0,1.8333333333333333,1,6,0,21,0,1,interval,high,(-∞; -7],,,0,0,0,0,1,1,0.0,,0.0,x \in (-\infty; -7],,1,0,0,0,0,0,1,1,0.0,,0.0,x \in (-\infty; -7],,1,0,2,0.0,0,1,0
W053,В1-1в,S009,T15,dev,0,1,0,школьная программа,,алгебра-неравенства,"линейные неравенства, область определения корня",0,1.8333333333333333,1,6,0,21,0,1,interval,high,[30; +∞),,,1,1,0,0,0,1,1.0,,0.0,"x \in [1,2; +\infty)",,1,0,1,1,0,0,0,1,1.0,,0.0,"x \in [1,2; +\infty)",,1,0,2,1.0,0,0,0
W053,В1-1г,S009,T15,dev,0,1,0,школьная программа,,алгебра-неравенства,"линейные неравенства, область определения корня",0,1.8333333333333333,1,6,0,21,0,1,interval,high,(-∞; -12),,,1,1,0,0,,1,1.0,,0.0,"x < 0,75",,1,0,1,1,0,0,,1,1.0,,0.0,"x < 0,75",,1,0,2,1.0,0,,
W053,В1-1д,S009,T15,dev,1,0,0,школьная программа,,алгебра-неравенства,"линейные неравенства, область определения корня",0,1.8333333333333333,1,6,0,21,0,1,interval,high,(-∞; 0],,,0,0,0,0,1,1,0.0,,0.0,x \in (-\infty; 0],,0,0,0,0,0,0,1,1,0.0,,0.0,x \in (-\infty; 0],,0,0,2,0.0,0,1,0
W053,В1-2а,S009,T15,dev,0,1,1,школьная программа,,алгебра-неравенства,"линейные неравенства, область определения корня",0,1.8333333333333333,1,6,0,21,0,1,interval,high,(-∞; 5/7],,,1,1,0,0,0,1,1.0,,0.0,"x \in (-\infty; 1,4]",,1,0,1,1,0,0,0,1,1.0,,0.0,"x \in (-\infty; 1,4]",,1,0,2,1.0,0,0,0
W053,В1-2б,S009,T15,dev,1,0,0,школьная программа,,алгебра-неравенства,"линейные неравенства, область определения корня",0,1.8333333333333333,1,6,0,21,0,1,interval,high,(5; +∞),,,0,0,0,0,1,1,0.0,,0.0,x \in (5; +\infty),,1,0,0,0,0,0,1,1,0.0,,0.0,x \in (5; +\infty),,1,0,2,0.0,0,1,0
W053,В1-2в,S009,T15,dev,1,0,0,школьная программа,,алгебра-неравенства,"линейные неравенства, область определения корня",0,1.8333333333333333,1,6,0,21,0,1,interval,high,(-∞; 4],,,0,0,0,0,1,1,0.0,,0.0,x \in (-\infty; 4],,1,0,0,0,0,0,1,1,0.0,,0.0,x \in (-\infty; 4],,1,0,2,0.0,0,1,0
W053,В1-3а,S009,T15,dev,0,1,1,школьная программа,,алгебра-неравенства,"линейные неравенства, область определения корня",0,1.8333333333333333,1,6,0,21,0,1,interval,high,(-∞; 6),,,1,1,0,0,0,1,1.0,,0.0,x \in (-\infty; 4),,0,0,1,1,0,0,0,1,1.0,,0.0,x \in (-\infty; 4),,0,0,2,1.0,0,0,0
W053,В1-3б,S009,T15,dev,1,0,0,школьная программа,,алгебра-неравенства,"линейные неравенства, область определения корня",0,1.8333333333333333,1,6,0,21,0,1,interval,high,(-∞; -4],,,0,0,0,0,1,1,0.0,,0.0,x \in (-\infty; -4],,0,0,0,0,0,0,1,1,0.0,,0.0,x \in (-\infty; -4],,0,0,2,0.0,0,1,0
W053,В1-4,S009,T15,dev,0,1,0,школьная программа,,алгебра-неравенства,"линейные неравенства, область определения корня",0,1.8333333333333333,1,6,0,21,0,1,interval,high,(29; +∞),,,1,1,0,0,0,1,1.0,,0.0,x \in (25; +\infty),,0,0,1,1,0,0,0,1,1.0,,0.0,x \in (25; +\infty),,0,0,2,1.0,0,0,0
W053,В1-5,S009,T15,dev,1,0,0,школьная программа,,алгебра-неравенства,"линейные неравенства, область определения корня",0,1.8333333333333333,1,6,0,21,0,1,interval,high,(-∞; 7/15],,,0,0,0,0,,1,0.0,,0.0,x \le \frac{7}{15},,0,0,0,0,0,0,,1,0.0,,0.0,x \le \frac{7}{15},,0,0,2,0.0,0,,
W053,В2-1а,S009,T15,dev,1,0,0,школьная программа,,алгебра-неравенства,"линейные неравенства, область определения корня",0,1.8333333333333333,1,6,0,21,0,1,interval,high,(5; +∞),,,0,0,0,0,1,1,0.0,,0.0,x \in (5; +\infty),,1,0,0,0,0,0,1,1,0.0,,0.0,x \in (5; +\infty),,1,0,2,0.0,0,1,0
W053,В2-1б,S009,T15,dev,1,0,0,школьная программа,,алгебра-неравенства,"линейные неравенства, область определения корня",0,1.8333333333333333,1,6,0,21,0,1,interval,high,(-∞; -6],,,0,0,0,0,1,1,0.0,,0.0,x \in (-\infty; -6],,1,0,0,0,0,0,1,1,0.0,,0.0,x \in (-\infty; -6],,1,0,2,0.0,0,1,0
W053,В2-1в,S009,T15,dev,0,1,0,школьная программа,,алгебра-неравенства,"линейные неравенства, область определения корня",0,1.8333333333333333,1,6,0,21,0,1,interval,high,[30; +∞),,,1,1,0,0,0,1,1.0,,0.0,x \in [3; +\infty),,1,0,1,1,0,0,0,1,1.0,,0.0,x \in [3; +\infty),,1,0,2,1.0,0,0,0
W053,В2-1г,S009,T15,dev,0,1,0,школьная программа,,алгебра-неравенства,"линейные неравенства, область определения корня",0,1.8333333333333333,1,6,0,21,0,1,interval,high,(-∞; -20),,,1,1,0,0,0,1,1.0,,0.0,"x \in (-\infty; +1,25)",,1,0,1,1,0,0,0,1,1.0,,0.0,"x \in (-\infty; +1,25)",,1,0,2,1.0,0,0,0
W053,В2-1д,S009,T15,dev,1,0,0,школьная программа,,алгебра-неравенства,"линейные неравенства, область определения корня",0,1.8333333333333333,1,6,0,21,0,1,interval,high,(-∞; 0],,,0,0,0,0,1,1,0.0,,0.0,x \in (-\infty; 0],,1,0,0,0,0,0,1,1,0.0,,0.0,x \in (-\infty; 0],,1,0,2,0.0,0,1,0
W053,В2-2а,S009,T15,dev,1,0,0,школьная программа,,алгебра-неравенства,"линейные неравенства, область определения корня",0,1.8333333333333333,1,6,0,21,0,1,interval,high,(-∞; 7/11],,,0,0,0,0,,1,0.0,,0.0,x \le \frac{7}{11},,1,0,0,0,0,0,,1,0.0,,0.0,x \le \frac{7}{11},,1,0,2,0.0,0,,
W053,В2-2б,S009,T15,dev,0,1,0,школьная программа,,алгебра-неравенства,"линейные неравенства, область определения корня",0,1.8333333333333333,1,6,0,21,0,1,interval,high,(40/7; +∞),,,1,1,0,0,,1,1.0,,0.0,x > \frac{7}{40},,1,0,1,1,0,0,,1,1.0,,0.0,x > \frac{7}{40},,1,0,2,1.0,0,,
W053,В2-2в,S009,T15,dev,1,0,0,школьная программа,,алгебра-неравенства,"линейные неравенства, область определения корня",0,1.8333333333333333,1,6,0,21,0,1,interval,high,(-∞; 2],,,0,0,0,0,1,1,0.0,,0.0,x \in (-\infty; 2],,1,0,0,0,0,0,1,1,0.0,,0.0,x \in (-\infty; 2],,1,0,2,0.0,0,1,0
W053,В2-3а,S009,T15,dev,1,0,0,школьная программа,,алгебра-неравенства,"линейные неравенства, область определения корня",0,1.8333333333333333,1,6,0,21,0,1,interval,high,"(-∞; 4,5)",,,0,0,0,0,1,1,0.0,,0.0,"x \in (-\infty; 4,5)",,0,0,0,0,0,0,1,1,0.0,,0.0,"x \in (-\infty; 4,5)",,0,0,2,0.0,0,1,0
W053,В2-3б,S009,T15,dev,1,0,0,школьная программа,,алгебра-неравенства,"линейные неравенства, область определения корня",0,1.8333333333333333,1,6,0,21,0,1,interval,high,(-∞; -3],,,0,0,0,0,1,1,0.0,,0.0,x \in (-\infty; -3],,0,0,0,0,0,0,1,1,0.0,,0.0,x \in (-\infty; -3],,0,0,2,0.0,0,1,0
W053,В2-4,S009,T15,dev,0,1,0,школьная программа,,алгебра-неравенства,"линейные неравенства, область определения корня",0,1.8333333333333333,1,6,0,21,0,1,interval,high,(-∞; -4),,,1,1,0,0,0,1,1.0,,0.0,x \in (-\infty; 16),,0,0,1,1,0,0,0,1,1.0,,0.0,x \in (-\infty; 16),,0,0,2,1.0,0,0,0
W053,В2-5,S009,T15,dev,1,0,0,школьная программа,,алгебра-неравенства,"линейные неравенства, область определения корня",0,1.8333333333333333,1,6,0,21,0,1,interval,high,(-∞; 3/17],,,1,0,0,0,,1,0.0,,0.0,,,0,1,1,0,0,0,,1,0.0,,0.0,,,0,1,2,1.0,0,,
W054,7,S011,T15,dev,0,1,0,школьная программа,,алгебра-неравенства,простейшие дробно-рациональные неравенства,0,2.0,2,6,3,17,0,1,interval,medium,"(-∞; 0,75)",,,1,3,0,0,0,1,1.0,,0.0,"x \in (-\infty; 1,3)",,0,0,1,3,0,0,0,1,1.0,,0.0,"x \in (-\infty; 1,3)",,0,0,2,1.0,0,0,0
W054,8,S011,T15,dev,0,1,0,школьная программа,,алгебра-неравенства,простейшие дробно-рациональные неравенства,0,2.0,2,6,3,17,0,1,interval,medium,(-10/3; +∞),,,1,1,0,0,0,1,1.0,,0.0,"x \in (-\infty; 3,3)",,0,0,1,1,0,0,0,1,1.0,,0.0,"x \in (-\infty; 3,3)",,0,0,2,1.0,0,0,0
W054,В1-1а,S011,T15,dev,1,0,0,школьная программа,,алгебра-неравенства,"линейные неравенства, область определения корня",0,2.0,2,6,3,17,0,1,interval,high,(3; +∞),,,0,0,0,0,1,1,0.0,,0.0,x \in (3; \infty),,0,0,0,0,0,0,1,1,0.0,,0.0,x \in (3; \infty),,0,0,2,0.0,0,1,0
W054,В1-1б,S011,T15,dev,0,1,0,школьная программа,,алгебра-неравенства,"линейные неравенства, область определения корня",0,2.0,2,6,3,17,0,1,interval,high,(-∞; -7],,,1,1,0,0,0,1,1.0,,0.0,x \in (-\infty; 7),,0,0,1,1,0,0,0,1,1.0,,0.0,x \in (-\infty; 7),,0,0,2,1.0,0,0,0
W054,В1-1в,S011,T15,dev,1,0,0,школьная программа,,алгебра-неравенства,"линейные неравенства, область определения корня",0,2.0,2,6,3,17,0,1,interval,high,[30; +∞),,,0,0,0,0,1,1,0.0,,0.0,x \in [30; \infty),,0,0,0,0,0,0,1,1,0.0,,0.0,x \in [30; \infty),,0,0,2,0.0,0,1,0
W054,В1-1г,S011,T15,dev,1,0,0,школьная программа,,алгебра-неравенства,"линейные неравенства, область определения корня",0,2.0,2,6,3,17,0,1,interval,high,(-∞; -12),,,0,0,0,0,1,1,0.0,,0.0,x \in (-\infty; -12),,0,0,0,0,0,0,1,1,0.0,,0.0,x \in (-\infty; -12),,0,0,2,0.0,0,1,0
W054,В1-1д,S011,T15,dev,1,0,0,школьная программа,,алгебра-неравенства,"линейные неравенства, область определения корня",0,2.0,2,6,3,17,0,1,interval,high,(-∞; 0],,,0,0,0,0,1,1,0.0,,0.0,x \in (-\infty; 0],,0,0,0,0,0,0,1,1,0.0,,0.0,x \in (-\infty; 0],,0,0,2,0.0,0,1,0
W054,В1-2а,S011,T15,dev,0,1,0,школьная программа,,алгебра-неравенства,"линейные неравенства, область определения корня",0,2.0,2,6,3,17,0,1,interval,high,(-∞; 5/7],,,1,1,0,0,0,1,1.0,,0.0,"x \in (-\infty; -0,71]",,0,0,1,1,0,0,0,1,1.0,,0.0,"x \in (-\infty; -0,71]",,0,0,2,1.0,0,0,0
W054,В1-2б,S011,T15,dev,1,0,0,школьная программа,,алгебра-неравенства,"линейные неравенства, область определения корня",0,2.0,2,6,3,17,0,1,interval,high,(5; +∞),,,1,1,0,0,1,1,1.0,,0.0,x \in (5; \infty),,0,1,1,1,0,0,1,1,1.0,,0.0,x \in (5; \infty),,0,1,2,1.0,0,1,1
W054,В1-2в,S011,T15,dev,0,1,0,школьная программа,,алгебра-неравенства,"линейные неравенства, область определения корня",0,2.0,2,6,3,17,3,1,interval,high,(-∞; 4],,,1,2,0,0,0,1,1.0,,0.0,"x \in (-\infty; -6,1]",,0,0,1,2,0,0,0,1,1.0,,0.0,"x \in (-\infty; -6,1]",,0,0,2,1.0,0,0,0
W054,В1-3а,S011,T15,dev,0,1,1,школьная программа,,алгебра-неравенства,"линейные неравенства, область определения корня",0,2.0,2,6,3,17,3,1,interval,high,(-∞; 6),,,1,1,0,0,0,1,1.0,,0.0,x \in (-\infty; -3),,0,0,1,1,0,0,0,1,1.0,,0.0,x \in (-\infty; -3),,0,0,2,1.0,0,0,0
W054,В1-3б,S011,T15,dev,0,1,0,школьная программа,,алгебра-неравенства,"линейные неравенства, область определения корня",0,2.0,2,6,3,17,3,1,interval,high,(-∞; -4],,,1,2,0,0,0,1,1.0,,0.0,x \in (-\infty; 4),,0,0,1,2,0,0,0,1,1.0,,0.0,x \in (-\infty; 4),,0,0,2,1.0,0,0,0
W054,В1-4,S011,T15,dev,0,1,0,школьная программа,,алгебра-неравенства,"линейные неравенства, область определения корня",0,2.0,2,6,3,17,0,1,interval,high,(29; +∞),,,1,1,0,0,0,1,1.0,,0.0,x \in (-29; \infty),,0,0,1,1,0,0,0,1,1.0,,0.0,x \in (-29; \infty),,0,0,2,1.0,0,0,0
W054,В1-5,S011,T15,dev,0,1,0,школьная программа,,алгебра-неравенства,"линейные неравенства, область определения корня",0,2.0,2,6,3,17,0,1,interval,high,(-∞; 7/15],,,1,2,0,0,0,1,1.0,,0.0,"-0,46",,0,0,1,2,0,0,0,1,1.0,,0.0,"-0,46",,0,0,2,1.0,0,0,0
W054,В2-1а,S011,T15,dev,1,0,0,школьная программа,,алгебра-неравенства,"линейные неравенства, область определения корня",0,2.0,2,6,3,17,0,1,interval,high,(5; +∞),,,0,0,0,0,1,1,0.0,,0.0,x \in (5; \infty),,0,0,0,0,0,0,1,1,0.0,,0.0,x \in (5; \infty),,0,0,2,0.0,0,1,0
W054,В2-1б,S011,T15,dev,0,1,1,школьная программа,,алгебра-неравенства,"линейные неравенства, область определения корня",0,2.0,2,6,3,17,0,1,interval,high,(-∞; -6],,,1,1,0,0,0,1,1.0,,0.0,x \in (-\infty; 6),,0,0,1,1,0,0,0,1,1.0,,0.0,x \in (-\infty; 6),,0,0,2,1.0,0,0,0
W054,В2-1в,S011,T15,dev,0,1,0,школьная программа,,алгебра-неравенства,"линейные неравенства, область определения корня",0,2.0,2,6,3,17,0,1,interval,high,[30; +∞),,,1,1,0,0,0,1,1.0,,0.0,x \in (30; \infty),,0,0,1,1,0,0,0,1,1.0,,0.0,x \in (30; \infty),,0,0,2,1.0,0,0,0
W054,В2-1г,S011,T15,dev,0,1,1,школьная программа,,алгебра-неравенства,"линейные неравенства, область определения корня",0,2.0,2,6,3,17,0,1,interval,high,(-∞; -20),,,1,1,0,0,0,1,1.0,,0.0,x \in (-\infty; 20),,0,0,1,1,0,0,0,1,1.0,,0.0,x \in (-\infty; 20),,0,0,2,1.0,0,0,0
W054,В2-1д,S011,T15,dev,0,1,0,школьная программа,,алгебра-неравенства,"линейные неравенства, область определения корня",0,2.0,2,6,3,17,0,1,interval,high,(-∞; 0],,,1,1,0,0,0,1,1.0,,0.0,x \in (-\infty; 0),,0,0,1,1,0,0,0,1,1.0,,0.0,x \in (-\infty; 0),,0,0,2,1.0,0,0,0
W054,В2-2а,S011,T15,dev,0,1,0,школьная программа,,алгебра-неравенства,"линейные неравенства, область определения корня",0,2.0,2,6,3,17,0,1,interval,high,(-∞; 7/11],,,1,1,0,0,0,1,1.0,,0.0,"x \in (-\infty; -0,64]",,0,0,1,1,0,0,0,1,1.0,,0.0,"x \in (-\infty; -0,64]",,0,0,2,1.0,0,0,0
W054,В2-2б,S011,T15,dev,0,1,0,школьная программа,,алгебра-неравенства,"линейные неравенства, область определения корня",0,2.0,2,6,3,17,0,1,interval,high,(40/7; +∞),,,1,1,0,0,0,1,1.0,,0.0,x \in (-\infty; -40),,0,0,1,1,0,0,0,1,1.0,,0.0,x \in (-\infty; -40),,0,0,2,1.0,0,0,0
W054,В2-2в,S011,T15,dev,0,1,1,школьная программа,,алгебра-неравенства,"линейные неравенства, область определения корня",0,2.0,2,6,3,17,0,1,interval,high,(-∞; 2],,,1,1,0,0,0,1,1.0,,0.0,x \in (-\infty; 2),,0,0,1,1,0,0,0,1,1.0,,0.0,x \in (-\infty; 2),,0,0,2,1.0,0,0,0
W054,В2-4,S011,T15,dev,0,1,0,школьная программа,,алгебра-неравенства,"линейные неравенства, область определения корня",0,2.0,2,6,3,17,0,1,interval,high,(-∞; -4),,,1,2,0,0,0,1,1.0,,0.0,"x \in (-\infty; -1,5)",,0,0,1,2,0,0,0,1,1.0,,0.0,"x \in (-\infty; -1,5)",,0,0,2,1.0,0,0,0
W054,В2-5,S011,T15,dev,0,1,0,школьная программа,,алгебра-неравенства,"линейные неравенства, область определения корня",0,2.0,2,6,3,17,0,1,interval,high,(-∞; 3/17],,,1,1,0,0,0,1,1.0,,0.0,"x = 0,17",,0,0,1,1,0,0,0,1,1.0,,0.0,"x = 0,17",,0,0,2,1.0,0,0,0
W055,10,S009,T19,dev,1,0,0,ОГЭ,23,планиметрия-четырёхугольники,"биссектриса в параллелограмме, углы и высота ромба",0,1.5,1,10,7,19,0,1,set,high,60; 120,,,0,0,0,0,1,1,0.0,,0.0,"120, 60, 120, 60",,1,0,0,0,0,0,1,1,0.0,,0.0,"120, 60, 120, 60",,1,0,2,0.0,0,1,0
W055,12,S009,T19,dev,1,0,0,ОГЭ,23,планиметрия-четырёхугольники,"биссектриса в параллелограмме, углы и высота ромба",0,1.5,1,10,7,19,0,1,set,high,60; 120,,,0,0,0,0,1,1,0.0,,0.0,"120, 60 (в тексте)",,1,0,0,0,0,0,1,1,0.0,,0.0,"120, 60 (в тексте)",,1,0,2,0.0,0,1,0
W055,13,S009,T19,dev,1,0,0,ОГЭ,23,планиметрия-четырёхугольники,"биссектриса в параллелограмме, углы и высота ромба",0,1.5,1,10,7,19,1,1,number,high,8,,,0,0,0,0,1,1,0.0,,0.0,8,1,1,0,0,0,0,0,1,1,0.0,,0.0,8,1,1,0,2,0.0,0,1,0
W055,16,S009,T19,dev,1,0,0,ОГЭ,23,планиметрия-четырёхугольники,"биссектриса в параллелограмме, углы и высота ромба",0,1.5,1,10,7,19,1,1,number,high,6,,,0,0,0,0,1,1,0.0,,0.0,6,1,1,0,0,0,0,0,1,1,0.0,,0.0,6,1,1,0,2,0.0,0,1,0
W055,19,S009,T19,dev,1,0,0,ОГЭ,23,планиметрия-треугольники,медиана и высота к гипотенузе прямоугольного треугольника,0,1.5,1,10,7,19,2,1,number,high,5,,,0,0,0,0,1,1,0.0,,0.0,5,1,1,0,0,0,0,0,1,1,0.0,,0.0,5,1,1,0,2,0.0,0,1,0
W055,2,S009,T19,dev,1,0,0,ОГЭ,23,планиметрия-четырёхугольники,"биссектриса в параллелограмме, углы и высота ромба",0,1.5,1,10,7,19,0,1,number,high,50,,,0,0,0,0,1,1,0.0,,0.0,50,1,0,0,0,0,0,0,1,1,0.0,,0.0,50,1,0,0,2,0.0,0,1,0
W055,21,S009,T19,dev,1,0,0,ОГЭ,23,планиметрия-треугольники,медиана и высота к гипотенузе прямоугольного треугольника,0,1.5,1,10,7,19,0,1,number,high,13,,,0,0,0,0,1,1,0.0,,0.0,13,1,1,0,0,0,0,0,1,1,0.0,,0.0,13,1,1,0,2,0.0,0,1,0
W055,22,S009,T19,dev,1,0,0,ОГЭ,23,планиметрия-треугольники,медиана и высота к гипотенузе прямоугольного треугольника,0,1.5,1,10,7,19,0,1,number,high,25,,,0,0,0,0,1,1,0.0,,0.0,25,1,1,0,0,0,0,0,1,1,0.0,,0.0,25,1,1,0,2,0.0,0,1,0
W055,24,S009,T19,dev,1,0,0,ОГЭ,23,планиметрия-треугольники,медиана и высота к гипотенузе прямоугольного треугольника,0,1.5,1,10,7,19,0,1,number,high,"14,4",,,0,0,0,0,1,1,0.0,,0.0,"14,4",1,1,0,0,0,0,0,1,1,0.0,,0.0,"14,4",1,1,0,2,0.0,0,1,0
W055,26,S009,T19,dev,1,0,0,ОГЭ,23,планиметрия-треугольники,медиана и высота к гипотенузе прямоугольного треугольника,0,1.5,1,10,7,19,0,1,number,high,"16,8",,,0,0,0,0,1,1,0.0,,0.0,"16,8",1,1,0,0,0,0,0,1,1,0.0,,0.0,"16,8",1,1,0,2,0.0,0,1,0
W055,27,S009,T19,dev,1,0,0,ОГЭ,23,планиметрия-треугольники,медиана и высота к гипотенузе прямоугольного треугольника,0,1.5,1,10,7,19,1,1,number,high,120/13,,,0,0,0,0,1,1,0.0,,0.0,120/13,1,0,0,0,0,0,0,1,1,0.0,,0.0,120/13,1,0,0,2,0.0,0,1,0
W055,30,S009,T19,dev,0,1,0,ОГЭ,23,планиметрия-треугольники,медиана и высота к гипотенузе прямоугольного треугольника,0,1.5,1,10,7,19,1,1,number,high,"33,6",,,1,1,0,0,0,1,1.0,,0.0,12,0,0,0,1,1,0,0,0,1,1.0,,0.0,12,0,0,0,2,1.0,0,0,0
W055,32,S009,T19,dev,0,1,0,ОГЭ,23,планиметрия-треугольники,медиана и высота к гипотенузе прямоугольного треугольника,0,1.5,1,10,7,19,2,1,number,high,240/13,,,1,1,0,0,0,1,1.0,,0.0,280/26,0,0,0,1,1,0,0,0,1,1.0,,0.0,280/26,0,0,0,2,1.0,0,0,0
W055,33,S009,T19,dev,1,0,0,ОГЭ,23,планиметрия-четырёхугольники,биссектрисы углов трапеции (прямоугольный треугольник),0,1.5,1,10,7,19,2,1,number,high,26,,,0,0,0,0,1,1,0.0,,0.0,26,1,0,0,0,0,0,0,1,1,0.0,,0.0,26,1,0,0,2,0.0,0,1,0
W055,37,S009,T19,dev,1,0,0,ОГЭ,23,планиметрия-четырёхугольники,биссектрисы углов трапеции (прямоугольный треугольник),0,1.5,1,10,7,19,0,1,number,high,40,,,0,0,0,0,1,1,0.0,,0.0,40,1,0,0,0,0,0,0,1,1,0.0,,0.0,40,1,0,0,2,0.0,0,1,0
W055,38,S009,T19,dev,1,0,0,ОГЭ,23,планиметрия-четырёхугольники,биссектрисы углов трапеции (прямоугольный треугольник),0,1.5,1,10,7,19,0,1,number,high,25,,,0,0,0,0,1,1,0.0,,0.0,25,1,0,0,0,0,0,0,1,1,0.0,,0.0,25,1,0,0,2,0.0,0,1,0
W055,45,S009,T19,dev,1,0,0,ОГЭ,23,планиметрия-подобие,подобие треугольников (параллельные прямые),0,1.5,1,10,7,19,1,1,number,high,28,,,0,0,0,0,1,1,0.0,,0.0,28,1,0,0,0,0,0,0,1,1,0.0,,0.0,28,1,0,0,2,0.0,0,1,0
W055,5,S009,T19,dev,0,1,1,ОГЭ,23,планиметрия-четырёхугольники,"биссектриса в параллелограмме, углы и высота ромба",0,1.5,1,10,7,19,0,1,number,high,76,,,1,1,0,0,0,1,1.0,,0.0,80,0,1,0,1,1,0,0,0,1,1.0,,0.0,80,0,1,0,2,1.0,0,0,0
W055,8,S009,T19,dev,1,0,0,ОГЭ,23,планиметрия-четырёхугольники,"биссектриса в параллелограмме, углы и высота ромба",0,1.5,1,10,7,19,0,1,set,high,60; 120,,,0,0,0,0,1,1,0.0,,0.0,"120, 60, 120, 60",,1,0,0,0,0,0,1,1,0.0,,0.0,"120, 60, 120, 60",,1,0,2,0.0,0,1,0
W056,Б1-1,S011,T2,dev,1,0,0,школьная программа,,планиметрия-доказательства,признаки равенства треугольников (по рисунку),1,1.5,1,8,0,13,0,1,proof,medium,—,,,0,0,0,0,,,0.0,,0.0,\Delta ADO = \Delta CBO,,1,0,0,0,0,0,,,0.0,,0.0,\Delta ADO = \Delta CBO,,1,0,2,0.0,0,,
W056,Б1-10,S011,T2,dev,1,0,0,школьная программа,,планиметрия-доказательства,признаки равенства треугольников (по рисунку),1,1.5,1,8,0,13,0,1,proof,medium,—,,,0,0,0,0,,,0.0,,0.0,\triangle ABC = \angle ADC,,1,0,0,0,0,0,,,0.0,,0.0,\triangle ABC = \angle ADC,,1,0,2,0.0,0,,
W056,Б1-11,S011,T2,dev,1,0,0,школьная программа,,планиметрия-доказательства,признаки равенства треугольников (по рисунку),1,1.5,1,8,0,13,0,1,proof,medium,—,,,0,0,0,0,,,0.0,,0.0,\triangle MOP = \triangle KOE; \angle EOM = \triangle POK,,1,0,0,0,0,0,,,0.0,,0.0,\triangle MOP = \triangle KOE; \angle EOM = \triangle POK,,1,0,2,0.0,0,,
W056,Б1-12,S011,T2,dev,1,0,0,школьная программа,,планиметрия-доказательства,признаки равенства треугольников (по рисунку),1,1.5,1,8,0,13,0,1,proof,medium,—,,,0,0,0,0,,,0.0,,0.0,\Delta ABM = \Delta ADC,,1,0,0,0,0,0,,,0.0,,0.0,\Delta ABM = \Delta ADC,,1,0,2,0.0,0,,
W056,Б1-13,S011,T2,dev,0,1,1,школьная программа,,планиметрия-доказательства,признаки равенства треугольников (по рисунку),1,1.5,1,8,0,13,0,1,proof,medium,—,,,0,0,0,0,,,0.0,,0.0,\Delta ABK = \Delta CBF,,1,1,0,0,0,0,,,0.0,,0.0,\Delta ABK = \Delta CBF,,1,1,2,0.0,0,,
W056,Б1-14,S011,T2,dev,0,1,1,школьная программа,,планиметрия-доказательства,признаки равенства треугольников (по рисунку),1,1.5,1,8,0,13,0,1,proof,medium,—,,,1,1,0,0,,,1.0,,0.0,\Delta MFK = \Delta MNP,,1,0,1,1,0,0,,,1.0,,0.0,\Delta MFK = \Delta MNP,,1,0,2,1.0,0,,
W056,Б1-15,S011,T2,dev,1,0,0,школьная программа,,планиметрия-доказательства,признаки равенства треугольников (по рисунку),1,1.5,1,8,0,13,0,1,proof,medium,—,,,0,0,0,0,,,0.0,,0.0,"\Delta SPE = \Delta NQE, \Delta SPN = \Delta NPS",,1,0,0,0,0,0,,,0.0,,0.0,"\Delta SPE = \Delta NQE, \Delta SPN = \Delta NPS",,1,0,2,0.0,0,,
W056,Б1-16,S011,T2,dev,0,1,0,школьная программа,,планиметрия-доказательства,признаки равенства треугольников (по рисунку),1,1.5,1,8,0,13,0,1,proof,medium,—,,,0,0,0,0,,,0.0,,0.0,\Delta ADK = \Delta ABC,,1,1,1,0,0,0,,,1.0,,0.0,\Delta ADK = \Delta ABC,,1,0,2,0.5,1,,
W056,Б1-17,S011,T2,dev,1,0,0,школьная программа,,планиметрия-доказательства,признаки равенства треугольников (по рисунку),1,1.5,1,8,0,13,0,1,proof,medium,—,,,0,0,0,0,,,0.0,,0.0,\Delta PMK = \Delta NMF,,1,0,0,0,0,0,,,0.0,,0.0,\Delta PMK = \Delta NMF,,1,0,2,0.0,0,,
W056,Б1-18,S011,T2,dev,1,0,0,школьная программа,,планиметрия-доказательства,признаки равенства треугольников (по рисунку),1,1.5,1,8,0,13,0,1,proof,medium,—,,,1,1,0,0,,,1.0,,0.0,\Delta KOE = \Delta FOE,,1,1,1,1,0,0,,,1.0,,0.0,\Delta KOE = \Delta FOE,,1,1,2,1.0,0,,
W056,Б1-19,S011,T2,dev,1,0,0,школьная программа,,планиметрия-доказательства,признаки равенства треугольников (по рисунку),1,1.5,1,8,0,13,0,1,text,high,да,,,0,0,0,0,,,0.0,,0.0,\angle 5 = \angle 6,,1,0,0,0,0,0,,,0.0,,0.0,\angle 5 = \angle 6,,1,0,2,0.0,0,,
W056,Б1-2,S011,T2,dev,1,0,0,школьная программа,,планиметрия-доказательства,признаки равенства треугольников (по рисунку),1,1.5,1,8,0,13,0,1,proof,medium,—,,,0,0,0,0,,,0.0,,0.0,\Delta MNK = \Delta MPK,,1,0,0,0,0,0,,,0.0,,0.0,\Delta MNK = \Delta MPK,,1,0,2,0.0,0,,
W056,Б1-3,S011,T2,dev,1,0,0,школьная программа,,планиметрия-доказательства,признаки равенства треугольников (по рисунку),1,1.5,1,8,0,13,0,1,proof,medium,—,,,0,0,0,0,,,0.0,,0.0,\Delta DKO = \Delta DME,,1,0,0,0,0,0,,,0.0,,0.0,\Delta DKO = \Delta DME,,1,0,2,0.0,0,,
W056,Б1-4,S011,T2,dev,1,0,0,школьная программа,,планиметрия-доказательства,признаки равенства треугольников (по рисунку),1,1.5,1,8,0,13,0,1,proof,medium,—,,,0,0,0,0,,,0.0,,0.0,\Delta ABD = \Delta ACD,,1,0,0,0,0,0,,,0.0,,0.0,\Delta ABD = \Delta ACD,,1,0,2,0.0,0,,
W056,Б1-5,S011,T2,dev,1,0,0,школьная программа,,планиметрия-доказательства,признаки равенства треугольников (по рисунку),1,1.5,1,8,0,13,0,1,proof,medium,—,,,0,0,0,0,,,0.0,,0.0,\Delta MKH = \Delta MNH,,1,0,0,0,0,0,,,0.0,,0.0,\Delta MKH = \Delta MNH,,1,0,2,0.0,0,,
W056,Б1-6,S011,T2,dev,1,0,0,школьная программа,,планиметрия-доказательства,признаки равенства треугольников (по рисунку),1,1.5,1,8,0,13,0,1,proof,medium,—,,,0,0,0,0,,,0.0,,0.0,\Delta BAD = \Delta BCD,,1,0,0,0,0,0,,,0.0,,0.0,\Delta BAD = \Delta BCD,,1,0,2,0.0,0,,
W056,Б1-7,S011,T2,dev,1,0,0,школьная программа,,планиметрия-доказательства,признаки равенства треугольников (по рисунку),1,1.5,1,8,0,13,0,1,proof,medium,—,,,0,0,0,0,,,0.0,,0.0,\triangle OPK = \triangle OEK,,1,0,0,0,0,0,,,0.0,,0.0,\triangle OPK = \triangle OEK,,1,0,2,0.0,0,,
W056,Б1-8,S011,T2,dev,1,0,0,школьная программа,,планиметрия-доказательства,признаки равенства треугольников (по рисунку),1,1.5,1,8,0,13,0,1,proof,medium,—,,,0,0,0,0,,,0.0,,0.0,\triangle DEF = \triangle DKF,,1,0,0,0,0,0,,,0.0,,0.0,\triangle DEF = \triangle DKF,,1,0,2,0.0,0,,
W056,Б1-9,S011,T2,dev,1,0,0,школьная программа,,планиметрия-доказательства,признаки равенства треугольников (по рисунку),1,1.5,1,8,0,13,0,1,proof,medium,—,,,0,0,0,0,,,0.0,,0.0,\triangle MEQ = \triangle QAM,,1,0,0,0,0,0,,,0.0,,0.0,\triangle MEQ = \triangle QAM,,1,0,2,0.0,0,,
W056,Б2-1,S011,T2,dev,1,0,0,школьная программа,,планиметрия-доказательства,признаки параллельности прямых (по рисунку),1,1.5,1,8,0,13,0,1,proof,medium,—,,,0,0,0,0,,,0.0,,0.0,a \parallel b,,1,0,0,0,0,0,,,0.0,,0.0,a \parallel b,,1,0,2,0.0,0,,
W056,Б2-10,S011,T2,dev,0,1,0,школьная программа,,планиметрия-доказательства,признаки параллельности прямых (по рисунку),1,1.5,1,8,0,13,0,1,proof,medium,—,,,1,1,0,0,,,1.0,,0.0,\Delta ACB подобен \Delta BDE,,0,0,1,1,0,0,,,1.0,,0.0,\Delta ACB подобен \Delta BDE,,0,0,2,1.0,0,,
W056,Б2-11,S011,T2,dev,1,0,0,школьная программа,,планиметрия-доказательства,признаки параллельности прямых (по рисунку),1,1.5,1,8,0,13,,0,proof,medium,—,,,1,0,0,0,,,0.0,,0.0,,,0,1,1,0,0,0,,,0.0,,0.0,,,0,1,2,1.0,0,,
W056,Б2-12,S011,T2,dev,1,0,0,школьная программа,,планиметрия-доказательства,признаки параллельности прямых (по рисунку),1,1.5,1,8,0,13,0,1,proof,medium,—,,,0,0,0,0,,,0.0,,0.0,Если накрест лежащие углы равны прямые ∥,,1,0,0,0,0,0,,,0.0,,0.0,Если накрест лежащие углы равны прямые ∥,,1,0,2,0.0,0,,
W056,Б2-13,S011,T2,dev,1,0,0,школьная программа,,планиметрия-доказательства,признаки параллельности прямых (по рисунку),1,1.5,1,8,0,13,0,1,proof,medium,—,,,0,0,0,0,,,0.0,,0.0,Если накрест лежащие углы равны прямые ∥,,1,0,0,0,0,0,,,0.0,,0.0,Если накрест лежащие углы равны прямые ∥,,1,0,2,0.0,0,,
W056,Б2-14,S011,T2,dev,1,0,0,школьная программа,,планиметрия-доказательства,признаки параллельности прямых (по рисунку),1,1.5,1,8,0,13,0,1,proof,medium,—,,,1,1,0,0,,,1.0,,0.0,основания трапеции параллельны,,1,1,1,1,0,0,,,1.0,,0.0,основания трапеции параллельны,,1,1,2,1.0,0,,
W056,Б2-2,S011,T2,dev,1,0,0,школьная программа,,планиметрия-доказательства,признаки параллельности прямых (по рисунку),1,1.5,1,8,0,13,0,1,proof,medium,—,,,0,0,0,0,,,0.0,,0.0,a \parallel b,,1,0,0,0,0,0,,,0.0,,0.0,a \parallel b,,1,0,2,0.0,0,,
W056,Б2-3,S011,T2,dev,1,0,0,школьная программа,,планиметрия-доказательства,признаки параллельности прямых (по рисунку),1,1.5,1,8,0,13,0,1,proof,medium,—,,,0,0,0,0,,,0.0,,0.0,n \parallel m,,1,0,0,0,0,0,,,0.0,,0.0,n \parallel m,,1,0,2,0.0,0,,
W056,Б2-4,S011,T2,dev,0,1,0,школьная программа,,планиметрия-доказательства,признаки параллельности прямых (по рисунку),1,1.5,1,8,0,13,0,1,proof,medium,—,,,1,1,0,0,,,1.0,,0.0,a \parallel b \parallel c,,1,0,1,1,0,0,,,1.0,,0.0,a \parallel b \parallel c,,1,0,2,1.0,0,,
W056,Б2-5,S011,T2,dev,1,0,0,школьная программа,,планиметрия-доказательства,признаки параллельности прямых (по рисунку),1,1.5,1,8,0,13,0,1,proof,medium,—,,,0,0,0,0,,,0.0,,0.0,c \parallel d,,1,0,0,0,0,0,,,0.0,,0.0,c \parallel d,,1,0,2,0.0,0,,
W056,Б2-6,S011,T2,dev,1,0,0,школьная программа,,планиметрия-доказательства,признаки параллельности прямых (по рисунку),1,1.5,1,8,0,13,0,1,proof,medium,—,,,0,0,0,0,,,0.0,,0.0,x \parallel y,,1,0,0,0,0,0,,,0.0,,0.0,x \parallel y,,1,0,2,0.0,0,,
W056,Б2-7,S011,T2,dev,0,1,0,школьная программа,,планиметрия-доказательства,признаки параллельности прямых (по рисунку),1,1.5,1,8,0,13,0,1,proof,medium,—,,,1,1,0,0,,,1.0,,0.0,\Delta ACD = \Delta CBA,,0,0,1,1,0,0,,,1.0,,0.0,\Delta ACD = \Delta CBA,,0,0,2,1.0,0,,
W056,Б2-8,S011,T2,dev,0,1,0,школьная программа,,планиметрия-доказательства,признаки параллельности прямых (по рисунку),1,1.5,1,8,0,13,0,1,proof,medium,—,,,1,1,0,0,,,1.0,,0.0,\Delta NEK = \Delta MEP,,0,0,1,1,0,0,,,1.0,,0.0,\Delta NEK = \Delta MEP,,0,0,2,1.0,0,,
W056,Б2-9,S011,T2,dev,0,1,0,школьная программа,,планиметрия-доказательства,признаки параллельности прямых (по рисунку),1,1.5,1,8,0,13,0,1,proof,medium,—,,,1,1,0,0,,,1.0,,0.0,\Delta EFQ = \Delta EPQ,,0,0,1,1,0,0,,,1.0,,0.0,\Delta EFQ = \Delta EPQ,,0,0,2,1.0,0,,
W057,1б,S009,T11,dev,1,0,0,школьная программа,,функции-графики,"квадратичная функция: вершина, нули, построение графика",0,1.1666666666666667,1,6,6,33,1,1,construction,medium,—,,,0,0,0,0,,,0.0,,0.0,"x_0 = -1, y_0 = 6, таблица значений, график на с. 2",,0,0,0,0,0,0,,,0.0,,0.0,"x_0 = -1, y_0 = 6, таблица значений, график на с. 2",,0,0,2,0.0,0,,
W057,2а,S009,T11,dev,1,0,0,школьная программа,,функции-графики,"квадратичная функция: вершина, нули, построение графика",0,1.1666666666666667,1,6,6,33,0,1,construction,medium,—,,,0,0,0,0,,,0.0,,0.0,"x_0 = 2, y_0 = 1, таблица точек, парабола ветвями вверх",,0,0,0,0,0,0,,,0.0,,0.0,"x_0 = 2, y_0 = 1, таблица точек, парабола ветвями вверх",,0,0,2,0.0,0,,
W057,2б,S009,T11,dev,0,1,0,школьная программа,,функции-графики,"квадратичная функция: вершина, нули, построение графика",0,1.1666666666666667,1,6,6,33,0,1,construction,medium,—,,,1,1,0,0,,,1.0,,0.0,"x_0 = 3,5, y_0 = 2 (или 2,75 не получено, в таблице 2), график ветвями вверх",,0,0,1,1,0,0,,,1.0,,0.0,"x_0 = 3,5, y_0 = 2 (или 2,75 не получено, в таблице 2), график ветвями вверх",,0,0,2,1.0,0,,
W057,Б1-1,S009,T11,dev,0,1,0,школьная программа,,функции-графики,"квадратичная функция: вершина, нули, построение графика",0,1.1666666666666667,1,6,6,33,0,1,text,high,312,,,1,1,0,0,,,1.0,,0.0,132,0,0,0,1,1,0,0,,,1.0,,0.0,132,0,0,0,2,1.0,0,,
W057,Б1-2,S009,T11,dev,1,0,0,школьная программа,,функции-графики,"квадратичная функция: вершина, нули, построение графика",0,1.1666666666666667,1,6,6,33,0,1,text,high,321,,,0,0,0,0,,,0.0,,0.0,321,1,0,0,0,0,0,0,,,0.0,,0.0,321,1,0,0,2,0.0,0,,
W057,Б1-3,S009,T11,dev,1,0,0,школьная программа,,функции-графики,"квадратичная функция: вершина, нули, построение графика",0,1.1666666666666667,1,6,6,33,0,1,text,high,231,,,0,0,0,0,,,0.0,,0.0,231,1,0,0,0,0,0,0,,,0.0,,0.0,231,1,0,0,2,0.0,0,,
W057,Б1-4,S009,T11,dev,1,0,0,школьная программа,,функции-графики,"квадратичная функция: вершина, нули, построение графика",0,1.1666666666666667,1,6,6,33,0,1,text,high,213,,,0,0,0,0,,,0.0,,0.0,213,1,0,0,0,0,0,0,,,0.0,,0.0,213,1,0,0,2,0.0,0,,
W057,Б1-5,S009,T11,dev,1,0,0,ОГЭ,11,функции-графики,"соответствие графиков и формул, знаки коэффициентов",1,1.1666666666666667,1,6,6,33,0,1,text,high,312,,,0,0,0,0,,,0.0,,0.0,313 (на с. 6: 312),0,0,0,0,0,0,0,,,0.0,,0.0,313 (на с. 6: 312),0,0,0,2,0.0,0,,
W057,Б1-6,S009,T11,dev,1,0,0,ОГЭ,11,функции-графики,"соответствие графиков и формул, знаки коэффициентов",1,1.1666666666666667,1,6,6,33,0,1,text,high,321,,,0,0,0,0,,,0.0,,0.0,321,1,0,0,0,0,0,0,,,0.0,,0.0,321,1,0,0,2,0.0,0,,
W057,Б1-7,S009,T11,dev,1,0,0,ОГЭ,11,функции-графики,"соответствие графиков и формул, знаки коэффициентов",1,1.1666666666666667,1,6,6,33,0,1,text,high,132,,,0,0,0,0,,,0.0,,0.0,132,1,0,0,0,0,0,0,,,0.0,,0.0,132,1,0,0,2,0.0,0,,
W057,Б2-1,S009,T11,dev,1,0,0,школьная программа,,функции-графики,"квадратичная функция: вершина, нули, построение графика",0,1.1666666666666667,1,6,6,33,0,1,text,high,123,,,0,0,0,0,,,0.0,,0.0,123,1,0,0,0,0,0,0,,,0.0,,0.0,123,1,0,0,2,0.0,0,,
W058,1,S013,M5,dev,1,0,0,ЕГЭ проф,15,алгебра-неравенства,логарифмические неравенства,0,1.5,1,2,1,8,1,1,interval,high,(1/8; 1/2) ∪ (8; 32),,,0,0,0,0,1,1,0.0,,0.0,x \in (1/8; 1/2) \cup (8; 32),,0,0,0,0,0,0,1,1,0.0,,0.0,x \in (1/8; 1/2) \cup (8; 32),,0,0,2,0.0,0,1,0
W058,2,S013,M5,dev,0,1,0,ЕГЭ проф,15,алгебра-неравенства,логарифмические неравенства,0,1.5,1,2,1,8,0,1,interval,high,(1/81; 1),,,1,1,0,0,0,1,1.0,,0.0,x \in (0; 1/81) \cup (1; +\infty),,1,0,1,1,0,0,0,1,1.0,,0.0,x \in (0; 1/81) \cup (1; +\infty),,1,0,2,1.0,0,0,0
W058,3,S013,M5,dev,0,1,0,ЕГЭ проф,15,алгебра-неравенства,логарифмические неравенства,0,1.5,1,2,1,8,0,1,set,high,(0; 1) ∪ {8} ∪ (64; +∞),,,0,0,0,0,1,1,0.0,,0.0,"x \in (0; 1), x \in (64; +\infty), x = 8",,1,1,1,0,0,0,1,1,1.0,,0.0,"x \in (0; 1), x \in (64; +\infty), x = 8",,1,0,2,0.5,1,1,0
W059,Б1-1,S009,T2,dev,1,0,0,школьная программа,,планиметрия-доказательства,признаки равенства треугольников (по рисунку),1,1.0,1,10,0,12,0,1,proof,medium,—,,,0,0,0,0,,,0.0,,0.0,\Delta AOD = \Delta BOC по I пр.,,0,0,0,0,0,0,,,0.0,,0.0,\Delta AOD = \Delta BOC по I пр.,,0,0,2,0.0,0,,
W059,Б1-10,S009,T2,dev,1,0,0,школьная программа,,планиметрия-доказательства,признаки равенства треугольников (по рисунку),1,1.0,1,10,0,12,0,1,proof,medium,—,,,0,0,0,0,,,0.0,,0.0,\Delta ABC = \Delta ADC по 3 признаку,,1,0,0,0,0,0,,,0.0,,0.0,\Delta ABC = \Delta ADC по 3 признаку,,1,0,2,0.0,0,,
W059,Б1-11,S009,T2,dev,1,0,0,школьная программа,,планиметрия-доказательства,признаки равенства треугольников (по рисунку),1,1.0,1,10,0,12,0,1,proof,medium,—,,,0,0,0,0,,,0.0,,0.0,\Delta MOP = \Delta EOK - по 1 пр (а также \Delta MOE = \Delta POK),,1,0,0,0,0,0,,,0.0,,0.0,\Delta MOP = \Delta EOK - по 1 пр (а также \Delta MOE = \Delta POK),,1,0,2,0.0,0,,
W059,Б1-12,S009,T2,dev,1,0,0,школьная программа,,планиметрия-доказательства,признаки равенства треугольников (по рисунку),1,1.0,1,10,0,12,0,1,proof,medium,—,,,1,1,0,0,,,1.0,,0.0,\Delta ALD = \Delta ABM,,1,1,1,1,0,0,,,1.0,,0.0,\Delta ALD = \Delta ABM,,1,1,2,1.0,0,,
W059,Б1-13,S009,T2,dev,0,1,0,школьная программа,,планиметрия-доказательства,признаки равенства треугольников (по рисунку),1,1.0,1,10,0,12,0,1,proof,medium,—,,,0,0,0,0,,,0.0,,0.0,\Delta AKB = \Delta LFB по 1 пр.,,1,1,0,0,0,0,,,0.0,,0.0,\Delta AKB = \Delta LFB по 1 пр.,,1,1,2,0.0,0,,
W059,Б1-14,S009,T2,dev,0,1,1,школьная программа,,планиметрия-доказательства,признаки равенства треугольников (по рисунку),1,1.0,1,10,0,12,0,1,proof,medium,—,,,1,1,0,0,,,1.0,,0.0,\Delta FKM = \Delta MPN по II признака,,1,0,1,1,0,0,,,1.0,,0.0,\Delta FKM = \Delta MPN по II признака,,1,0,2,1.0,0,,
W059,Б1-16,S009,T2,dev,1,0,0,школьная программа,,планиметрия-доказательства,признаки равенства треугольников (по рисунку),1,1.0,1,10,0,12,0,1,proof,medium,—,,,1,1,0,0,,,1.0,,0.0,\Delta ABC = \Delta AKD по 1 пр,,1,1,1,1,0,0,,,1.0,,0.0,\Delta ABC = \Delta AKD по 1 пр,,1,1,2,1.0,0,,
W059,Б1-17,S009,T2,dev,1,0,0,школьная программа,,планиметрия-доказательства,признаки равенства треугольников (по рисунку),1,1.0,1,10,0,12,0,1,proof,medium,—,,,0,0,0,0,,,0.0,,0.0,\Delta PMK = \Delta NMF по I пр.,,1,0,0,0,0,0,,,0.0,,0.0,\Delta PMK = \Delta NMF по I пр.,,1,0,2,0.0,0,,
W059,Б1-18,S009,T2,dev,1,0,0,школьная программа,,планиметрия-доказательства,признаки равенства треугольников (по рисунку),1,1.0,1,10,0,12,0,1,proof,medium,—,,,0,0,0,0,,,0.0,,0.0,\Delta KOE = \Delta FOE по 3 пр,,1,0,1,0,0,0,,,1.0,,0.0,\Delta KOE = \Delta FOE по 3 пр,,1,1,2,0.5,1,,
W059,Б1-19,S009,T2,dev,1,0,0,школьная программа,,планиметрия-доказательства,признаки равенства треугольников (по рисунку),1,1.0,1,10,0,12,0,1,text,high,да,,,0,0,0,0,,,0.0,,0.0,\angle 5 = \angle 6,,1,0,0,0,0,0,,,0.0,,0.0,\angle 5 = \angle 6,,1,0,2,0.0,0,,
W059,Б1-2,S009,T2,dev,1,0,0,школьная программа,,планиметрия-доказательства,признаки равенства треугольников (по рисунку),1,1.0,1,10,0,12,0,1,proof,medium,—,,,0,0,0,0,,,0.0,,0.0,\Delta MVK = \Delta MPK по 3-му,,1,0,0,0,0,0,,,0.0,,0.0,\Delta MVK = \Delta MPK по 3-му,,1,0,2,0.0,0,,
W059,Б1-3,S009,T2,dev,1,0,0,школьная программа,,планиметрия-доказательства,признаки равенства треугольников (по рисунку),1,1.0,1,10,0,12,0,1,proof,medium,—,,,0,0,0,0,,,0.0,,0.0,\Delta KDO = \Delta EDM по 2му пр,,1,0,0,0,0,0,,,0.0,,0.0,\Delta KDO = \Delta EDM по 2му пр,,1,0,2,0.0,0,,
W059,Б1-4,S009,T2,dev,1,0,0,школьная программа,,планиметрия-доказательства,признаки равенства треугольников (по рисунку),1,1.0,1,10,0,12,0,1,proof,medium,—,,,0,0,0,0,,,0.0,,0.0,\Delta ABD = \Delta ACD по 1-му признаку,,1,0,0,0,0,0,,,0.0,,0.0,\Delta ABD = \Delta ACD по 1-му признаку,,1,0,2,0.0,0,,
W059,Б1-5,S009,T2,dev,1,0,0,школьная программа,,планиметрия-доказательства,признаки равенства треугольников (по рисунку),1,1.0,1,10,0,12,0,1,proof,medium,—,,,0,0,0,0,,,0.0,,0.0,\Delta KMH = \Delta NMH по 2 призн,,1,0,0,0,0,0,,,0.0,,0.0,\Delta KMH = \Delta NMH по 2 призн,,1,0,2,0.0,0,,
W059,Б1-6,S009,T2,dev,1,0,0,школьная программа,,планиметрия-доказательства,признаки равенства треугольников (по рисунку),1,1.0,1,10,0,12,0,1,proof,medium,—,,,1,1,0,0,,,1.0,,0.0,\Delta ABD = \Delta CDB по 2 пр,,1,1,1,1,0,0,,,1.0,,0.0,\Delta ABD = \Delta CDB по 2 пр,,1,1,2,1.0,0,,
W059,Б1-7,S009,T2,dev,1,0,0,школьная программа,,планиметрия-доказательства,признаки равенства треугольников (по рисунку),1,1.0,1,10,0,12,0,1,proof,medium,—,,,0,0,0,0,,,0.0,,0.0,\Delta KPO = \Delta KEO по 2 пр,,1,0,0,0,0,0,,,0.0,,0.0,\Delta KPO = \Delta KEO по 2 пр,,1,0,2,0.0,0,,
W059,Б1-8,S009,T2,dev,1,0,0,школьная программа,,планиметрия-доказательства,признаки равенства треугольников (по рисунку),1,1.0,1,10,0,12,0,1,proof,medium,—,,,0,0,0,0,,,0.0,,0.0,\Delta DEF = \Delta DKF по 2 пр,,1,0,0,0,0,0,,,0.0,,0.0,\Delta DEF = \Delta DKF по 2 пр,,1,0,2,0.0,0,,
W059,Б1-9,S009,T2,dev,1,0,0,школьная программа,,планиметрия-доказательства,признаки равенства треугольников (по рисунку),1,1.0,1,10,0,12,0,1,proof,medium,—,,,0,0,0,0,,,0.0,,0.0,\Delta QAM = \Delta QEM по 1 пр,,1,0,0,0,0,0,,,0.0,,0.0,\Delta QAM = \Delta QEM по 1 пр,,1,0,2,0.0,0,,
W059,Б2-1,S009,T2,dev,1,0,0,школьная программа,,планиметрия-доказательства,признаки параллельности прямых (по рисунку),1,1.0,1,10,0,12,0,1,proof,medium,—,,,0,0,0,0,,,0.0,,0.0,a \parallel b т.к накрест леж. углы равны,,1,0,0,0,0,0,,,0.0,,0.0,a \parallel b т.к накрест леж. углы равны,,1,0,2,0.0,0,,
W059,Б2-2,S009,T2,dev,1,0,0,школьная программа,,планиметрия-доказательства,признаки параллельности прямых (по рисунку),1,1.0,1,10,0,12,0,1,proof,medium,—,,,0,0,0,0,,,0.0,,0.0,a \parallel b т.к сумма однасторонних углов 180 (112 + 68 = 180),,1,0,0,0,0,0,,,0.0,,0.0,a \parallel b т.к сумма однасторонних углов 180 (112 + 68 = 180),,1,0,2,0.0,0,,
W059,Б2-3,S009,T2,dev,1,0,0,школьная программа,,планиметрия-доказательства,признаки параллельности прямых (по рисунку),1,1.0,1,10,0,12,0,1,proof,medium,—,,,0,0,0,0,,,0.0,,0.0,n \parallel m т.к соответ. углы равны,,1,0,0,0,0,0,,,0.0,,0.0,n \parallel m т.к соответ. углы равны,,1,0,2,0.0,0,,
W059,Б2-4,S009,T2,dev,1,0,0,школьная программа,,планиметрия-доказательства,признаки параллельности прямых (по рисунку),1,1.0,1,10,0,12,0,1,proof,medium,—,,,0,0,0,0,,,0.0,,0.0,a \parallel b т.к накр. леж углы равны,,1,0,0,0,0,0,,,0.0,,0.0,a \parallel b т.к накр. леж углы равны,,1,0,2,0.0,0,,
W059,Б2-5,S009,T2,dev,1,0,0,школьная программа,,планиметрия-доказательства,признаки параллельности прямых (по рисунку),1,1.0,1,10,0,12,0,1,proof,medium,—,,,0,0,0,0,,,0.0,,0.0,c \parallel d т.к накр. леж углы равны \angle B = \angle A,,1,0,0,0,0,0,,,0.0,,0.0,c \parallel d т.к накр. леж углы равны \angle B = \angle A,,1,0,2,0.0,0,,
W060,1,S010,T27,dev,1,0,0,ОГЭ,,вариант-смешанный,полный вариант ОГЭ (задания 1–25),1,2.0,2,5,1,1,0,1,number,high,"14,7",,,0,0,0,0,1,1,0.0,,0.0,"14,7",1,0,0,0,0,0,0,1,1,0.0,,0.0,"14,7",1,0,0,2,0.0,0,1,0
W060,10,S010,T27,dev,1,0,0,ОГЭ,,вариант-смешанный,полный вариант ОГЭ (задания 1–25),1,2.0,2,5,1,1,0,1,number,high,"0,4",,,0,0,0,0,1,1,0.0,,0.0,"0,4",1,0,0,0,0,0,0,1,1,0.0,,0.0,"0,4",1,0,0,2,0.0,0,1,0
W060,12,S010,T27,dev,1,0,0,ОГЭ,,вариант-смешанный,полный вариант ОГЭ (задания 1–25),1,2.0,2,5,1,1,0,1,number,high,260,,,0,0,0,0,1,1,0.0,,0.0,260,1,0,0,0,0,0,0,1,1,0.0,,0.0,260,1,0,0,2,0.0,0,1,0
W060,13,S010,T27,dev,1,0,0,ОГЭ,,вариант-смешанный,полный вариант ОГЭ (задания 1–25),1,2.0,2,5,1,1,0,1,number,high,1,,,0,0,0,0,1,1,0.0,,0.0,1,,0,0,0,0,0,0,1,1,0.0,,0.0,1,,0,0,2,0.0,0,1,0
W060,14,S010,T27,dev,1,0,0,ОГЭ,,вариант-смешанный,полный вариант ОГЭ (задания 1–25),1,2.0,2,5,1,1,0,1,number,high,20,,,0,0,0,0,1,1,0.0,,0.0,20,1,0,0,0,0,0,0,1,1,0.0,,0.0,20,1,0,0,2,0.0,0,1,0
W060,17,S010,T27,dev,1,0,0,ОГЭ,,вариант-смешанный,полный вариант ОГЭ (задания 1–25),1,2.0,2,5,1,1,0,1,number,high,40,,,0,0,0,0,1,1,0.0,,0.0,40,1,0,0,0,0,0,0,1,1,0.0,,0.0,40,1,0,0,2,0.0,0,1,0
W060,19,S010,T27,dev,1,0,0,ОГЭ,,вариант-смешанный,полный вариант ОГЭ (задания 1–25),1,2.0,2,5,1,1,0,1,number,high,2,,,0,0,0,0,1,1,0.0,,0.0,2,,0,0,0,0,0,0,1,1,0.0,,0.0,2,,0,0,2,0.0,0,1,0
W060,2,S010,T27,dev,1,0,0,ОГЭ,,вариант-смешанный,полный вариант ОГЭ (задания 1–25),1,2.0,2,5,1,1,0,1,number,medium,2000,,,0,0,0,0,1,1,0.0,,0.0,2000,1,0,0,0,0,0,0,1,1,0.0,,0.0,2000,1,0,0,2,0.0,0,1,0
W060,20,S010,T27,dev,1,0,0,ОГЭ,,вариант-смешанный,полный вариант ОГЭ (задания 1–25),1,2.0,2,5,1,1,1,1,interval,high,(11; 11 + √5),,,0,0,0,0,1,1,0.0,,0.0,x \in (11; 11+\sqrt{5}),,1,0,0,0,0,0,1,1,0.0,,0.0,x \in (11; 11+\sqrt{5}),,1,0,2,0.0,0,1,0
W060,3,S010,T27,dev,1,0,0,ОГЭ,,вариант-смешанный,полный вариант ОГЭ (задания 1–25),1,2.0,2,5,1,1,0,1,number,medium,8300,,,0,0,0,0,1,1,0.0,,0.0,8300,1,0,0,0,0,0,0,1,1,0.0,,0.0,8300,1,0,0,2,0.0,0,1,0
W060,4,S010,T27,dev,1,0,0,ОГЭ,,вариант-смешанный,полный вариант ОГЭ (задания 1–25),1,2.0,2,5,1,1,0,1,number,high,25660,,,0,0,0,0,1,1,0.0,,0.0,25660,1,0,0,0,0,0,0,1,1,0.0,,0.0,25660,1,0,0,2,0.0,0,1,0
W060,6,S010,T27,dev,1,0,0,ОГЭ,,вариант-смешанный,полный вариант ОГЭ (задания 1–25),1,2.0,2,5,1,1,0,1,number,high,"1,6",,,0,0,0,0,1,1,0.0,,0.0,"1,6",1,0,0,0,0,0,0,1,1,0.0,,0.0,"1,6",1,0,0,2,0.0,0,1,0
W060,7,S010,T27,dev,1,0,0,ОГЭ,,вариант-смешанный,полный вариант ОГЭ (задания 1–25),1,2.0,2,5,1,1,0,1,number,high,3,,,0,0,0,0,1,1,0.0,,0.0,3,1,0,0,0,0,0,0,1,1,0.0,,0.0,3,1,0,0,2,0.0,0,1,0
W060,8,S010,T27,dev,1,0,0,ОГЭ,,вариант-смешанный,полный вариант ОГЭ (задания 1–25),1,2.0,2,5,1,1,0,1,number,high,"0,02",,,1,1,0,0,0,1,1.0,,0.0,"0,01",0,0,1,1,1,0,0,0,1,1.0,,0.0,"0,01",0,0,1,2,1.0,0,0,0
W060,9,S010,T27,dev,1,0,0,ОГЭ,,вариант-смешанный,полный вариант ОГЭ (задания 1–25),1,2.0,2,5,1,1,0,1,number,high,"0,6",,,0,0,0,0,1,1,0.0,,0.0,"0,6",1,0,0,0,0,0,0,1,1,0.0,,0.0,"0,6",1,0,0,2,0.0,0,1,0
W061,1,S011,T11,dev,1,0,0,школьная программа,,функции-графики,"квадратичная функция: вершина, нули, построение графика",0,2.0,2,6,3,22,0,1,construction,medium,—,,,0,0,0,0,,,0.0,,0.0,"таблица и вычисление точек для параболы y = x^2 + 6x + 5, вершина (-3; -4)",,0,0,0,0,0,0,,,0.0,,0.0,"таблица и вычисление точек для параболы y = x^2 + 6x + 5, вершина (-3; -4)",,0,0,2,0.0,0,,
W061,2,S011,T11,dev,1,0,0,школьная программа,,функции-графики,"квадратичная функция: вершина, нули, построение графика",0,2.0,2,6,3,22,0,1,construction,medium,—,,,1,1,0,0,,,1.0,,0.0,"вершина (-1; 6), точки таблицы; на рисунке изображена парабола с вершиной (-4; -4) ветвями вверх",,0,1,1,1,0,0,,,1.0,,0.0,"вершина (-1; 6), точки таблицы; на рисунке изображена парабола с вершиной (-4; -4) ветвями вверх",,0,1,2,1.0,0,,
W061,3,S011,T11,dev,1,0,0,школьная программа,,функции-графики,"квадратичная функция: вершина, нули, построение графика",0,2.0,2,6,3,22,0,1,construction,medium,—,,,0,0,0,0,,,0.0,,0.0,"вершина (2; 1), таблица значений и график параболы ветвями вверх",,1,0,0,0,0,0,,,0.0,,0.0,"вершина (2; 1), таблица значений и график параболы ветвями вверх",,1,0,2,0.0,0,,
W061,4,S011,T11,dev,1,0,0,школьная программа,,функции-графики,"квадратичная функция: вершина, нули, построение графика",0,2.0,2,6,3,22,1,1,construction,medium,—,,,0,1,0,0,,,0.0,,0.0,"вершина (3,5; 2,75), таблица значений и построенный график",,1,0,0,0,0,0,,,0.0,,0.0,"вершина (3,5; 2,75), таблица значений и построенный график",,1,0,2,0.0,0,,
W061,Б1-1,S011,T11,dev,1,0,0,школьная программа,,функции-графики,"квадратичная функция: вершина, нули, построение графика",0,2.0,2,6,3,22,1,1,text,high,312,,,0,0,0,0,,,0.0,,0.0,312,0,1,0,0,0,0,0,,,0.0,,0.0,312,0,1,0,2,0.0,0,,
W061,Б1-2,S011,T11,dev,1,0,0,школьная программа,,функции-графики,"квадратичная функция: вершина, нули, построение графика",0,2.0,2,6,3,22,1,1,text,high,321,,,0,0,0,0,,,0.0,,0.0,321,0,0,0,0,0,0,0,,,0.0,,0.0,321,0,0,0,2,0.0,0,,
W061,Б1-4,S011,T11,dev,1,0,0,школьная программа,,функции-графики,"квадратичная функция: вершина, нули, построение графика",0,2.0,2,6,3,22,1,1,text,high,213,,,0,0,0,0,,,0.0,,0.0,213,0,0,0,0,0,0,0,,,0.0,,0.0,213,0,0,0,2,0.0,0,,
W061,Б1-5,S011,T11,dev,1,0,0,ОГЭ,11,функции-графики,"соответствие графиков и формул, знаки коэффициентов",1,2.0,2,6,3,22,1,1,text,high,312,,,0,0,0,0,,,0.0,,0.0,312,0,0,0,0,0,0,0,,,0.0,,0.0,312,0,0,0,2,0.0,0,,
W061,Б1-6,S011,T11,dev,1,0,0,ОГЭ,11,функции-графики,"соответствие графиков и формул, знаки коэффициентов",1,2.0,2,6,3,22,1,1,text,high,321,,,0,0,0,0,,,0.0,,0.0,321,0,0,0,0,0,0,0,,,0.0,,0.0,321,0,0,0,2,0.0,0,,
W061,Б1-7,S011,T11,dev,1,0,0,ОГЭ,11,функции-графики,"соответствие графиков и формул, знаки коэффициентов",1,2.0,2,6,3,22,1,1,text,high,132,,,0,0,0,0,,,0.0,,0.0,132,0,0,0,0,0,0,0,,,0.0,,0.0,132,0,0,0,2,0.0,0,,
W061,Б2-1,S011,T11,dev,0,1,0,школьная программа,,функции-графики,"квадратичная функция: вершина, нули, построение графика",0,2.0,2,6,3,22,1,1,text,high,123,,,1,1,0,0,,,1.0,,0.0,132,0,1,0,1,1,0,0,,,1.0,,0.0,132,0,1,0,2,1.0,0,,
W061,Б2-2,S011,T11,dev,0,1,0,школьная программа,,функции-графики,"квадратичная функция: вершина, нули, построение графика",0,2.0,2,6,3,22,1,1,text,high,132,,,1,1,0,0,,,1.0,,0.0,123,0,0,0,1,1,0,0,,,1.0,,0.0,123,0,0,0,2,1.0,0,,
W062,Б1-1,S009,T24,dev,1,0,0,ОГЭ,21,текстовые задачи,"движение по прямой и по воде, средняя скорость, смеси",0,1.4,1,5,8,37,2,1,number,high,10,,,0,0,0,0,1,1,0.0,,0.0,10 км/ч,1,0,0,0,0,0,0,1,1,0.0,,0.0,10 км/ч,1,0,0,2,0.0,0,1,0
W062,Б1-15,S009,T24,dev,1,0,0,ОГЭ,21,текстовые задачи,"движение по прямой и по воде, средняя скорость, смеси",0,1.4,1,5,8,37,4,1,number,high,80,,,0,0,0,0,0,1,0.0,,0.0,30 км/ч (на стр. 2 найдено 80),1,0,0,0,0,0,0,0,1,0.0,,0.0,30 км/ч (на стр. 2 найдено 80),1,0,0,2,0.0,0,0,1
W062,Б1-45,S009,T24,dev,0,1,0,ОГЭ,21,текстовые задачи,"движение по прямой и по воде, средняя скорость, смеси",0,1.4,1,5,8,37,1,1,number,high,80,,,1,0,0,0,0,1,0.0,,0.0,90 км/ч,1,0,0,1,0,0,0,0,1,0.0,,0.0,90 км/ч,1,0,0,2,1.0,0,0,0
W062,Б1-46,S009,T24,dev,1,0,0,ОГЭ,21,текстовые задачи,"движение по прямой и по воде, средняя скорость, смеси",0,1.4,1,5,8,37,1,1,number,high,55,,,0,0,0,0,1,1,0.0,,0.0,55 км/ч,1,0,0,0,0,0,0,1,1,0.0,,0.0,55 км/ч,1,0,0,2,0.0,0,1,0
W062,Б1-69,S009,T24,dev,1,0,0,ОГЭ,21,текстовые задачи,"движение по прямой и по воде, средняя скорость, смеси",0,1.4,1,5,8,37,1,1,number,high,23,,,0,1,0,0,1,1,0.0,,0.0,23 км/ч,1,0,0,0,0,0,0,1,1,0.0,,0.0,23 км/ч,1,0,0,2,0.0,0,1,0
W062,Б1-70,S009,T24,dev,1,0,0,ОГЭ,21,текстовые задачи,"движение по прямой и по воде, средняя скорость, смеси",0,1.4,1,5,8,37,1,1,number,high,15,,,0,0,0,0,1,1,0.0,,0.0,15 км/ч,0,1,0,0,0,0,0,1,1,0.0,,0.0,15 км/ч,0,1,0,2,0.0,0,1,0
W062,Б1-9,S009,T24,dev,1,0,0,ОГЭ,21,текстовые задачи,"движение по прямой и по воде, средняя скорость, смеси",0,1.4,1,5,8,37,4,1,number,high,26,,,1,4,0,0,1,1,1.0,,0.0,26 км,1,0,1,1,4,0,0,1,1,1.0,,0.0,26 км,1,0,1,2,1.0,0,1,1
W063,Б1-1,S010,T24,dev,1,0,0,ОГЭ,21,текстовые задачи,"движение по прямой и по воде, средняя скорость, смеси",0,1.5,1,4,1,4,0,1,number,high,10,,,0,0,0,0,1,1,0.0,,0.0,10 км/ч,1,1,0,0,0,0,0,1,1,0.0,,0.0,10 км/ч,1,1,0,2,0.0,0,1,0
W063,Б1-86,S010,T24,dev,1,0,0,ОГЭ,21,текстовые задачи,"движение по прямой и по воде, средняя скорость, смеси",0,1.5,1,4,1,4,1,1,number,high,20,,,0,0,0,0,1,1,0.0,,0.0,20,1,0,0,0,0,0,0,1,1,0.0,,0.0,20,1,0,0,2,0.0,0,1,0
W063,Б1-9,S010,T24,dev,1,0,0,ОГЭ,21,текстовые задачи,"движение по прямой и по воде, средняя скорость, смеси",0,1.5,1,4,1,4,0,1,number,high,26,,,0,0,0,0,1,1,0.0,,0.0,26 км,1,0,0,0,0,0,0,1,1,0.0,,0.0,26 км,1,0,0,2,0.0,0,1,0
W063,Б1-97,S010,T24,dev,1,0,0,ОГЭ,21,текстовые задачи,"движение по прямой и по воде, средняя скорость, смеси",0,1.5,1,4,1,4,1,1,number,high,87,,,1,1,0,0,0,1,1.0,,0.0,84%,0,0,1,1,1,0,0,0,1,1.0,,0.0,84%,0,0,1,2,1.0,0,0,0
W064,Б1-1,S011,T24,dev,1,0,0,ОГЭ,21,текстовые задачи,"движение по прямой и по воде, средняя скорость, смеси",0,1.4,1,5,3,14,0,1,number,high,10,,,0,0,0,0,1,1,0.0,,0.0,10 км/ч,1,0,0,0,0,0,0,1,1,0.0,,0.0,10 км/ч,1,0,0,2,0.0,0,1,0
W064,Б1-15,S011,T24,dev,1,0,0,ОГЭ,21,текстовые задачи,"движение по прямой и по воде, средняя скорость, смеси",0,1.4,1,5,3,14,0,1,number,high,80,,,0,0,0,0,1,1,0.0,,0.0,80 км/ч,1,1,0,0,0,0,0,1,1,0.0,,0.0,80 км/ч,1,1,0,2,0.0,0,1,0
W064,Б1-21,S011,T24,dev,1,0,0,ОГЭ,21,текстовые задачи,"движение по прямой и по воде, средняя скорость, смеси",0,1.4,1,5,3,14,1,1,number,high,14,,,0,0,0,0,1,1,0.0,,0.0,14 км/ч,1,1,0,0,0,0,0,1,1,0.0,,0.0,14 км/ч,1,1,0,2,0.0,0,1,0
W064,Б1-5,S011,T24,dev,1,0,0,ОГЭ,21,текстовые задачи,"движение по прямой и по воде, средняя скорость, смеси",0,1.4,1,5,3,14,1,1,number,high,16,,,0,0,0,0,1,1,0.0,,0.0,16 км/ч,1,0,0,0,0,0,0,1,1,0.0,,0.0,16 км/ч,1,0,0,2,0.0,0,1,0
W064,Б1-9,S011,T24,dev,0,1,0,ОГЭ,21,текстовые задачи,"движение по прямой и по воде, средняя скорость, смеси",0,1.4,1,5,3,14,1,1,number,high,26,,,1,3,0,0,0,1,1.0,,0.0,5 км,0,0,0,1,3,0,0,0,1,1.0,,0.0,5 км,0,0,0,2,1.0,0,0,0
W065,1,S012,M6,dev,0,1,0,ЕГЭ проф,15,алгебра-неравенства,"логарифмические неравенства с переменным основанием, рационализация",0,2.0,2,5,2,4,0,1,interval,high,(5; 6],,,1,1,0,0,0,1,1.0,,0.0,[5; 6],,1,0,1,1,0,0,0,1,1.0,,0.0,[5; 6],,1,0,2,1.0,0,0,0
W065,2,S012,M6,dev,0,1,0,ЕГЭ проф,15,алгебра-неравенства,"логарифмические неравенства с переменным основанием, рационализация",0,2.0,2,5,2,4,0,1,interval,high,"(-∞; -4) ∪ [-3,5; -3) ∪ (-3; -2) ∪ [-1; +∞)",,,1,1,0,0,0,1,1.0,,0.0,[3; +\infty),,0,0,1,1,0,0,0,1,1.0,,0.0,[3; +\infty),,0,0,2,1.0,0,0,0
W065,3,S012,M6,dev,1,0,0,ЕГЭ проф,15,алгебра-неравенства,"логарифмические неравенства с переменным основанием, рационализация",0,2.0,2,5,2,4,0,1,interval,high,"(-7; -6) ∪ [2; 2,5) ∪ (4; 4,5]",,,0,0,0,0,1,1,0.0,,0.0,"(-7; -6) \cup [2; 2,5) \cup (4; 4,5]",,0,0,0,0,0,0,1,1,0.0,,0.0,"(-7; -6) \cup [2; 2,5) \cup (4; 4,5]",,0,0,2,0.0,0,1,0
W066,В1-1,S011,T8,dev,1,0,0,школьная программа,,планиметрия-треугольники,"синус, косинус, тангенс острого угла прямоугольного треугольника",0,1.8571428571428572,1,7,3,11,0,1,number,high,"0,8",,,0,0,0,0,1,1,0.0,,0.0,"0,8",1,1,0,0,0,0,0,1,1,0.0,,0.0,"0,8",1,1,0,2,0.0,0,1,0
W066,В1-2,S011,T8,dev,1,0,0,школьная программа,,планиметрия-треугольники,"синус, косинус, тангенс острого угла прямоугольного треугольника",0,1.8571428571428572,1,7,3,11,0,1,number,high,"0,7",,,0,0,0,0,1,1,0.0,,0.0,"0,7",1,1,0,0,0,0,0,1,1,0.0,,0.0,"0,7",1,1,0,2,0.0,0,1,0
W066,В1-3,S011,T8,dev,1,0,0,школьная программа,,планиметрия-треугольники,"синус, косинус, тангенс острого угла прямоугольного треугольника",0,1.8571428571428572,1,7,3,11,0,1,number,high,"0,2",,,0,0,0,0,1,1,0.0,,0.0,"0,2",1,1,0,0,0,0,0,1,1,0.0,,0.0,"0,2",1,1,0,2,0.0,0,1,0
W066,В1-4,S011,T8,dev,1,0,0,школьная программа,,планиметрия-треугольники,"синус, косинус, тангенс острого угла прямоугольного треугольника",0,1.8571428571428572,1,7,3,11,0,1,number,high,6,,,0,0,0,0,1,1,0.0,,0.0,6,1,1,0,0,0,0,0,1,1,0.0,,0.0,6,1,1,0,2,0.0,0,1,0
W066,В1-5,S011,T8,dev,1,0,0,школьная программа,,планиметрия-треугольники,"синус, косинус, тангенс острого угла прямоугольного треугольника",0,1.8571428571428572,1,7,3,11,0,1,number,high,9,,,0,0,0,0,1,1,0.0,,0.0,9,1,1,0,0,0,0,0,1,1,0.0,,0.0,9,1,1,0,2,0.0,0,1,0
W066,В1-6,S011,T8,dev,1,0,0,школьная программа,,планиметрия-треугольники,"синус, косинус, тангенс острого угла прямоугольного треугольника",0,1.8571428571428572,1,7,3,11,0,1,number,high,"0,4",,,0,0,0,0,1,1,0.0,,0.0,"0,4",0,1,0,0,0,0,0,1,1,0.0,,0.0,"0,4",0,1,0,2,0.0,0,1,0
W066,В2-1,S011,T8,dev,1,0,0,школьная программа,,планиметрия-треугольники,"синус, косинус, тангенс острого угла прямоугольного треугольника",0,1.8571428571428572,1,7,3,11,0,1,number,high,"0,3",,,0,0,0,0,1,1,0.0,,0.0,"0,3",1,1,0,0,0,0,0,1,1,0.0,,0.0,"0,3",1,1,0,2,0.0,0,1,0
W066,В2-2,S011,T8,dev,1,0,0,школьная программа,,планиметрия-треугольники,"синус, косинус, тангенс острого угла прямоугольного треугольника",0,1.8571428571428572,1,7,3,11,0,1,number,high,"0,45",,,0,0,0,0,1,1,0.0,,0.0,"0,45",1,1,0,0,0,0,0,1,1,0.0,,0.0,"0,45",1,1,0,2,0.0,0,1,0
W066,В2-3,S011,T8,dev,1,0,0,школьная программа,,планиметрия-треугольники,"синус, косинус, тангенс острого угла прямоугольного треугольника",0,1.8571428571428572,1,7,3,11,0,1,number,high,3,,,0,0,0,0,1,1,0.0,,0.0,3,1,1,0,0,0,0,0,1,1,0.0,,0.0,3,1,1,0,2,0.0,0,1,0
W066,В2-4,S011,T8,dev,1,0,0,школьная программа,,планиметрия-треугольники,"синус, косинус, тангенс острого угла прямоугольного треугольника",0,1.8571428571428572,1,7,3,11,2,1,number,high,25,,,0,0,0,0,1,1,0.0,,0.0,25,1,1,0,0,0,0,0,1,1,0.0,,0.0,25,1,1,0,2,0.0,0,1,0
W066,В2-5,S011,T8,dev,1,0,0,школьная программа,,планиметрия-треугольники,"синус, косинус, тангенс острого угла прямоугольного треугольника",0,1.8571428571428572,1,7,3,11,2,1,number,high,21,,,0,0,0,0,1,1,0.0,,0.0,21,0,1,0,0,0,0,0,1,1,0.0,,0.0,21,0,1,0,2,0.0,0,1,0
W066,В2-6,S011,T8,dev,1,0,0,школьная программа,,планиметрия-треугольники,"синус, косинус, тангенс острого угла прямоугольного треугольника",0,1.8571428571428572,1,7,3,11,1,1,number,high,"0,1",,,0,0,0,0,1,1,0.0,,0.0,"0,1",1,1,0,0,0,0,0,1,1,0.0,,0.0,"0,1",1,1,0,2,0.0,0,1,0
W067,В1-1,S009,T8,dev,1,0,0,школьная программа,,планиметрия-треугольники,"синус, косинус, тангенс острого угла прямоугольного треугольника",0,1.5,1,2,0,3,0,1,number,high,"0,8",,,0,0,0,0,1,1,0.0,,0.0,"0,8",1,1,0,0,0,0,0,1,1,0.0,,0.0,"0,8",1,1,0,2,0.0,0,1,0
W067,В1-2,S009,T8,dev,1,0,0,школьная программа,,планиметрия-треугольники,"синус, косинус, тангенс острого угла прямоугольного треугольника",0,1.5,1,2,0,3,0,1,number,high,"0,7",,,0,0,0,0,1,1,0.0,,0.0,"0,7",1,1,0,0,0,0,0,1,1,0.0,,0.0,"0,7",1,1,0,2,0.0,0,1,0
W067,В1-3,S009,T8,dev,1,0,0,школьная программа,,планиметрия-треугольники,"синус, косинус, тангенс острого угла прямоугольного треугольника",0,1.5,1,2,0,3,0,1,number,high,"0,2",,,0,0,0,0,1,1,0.0,,0.0,"0,2",1,1,0,0,0,0,0,1,1,0.0,,0.0,"0,2",1,1,0,2,0.0,0,1,0
W067,В1-4,S009,T8,dev,1,0,0,школьная программа,,планиметрия-треугольники,"синус, косинус, тангенс острого угла прямоугольного треугольника",0,1.5,1,2,0,3,0,1,number,high,6,,,0,0,0,0,1,1,0.0,,0.0,6,1,1,0,0,0,0,0,1,1,0.0,,0.0,6,1,1,0,2,0.0,0,1,0
W067,В1-5,S009,T8,dev,1,0,0,школьная программа,,планиметрия-треугольники,"синус, косинус, тангенс острого угла прямоугольного треугольника",0,1.5,1,2,0,3,0,1,number,high,9,,,0,0,0,0,1,1,0.0,,0.0,9,1,1,0,0,0,0,0,1,1,0.0,,0.0,9,1,1,0,2,0.0,0,1,0
W067,В1-6,S009,T8,dev,1,0,0,школьная программа,,планиметрия-треугольники,"синус, косинус, тангенс острого угла прямоугольного треугольника",0,1.5,1,2,0,3,0,1,number,high,"0,4",,,0,0,0,0,0,1,0.0,,0.0,"0,16",0,0,0,0,0,0,0,0,1,0.0,,0.0,"0,16",0,0,0,2,0.0,0,0,1
W067,В2-1,S009,T8,dev,1,0,0,школьная программа,,планиметрия-треугольники,"синус, косинус, тангенс острого угла прямоугольного треугольника",0,1.5,1,2,0,3,0,1,number,high,"0,3",,,0,0,0,0,1,1,0.0,,0.0,"0,3",0,1,0,0,0,0,0,1,1,0.0,,0.0,"0,3",0,1,0,2,0.0,0,1,0
W067,В2-2,S009,T8,dev,1,0,0,школьная программа,,планиметрия-треугольники,"синус, косинус, тангенс острого угла прямоугольного треугольника",0,1.5,1,2,0,3,0,1,number,high,"0,45",,,0,0,0,0,1,1,0.0,,0.0,"0,45",0,1,0,0,0,0,0,1,1,0.0,,0.0,"0,45",0,1,0,2,0.0,0,1,0
W067,В2-3,S009,T8,dev,1,0,0,школьная программа,,планиметрия-треугольники,"синус, косинус, тангенс острого угла прямоугольного треугольника",0,1.5,1,2,0,3,0,1,number,high,3,,,0,0,0,0,1,1,0.0,,0.0,3,0,1,0,0,0,0,0,1,1,0.0,,0.0,3,0,1,0,2,0.0,0,1,0
W067,В2-4,S009,T8,dev,1,0,0,школьная программа,,планиметрия-треугольники,"синус, косинус, тангенс острого угла прямоугольного треугольника",0,1.5,1,2,0,3,0,1,number,high,25,,,0,0,0,0,1,1,0.0,,0.0,25,0,1,0,0,0,0,0,1,1,0.0,,0.0,25,0,1,0,2,0.0,0,1,0
W067,В2-5,S009,T8,dev,1,0,0,школьная программа,,планиметрия-треугольники,"синус, косинус, тангенс острого угла прямоугольного треугольника",0,1.5,1,2,0,3,0,1,number,high,21,,,0,0,0,0,1,1,0.0,,0.0,21,0,1,0,0,0,0,0,1,1,0.0,,0.0,21,0,1,0,2,0.0,0,1,0
W067,В2-6,S009,T8,dev,1,0,0,школьная программа,,планиметрия-треугольники,"синус, косинус, тангенс острого угла прямоугольного треугольника",0,1.5,1,2,0,3,0,1,number,high,"0,1",,,0,0,0,0,0,1,0.0,,0.0,"0,01",0,0,0,0,0,0,0,0,1,0.0,,0.0,"0,01",0,0,0,2,0.0,0,0,1
W068,1.4,S009,T16,dev,1,0,0,ОГЭ,20,алгебра-уравнения,значение выражения при условии (пропорция),0,1.75,1,4,3,24,1,1,number,high,4,,,0,0,0,0,1,1,0.0,,0.0,4,1,0,0,0,0,0,0,1,1,0.0,,0.0,4,1,0,0,2,0.0,0,1,0
W068,1.7,S009,T16,dev,1,0,0,ОГЭ,20,алгебра-уравнения,значение выражения при условии (пропорция),0,1.75,1,4,3,24,1,1,number,high,9,,,0,0,0,0,1,1,0.0,,0.0,9,1,0,0,0,0,0,0,1,1,0.0,,0.0,9,1,0,0,2,0.0,0,1,0
W068,1.8,S009,T16,dev,1,0,0,ОГЭ,20,алгебра-уравнения,значение выражения при условии (пропорция),0,1.75,1,4,3,24,1,1,number,high,10,,,0,0,0,0,1,1,0.0,,0.0,10,0,0,0,0,0,0,0,1,1,0.0,,0.0,10,0,0,0,2,0.0,0,1,0
W068,2.12,S009,T16,dev,1,0,0,ОГЭ,20,алгебра-уравнения,"кубические уравнения, группировка",0,1.75,1,4,3,24,0,1,set,high,-6; -3; 3,,,0,0,0,0,1,1,0.0,,0.0,-6; -3; 3,,0,0,0,0,0,0,1,1,0.0,,0.0,-6; -3; 3,,0,0,2,0.0,0,1,0
W068,2.13,S009,T16,dev,1,0,0,ОГЭ,20,алгебра-уравнения,"кубические уравнения, группировка",0,1.75,1,4,3,24,0,1,set,high,-4; -3; 4,,,0,0,0,0,1,1,0.0,,0.0,-4; -3; 4,,0,0,0,0,0,0,1,1,0.0,,0.0,-4; -3; 4,,0,0,2,0.0,0,1,0
W068,2.3,S009,T16,dev,1,0,0,ОГЭ,20,алгебра-уравнения,"кубические уравнения, группировка",0,1.75,1,4,3,24,0,1,set,high,-3; -2; 3,,,0,0,0,0,1,1,0.0,,0.0,-3; -2; 3,,0,0,0,0,0,0,1,1,0.0,,0.0,-3; -2; 3,,0,0,2,0.0,0,1,0
W068,3.12,S009,T16,dev,0,1,0,ОГЭ,20,алгебра-уравнения,уравнения с корнем (ОДЗ) и вынесение общего множителя,0,1.75,1,4,3,24,0,1,set,high,-4; -3; 1,,,1,2,0,0,0,1,1.0,,0.0,-4;-3;-1,,0,0,1,2,0,0,0,1,1.0,,0.0,-4;-3;-1,,0,0,2,1.0,0,0,0
W068,3.13,S009,T16,dev,1,0,0,ОГЭ,20,алгебра-уравнения,уравнения с корнем (ОДЗ) и вынесение общего множителя,0,1.75,1,4,3,24,0,1,set,high,-4; -2; 2,,,0,0,0,0,1,1,0.0,,0.0,-4;-2;2,,0,0,0,0,0,0,1,1,0.0,,0.0,-4;-2;2,,0,0,2,0.0,0,1,0
W068,3.5,S009,T16,dev,0,1,0,ОГЭ,20,алгебра-уравнения,уравнения с корнем (ОДЗ) и вынесение общего множителя,0,1.75,1,4,3,24,2,1,number,high,-1,,,1,2,0,0,0,1,1.0,,0.0,2,,0,0,1,2,0,0,0,1,1.0,,0.0,2,,0,0,2,1.0,0,0,0
W068,3.6,S009,T16,dev,1,0,0,ОГЭ,20,алгебра-уравнения,уравнения с корнем (ОДЗ) и вынесение общего множителя,0,1.75,1,4,3,24,2,1,number,high,-1,,,0,0,0,0,1,1,0.0,,0.0,-1,,0,0,0,0,0,0,1,1,0.0,,0.0,-1,,0,0,2,0.0,0,1,0
W069,5.5,S010,T17,dev,1,0,0,ОГЭ,20,алгебра-уравнения,"дробно-рациональные уравнения, замена t=1/x",0,1.5,1,4,5,7,2,1,set,high,"-0,2; 0,5",,,0,0,0,0,1,1,0.0,,0.0,"x_1 = 0,5; x_2 = -0,2",,0,0,0,0,0,0,1,1,0.0,,0.0,"x_1 = 0,5; x_2 = -0,2",,0,0,2,0.0,0,1,0
W069,8.12,S010,T17,dev,0,1,0,ОГЭ,20,системы,системы второй степени (подстановка/сложение),0,1.5,1,4,5,7,0,1,pair,high,(-1; 7); (1; 7),,,1,1,0,0,0,1,1.0,,0.0,x_1=1; x_2=-1; y=-60,,0,0,1,1,0,0,0,1,1.0,,0.0,x_1=1; x_2=-1; y=-60,,0,0,2,1.0,0,0,0
W069,9.1,S010,T17,dev,0,1,0,ОГЭ,20,системы,"системы второй степени (однородные, распадающиеся)",0,1.5,1,4,5,7,0,1,pair,high,(2; -3); (2; 3),,,1,1,0,0,0,1,1.0,,0.0,x = 2; y = 3,,1,0,1,1,0,0,0,1,1.0,,0.0,x = 2; y = 3,,1,0,2,1.0,0,0,0
W069,9.7,S010,T17,dev,0,1,0,ОГЭ,20,системы,"системы второй степени (однородные, распадающиеся)",0,1.5,1,4,5,7,3,1,pair,high,(2; -2); (2; 2),,,1,1,0,0,0,1,1.0,,0.0,x=2; y=2,,1,0,1,1,0,0,0,1,1.0,,0.0,x=2; y=2,,1,0,2,1.0,0,0,0
W070,1.4,S011,T16,dev,1,0,0,ОГЭ,20,алгебра-уравнения,значение выражения при условии (пропорция),0,2.0,2,5,1,5,1,1,number,high,4,,,0,0,0,0,1,1,0.0,,0.0,4,1,0,0,0,0,0,0,1,1,0.0,,0.0,4,1,0,0,2,0.0,0,1,0
W070,1.7,S011,T16,dev,1,0,0,ОГЭ,20,алгебра-уравнения,значение выражения при условии (пропорция),0,2.0,2,5,1,5,1,1,number,high,9,,,0,0,0,0,1,1,0.0,,0.0,9,1,0,0,0,0,0,0,1,1,0.0,,0.0,9,1,0,0,2,0.0,0,1,0
W070,1.8,S011,T16,dev,1,0,0,ОГЭ,20,алгебра-уравнения,значение выражения при условии (пропорция),0,2.0,2,5,1,5,0,1,number,high,10,,,0,0,0,0,1,1,0.0,,0.0,10,1,0,0,0,0,0,0,1,1,0.0,,0.0,10,1,0,0,2,0.0,0,1,0
W070,2.12,S011,T16,dev,1,0,0,ОГЭ,20,алгебра-уравнения,"кубические уравнения, группировка",0,2.0,2,5,1,5,0,1,set,high,-6; -3; 3,,,0,0,0,0,1,1,0.0,,0.0,-6; -3; 3,,0,0,0,0,0,0,1,1,0.0,,0.0,-6; -3; 3,,0,0,2,0.0,0,1,0
W070,2.13,S011,T16,dev,1,0,0,ОГЭ,20,алгебра-уравнения,"кубические уравнения, группировка",0,2.0,2,5,1,5,0,1,set,high,-4; -3; 4,,,0,0,0,0,1,1,0.0,,0.0,-4; -3; 4,,0,0,0,0,0,0,1,1,0.0,,0.0,-4; -3; 4,,0,0,2,0.0,0,1,0
W070,2.3,S011,T16,dev,1,0,0,ОГЭ,20,алгебра-уравнения,"кубические уравнения, группировка",0,2.0,2,5,1,5,0,1,set,high,-3; -2; 3,,,0,0,0,0,1,1,0.0,,0.0,-3; -2; 3,,0,0,0,0,0,0,1,1,0.0,,0.0,-3; -2; 3,,0,0,2,0.0,0,1,0
W070,2.4,S011,T16,dev,1,0,0,ОГЭ,20,алгебра-уравнения,"кубические уравнения, группировка",0,2.0,2,5,1,5,0,1,set,high,-5; -1; 1,,,0,0,0,0,1,1,0.0,,0.0,-5; -1; 1,,0,0,0,0,0,0,1,1,0.0,,0.0,-5; -1; 1,,0,0,2,0.0,0,1,0
W070,3.5,S011,T16,dev,1,0,0,ОГЭ,20,алгебра-уравнения,уравнения с корнем (ОДЗ) и вынесение общего множителя,0,2.0,2,5,1,5,0,1,number,high,-1,,,0,0,0,0,1,1,0.0,,0.0,-1,,0,0,0,0,0,0,1,1,0.0,,0.0,-1,,0,0,2,0.0,0,1,0
W070,3.6,S011,T16,dev,1,0,0,ОГЭ,20,алгебра-уравнения,уравнения с корнем (ОДЗ) и вынесение общего множителя,0,2.0,2,5,1,5,0,1,number,high,-1,,,0,0,0,0,1,1,0.0,,0.0,-1,,0,0,0,0,0,0,1,1,0.0,,0.0,-1,,0,0,2,0.0,0,1,0
W071,50,S009,T20,dev,0,1,0,ОГЭ,23,планиметрия-подобие,подобие треугольников (параллельные прямые),0,1.25,1,4,4,18,0,1,number,high,36,,,1,1,0,0,0,1,1.0,,0.0,42,1,1,0,1,1,0,0,0,1,1.0,,0.0,42,1,1,0,2,1.0,0,0,0
W071,54,S009,T20,dev,0,1,0,ОГЭ,23,планиметрия-треугольники,пропорциональные отрезки в прямоугольном треугольнике,0,1.25,1,4,4,18,0,1,number,high,8,,,1,1,0,0,0,1,1.0,,0.0,2\sqrt{2},0,1,0,1,1,0,0,0,1,1.0,,0.0,2\sqrt{2},0,1,0,2,1.0,0,0,0
W071,56,S009,T20,dev,0,1,0,ОГЭ,23,планиметрия-треугольники,пропорциональные отрезки в прямоугольном треугольнике,0,1.25,1,4,4,18,0,1,number,high,14,,,1,1,0,0,0,1,1.0,,0.0,5\sqrt{7},0,1,0,1,1,0,0,0,1,1.0,,0.0,5\sqrt{7},0,1,0,2,1.0,0,0,0
W071,59,S009,T20,dev,0,1,0,ОГЭ,23,планиметрия-четырёхугольники,боковая сторона трапеции через углы (высоты),0,1.25,1,4,4,18,0,1,expression,high,11√3,,,1,1,0,0,,,1.0,,0.0,33,0,1,0,1,1,0,0,,,1.0,,0.0,33,0,1,0,2,1.0,0,,
W071,62,S009,T20,dev,0,1,0,ОГЭ,23,планиметрия-четырёхугольники,боковая сторона трапеции через углы (высоты),0,1.25,1,4,4,18,4,1,expression,high,20√6,,,1,2,0,0,,,1.0,,0.0,2\sqrt{30},0,1,0,1,2,0,0,,,1.0,,0.0,2\sqrt{30},0,1,0,2,1.0,0,,
W071,64,S009,T20,dev,0,1,0,ОГЭ,23,планиметрия-четырёхугольники,боковая сторона трапеции через углы (высоты),0,1.25,1,4,4,18,4,1,expression,high,18√3,,,1,2,0,0,,,1.0,,0.0,73,0,0,0,1,2,0,0,,,1.0,,0.0,73,0,0,0,2,1.0,0,,
W072,50,S010,T20,dev,1,0,0,ОГЭ,23,планиметрия-подобие,подобие треугольников (параллельные прямые),0,1.6666666666666667,1,3,2,7,1,1,number,high,36,,,0,0,0,0,1,1,0.0,,0.0,36,0,0,0,0,0,0,0,1,1,0.0,,0.0,36,0,0,0,2,0.0,0,1,0
W072,54,S010,T20,dev,1,0,0,ОГЭ,23,планиметрия-треугольники,пропорциональные отрезки в прямоугольном треугольнике,0,1.6666666666666667,1,3,2,7,1,1,number,high,8,,,0,0,0,0,1,1,0.0,,0.0,8,0,1,0,0,0,0,0,1,1,0.0,,0.0,8,0,1,0,2,0.0,0,1,0
W073,50,S011,T20,dev,1,0,0,ОГЭ,23,планиметрия-подобие,подобие треугольников (параллельные прямые),0,2.0,2,2,2,2,1,1,number,high,36,,,0,0,0,0,1,1,0.0,,0.0,36,1,1,0,0,0,0,0,1,1,0.0,,0.0,36,1,1,0,2,0.0,0,1,0
W073,54,S011,T20,dev,1,0,0,ОГЭ,23,планиметрия-треугольники,пропорциональные отрезки в прямоугольном треугольнике,0,2.0,2,2,2,2,1,1,number,high,8,,,0,0,0,0,1,1,0.0,,0.0,8,1,1,0,0,0,0,0,1,1,0.0,,0.0,8,1,1,0,2,0.0,0,1,0
W073,56,S011,T20,dev,1,0,0,ОГЭ,23,планиметрия-треугольники,пропорциональные отрезки в прямоугольном треугольнике,0,2.0,2,2,2,2,1,1,number,high,14,,,0,0,0,0,1,1,0.0,,0.0,14,1,1,0,0,0,0,0,1,1,0.0,,0.0,14,1,1,0,2,0.0,0,1,0
W074,1,S009,T3,dev,1,0,0,ОГЭ,17,планиметрия-четырёхугольники,"углы, диагонали, площади параллелограмма, ромба, трапеции",1,1.3,1,10,2,19,0,1,number,high,139,,,0,0,0,0,1,1,0.0,,0.0,139,1,1,0,0,0,0,0,1,1,0.0,,0.0,139,1,1,0,2,0.0,0,1,0
W074,100,S009,T3,dev,1,0,0,ОГЭ,17,планиметрия-четырёхугольники,"углы, диагонали, площади параллелограмма, ромба, трапеции",1,1.3,1,10,2,19,0,1,number,high,72,,,0,0,0,0,1,1,0.0,,0.0,72,1,0,0,0,0,0,0,1,1,0.0,,0.0,72,1,0,0,2,0.0,0,1,0
W074,101,S009,T3,dev,1,0,0,ОГЭ,17,планиметрия-четырёхугольники,"углы, диагонали, площади параллелограмма, ромба, трапеции",1,1.3,1,10,2,19,0,1,number,high,14,,,1,1,0,0,0,1,1.0,,0.0,196,1,0,1,0,0,0,0,0,1,0.0,,0.0,196,1,0,0,2,0.5,1,0,0
W074,104,S009,T3,dev,1,0,0,ОГЭ,17,планиметрия-четырёхугольники,"углы, диагонали, площади параллелограмма, ромба, трапеции",1,1.3,1,10,2,19,0,1,number,high,18,,,0,0,0,0,1,1,0.0,,0.0,18,1,0,0,0,0,0,0,1,1,0.0,,0.0,18,1,0,0,2,0.0,0,1,0
W074,105,S009,T3,dev,0,1,0,ОГЭ,17,планиметрия-четырёхугольники,"углы, диагонали, площади параллелограмма, ромба, трапеции",1,1.3,1,10,2,19,0,1,number,high,"9,5",,,1,1,0,0,0,1,1.0,,0.0,"16,5",0,0,0,1,1,0,0,0,1,1.0,,0.0,"16,5",0,0,0,2,1.0,0,0,0
W074,109,S009,T3,dev,1,0,0,ОГЭ,17,планиметрия-четырёхугольники,"углы, диагонали, площади параллелограмма, ромба, трапеции",1,1.3,1,10,2,19,0,1,number,high,6,,,0,0,0,0,1,1,0.0,,0.0,6,1,0,0,0,0,0,0,1,1,0.0,,0.0,6,1,0,0,2,0.0,0,1,0
W074,112,S009,T3,dev,1,0,0,ОГЭ,17,планиметрия-четырёхугольники,"углы, диагонали, площади параллелограмма, ромба, трапеции",1,1.3,1,10,2,19,0,1,number,high,9,,,0,0,0,0,1,1,0.0,,0.0,9,1,0,0,0,0,0,0,1,1,0.0,,0.0,9,1,0,0,2,0.0,0,1,0
W074,14,S009,T3,dev,1,0,0,ОГЭ,17,планиметрия-четырёхугольники,"углы, диагонали, площади параллелограмма, ромба, трапеции",1,1.3,1,10,2,19,2,1,number,high,125,,,0,0,0,0,1,1,0.0,,0.0,125,1,1,0,0,0,0,0,1,1,0.0,,0.0,125,1,1,0,2,0.0,0,1,0
W074,17,S009,T3,dev,0,1,0,ОГЭ,17,планиметрия-четырёхугольники,"углы, диагонали, площади параллелограмма, ромба, трапеции",1,1.3,1,10,2,19,2,1,number,high,66,,,1,1,0,0,0,1,1.0,,0.0,24,0,1,0,1,1,0,0,0,1,1.0,,0.0,24,0,1,0,2,1.0,0,0,0
W074,20,S009,T3,dev,0,1,0,ОГЭ,17,планиметрия-четырёхугольники,"углы, диагонали, площади параллелограмма, ромба, трапеции",1,1.3,1,10,2,19,2,1,number,high,88,,,1,1,0,0,0,1,1.0,,0.0,92,1,1,0,1,1,0,0,0,1,1.0,,0.0,92,1,1,0,2,1.0,0,0,0
W074,21,S009,T3,dev,1,0,0,ОГЭ,17,планиметрия-четырёхугольники,"углы, диагонали, площади параллелограмма, ромба, трапеции",1,1.3,1,10,2,19,2,1,number,high,11,,,0,0,0,0,1,1,0.0,,0.0,11,1,1,0,0,0,0,0,1,1,0.0,,0.0,11,1,1,0,2,0.0,0,1,0
W074,24,S009,T3,dev,1,0,0,ОГЭ,17,планиметрия-четырёхугольники,"углы, диагонали, площади параллелограмма, ромба, трапеции",1,1.3,1,10,2,19,2,1,number,high,7,,,0,0,0,0,1,1,0.0,,0.0,7,1,1,0,0,0,0,0,1,1,0.0,,0.0,7,1,1,0,2,0.0,0,1,0
W074,25,S009,T3,dev,1,0,0,ОГЭ,17,планиметрия-четырёхугольники,"углы, диагонали, площади параллелограмма, ромба, трапеции",1,1.3,1,10,2,19,0,1,number,high,106,,,0,0,0,0,1,1,0.0,,0.0,106,1,1,0,0,0,0,0,1,1,0.0,,0.0,106,1,1,0,2,0.0,0,1,0
W074,28,S009,T3,dev,0,1,0,ОГЭ,17,планиметрия-четырёхугольники,"углы, диагонали, площади параллелограмма, ромба, трапеции",1,1.3,1,10,2,19,0,1,number,high,72,,,1,1,0,0,0,1,1.0,,0.0,73,0,1,0,1,1,0,0,0,1,1.0,,0.0,73,0,1,0,2,1.0,0,0,0
W074,29,S009,T3,dev,1,0,0,ОГЭ,17,планиметрия-четырёхугольники,"углы, диагонали, площади параллелограмма, ромба, трапеции",1,1.3,1,10,2,19,0,1,number,high,157,,,0,0,0,0,1,1,0.0,,0.0,157,1,1,0,0,0,0,0,1,1,0.0,,0.0,157,1,1,0,2,0.0,0,1,0
W074,3,S009,T3,dev,1,0,0,ОГЭ,17,планиметрия-четырёхугольники,"углы, диагонали, площади параллелограмма, ромба, трапеции",1,1.3,1,10,2,19,0,1,number,high,106,,,0,0,0,0,1,1,0.0,,0.0,106,1,1,0,0,0,0,0,1,1,0.0,,0.0,106,1,1,0,2,0.0,0,1,0
W074,31,S009,T3,dev,1,0,0,ОГЭ,17,планиметрия-четырёхугольники,"углы, диагонали, площади параллелограмма, ромба, трапеции",1,1.3,1,10,2,19,0,1,number,high,129,,,0,0,0,0,1,1,0.0,,0.0,129,1,1,0,0,0,0,0,1,1,0.0,,0.0,129,1,1,0,2,0.0,0,1,0
W074,36,S009,T3,dev,1,0,0,ОГЭ,17,планиметрия-четырёхугольники,"углы, диагонали, площади параллелограмма, ромба, трапеции",1,1.3,1,10,2,19,0,1,number,high,4,,,0,0,0,0,1,1,0.0,,0.0,4,1,0,0,0,0,0,0,1,1,0.0,,0.0,4,1,0,0,2,0.0,0,1,0
W074,37,S009,T3,dev,1,0,0,ОГЭ,17,планиметрия-четырёхугольники,"углы, диагонали, площади параллелограмма, ромба, трапеции",1,1.3,1,10,2,19,0,1,number,high,139,,,0,0,0,0,1,1,0.0,,0.0,139,1,0,0,0,0,0,0,1,1,0.0,,0.0,139,1,0,0,2,0.0,0,1,0
W074,39,S009,T3,dev,1,0,0,ОГЭ,17,планиметрия-четырёхугольники,"углы, диагонали, площади параллелограмма, ромба, трапеции",1,1.3,1,10,2,19,0,1,number,high,108,,,0,0,0,0,1,1,0.0,,0.0,108,1,0,0,0,0,0,0,1,1,0.0,,0.0,108,1,0,0,2,0.0,0,1,0
W074,4,S009,T3,dev,1,0,0,ОГЭ,17,планиметрия-четырёхугольники,"углы, диагонали, площади параллелограмма, ромба, трапеции",1,1.3,1,10,2,19,0,1,number,high,119,,,0,0,0,0,1,1,0.0,,0.0,119,0,1,0,0,0,0,0,1,1,0.0,,0.0,119,0,1,0,2,0.0,0,1,0
W074,44,S009,T3,dev,1,0,0,ОГЭ,17,планиметрия-четырёхугольники,"углы, диагонали, площади параллелограмма, ромба, трапеции",1,1.3,1,10,2,19,0,1,number,high,59,,,0,0,0,0,1,1,0.0,,0.0,59,1,0,0,0,0,0,0,1,1,0.0,,0.0,59,1,0,0,2,0.0,0,1,0
W074,45а,S009,T3,dev,1,0,0,ОГЭ,17,планиметрия-четырёхугольники,"углы, диагонали, площади параллелограмма, ромба, трапеции",1,1.3,1,10,2,19,0,1,number,high,17,,,0,0,0,0,1,1,0.0,,0.0,17,1,0,0,0,0,0,0,1,1,0.0,,0.0,17,1,0,0,2,0.0,0,1,0
W074,45б,S009,T3,dev,1,0,0,ОГЭ,17,планиметрия-четырёхугольники,"углы, диагонали, площади параллелограмма, ромба, трапеции",1,1.3,1,10,2,19,0,1,number,high,13,,,0,0,0,0,1,1,0.0,,0.0,13,1,0,0,0,0,0,0,1,1,0.0,,0.0,13,1,0,0,2,0.0,0,1,0
W074,50,S009,T3,dev,0,1,0,ОГЭ,17,планиметрия-четырёхугольники,"углы, диагонали, площади параллелограмма, ромба, трапеции",1,1.3,1,10,2,19,0,1,number,high,5,,,1,1,0,0,0,1,1.0,,0.0,"5,5",0,1,0,1,1,0,0,0,1,1.0,,0.0,"5,5",0,1,0,2,1.0,0,0,0
W074,53,S009,T3,dev,0,1,0,ОГЭ,17,планиметрия-четырёхугольники,"углы, диагонали, площади параллелограмма, ромба, трапеции",1,1.3,1,10,2,19,0,1,number,high,"9,5",,,1,1,0,0,0,1,1.0,,0.0,"1,75",0,1,0,1,1,0,0,0,1,1.0,,0.0,"1,75",0,1,0,2,1.0,0,0,0
W074,54,S009,T3,dev,1,0,0,ОГЭ,17,планиметрия-четырёхугольники,"углы, диагонали, площади параллелограмма, ромба, трапеции",1,1.3,1,10,2,19,0,1,number,high,78,,,0,0,0,0,1,1,0.0,,0.0,78,1,1,0,0,0,0,0,1,1,0.0,,0.0,78,1,1,0,2,0.0,0,1,0
W074,56,S009,T3,dev,1,0,0,ОГЭ,17,планиметрия-четырёхугольники,"углы, диагонали, площади параллелограмма, ромба, трапеции",1,1.3,1,10,2,19,0,1,number,high,54,,,0,0,0,0,1,1,0.0,,0.0,54,1,1,0,0,0,0,0,1,1,0.0,,0.0,54,1,1,0,2,0.0,0,1,0
W074,59,S009,T3,dev,0,1,0,ОГЭ,17,планиметрия-четырёхугольники,"углы, диагонали, площади параллелограмма, ромба, трапеции",1,1.3,1,10,2,19,0,1,number,high,84,,,1,1,0,0,0,1,1.0,,0.0,76,0,1,0,1,1,0,0,0,1,1.0,,0.0,76,0,1,0,2,1.0,0,0,0
W074,60,S009,T3,dev,0,1,0,ОГЭ,17,планиметрия-четырёхугольники,"углы, диагонали, площади параллелограмма, ромба, трапеции",1,1.3,1,10,2,19,0,1,number,high,74,,,1,1,0,0,0,1,1.0,,0.0,112,0,1,0,1,1,0,0,0,1,1.0,,0.0,112,0,1,0,2,1.0,0,0,0
W074,63,S009,T3,dev,1,0,0,ОГЭ,17,планиметрия-четырёхугольники,"углы, диагонали, площади параллелограмма, ромба, трапеции",1,1.3,1,10,2,19,0,1,number,high,22,,,0,0,0,0,1,1,0.0,,0.0,22,1,1,0,0,0,0,0,1,1,0.0,,0.0,22,1,1,0,2,0.0,0,1,0
W074,65,S009,T3,dev,0,1,0,ОГЭ,17,планиметрия-четырёхугольники,"углы, диагонали, площади параллелограмма, ромба, трапеции",1,1.3,1,10,2,19,0,1,number,high,145,,,1,1,0,0,0,1,1.0,,0.0,104,0,1,0,1,1,0,0,0,1,1.0,,0.0,104,0,1,0,2,1.0,0,0,0
W074,68,S009,T3,dev,0,1,0,ОГЭ,17,планиметрия-четырёхугольники,"углы, диагонали, площади параллелограмма, ромба, трапеции",1,1.3,1,10,2,19,0,1,number,high,81,,,1,1,0,0,0,1,1.0,,0.0,101,0,1,0,1,1,0,0,0,1,1.0,,0.0,101,0,1,0,2,1.0,0,0,0
W074,71,S009,T3,dev,0,1,0,ОГЭ,17,планиметрия-четырёхугольники,"углы, диагонали, площади параллелограмма, ромба, трапеции",1,1.3,1,10,2,19,0,1,number,high,53,,,1,1,0,0,0,1,1.0,,0.0,153,0,1,0,1,1,0,0,0,1,1.0,,0.0,153,0,1,0,2,1.0,0,0,0
W074,73,S009,T3,dev,1,0,0,ОГЭ,17,планиметрия-четырёхугольники,"углы, диагонали, площади параллелограмма, ромба, трапеции",1,1.3,1,10,2,19,0,1,number,high,48,,,0,0,0,0,1,1,0.0,,0.0,48,1,1,0,0,0,0,0,1,1,0.0,,0.0,48,1,1,0,2,0.0,0,1,0
W074,75,S009,T3,dev,1,0,0,ОГЭ,17,планиметрия-четырёхугольники,"углы, диагонали, площади параллелограмма, ромба, трапеции",1,1.3,1,10,2,19,0,1,number,high,62,,,1,1,0,0,0,1,1.0,,0.0,124,0,1,1,0,0,0,0,0,1,0.0,,0.0,124,0,1,0,2,0.5,1,0,0
W074,77,S009,T3,dev,1,0,0,ОГЭ,17,планиметрия-четырёхугольники,"углы, диагонали, площади параллелограмма, ромба, трапеции",1,1.3,1,10,2,19,0,1,number,high,12,,,0,0,0,0,1,1,0.0,,0.0,12,1,1,0,0,0,0,0,1,1,0.0,,0.0,12,1,1,0,2,0.0,0,1,0
W074,79,S009,T3,dev,0,1,0,ОГЭ,17,планиметрия-четырёхугольники,"углы, диагонали, площади параллелограмма, ромба, трапеции",1,1.3,1,10,2,19,0,1,number,high,17,,,1,1,0,0,0,1,1.0,,0.0,18,0,1,0,1,1,0,0,0,1,1.0,,0.0,18,0,1,0,2,1.0,0,0,0
W074,80,S009,T3,dev,1,0,0,ОГЭ,17,планиметрия-четырёхугольники,"углы, диагонали, площади параллелограмма, ромба, трапеции",1,1.3,1,10,2,19,0,1,number,high,19,,,1,1,0,0,0,1,1.0,,0.0,19\sqrt{3},1,1,1,0,0,0,0,0,1,0.0,,0.0,19\sqrt{3},1,1,0,2,0.5,1,0,0
W074,82,S009,T3,dev,1,0,0,ОГЭ,17,планиметрия-четырёхугольники,"углы, диагонали, площади параллелограмма, ромба, трапеции",1,1.3,1,10,2,19,0,1,number,high,11,,,1,1,0,0,0,1,1.0,,0.0,11\sqrt{3},0,1,1,0,0,0,0,0,1,0.0,,0.0,11\sqrt{3},0,1,0,2,0.5,1,0,0
W074,85,S009,T3,dev,0,1,0,ОГЭ,17,планиметрия-четырёхугольники,"углы, диагонали, площади параллелограмма, ромба, трапеции",1,1.3,1,10,2,19,0,1,number,high,4,,,1,1,0,0,0,1,1.0,,0.0,128,1,0,0,1,1,0,0,0,1,1.0,,0.0,128,1,0,0,2,1.0,0,0,0
W074,89,S009,T3,dev,1,0,0,ОГЭ,17,планиметрия-четырёхугольники,"углы, диагонали, площади параллелограмма, ромба, трапеции",1,1.3,1,10,2,19,0,1,number,high,35,,,0,0,0,0,1,1,0.0,,0.0,35,1,0,0,0,0,0,0,1,1,0.0,,0.0,35,1,0,0,2,0.0,0,1,0
W074,9,S009,T3,dev,1,0,0,ОГЭ,17,планиметрия-четырёхугольники,"углы, диагонали, площади параллелограмма, ромба, трапеции",1,1.3,1,10,2,19,2,1,number,high,65,,,0,0,0,0,1,1,0.0,,0.0,65,1,1,0,0,0,0,0,1,1,0.0,,0.0,65,1,1,0,2,0.0,0,1,0
W074,92,S009,T3,dev,1,0,0,ОГЭ,17,планиметрия-четырёхугольники,"углы, диагонали, площади параллелограмма, ромба, трапеции",1,1.3,1,10,2,19,0,1,number,high,80,,,0,0,0,0,1,1,0.0,,0.0,80,1,0,0,0,0,0,0,1,1,0.0,,0.0,80,1,0,0,2,0.0,0,1,0
W074,93,S009,T3,dev,0,1,0,ОГЭ,17,планиметрия-четырёхугольники,"углы, диагонали, площади параллелограмма, ромба, трапеции",1,1.3,1,10,2,19,0,1,number,high,12,,,1,1,0,0,0,1,1.0,,0.0,24,0,0,0,1,1,0,0,0,1,1.0,,0.0,24,0,0,0,2,1.0,0,0,0
W074,95,S009,T3,dev,1,0,0,ОГЭ,17,планиметрия-четырёхугольники,"углы, диагонали, площади параллелограмма, ромба, трапеции",1,1.3,1,10,2,19,0,1,number,high,18,,,0,0,0,0,1,1,0.0,,0.0,18,1,0,0,0,0,0,0,1,1,0.0,,0.0,18,1,0,0,2,0.0,0,1,0
W074,97,S009,T3,dev,1,0,0,ОГЭ,17,планиметрия-четырёхугольники,"углы, диагонали, площади параллелограмма, ромба, трапеции",1,1.3,1,10,2,19,0,1,number,high,"12,5",,,0,0,0,0,1,1,0.0,,0.0,"12,5",1,0,0,0,0,0,0,1,1,0.0,,0.0,"12,5",1,0,0,2,0.0,0,1,0
W075,1,S011,T3,dev,1,0,0,ОГЭ,17,планиметрия-четырёхугольники,"углы, диагонали, площади параллелограмма, ромба, трапеции",1,1.8666666666666667,1,15,6,22,0,1,number,high,139,,,0,0,0,0,1,1,0.0,,0.0,139,1,0,0,0,0,0,0,1,1,0.0,,0.0,139,1,0,0,2,0.0,0,1,0
W075,101,S011,T3,dev,1,0,0,ОГЭ,17,планиметрия-четырёхугольники,"углы, диагонали, площади параллелограмма, ромба, трапеции",1,1.8666666666666667,1,15,6,22,0,1,number,high,14,,,0,0,0,0,1,1,0.0,,0.0,14,1,1,0,0,0,0,0,1,1,0.0,,0.0,14,1,1,0,2,0.0,0,1,0
W075,109,S011,T3,dev,1,0,0,ОГЭ,17,планиметрия-четырёхугольники,"углы, диагонали, площади параллелограмма, ромба, трапеции",1,1.8666666666666667,1,15,6,22,0,1,number,high,6,,,0,0,0,0,1,1,0.0,,0.0,6,0,1,0,0,0,0,0,1,1,0.0,,0.0,6,0,1,0,2,0.0,0,1,0
W075,11,S011,T3,dev,1,0,0,ОГЭ,17,планиметрия-четырёхугольники,"углы, диагонали, площади параллелограмма, ромба, трапеции",1,1.8666666666666667,1,15,6,22,1,1,number,high,45,,,0,0,0,0,1,1,0.0,,0.0,45^\circ,1,0,0,0,0,0,0,1,1,0.0,,0.0,45^\circ,1,0,0,2,0.0,0,1,0
W075,13,S011,T3,dev,1,0,0,ОГЭ,17,планиметрия-четырёхугольники,"углы, диагонали, площади параллелограмма, ромба, трапеции",1,1.8666666666666667,1,15,6,22,1,1,number,high,105,,,0,0,0,0,1,1,0.0,,0.0,105^\circ,1,1,0,0,0,0,0,1,1,0.0,,0.0,105^\circ,1,1,0,2,0.0,0,1,0
W075,17,S011,T3,dev,1,0,0,ОГЭ,17,планиметрия-четырёхугольники,"углы, диагонали, площади параллелограмма, ромба, трапеции",1,1.8666666666666667,1,15,6,22,0,1,number,high,66,,,0,0,0,0,1,1,0.0,,0.0,66^\circ,1,1,0,0,0,0,0,1,1,0.0,,0.0,66^\circ,1,1,0,2,0.0,0,1,0
W075,21,S011,T3,dev,1,0,0,ОГЭ,17,планиметрия-четырёхугольники,"углы, диагонали, площади параллелограмма, ромба, трапеции",1,1.8666666666666667,1,15,6,22,0,1,number,high,11,,,0,0,0,0,1,1,0.0,,0.0,11,1,1,0,0,0,0,0,1,1,0.0,,0.0,11,1,1,0,2,0.0,0,1,0
W075,25,S011,T3,dev,1,0,0,ОГЭ,17,планиметрия-четырёхугольники,"углы, диагонали, площади параллелограмма, ромба, трапеции",1,1.8666666666666667,1,15,6,22,0,1,number,high,106,,,0,0,0,0,1,1,0.0,,0.0,106^\circ,1,1,0,0,0,0,0,1,1,0.0,,0.0,106^\circ,1,1,0,2,0.0,0,1,0
W075,27,S011,T3,dev,1,0,0,ОГЭ,17,планиметрия-четырёхугольники,"углы, диагонали, площади параллелограмма, ромба, трапеции",1,1.8666666666666667,1,15,6,22,1,1,number,high,49,,,0,0,0,0,1,1,0.0,,0.0,49^\circ,1,1,0,0,0,0,0,1,1,0.0,,0.0,49^\circ,1,1,0,2,0.0,0,1,0
W075,29,S011,T3,dev,1,0,0,ОГЭ,17,планиметрия-четырёхугольники,"углы, диагонали, площади параллелограмма, ромба, трапеции",1,1.8666666666666667,1,15,6,22,1,1,number,high,157,,,0,0,0,0,1,1,0.0,,0.0,157^\circ,1,1,0,0,0,0,0,1,1,0.0,,0.0,157^\circ,1,1,0,2,0.0,0,1,0
W075,33,S011,T3,dev,1,0,0,ОГЭ,17,планиметрия-четырёхугольники,"углы, диагонали, площади параллелограмма, ромба, трапеции",1,1.8666666666666667,1,15,6,22,1,1,number,high,71,,,0,0,0,0,1,1,0.0,,0.0,71,0,1,0,0,0,0,0,1,1,0.0,,0.0,71,0,1,0,2,0.0,0,1,0
W075,37,S011,T3,dev,1,0,0,ОГЭ,17,планиметрия-четырёхугольники,"углы, диагонали, площади параллелограмма, ромба, трапеции",1,1.8666666666666667,1,15,6,22,0,1,number,high,139,,,0,0,0,0,1,1,0.0,,0.0,139^\circ,1,1,0,0,0,0,0,1,1,0.0,,0.0,139^\circ,1,1,0,2,0.0,0,1,0
W075,41,S011,T3,dev,1,0,0,ОГЭ,17,планиметрия-четырёхугольники,"углы, диагонали, площади параллелограмма, ромба, трапеции",1,1.8666666666666667,1,15,6,22,0,1,number,high,41,,,0,0,0,0,1,1,0.0,,0.0,41,1,1,0,0,0,0,0,1,1,0.0,,0.0,41,1,1,0,2,0.0,0,1,0
W075,45а,S011,T3,dev,1,0,0,ОГЭ,17,планиметрия-четырёхугольники,"углы, диагонали, площади параллелограмма, ромба, трапеции",1,1.8666666666666667,1,15,6,22,0,1,number,high,17,,,0,0,0,0,1,1,0.0,,0.0,17,1,1,0,0,0,0,0,1,1,0.0,,0.0,17,1,1,0,2,0.0,0,1,0
W075,45б,S011,T3,dev,1,0,0,ОГЭ,17,планиметрия-четырёхугольники,"углы, диагонали, площади параллелограмма, ромба, трапеции",1,1.8666666666666667,1,15,6,22,0,1,number,high,13,,,0,0,0,0,1,1,0.0,,0.0,13,1,1,0,0,0,0,0,1,1,0.0,,0.0,13,1,1,0,2,0.0,0,1,0
W075,46,S011,T3,dev,1,0,0,ОГЭ,17,планиметрия-четырёхугольники,"углы, диагонали, площади параллелограмма, ромба, трапеции",1,1.8666666666666667,1,15,6,22,0,1,number,high,3,,,0,0,0,0,1,1,0.0,,0.0,3,1,1,0,0,0,0,0,1,1,0.0,,0.0,3,1,1,0,2,0.0,0,1,0
W075,5,S011,T3,dev,1,0,0,ОГЭ,17,планиметрия-четырёхугольники,"углы, диагонали, площади параллелограмма, ромба, трапеции",1,1.8666666666666667,1,15,6,22,0,1,number,high,78,,,0,0,0,0,1,1,0.0,,0.0,78,1,1,0,0,0,0,0,1,1,0.0,,0.0,78,1,1,0,2,0.0,0,1,0
W075,50,S011,T3,dev,1,0,0,ОГЭ,17,планиметрия-четырёхугольники,"углы, диагонали, площади параллелограмма, ромба, трапеции",1,1.8666666666666667,1,15,6,22,0,1,number,high,5,,,0,0,0,0,1,1,0.0,,0.0,5,1,1,0,0,0,0,0,1,1,0.0,,0.0,5,1,1,0,2,0.0,0,1,0
W075,54,S011,T3,dev,1,0,0,ОГЭ,17,планиметрия-четырёхугольники,"углы, диагонали, площади параллелограмма, ромба, трапеции",1,1.8666666666666667,1,15,6,22,0,1,number,high,78,,,0,0,0,0,1,1,0.0,,0.0,78,1,1,0,0,0,0,0,1,1,0.0,,0.0,78,1,1,0,2,0.0,0,1,0
W075,58,S011,T3,dev,1,0,0,ОГЭ,17,планиметрия-четырёхугольники,"углы, диагонали, площади параллелограмма, ромба, трапеции",1,1.8666666666666667,1,15,6,22,0,1,number,high,88,,,0,0,0,0,1,1,0.0,,0.0,88^\circ,1,1,0,0,0,0,0,1,1,0.0,,0.0,88^\circ,1,1,0,2,0.0,0,1,0
W075,60,S011,T3,dev,1,0,0,ОГЭ,17,планиметрия-четырёхугольники,"углы, диагонали, площади параллелограмма, ромба, трапеции",1,1.8666666666666667,1,15,6,22,0,1,number,high,74,,,0,0,0,0,1,1,0.0,,0.0,74,0,1,0,0,0,0,0,1,1,0.0,,0.0,74,0,1,0,2,0.0,0,1,0
W075,64,S011,T3,dev,1,0,0,ОГЭ,17,планиметрия-четырёхугольники,"углы, диагонали, площади параллелограмма, ромба, трапеции",1,1.8666666666666667,1,15,6,22,0,1,number,high,104,,,0,0,0,0,1,1,0.0,,0.0,104,1,1,0,0,0,0,0,1,1,0.0,,0.0,104,1,1,0,2,0.0,0,1,0
W075,68,S011,T3,dev,1,0,0,ОГЭ,17,планиметрия-четырёхугольники,"углы, диагонали, площади параллелограмма, ромба, трапеции",1,1.8666666666666667,1,15,6,22,0,1,number,high,81,,,0,0,0,0,1,1,0.0,,0.0,81^\circ,1,1,0,0,0,0,0,1,1,0.0,,0.0,81^\circ,1,1,0,2,0.0,0,1,0
W075,72,S011,T3,dev,1,0,0,ОГЭ,17,планиметрия-четырёхугольники,"углы, диагонали, площади параллелограмма, ромба, трапеции",1,1.8666666666666667,1,15,6,22,1,1,number,high,49,,,0,0,0,0,1,1,0.0,,0.0,49,1,1,0,0,0,0,0,1,1,0.0,,0.0,49,1,1,0,2,0.0,0,1,0
W075,76,S011,T3,dev,1,0,0,ОГЭ,17,планиметрия-четырёхугольники,"углы, диагонали, площади параллелограмма, ромба, трапеции",1,1.8666666666666667,1,15,6,22,1,1,number,high,23,,,0,0,0,0,1,1,0.0,,0.0,23,0,1,0,0,0,0,0,1,1,0.0,,0.0,23,0,1,0,2,0.0,0,1,0
W075,80,S011,T3,dev,1,0,0,ОГЭ,17,планиметрия-четырёхугольники,"углы, диагонали, площади параллелограмма, ромба, трапеции",1,1.8666666666666667,1,15,6,22,1,1,number,high,19,,,0,0,0,0,1,1,0.0,,0.0,19,1,1,0,0,0,0,0,1,1,0.0,,0.0,19,1,1,0,2,0.0,0,1,0
W075,84а,S011,T3,dev,1,0,0,ОГЭ,17,планиметрия-четырёхугольники,"углы, диагонали, площади параллелограмма, ромба, трапеции",1,1.8666666666666667,1,15,6,22,1,1,number,high,75,,,0,0,0,0,1,1,0.0,,0.0,75,1,1,0,0,0,0,0,1,1,0.0,,0.0,75,1,1,0,2,0.0,0,1,0
W075,84б,S011,T3,dev,1,0,0,ОГЭ,17,планиметрия-четырёхугольники,"углы, диагонали, площади параллелограмма, ромба, трапеции",1,1.8666666666666667,1,15,6,22,1,1,number,high,40,,,0,0,0,0,1,1,0.0,,0.0,40,1,0,0,0,0,0,0,1,1,0.0,,0.0,40,1,0,0,2,0.0,0,1,0
W075,84в,S011,T3,dev,1,0,0,ОГЭ,17,планиметрия-четырёхугольники,"углы, диагонали, площади параллелограмма, ромба, трапеции",1,1.8666666666666667,1,15,6,22,1,1,number,high,20,,,0,0,0,0,1,1,0.0,,0.0,20,1,0,0,0,0,0,0,1,1,0.0,,0.0,20,1,0,0,2,0.0,0,1,0
W075,84г,S011,T3,dev,1,0,0,ОГЭ,17,планиметрия-четырёхугольники,"углы, диагонали, площади параллелограмма, ромба, трапеции",1,1.8666666666666667,1,15,6,22,1,1,number,high,120,,,0,0,0,0,1,1,0.0,,0.0,120,1,0,0,0,0,0,0,1,1,0.0,,0.0,120,1,0,0,2,0.0,0,1,0
W075,84д,S011,T3,dev,1,0,0,ОГЭ,17,планиметрия-четырёхугольники,"углы, диагонали, площади параллелограмма, ромба, трапеции",1,1.8666666666666667,1,15,6,22,1,1,number,high,100,,,0,0,0,0,1,1,0.0,,0.0,100,1,0,0,0,0,0,0,1,1,0.0,,0.0,100,1,0,0,2,0.0,0,1,0
W075,84е,S011,T3,dev,1,0,0,ОГЭ,17,планиметрия-четырёхугольники,"углы, диагонали, площади параллелограмма, ромба, трапеции",1,1.8666666666666667,1,15,6,22,1,1,number,high,96,,,0,0,0,0,1,1,0.0,,0.0,96,1,0,0,0,0,0,0,1,1,0.0,,0.0,96,1,0,0,2,0.0,0,1,0
W075,85,S011,T3,dev,0,1,1,ОГЭ,17,планиметрия-четырёхугольники,"углы, диагонали, площади параллелограмма, ромба, трапеции",1,1.8666666666666667,1,15,6,22,0,1,number,high,4,,,0,0,0,0,0,1,0.0,,0.0,BH = 4; BM = 2,1,1,1,1,0,0,0,0,1,1.0,,0.0,BH = 4; BM = 2,1,1,0,2,0.5,1,0,1
W075,89,S011,T3,dev,1,0,0,ОГЭ,17,планиметрия-четырёхугольники,"углы, диагонали, площади параллелограмма, ромба, трапеции",1,1.8666666666666667,1,15,6,22,0,1,number,high,35,,,0,0,0,0,1,1,0.0,,0.0,35,1,1,0,0,0,0,0,1,1,0.0,,0.0,35,1,1,0,2,0.0,0,1,0
W075,9,S011,T3,dev,1,0,0,ОГЭ,17,планиметрия-четырёхугольники,"углы, диагонали, площади параллелограмма, ромба, трапеции",1,1.8666666666666667,1,15,6,22,0,1,number,high,65,,,0,0,0,0,1,1,0.0,,0.0,65,1,1,0,0,0,0,0,1,1,0.0,,0.0,65,1,1,0,2,0.0,0,1,0
W075,93,S011,T3,dev,1,0,0,ОГЭ,17,планиметрия-четырёхугольники,"углы, диагонали, площади параллелограмма, ромба, трапеции",1,1.8666666666666667,1,15,6,22,1,1,number,high,12,,,0,0,0,0,1,1,0.0,,0.0,12,1,1,0,0,0,0,0,1,1,0.0,,0.0,12,1,1,0,2,0.0,0,1,0
W075,97,S011,T3,dev,1,0,0,ОГЭ,17,планиметрия-четырёхугольники,"углы, диагонали, площади параллелограмма, ромба, трапеции",1,1.8666666666666667,1,15,6,22,1,1,number,high,"12,5",,,0,0,0,0,1,1,0.0,,0.0,"12,5",1,1,0,0,0,0,0,1,1,0.0,,0.0,"12,5",1,1,0,2,0.0,0,1,0
W076,1,S009,T28,dev,1,0,0,ОГЭ,,вариант-смешанный,"вариант части 2 ОГЭ: уравнения, неравенства, системы, текстовые, геометрия",1,1.4,1,6,5,13,1,1,pair,high,(4; -2); (4; 2),,,0,0,0,0,1,1,0.0,,0.0,"(4; 2), (4; -2)",,1,0,0,0,0,0,1,1,0.0,,0.0,"(4; 2), (4; -2)",,1,0,2,0.0,0,1,0
W076,12,S009,T28,dev,1,0,0,ОГЭ,,вариант-смешанный,"вариант части 2 ОГЭ: уравнения, неравенства, системы, текстовые, геометрия",1,1.4,1,6,5,13,0,1,number,high,65,,,0,0,0,0,1,1,0.0,,0.0,65,1,1,0,0,0,0,0,1,1,0.0,,0.0,65,1,1,0,2,0.0,0,1,0
W076,2,S009,T28,dev,1,0,0,ОГЭ,,вариант-смешанный,"вариант части 2 ОГЭ: уравнения, неравенства, системы, текстовые, геометрия",1,1.4,1,6,5,13,0,1,set,high,2; 4,,,0,0,0,0,1,1,0.0,,0.0,2; 4,,0,0,0,0,0,0,1,1,0.0,,0.0,2; 4,,0,0,2,0.0,0,1,0
W076,3,S009,T28,dev,1,0,0,ОГЭ,,вариант-смешанный,"вариант части 2 ОГЭ: уравнения, неравенства, системы, текстовые, геометрия",1,1.4,1,6,5,13,2,1,interval,high,(1; 1 + √2),,,0,0,0,0,1,1,0.0,,0.0,x ∈ (1; 1 + √2),,1,0,0,0,0,0,1,1,0.0,,0.0,x ∈ (1; 1 + √2),,1,0,2,0.0,0,1,0
W076,5,S009,T28,dev,1,0,0,ОГЭ,,вариант-смешанный,"вариант части 2 ОГЭ: уравнения, неравенства, системы, текстовые, геометрия",1,1.4,1,6,5,13,1,1,number,high,13,,,1,1,0,0,1,1,1.0,,0.0,13,1,0,1,1,1,0,0,1,1,1.0,,0.0,13,1,0,1,2,1.0,0,1,1
W076,8,S009,T28,dev,1,0,0,ОГЭ,,вариант-смешанный,"вариант части 2 ОГЭ: уравнения, неравенства, системы, текстовые, геометрия",1,1.4,1,6,5,13,0,1,number,high,20,,,0,0,0,0,1,1,0.0,,0.0,20,0,0,0,0,0,0,0,1,1,0.0,,0.0,20,0,0,0,2,0.0,0,1,0
W077,Б1-1,S009,T12,dev,1,0,0,ОГЭ,14,прогрессии,"арифметическая и геометрическая прогрессии, прикладные задачи",0,1.0,1,1,3,6,3,1,number,high,61,,,0,0,0,0,1,1,0.0,,0.0,61,0,1,0,0,0,0,0,1,1,0.0,,0.0,61,0,1,0,2,0.0,0,1,0
W077,Б1-10,S009,T12,dev,1,0,0,ОГЭ,14,прогрессии,"арифметическая и геометрическая прогрессии, прикладные задачи",0,1.0,1,1,3,6,3,1,number,high,2916,,,0,0,0,0,1,1,0.0,,0.0,2916,0,1,0,0,0,0,0,1,1,0.0,,0.0,2916,0,1,0,2,0.0,0,1,0
W077,Б1-2,S009,T12,dev,1,0,0,ОГЭ,14,прогрессии,"арифметическая и геометрическая прогрессии, прикладные задачи",0,1.0,1,1,3,6,3,1,number,high,-41,,,0,0,0,0,1,1,0.0,,0.0,-41,0,1,0,0,0,0,0,1,1,0.0,,0.0,-41,0,1,0,2,0.0,0,1,0
W077,Б1-3,S009,T12,dev,0,1,0,ОГЭ,14,прогрессии,"арифметическая и геометрическая прогрессии, прикладные задачи",0,1.0,1,1,3,6,3,1,number,high,39,,,1,1,0,0,0,1,1.0,,0.0,192,0,1,0,1,1,0,0,0,1,1.0,,0.0,192,0,1,0,2,1.0,0,0,0
W077,Б1-4,S009,T12,dev,0,1,0,ОГЭ,14,прогрессии,"арифметическая и геометрическая прогрессии, прикладные задачи",0,1.0,1,1,3,6,3,1,number,high,"6,3",,,1,1,0,0,0,1,1.0,,0.0,"4,55",0,1,0,1,1,0,0,0,1,1.0,,0.0,"4,55",0,1,0,2,1.0,0,0,0
W077,Б1-5,S009,T12,dev,1,0,0,ОГЭ,14,прогрессии,"арифметическая и геометрическая прогрессии, прикладные задачи",0,1.0,1,1,3,6,3,1,number,high,110,,,0,0,0,0,1,1,0.0,,0.0,110,0,1,0,0,0,0,0,1,1,0.0,,0.0,110,0,1,0,2,0.0,0,1,0
W077,Б1-6,S009,T12,dev,1,0,0,ОГЭ,14,прогрессии,"арифметическая и геометрическая прогрессии, прикладные задачи",0,1.0,1,1,3,6,3,1,number,high,518,,,0,0,0,0,1,1,0.0,,0.0,518,0,1,0,0,0,0,0,1,1,0.0,,0.0,518,0,1,0,2,0.0,0,1,0
W077,Б1-7,S009,T12,dev,1,0,0,ОГЭ,14,прогрессии,"арифметическая и геометрическая прогрессии, прикладные задачи",0,1.0,1,1,3,6,3,1,number,high,48,,,0,0,0,0,1,1,0.0,,0.0,48,0,1,0,0,0,0,0,1,1,0.0,,0.0,48,0,1,0,2,0.0,0,1,0
W077,Б1-8,S009,T12,dev,0,1,0,ОГЭ,14,прогрессии,"арифметическая и геометрическая прогрессии, прикладные задачи",0,1.0,1,1,3,6,3,1,number,high,7,,,1,1,0,0,0,1,1.0,,0.0,5,0,1,0,1,1,0,0,0,1,1.0,,0.0,5,0,1,0,2,1.0,0,0,0
W077,Б1-9,S009,T12,dev,1,0,0,ОГЭ,14,прогрессии,"арифметическая и геометрическая прогрессии, прикладные задачи",0,1.0,1,1,3,6,3,1,number,high,"7,5",,,0,0,0,0,1,1,0.0,,0.0,"7,5",0,1,0,0,0,0,0,1,1,0.0,,0.0,"7,5",0,1,0,2,0.0,0,1,0
W077,Б2-1.1,S009,T12,dev,1,0,0,ОГЭ,14,прогрессии,"арифметическая и геометрическая прогрессии, прикладные задачи",0,1.0,1,1,3,6,3,1,number,high,13,,,1,1,0,0,0,1,1.0,,0.0,3,1,0,1,1,1,0,0,0,1,1.0,,0.0,3,1,0,1,2,1.0,0,0,0
W077,Б2-1.2,S009,T12,dev,1,0,0,ОГЭ,14,прогрессии,"арифметическая и геометрическая прогрессии, прикладные задачи",0,1.0,1,1,3,6,3,1,number,high,9,,,1,1,0,0,0,1,1.0,,0.0,3,1,0,1,1,1,0,0,0,1,1.0,,0.0,3,1,0,1,2,1.0,0,0,0
W077,Б2-10,S009,T12,dev,1,0,0,ОГЭ,14,прогрессии,"арифметическая и геометрическая прогрессии, прикладные задачи",0,1.0,1,1,3,6,3,1,number,high,"9,6",,,1,1,0,0,0,1,1.0,,0.0,"-0,4",0,1,1,0,0,0,0,0,1,0.0,,0.0,"-0,4",0,1,0,2,0.5,1,0,0
W077,Б2-12,S009,T12,dev,0,1,0,ОГЭ,14,прогрессии,"арифметическая и геометрическая прогрессии, прикладные задачи",0,1.0,1,1,3,6,3,1,number,high,-441,,,1,1,0,0,0,1,1.0,,0.0,32,0,0,0,1,1,0,0,0,1,1.0,,0.0,32,0,0,0,2,1.0,0,0,0
W077,Б2-14,S009,T12,dev,1,0,0,ОГЭ,14,прогрессии,"арифметическая и геометрическая прогрессии, прикладные задачи",0,1.0,1,1,3,6,3,1,number,high,32,,,0,0,0,0,1,1,0.0,,0.0,32,1,0,0,0,0,0,0,1,1,0.0,,0.0,32,1,0,0,2,0.0,0,1,0
W077,Б2-15,S009,T12,dev,1,0,0,ОГЭ,14,прогрессии,"арифметическая и геометрическая прогрессии, прикладные задачи",0,1.0,1,1,3,6,3,1,number,high,58,,,0,0,0,0,1,1,0.0,,0.0,58,1,0,0,0,0,0,0,1,1,0.0,,0.0,58,1,0,0,2,0.0,0,1,0
W077,Б2-16,S009,T12,dev,0,1,0,ОГЭ,14,прогрессии,"арифметическая и геометрическая прогрессии, прикладные задачи",0,1.0,1,1,3,6,3,1,number,high,167,,,1,1,0,0,0,1,1.0,,0.0,155,0,0,0,1,1,0,0,0,1,1.0,,0.0,155,0,0,0,2,1.0,0,0,0
W077,Б2-17,S009,T12,dev,0,1,0,ОГЭ,14,прогрессии,"арифметическая и геометрическая прогрессии, прикладные задачи",0,1.0,1,1,3,6,3,1,number,high,77400,,,1,1,0,0,0,1,1.0,,0.0,69400,0,0,0,1,1,0,0,0,1,1.0,,0.0,69400,0,0,0,2,1.0,0,0,0
W077,Б2-19,S009,T12,dev,0,1,0,ОГЭ,14,прогрессии,"арифметическая и геометрическая прогрессии, прикладные задачи",0,1.0,1,1,3,6,3,1,number,high,945,,,1,1,0,0,0,1,1.0,,0.0,815,0,0,0,1,1,0,0,0,1,1.0,,0.0,815,0,0,0,2,1.0,0,0,0
W077,Б2-2,S009,T12,dev,1,0,0,ОГЭ,14,прогрессии,"арифметическая и геометрическая прогрессии, прикладные задачи",0,1.0,1,1,3,6,3,1,number,high,"6,2",,,1,1,0,0,0,1,1.0,,0.0,"6,12",0,1,1,1,1,0,0,0,1,1.0,,0.0,"6,12",0,1,1,2,1.0,0,0,0
W077,Б2-20,S009,T12,dev,0,1,0,ОГЭ,14,прогрессии,"арифметическая и геометрическая прогрессии, прикладные задачи",0,1.0,1,1,3,6,3,1,number,high,328,,,1,1,0,0,0,1,1.0,,0.0,4,0,0,0,1,1,0,0,0,1,1.0,,0.0,4,0,0,0,2,1.0,0,0,0
W077,Б2-22,S009,T12,dev,0,1,0,ОГЭ,14,прогрессии,"арифметическая и геометрическая прогрессии, прикладные задачи",0,1.0,1,1,3,6,3,1,number,high,7,,,1,1,0,0,0,1,1.0,,0.0,2215,1,0,0,1,1,0,0,0,1,1.0,,0.0,2215,1,0,0,2,1.0,0,0,0
W077,Б2-3,S009,T12,dev,1,0,0,ОГЭ,14,прогрессии,"арифметическая и геометрическая прогрессии, прикладные задачи",0,1.0,1,1,3,6,3,1,number,high,37,,,0,0,0,0,1,1,0.0,,0.0,37,0,1,0,0,0,0,0,1,1,0.0,,0.0,37,0,1,0,2,0.0,0,1,0
W077,Б2-4,S009,T12,dev,1,0,0,ОГЭ,14,прогрессии,"арифметическая и геометрическая прогрессии, прикладные задачи",0,1.0,1,1,3,6,3,1,number,high,"-56,4",,,1,0,0,0,,1,0.0,,0.0,,0,1,1,1,0,0,0,,1,0.0,,0.0,,0,1,1,2,1.0,0,,
W077,Б2-5,S009,T12,dev,1,0,0,ОГЭ,14,прогрессии,"арифметическая и геометрическая прогрессии, прикладные задачи",0,1.0,1,1,3,6,3,1,number,high,-7,,,0,0,0,0,1,1,0.0,,0.0,-7,0,1,0,0,0,0,0,1,1,0.0,,0.0,-7,0,1,0,2,0.0,0,1,0
W077,Б2-6,S009,T12,dev,1,0,0,ОГЭ,14,прогрессии,"арифметическая и геометрическая прогрессии, прикладные задачи",0,1.0,1,1,3,6,3,1,number,high,145,,,0,0,0,0,1,1,0.0,,0.0,145,0,1,0,0,0,0,0,1,1,0.0,,0.0,145,0,1,0,2,0.0,0,1,0
W077,Б2-7,S009,T12,dev,0,1,0,ОГЭ,14,прогрессии,"арифметическая и геометрическая прогрессии, прикладные задачи",0,1.0,1,1,3,6,3,1,number,high,-10,,,1,1,0,0,0,1,1.0,,0.0,10,0,1,0,1,1,0,0,0,1,1.0,,0.0,10,0,1,0,2,1.0,0,0,0
W077,Б2-9,S009,T12,dev,0,1,0,ОГЭ,14,прогрессии,"арифметическая и геометрическая прогрессии, прикладные задачи",0,1.0,1,1,3,6,3,1,number,high,-486,,,1,1,0,0,0,1,1.0,,0.0,986,0,1,0,1,1,0,0,0,1,1.0,,0.0,986,0,1,0,2,1.0,0,0,0
W077,Б3-1,S009,T12,dev,1,0,0,ОГЭ,14,прогрессии,"арифметическая и геометрическая прогрессии, прикладные задачи",0,1.0,1,1,3,6,3,1,number,high,"5,4",,,0,0,0,0,1,1,0.0,,0.0,"5,4",0,1,0,0,0,0,0,1,1,0.0,,0.0,"5,4",0,1,0,2,0.0,0,1,0
W077,Б3-11,S009,T12,dev,0,1,0,ОГЭ,14,прогрессии,"арифметическая и геометрическая прогрессии, прикладные задачи",0,1.0,1,1,3,6,3,1,number,high,35,,,1,1,0,0,0,1,1.0,,0.0,140,0,0,0,1,1,0,0,0,1,1.0,,0.0,140,0,0,0,2,1.0,0,0,0
W077,Б3-2,S009,T12,dev,1,0,0,ОГЭ,14,прогрессии,"арифметическая и геометрическая прогрессии, прикладные задачи",0,1.0,1,1,3,6,3,1,number,high,8,,,0,0,0,0,1,1,0.0,,0.0,8,0,1,0,0,0,0,0,1,1,0.0,,0.0,8,0,1,0,2,0.0,0,1,0
W077,Б3-3,S009,T12,dev,1,0,0,ОГЭ,14,прогрессии,"арифметическая и геометрическая прогрессии, прикладные задачи",0,1.0,1,1,3,6,3,1,number,high,6,,,0,0,0,0,1,1,0.0,,0.0,6,0,1,0,0,0,0,0,1,1,0.0,,0.0,6,0,1,0,2,0.0,0,1,0
W077,Б3-5,S009,T12,dev,1,0,0,ОГЭ,14,прогрессии,"арифметическая и геометрическая прогрессии, прикладные задачи",0,1.0,1,1,3,6,3,1,number,high,62720,,,0,0,0,0,1,1,0.0,,0.0,62720,0,1,0,0,0,0,0,1,1,0.0,,0.0,62720,0,1,0,2,0.0,0,1,0
W077,Б3-6,S009,T12,dev,0,1,0,ОГЭ,14,прогрессии,"арифметическая и геометрическая прогрессии, прикладные задачи",0,1.0,1,1,3,6,3,1,number,high,48,,,1,1,0,0,0,1,1.0,,0.0,78,0,1,0,1,1,0,0,0,1,1.0,,0.0,78,0,1,0,2,1.0,0,0,0
W077,Б3-8,S009,T12,dev,1,0,0,ОГЭ,14,прогрессии,"арифметическая и геометрическая прогрессии, прикладные задачи",0,1.0,1,1,3,6,3,1,number,high,17,,,0,0,0,0,1,1,0.0,,0.0,17,0,1,0,0,0,0,0,1,1,0.0,,0.0,17,0,1,0,2,0.0,0,1,0
W078,Б1-1,S011,T12,dev,1,0,0,ОГЭ,14,прогрессии,"арифметическая и геометрическая прогрессии, прикладные задачи",0,2.0,2,1,11,14,11,1,number,high,61,,,0,0,0,0,1,1,0.0,,0.0,61,0,0,0,0,0,0,0,1,1,0.0,,0.0,61,0,0,0,2,0.0,0,1,0
W078,Б1-10,S011,T12,dev,0,1,0,ОГЭ,14,прогрессии,"арифметическая и геометрическая прогрессии, прикладные задачи",0,2.0,2,1,11,14,11,1,number,high,2916,,,1,1,0,0,0,1,1.0,,0.0,972,0,0,0,1,1,0,0,0,1,1.0,,0.0,972,0,0,0,2,1.0,0,0,0
W078,Б1-2,S011,T12,dev,0,1,0,ОГЭ,14,прогрессии,"арифметическая и геометрическая прогрессии, прикладные задачи",0,2.0,2,1,11,14,11,1,number,high,-41,,,1,1,0,0,0,1,1.0,,0.0,-34^\circ C,0,0,0,1,1,0,0,0,1,1.0,,0.0,-34^\circ C,0,0,0,2,1.0,0,0,0
W078,Б1-3,S011,T12,dev,0,1,0,ОГЭ,14,прогрессии,"арифметическая и геометрическая прогрессии, прикладные задачи",0,2.0,2,1,11,14,11,1,number,high,39,,,1,1,0,0,0,1,1.0,,0.0,45,0,0,0,1,1,0,0,0,1,1.0,,0.0,45,0,0,0,2,1.0,0,0,0
W078,Б1-4,S011,T12,dev,1,0,0,ОГЭ,14,прогрессии,"арифметическая и геометрическая прогрессии, прикладные задачи",0,2.0,2,1,11,14,11,1,number,high,"6,3",,,0,0,0,0,1,1,0.0,,0.0,"6,3",0,0,0,0,0,0,0,1,1,0.0,,0.0,"6,3",0,0,0,2,0.0,0,1,0
W078,Б1-5,S011,T12,dev,0,1,0,ОГЭ,14,прогрессии,"арифметическая и геометрическая прогрессии, прикладные задачи",0,2.0,2,1,11,14,11,1,number,high,110,,,1,1,0,0,0,1,1.0,,0.0,150,0,0,0,1,1,0,0,0,1,1.0,,0.0,150,0,0,0,2,1.0,0,0,0
W078,Б1-6,S011,T12,dev,0,1,0,ОГЭ,14,прогрессии,"арифметическая и геометрическая прогрессии, прикладные задачи",0,2.0,2,1,11,14,11,1,number,high,518,,,1,1,0,0,0,1,1.0,,0.0,392,0,0,0,1,1,0,0,0,1,1.0,,0.0,392,0,0,0,2,1.0,0,0,0
W078,Б1-7,S011,T12,dev,1,0,0,ОГЭ,14,прогрессии,"арифметическая и геометрическая прогрессии, прикладные задачи",0,2.0,2,1,11,14,11,1,number,high,48,,,0,0,0,0,1,1,0.0,,0.0,48,0,0,0,0,0,0,0,1,1,0.0,,0.0,48,0,0,0,2,0.0,0,1,0
W078,Б1-8,S011,T12,dev,1,0,0,ОГЭ,14,прогрессии,"арифметическая и геометрическая прогрессии, прикладные задачи",0,2.0,2,1,11,14,11,1,number,high,7,,,0,0,0,0,1,1,0.0,,0.0,7,1,0,0,0,0,0,0,1,1,0.0,,0.0,7,1,0,0,2,0.0,0,1,0
W078,Б1-9,S011,T12,dev,0,1,0,ОГЭ,14,прогрессии,"арифметическая и геометрическая прогрессии, прикладные задачи",0,2.0,2,1,11,14,11,1,number,high,"7,5",,,1,1,0,0,0,1,1.0,,0.0,15,0,0,0,1,1,0,0,0,1,1.0,,0.0,15,0,0,0,2,1.0,0,0,0
W078,Б2-10,S011,T12,dev,1,0,0,ОГЭ,14,прогрессии,"арифметическая и геометрическая прогрессии, прикладные задачи",0,2.0,2,1,11,14,11,1,number,high,"9,6",,,0,0,0,0,1,1,0.0,,0.0,"9,6",0,0,0,0,0,0,0,1,1,0.0,,0.0,"9,6",0,0,0,2,0.0,0,1,0
W078,Б2-11,S011,T12,dev,1,0,0,ОГЭ,14,прогрессии,"арифметическая и геометрическая прогрессии, прикладные задачи",0,2.0,2,1,11,14,11,1,number,high,615,,,0,0,0,0,1,1,0.0,,0.0,615,0,0,0,0,0,0,0,1,1,0.0,,0.0,615,0,0,0,2,0.0,0,1,0
W078,Б2-13,S011,T12,dev,1,0,0,ОГЭ,14,прогрессии,"арифметическая и геометрическая прогрессии, прикладные задачи",0,2.0,2,1,11,14,11,1,number,high,12,,,0,0,0,0,1,1,0.0,,0.0,12,1,0,0,0,0,0,0,1,1,0.0,,0.0,12,1,0,0,2,0.0,0,1,0
W078,Б2-14,S011,T12,dev,1,0,0,ОГЭ,14,прогрессии,"арифметическая и геометрическая прогрессии, прикладные задачи",0,2.0,2,1,11,14,11,1,number,high,32,,,0,0,0,0,1,1,0.0,,0.0,32,0,0,0,0,0,0,0,1,1,0.0,,0.0,32,0,0,0,2,0.0,0,1,0
W078,Б2-15,S011,T12,dev,1,0,0,ОГЭ,14,прогрессии,"арифметическая и геометрическая прогрессии, прикладные задачи",0,2.0,2,1,11,14,11,1,number,high,58,,,0,0,0,0,1,1,0.0,,0.0,58,0,0,0,0,0,0,0,1,1,0.0,,0.0,58,0,0,0,2,0.0,0,1,0
W078,Б2-16,S011,T12,dev,0,1,0,ОГЭ,14,прогрессии,"арифметическая и геометрическая прогрессии, прикладные задачи",0,2.0,2,1,11,14,11,1,number,high,167,,,0,0,0,0,0,0,0.0,,0.0,166,0,0,1,0,0,0,0,0,0,0.0,,0.0,166,0,0,1,2,0.0,0,0,1
W078,Б2-17,S011,T12,dev,1,0,0,ОГЭ,14,прогрессии,"арифметическая и геометрическая прогрессии, прикладные задачи",0,2.0,2,1,11,14,11,1,number,high,77400,,,0,0,0,0,1,1,0.0,,0.0,77400 р.,0,0,0,0,0,0,0,1,1,0.0,,0.0,77400 р.,0,0,0,2,0.0,0,1,0
W078,Б2-19,S011,T12,dev,1,0,0,ОГЭ,14,прогрессии,"арифметическая и геометрическая прогрессии, прикладные задачи",0,2.0,2,1,11,14,11,1,number,high,945,,,0,0,0,0,1,1,0.0,,0.0,945,0,0,0,0,0,0,0,1,1,0.0,,0.0,945,0,0,0,2,0.0,0,1,0
W078,Б2-2,S011,T12,dev,0,1,0,ОГЭ,14,прогрессии,"арифметическая и геометрическая прогрессии, прикладные задачи",0,2.0,2,1,11,14,11,1,number,high,"6,2",,,1,1,0,0,0,1,1.0,,0.0,"6,9",0,0,0,1,1,0,0,0,1,1.0,,0.0,"6,9",0,0,0,2,1.0,0,0,0
W078,Б2-20,S011,T12,dev,1,0,0,ОГЭ,14,прогрессии,"арифметическая и геометрическая прогрессии, прикладные задачи",0,2.0,2,1,11,14,11,1,number,high,328,,,0,0,0,0,1,1,0.0,,0.0,328,0,0,0,0,0,0,0,1,1,0.0,,0.0,328,0,0,0,2,0.0,0,1,0
W078,Б2-21,S011,T12,dev,1,0,0,ОГЭ,14,прогрессии,"арифметическая и геометрическая прогрессии, прикладные задачи",0,2.0,2,1,11,14,11,1,number,high,5,,,0,0,0,0,1,1,0.0,,0.0,5,1,0,0,0,0,0,0,1,1,0.0,,0.0,5,1,0,0,2,0.0,0,1,0
W078,Б2-22,S011,T12,dev,1,0,0,ОГЭ,14,прогрессии,"арифметическая и геометрическая прогрессии, прикладные задачи",0,2.0,2,1,11,14,11,1,number,high,7,,,0,0,0,0,1,1,0.0,,0.0,7,1,0,0,0,0,0,0,1,1,0.0,,0.0,7,1,0,0,2,0.0,0,1,0
W078,Б2-3,S011,T12,dev,1,0,0,ОГЭ,14,прогрессии,"арифметическая и геометрическая прогрессии, прикладные задачи",0,2.0,2,1,11,14,11,1,number,high,37,,,0,0,0,0,1,1,0.0,,0.0,37,0,0,0,0,0,0,0,1,1,0.0,,0.0,37,0,0,0,2,0.0,0,1,0
W078,Б2-5,S011,T12,dev,1,0,0,ОГЭ,14,прогрессии,"арифметическая и геометрическая прогрессии, прикладные задачи",0,2.0,2,1,11,14,11,1,number,high,-7,,,0,0,0,0,1,1,0.0,,0.0,-7,1,0,0,0,0,0,0,1,1,0.0,,0.0,-7,1,0,0,2,0.0,0,1,0
W078,Б2-7,S011,T12,dev,1,0,0,ОГЭ,14,прогрессии,"арифметическая и геометрическая прогрессии, прикладные задачи",0,2.0,2,1,11,14,11,1,number,high,-10,,,0,0,0,0,1,1,0.0,,0.0,-10,1,0,0,0,0,0,0,1,1,0.0,,0.0,-10,1,0,0,2,0.0,0,1,0
W078,Б2-8,S011,T12,dev,1,0,0,ОГЭ,14,прогрессии,"арифметическая и геометрическая прогрессии, прикладные задачи",0,2.0,2,1,11,14,11,1,number,high,"1,1",,,1,1,0,0,0,1,1.0,,0.0,"5,5",0,0,1,0,0,0,0,0,1,0.0,,0.0,"5,5",0,0,0,2,0.5,1,0,0
W078,Б3-1,S011,T12,dev,1,0,0,ОГЭ,14,прогрессии,"арифметическая и геометрическая прогрессии, прикладные задачи",0,2.0,2,1,11,14,11,1,number,high,"5,4",,,0,0,0,0,1,1,0.0,,0.0,"5,4",1,0,0,0,0,0,0,1,1,0.0,,0.0,"5,4",1,0,0,2,0.0,0,1,0
W078,Б3-10,S011,T12,dev,0,1,0,ОГЭ,14,прогрессии,"арифметическая и геометрическая прогрессии, прикладные задачи",0,2.0,2,1,11,14,11,1,number,medium,2,,,1,1,0,0,0,1,1.0,,0.0,3,,0,0,1,1,0,0,0,1,1.0,,0.0,3,,0,0,2,1.0,0,0,0
W078,Б3-11,S011,T12,dev,1,0,0,ОГЭ,14,прогрессии,"арифметическая и геометрическая прогрессии, прикладные задачи",0,2.0,2,1,11,14,11,1,number,high,35,,,0,0,0,0,1,1,0.0,,0.0,35,0,0,0,0,0,0,0,1,1,0.0,,0.0,35,0,0,0,2,0.0,0,1,0
W078,Б3-2,S011,T12,dev,1,0,0,ОГЭ,14,прогрессии,"арифметическая и геометрическая прогрессии, прикладные задачи",0,2.0,2,1,11,14,11,1,number,high,8,,,0,0,0,0,1,1,0.0,,0.0,8,1,0,0,0,0,0,0,1,1,0.0,,0.0,8,1,0,0,2,0.0,0,1,0
W078,Б3-3,S011,T12,dev,1,0,0,ОГЭ,14,прогрессии,"арифметическая и геометрическая прогрессии, прикладные задачи",0,2.0,2,1,11,14,11,1,number,high,6,,,0,0,0,0,1,1,0.0,,0.0,6,1,0,0,0,0,0,0,1,1,0.0,,0.0,6,1,0,0,2,0.0,0,1,0
W078,Б3-4,S011,T12,dev,1,0,0,ОГЭ,14,прогрессии,"арифметическая и геометрическая прогрессии, прикладные задачи",0,2.0,2,1,11,14,11,1,number,high,1082,,,0,0,0,0,1,1,0.0,,0.0,1082,1,0,0,0,0,0,0,1,1,0.0,,0.0,1082,1,0,0,2,0.0,0,1,0
W078,Б3-5,S011,T12,dev,1,0,0,ОГЭ,14,прогрессии,"арифметическая и геометрическая прогрессии, прикладные задачи",0,2.0,2,1,11,14,11,1,number,high,62720,,,0,0,0,0,1,1,0.0,,0.0,62720,1,0,0,0,0,0,0,1,1,0.0,,0.0,62720,1,0,0,2,0.0,0,1,0
W078,Б3-8,S011,T12,dev,1,0,0,ОГЭ,14,прогрессии,"арифметическая и геометрическая прогрессии, прикладные задачи",0,2.0,2,1,11,14,11,1,number,high,17,,,0,0,0,0,1,1,0.0,,0.0,17,0,0,0,0,0,0,0,1,1,0.0,,0.0,17,0,0,0,2,0.0,0,1,0
W078,Б3-9,S011,T12,dev,1,0,0,ОГЭ,14,прогрессии,"арифметическая и геометрическая прогрессии, прикладные задачи",0,2.0,2,1,11,14,11,1,number,high,16,,,0,0,0,0,1,1,0.0,,0.0,16,0,0,0,0,0,0,0,1,1,0.0,,0.0,16,0,0,0,2,0.0,0,1,0
W079,1,S014,W079,dev,1,0,0,,,,,,2.0,2,7,9,35,2,1,number,high,26620,,,0,0,0,0,1,1,0.0,,0.0,26620,1,0,0,0,0,0,0,1,1,0.0,,0.0,26620,1,0,0,2,0.0,0,1,0
W079,2,S014,W079,dev,1,0,0,,,,,,2.0,2,7,9,35,1,1,number,high,700000,,,0,0,0,0,1,1,0.0,,0.0,700000,1,0,0,0,0,0,0,1,1,0.0,,0.0,700000,1,0,0,2,0.0,0,1,0
W079,3,S014,W079,dev,1,0,0,,,,,,2.0,2,7,9,35,2,1,number,high,10,,,0,0,0,0,1,1,0.0,,0.0,10%,0,0,0,0,0,0,0,1,1,0.0,,0.0,10%,0,0,0,2,0.0,0,1,0
W079,4,S014,W079,dev,1,0,0,,,,,,2.0,2,7,9,35,0,1,number,high,10,,,0,0,0,0,1,1,0.0,,0.0,10%,1,0,0,0,0,0,0,1,1,0.0,,0.0,10%,1,0,0,2,0.0,0,1,0
W079,5,S014,W079,dev,1,0,0,,,,,,2.0,2,7,9,35,1,1,number,high,1050000,,,0,0,0,0,1,1,0.0,,0.0,1 050 000,1,0,0,0,0,0,0,1,1,0.0,,0.0,1 050 000,1,0,0,2,0.0,0,1,0
W081,1,S014,W081,dev,1,0,0,,,,,,2.0,2,1,0,2,0,1,text,high,A,,,0,0,0,0,,,0.0,,282.0,A,,0,0,0,0,0,0,,,0.0,,282.0,A,,0,0,2,0.0,0,,
W081,2,S014,W081,dev,1,0,0,,,,,,2.0,2,1,0,2,0,1,text,high,C,,,0,0,0,0,,,0.0,,282.0,C,,0,0,0,0,0,0,,,0.0,,282.0,C,,0,0,2,0.0,0,,
W081,3,S014,W081,dev,1,0,0,,,,,,2.0,2,1,0,2,0,1,text,high,A,,,0,0,0,0,,,0.0,,282.0,A,,0,0,0,0,0,0,,,0.0,,282.0,A,,0,0,2,0.0,0,,
W081,4,S014,W081,dev,1,0,0,,,,,,2.0,2,1,0,2,0,1,text,high,B,,,0,0,0,0,,,0.0,,282.0,B,,0,0,0,0,0,0,,,0.0,,282.0,B,,0,0,2,0.0,0,,
W081,5,S014,W081,dev,0,1,0,,,,,,2.0,2,1,0,2,0,1,text,high,C,,,1,1,0,0,,,1.0,,282.0,B,,0,0,1,1,0,0,,,1.0,,282.0,B,,0,0,2,1.0,0,,
W086,1,S016,W086,dev,1,0,0,,,,,,2.0,2,1,0,0,0,1,set,high,3; 4; 5,,,0,0,0,0,1,1,0.0,,0.0,"3, 4, 5",,0,0,0,0,0,0,1,1,0.0,,0.0,"3, 4, 5",,0,0,2,0.0,0,1,0
W086,2,S016,W086,dev,0,1,0,,,,,,2.0,2,1,0,0,0,1,set,high,8; 2; 3,,,1,1,0,0,0,1,1.0,,0.0,"7, 5, 4",,0,0,1,1,0,0,0,1,1.0,,0.0,"7, 5, 4",,0,0,2,1.0,0,0,0
W086,3,S016,W086,dev,0,1,0,,,,,,2.0,2,1,0,0,0,1,number,high,8.5,,,1,1,0,0,0,1,1.0,,0.0,8,0,0,0,1,1,0,0,0,1,1.0,,0.0,8,0,0,0,2,1.0,0,0,0
W086,4,S016,W086,dev,1,0,0,,,,,,2.0,2,1,0,0,0,1,number,high,14,,,0,0,0,0,1,1,0.0,,0.0,14,1,0,0,0,0,0,0,1,1,0.0,,0.0,14,1,0,0,2,0.0,0,1,0
W086,5,S016,W086,dev,1,0,0,,,,,,2.0,2,1,0,0,0,1,number,high,90,,,0,0,0,0,1,1,0.0,,0.0,90,1,0,0,0,0,0,0,1,1,0.0,,0.0,90,1,0,0,2,0.0,0,1,0
W086,6,S016,W086,dev,1,0,0,,,,,,2.0,2,1,0,0,0,1,number,high,8,,,0,0,0,0,1,1,0.0,,0.0,8,1,0,0,0,0,0,0,1,1,0.0,,0.0,8,1,0,0,2,0.0,0,1,0
W086,7,S016,W086,dev,0,1,0,,,,,,2.0,2,1,0,0,0,1,number,high,66.15,,,1,1,0,0,0,1,1.0,,0.0,60,0,0,0,1,1,0,0,0,1,1.0,,0.0,60,0,0,0,2,1.0,0,0,0
W086,8,S016,W086,dev,0,1,0,,,,,,2.0,2,1,0,0,0,1,number,high,1024,,,1,1,0,0,0,1,1.0,,0.0,512,0,0,0,1,1,0,0,0,1,1.0,,0.0,512,0,0,0,2,1.0,0,0,0
W086,9,S016,W086,dev,0,1,0,,,,,,2.0,2,1,0,0,0,1,set,high,8√5; 4√5,,,1,1,0,0,0,1,1.0,,0.0,4; 8,,0,0,1,1,0,0,0,1,1.0,,0.0,4; 8,,0,0,2,1.0,0,0,0
W087,1,S016,W087,dev,1,0,0,,,,,,1.3333333333333333,1,6,1,7,0,1,number,high,17,,,0,0,0,0,1,1,0.0,,0.0,17%,1,0,0,0,0,0,0,1,1,0.0,,0.0,17%,1,0,0,2,0.0,0,1,0
W087,2,S016,W087,dev,0,1,0,,,,,,1.3333333333333333,1,6,1,7,0,1,number,high,6,,,1,1,0,0,0,1,1.0,,0.0,"5,6%",0,0,0,1,1,0,0,0,1,1.0,,0.0,"5,6%",0,0,0,2,1.0,0,0,0
W087,3,S016,W087,dev,1,0,0,,,,,,1.3333333333333333,1,6,1,7,0,1,number,high,8,,,1,1,0,0,0,1,1.0,,0.0,"S > 7,9 млн.",0,0,1,0,0,0,0,0,1,0.0,,0.0,"S > 7,9 млн.",0,0,0,2,0.5,1,0,0
W087,4,S016,W087,dev,1,0,0,,,,,,1.3333333333333333,1,6,1,7,0,1,number,high,14,,,0,0,0,0,1,1,0.0,,0.0,14%,1,0,0,0,0,0,0,1,1,0.0,,0.0,14%,1,0,0,2,0.0,0,1,0
W087,5а,S016,W087,dev,1,0,0,,,,,,1.3333333333333333,1,6,1,7,0,1,number,high,138000,,,0,0,0,0,1,1,0.0,,0.0,138000p,1,0,0,0,0,0,0,1,1,0.0,,0.0,138000p,1,0,0,2,0.0,0,1,0
W087,5б,S016,W087,dev,1,0,0,,,,,,1.3333333333333333,1,6,1,7,0,1,number,high,123600,,,0,0,0,0,1,1,0.0,,0.0,123600p,1,0,0,0,0,0,0,1,1,0.0,,0.0,123600p,1,0,0,2,0.0,0,1,0
W087,5в,S016,W087,dev,1,0,0,,,,,,1.3333333333333333,1,6,1,7,0,1,number,high,7200,,,0,0,0,0,1,1,0.0,,0.0,7200p,1,0,0,0,0,0,0,1,1,0.0,,0.0,7200p,1,0,0,2,0.0,0,1,0
W087,5г,S016,W087,dev,1,0,0,,,,,,1.3333333333333333,1,6,1,7,0,1,number,high,654000,,,0,0,0,0,1,1,0.0,,0.0,654 000 p,1,0,0,0,0,0,0,1,1,0.0,,0.0,654 000 p,1,0,0,2,0.0,0,1,0
W087,5д,S016,W087,dev,1,0,0,,,,,,1.3333333333333333,1,6,1,7,0,1,number,high,45000,,,0,0,0,0,1,1,0.0,,0.0,45000p,1,0,0,0,0,0,0,1,1,0.0,,0.0,45000p,1,0,0,2,0.0,0,1,0
W087,6,S016,W087,dev,1,0,0,,,,,,1.3333333333333333,1,6,1,7,1,1,number,high,822000,,,0,0,0,0,1,1,0.0,,0.0,822000 р,1,0,0,1,0,0,0,1,1,1.0,,0.0,822000 р,1,0,1,2,0.5,1,1,0
W088,1,S014,W088,dev,0,1,0,,,,,,1.75,1,4,4,11,1,1,interval,high,(0; 1/49) ∪ {7} ∪ (49; +∞),,,1,2,0,0,0,1,1.0,,0.0,x \in [1; 2) \cup (2; 7],,0,0,1,2,0,0,0,1,1.0,,0.0,x \in [1; 2) \cup (2; 7],,0,0,2,1.0,0,0,0
W088,85,S014,W088,dev,1,0,0,,,,,,1.75,1,4,4,11,0,1,interval,high,{0} ∪ (log_3 2; 1),,,0,0,0,0,1,1,0.0,,0.0,x \in (\log_3 2; 1) \cup \{0\},,0,0,0,0,0,0,1,1,0.0,,0.0,x \in (\log_3 2; 1) \cup \{0\},,0,0,2,0.0,0,1,0
W089,ЕГЭ 2024 (1),S014,W089,dev,0,1,0,,,,,,1.8,1,5,5,11,4,1,number,high,720000,,,1,1,0,0,0,1,1.0,,0.0,360000,0,0,0,1,1,0,0,0,1,1.0,,0.0,360000,0,0,0,2,1.0,0,0,0
W089,ЕГЭ 2024 (2),S014,W089,dev,0,1,0,,,,,,1.8,1,5,5,11,0,1,number,high,201300,,,1,1,0,0,0,1,1.0,,0.0,150000,0,0,0,1,1,0,0,0,1,1.0,,0.0,150000,0,0,0,2,1.0,0,0,0
W089,ЕГЭ 2024 (3),S014,W089,dev,1,0,0,,,,,,1.8,1,5,5,11,0,1,number,high,300000,,,0,0,0,0,1,1,0.0,,0.0,300000,1,0,0,0,0,0,0,1,1,0.0,,0.0,300000,1,0,0,2,0.0,0,1,0
W089,ЕГЭ 2024 (5),S014,W089,dev,0,1,0,,,,,,1.8,1,5,5,11,0,1,number,high,119700,,,1,1,0,0,0,1,1.0,,0.0,65200,0,0,0,1,1,0,0,0,1,1.0,,0.0,65200,0,0,0,2,1.0,0,0,0
W089,ЕГЭ 2024 (6),S014,W089,dev,1,0,0,,,,,,1.8,1,5,5,11,0,1,number,high,1575000,,,0,0,0,0,1,1,0.0,,0.0,1575000,1,0,0,0,0,0,0,1,1,0.0,,0.0,1575000,1,0,0,2,0.0,0,1,0
W089,Равные платежи (ищем кредит) 1,S014,W089,dev,0,1,0,,,,,,1.8,1,5,5,11,1,1,number,high,6330000,,,1,1,0,0,0,1,1.0,,0.0,6 415 066,0,0,0,1,1,0,0,0,1,1.0,,0.0,6 415 066,0,0,0,2,1.0,0,0,0
W091,1,S016,W091,dev,1,0,0,,,,,,1.8,1,5,0,8,0,1,number,high,8,,,0,0,0,0,1,1,0.0,,0.0,8,1,0,0,0,0,0,0,1,1,0.0,,0.0,8,1,0,0,2,0.0,0,1,0
W091,2,S016,W091,dev,1,0,0,,,,,,1.8,1,5,0,8,0,1,number,high,12,,,0,0,0,0,1,1,0.0,,0.0,12,1,0,0,0,0,0,0,1,1,0.0,,0.0,12,1,0,0,2,0.0,0,1,0
W091,3,S016,W091,dev,1,0,0,,,,,,1.8,1,5,0,8,0,1,number,high,7,,,0,0,0,0,1,1,0.0,,0.0,7,1,0,0,0,0,0,0,1,1,0.0,,0.0,7,1,0,0,2,0.0,0,1,0
W091,4,S016,W091,dev,0,1,0,,,,,,1.8,1,5,0,8,0,1,number,high,12,,,0,0,0,0,1,1,0.0,,0.0,12,1,0,1,1,0,0,0,1,1,1.0,,0.0,12,1,0,0,2,0.5,1,1,0
W091,5,S016,W091,dev,0,1,0,,,,,,1.8,1,5,0,8,0,1,number,high,41,,,1,2,0,0,0,1,1.0,,0.0,42,0,0,0,1,2,0,0,0,1,1.0,,0.0,42,0,0,0,2,1.0,0,0,0
W092,1,S014,W092,dev,1,0,0,,,,,,2.0,2,1,0,2,0,1,number,high,0.1,,,0,0,0,0,1,1,0.0,,0.0,"0,1",1,0,0,0,0,0,0,1,1,0.0,,0.0,"0,1",1,0,0,2,0.0,0,1,0
W092,10,S014,W092,dev,1,0,0,,,,,,2.0,2,1,0,2,0,1,number,high,0.4,,,0,0,0,0,1,1,0.0,,0.0,"0,4",1,0,0,0,0,0,0,1,1,0.0,,0.0,"0,4",1,0,0,2,0.0,0,1,0
W092,11,S014,W092,dev,1,0,0,,,,,,2.0,2,1,0,2,0,1,number,high,0.15,,,0,0,0,0,1,1,0.0,,0.0,"0,15",1,0,0,0,0,0,0,1,1,0.0,,0.0,"0,15",1,0,0,2,0.0,0,1,0
W092,12,S014,W092,dev,1,0,0,,,,,,2.0,2,1,0,2,0,1,number,high,0.2,,,0,0,0,0,1,1,0.0,,0.0,"0,2",1,0,0,0,0,0,0,1,1,0.0,,0.0,"0,2",1,0,0,2,0.0,0,1,0
W092,13,S014,W092,dev,0,1,0,,,,,,2.0,2,1,0,2,0,1,number,high,0.34,,,1,1,0,0,0,1,1.0,,0.0,"0,44",0,0,0,1,1,0,0,0,1,1.0,,0.0,"0,44",0,0,0,2,1.0,0,0,0
W092,14,S014,W092,dev,1,0,0,,,,,,2.0,2,1,0,2,0,1,number,high,0.2,,,0,0,0,0,1,1,0.0,,0.0,"0,2",1,0,0,0,0,0,0,1,1,0.0,,0.0,"0,2",1,0,0,2,0.0,0,1,0
W092,15,S014,W092,dev,0,1,0,,,,,,2.0,2,1,0,2,0,1,number,high,0.3,,,1,1,0,0,0,1,1.0,,0.0,"0,35",1,0,0,1,1,0,0,0,1,1.0,,0.0,"0,35",1,0,0,2,1.0,0,0,0
W092,16,S014,W092,dev,1,0,0,,,,,,2.0,2,1,0,2,0,1,number,high,0.125,,,0,0,0,0,1,1,0.0,,0.0,"0,125",1,0,0,0,0,0,0,1,1,0.0,,0.0,"0,125",1,0,0,2,0.0,0,1,0
W092,17,S014,W092,dev,1,0,0,,,,,,2.0,2,1,0,2,0,1,number,high,0.25,,,0,0,0,0,1,1,0.0,,0.0,"0,25",1,0,0,0,0,0,0,1,1,0.0,,0.0,"0,25",1,0,0,2,0.0,0,1,0
W092,18,S014,W092,dev,1,0,0,,,,,,2.0,2,1,0,2,0,1,number,high,0.5,,,0,0,0,0,1,1,0.0,,0.0,"0,5",1,0,0,0,0,0,0,1,1,0.0,,0.0,"0,5",1,0,0,2,0.0,0,1,0
W092,19,S014,W092,dev,1,0,0,,,,,,2.0,2,1,0,2,0,1,number,high,0.139,,,1,1,0,0,0,1,1.0,,0.0,"0,138",0,0,1,0,0,0,0,0,1,0.0,,0.0,"0,138",0,0,0,2,0.5,1,0,0
W092,2,S014,W092,dev,1,0,0,,,,,,2.0,2,1,0,2,0,1,number,high,0.35,,,0,0,0,0,1,1,0.0,,0.0,"0,35",1,0,0,0,0,0,0,1,1,0.0,,0.0,"0,35",1,0,0,2,0.0,0,1,0
W092,20,S014,W092,dev,1,0,0,,,,,,2.0,2,1,0,2,0,1,number,high,0.997,,,0,0,0,0,1,1,0.0,,0.0,"0,997",1,0,0,0,0,0,0,1,1,0.0,,0.0,"0,997",1,0,0,2,0.0,0,1,0
W092,21,S014,W092,dev,1,0,0,,,,,,2.0,2,1,0,2,0,1,number,high,0.94,,,0,0,0,0,1,1,0.0,,0.0,"0,94",1,0,0,0,0,0,0,1,1,0.0,,0.0,"0,94",1,0,0,2,0.0,0,1,0
W092,22,S014,W092,dev,0,1,0,,,,,,2.0,2,1,0,2,0,1,number,high,0.96,,,1,1,0,0,0,1,1.0,,0.0,"0,95",0,0,0,1,1,0,0,0,1,1.0,,0.0,"0,95",0,0,0,2,1.0,0,0,0
W092,3,S014,W092,dev,1,0,0,,,,,,2.0,2,1,0,2,0,1,number,high,0.15,,,0,0,0,0,1,1,0.0,,0.0,"0,15",1,0,0,0,0,0,0,1,1,0.0,,0.0,"0,15",1,0,0,2,0.0,0,1,0
W092,4,S014,W092,dev,1,0,0,,,,,,2.0,2,1,0,2,0,1,number,high,0.8,,,1,1,0,0,0,1,1.0,,0.0,"0,2",0,0,1,0,0,0,0,0,1,0.0,,0.0,"0,2",0,0,0,2,0.5,1,0,0
W092,5,S014,W092,dev,1,0,0,,,,,,2.0,2,1,0,2,0,1,number,high,0.25,,,0,0,0,0,1,1,0.0,,0.0,"0,25",1,0,0,0,0,0,0,1,1,0.0,,0.0,"0,25",1,0,0,2,0.0,0,1,0
W092,6,S014,W092,dev,1,0,0,,,,,,2.0,2,1,0,2,0,1,number,high,0.4,,,0,0,0,0,1,1,0.0,,0.0,"0,4",1,0,0,0,0,0,0,1,1,0.0,,0.0,"0,4",1,0,0,2,0.0,0,1,0
W092,7,S014,W092,dev,1,0,0,,,,,,2.0,2,1,0,2,0,1,number,high,0.45,,,0,0,0,0,1,1,0.0,,0.0,"0,45",1,0,0,0,0,0,0,1,1,0.0,,0.0,"0,45",1,0,0,2,0.0,0,1,0
W092,8,S014,W092,dev,1,0,0,,,,,,2.0,2,1,0,2,0,1,number,high,0.7,,,0,0,0,0,1,1,0.0,,0.0,"0,7",1,0,0,0,0,0,0,1,1,0.0,,0.0,"0,7",1,0,0,2,0.0,0,1,0
W092,9,S014,W092,dev,1,0,0,,,,,,2.0,2,1,0,2,0,1,number,high,0.35,,,0,0,0,0,1,1,0.0,,0.0,"0,35",1,0,0,0,0,0,0,1,1,0.0,,0.0,"0,35",1,0,0,2,0.0,0,1,0
W093,1,S016,W093,dev,0,1,0,,,,,,1.6,1,5,0,21,0,1,number,high,500,,,0,0,0,0,1,1,0.0,,0.0,500,1,0,1,0,0,0,0,1,1,0.0,,0.0,500,1,0,1,2,0.0,0,1,0
W093,2,S016,W093,dev,1,0,0,,,,,,1.6,1,5,0,21,0,1,number,high,29,,,0,0,0,0,1,1,0.0,,0.0,29,1,0,0,0,0,0,0,1,1,0.0,,0.0,29,1,0,0,2,0.0,0,1,0
W093,3,S016,W093,dev,1,0,0,,,,,,1.6,1,5,0,21,0,1,number,high,12500,,,0,0,0,0,1,1,0.0,,0.0,12500,1,0,0,0,0,0,0,1,1,0.0,,0.0,12500,1,0,0,2,0.0,0,1,0
W093,4,S016,W093,dev,1,0,0,,,,,,1.6,1,5,0,21,0,1,number,medium,3569000,,,0,0,0,0,0,1,0.0,,0.0,3569000 (3569 тыс руб),1,0,0,0,0,0,0,0,1,0.0,,0.0,3569000 (3569 тыс руб),1,0,0,2,0.0,0,0,1
W093,5,S016,W093,dev,0,1,0,,,,,,1.6,1,5,0,21,0,1,interval,high,(43/441; 41/400),,,1,1,0,0,0,1,1.0,,0.0,"r <= 2,125",,0,0,1,1,0,0,0,1,1.0,,0.0,"r <= 2,125",,0,0,2,1.0,0,0,0
W094,39.3,S015,W094,dev,0,1,0,,,,,,2.0,2,1,0,0,0,1,number,high,55,,,1,1,0,0,0,1,1.0,,508.8,15,1,0,0,1,1,0,0,0,1,1.0,,508.8,15,1,0,0,2,1.0,0,0,0
W094,39.4,S015,W094,dev,1,0,0,,,,,,2.0,2,1,0,0,0,1,number,high,29,,,0,0,0,0,1,1,0.0,,508.8,29,1,0,0,0,0,0,0,1,1,0.0,,508.8,29,1,0,0,2,0.0,0,1,0
W094,40.2,S015,W094,dev,1,0,0,,,,,,2.0,2,1,0,0,0,1,number,high,9,,,0,0,0,0,1,1,0.0,,508.8,9,1,0,0,0,0,0,0,1,1,0.0,,508.8,9,1,0,0,2,0.0,0,1,0
W094,40.4,S015,W094,dev,1,0,0,,,,,,2.0,2,1,0,0,0,1,number,high,30,,,0,0,0,0,1,1,0.0,,508.8,30,0,0,0,0,0,0,0,1,1,0.0,,508.8,30,0,0,0,2,0.0,0,1,0
W094,41.2,S015,W094,dev,1,0,0,,,,,,2.0,2,1,0,0,0,1,number,high,34,,,0,0,0,0,1,1,0.0,,508.8,34,1,0,0,0,0,0,0,1,1,0.0,,508.8,34,1,0,0,2,0.0,0,1,0
W094,41.4,S015,W094,dev,1,0,0,,,,,,2.0,2,1,0,0,0,1,number,high,15,,,0,0,0,0,1,1,0.0,,508.8,15,1,0,0,0,0,0,0,1,1,0.0,,508.8,15,1,0,0,2,0.0,0,1,0
W094,42.1,S015,W094,dev,1,0,0,,,,,,2.0,2,1,0,0,0,1,number,high,32,,,0,0,0,0,1,1,0.0,,508.8,32,1,0,0,0,0,0,0,1,1,0.0,,508.8,32,1,0,0,2,0.0,0,1,0
W094,42.4,S015,W094,dev,0,1,0,,,,,,2.0,2,1,0,0,0,1,number,high,7,,,1,1,0,0,0,1,1.0,,508.8,-3,1,0,0,1,1,0,0,0,1,1.0,,508.8,-3,1,0,0,2,1.0,0,0,0
W094,43.1,S015,W094,dev,1,0,0,,,,,,2.0,2,1,0,0,0,1,number,high,-35,,,0,0,0,0,1,1,0.0,,508.8,-35,1,0,0,0,0,0,0,1,1,0.0,,508.8,-35,1,0,0,2,0.0,0,1,0
W094,43.4,S015,W094,dev,1,0,0,,,,,,2.0,2,1,0,0,0,1,number,high,-5,,,0,0,0,0,1,1,0.0,,508.8,-5,1,0,0,0,0,0,0,1,1,0.0,,508.8,-5,1,0,0,2,0.0,0,1,0
W095,1,S015,W095,dev,1,0,0,,,,,,1.0,1,1,2,2,2,1,number,high,137.25,,,0,0,0,0,1,1,0.0,,0.0,"137,25",1,0,0,0,0,0,0,1,1,0.0,,0.0,"137,25",1,0,0,2,0.0,0,1,0
W095,10,S015,W095,dev,0,1,1,,,,,,1.0,1,1,2,2,2,1,number,high,240,,,1,1,0,0,0,1,1.0,,0.0,250,0,0,0,1,1,0,0,0,1,1.0,,0.0,250,0,0,0,2,1.0,0,0,0
W095,11,S015,W095,dev,1,0,0,,,,,,1.0,1,1,2,2,2,1,number,high,16,,,0,0,0,0,1,1,0.0,,0.0,16,1,0,0,0,0,0,0,1,1,0.0,,0.0,16,1,0,0,2,0.0,0,1,0
W095,2,S015,W095,dev,1,0,0,,,,,,1.0,1,1,2,2,2,1,number,high,11,,,1,1,0,0,0,1,1.0,,0.0,\sqrt{11} [?\pm|+] \sqrt{11},1,0,1,0,0,0,0,0,1,0.0,,0.0,\sqrt{11} [?\pm|+] \sqrt{11},1,0,0,2,0.5,1,0,0
W095,3,S015,W095,dev,1,0,0,,,,,,1.0,1,1,2,2,2,1,number,high,2275,,,0,0,0,0,1,1,0.0,,0.0,2275,1,0,0,0,0,0,0,1,1,0.0,,0.0,2275,1,0,0,2,0.0,0,1,0
W095,4,S015,W095,dev,1,0,0,,,,,,1.0,1,1,2,2,2,1,number,high,0.25,,,1,1,0,0,0,1,1.0,,0.0,25,0,0,1,0,0,0,0,0,1,0.0,,0.0,25,0,0,0,2,0.5,1,0,0
W095,5,S015,W095,dev,1,0,0,,,,,,1.0,1,1,2,2,2,1,number,high,0.33,,,0,0,0,0,1,1,0.0,,0.0,"0,33",1,0,0,0,0,0,0,1,1,0.0,,0.0,"0,33",1,0,0,2,0.0,0,1,0
W095,6,S015,W095,dev,0,1,0,,,,,,1.0,1,1,2,2,2,1,number,high,6,,,1,1,0,0,0,1,1.0,,0.0,-1,1,0,0,1,1,0,0,0,1,1.0,,0.0,-1,1,0,0,2,1.0,0,0,0
W095,7,S015,W095,dev,1,0,0,,,,,,1.0,1,1,2,2,2,1,number,high,-4,,,0,0,0,0,1,1,0.0,,0.0,-4,1,0,0,0,0,0,0,1,1,0.0,,0.0,-4,1,0,0,2,0.0,0,1,0
W095,8,S015,W095,dev,1,0,0,,,,,,1.0,1,1,2,2,2,1,number,medium,1,,,0,0,0,0,1,1,0.0,,0.0,1,,0,0,0,0,0,0,1,1,0.0,,0.0,1,,0,0,2,0.0,0,1,0
W095,9,S015,W095,dev,1,0,0,,,,,,1.0,1,1,2,2,2,1,number,high,320,,,0,0,0,0,1,1,0.0,,0.0,320,1,0,0,0,0,0,0,1,1,0.0,,0.0,320,1,0,0,2,0.0,0,1,0
W096,1,S014,W096,dev,1,0,0,,,,,,2.0,2,4,0,3,0,1,number,high,137.25,,,0,0,0,0,1,1,0.0,,0.0,"137,25",0,1,0,0,0,0,0,1,1,0.0,,0.0,"137,25",0,1,0,2,0.0,0,1,0
W096,11,S014,W096,dev,1,0,0,,,,,,2.0,2,4,0,3,0,1,number,high,16,,,0,0,0,0,1,1,0.0,,0.0,16,1,0,0,0,0,0,0,1,1,0.0,,0.0,16,1,0,0,2,0.0,0,1,0
W096,12,S014,W096,dev,1,0,0,,,,,,2.0,2,4,0,3,0,1,number,high,14,,,0,0,0,0,1,1,0.0,,0.0,14,1,0,0,0,0,0,0,1,1,0.0,,0.0,14,1,0,0,2,0.0,0,1,0
W096,13а,S014,W096,dev,1,0,0,,,,,,2.0,2,4,0,3,0,1,set,high,2; 2√2,,,0,0,0,0,1,1,0.0,,0.0,2√2; 2,,0,0,0,0,0,0,1,1,0.0,,0.0,2√2; 2,,0,0,2,0.0,0,1,0
W096,13б,S014,W096,dev,1,0,0,,,,,,2.0,2,4,0,3,0,1,set,high,2,,,0,0,0,0,1,1,0.0,,0.0,2,,0,0,0,0,0,0,1,1,0.0,,0.0,2,,0,0,2,0.0,0,1,0
W096,16,S014,W096,dev,1,0,0,,,,,,2.0,2,4,0,3,0,1,number,high,80.5,,,0,0,0,0,1,1,0.0,,0.0,"80,5 млн руб.",1,0,0,0,0,0,0,1,1,0.0,,0.0,"80,5 млн руб.",1,0,0,2,0.0,0,1,0
W096,2,S014,W096,dev,1,0,0,,,,,,2.0,2,4,0,3,0,1,number,high,11,,,0,0,0,0,1,1,0.0,,0.0,11,1,1,0,0,0,0,0,1,1,0.0,,0.0,11,1,1,0,2,0.0,0,1,0
W096,3,S014,W096,dev,1,0,0,,,,,,2.0,2,4,0,3,0,1,number,high,2275,,,0,0,0,0,1,1,0.0,,0.0,2275,0,1,0,0,0,0,0,1,1,0.0,,0.0,2275,0,1,0,2,0.0,0,1,0
W096,4,S014,W096,dev,1,0,0,,,,,,2.0,2,4,0,3,0,1,number,high,0.25,,,0,0,0,0,1,1,0.0,,0.0,"0,25",1,1,0,0,0,0,0,1,1,0.0,,0.0,"0,25",1,1,0,2,0.0,0,1,0
W096,5,S014,W096,dev,1,0,0,,,,,,2.0,2,4,0,3,0,1,number,high,0.33,,,0,0,0,0,1,1,0.0,,0.0,"0,33",1,1,0,0,0,0,0,1,1,0.0,,0.0,"0,33",1,1,0,2,0.0,0,1,0
W096,6,S014,W096,dev,0,1,0,,,,,,2.0,2,4,0,3,0,1,number,high,6,,,1,2,0,0,0,1,1.0,,0.0,не выписан явно (найдены 6 и -1),1,1,0,1,2,0,0,0,1,1.0,,0.0,не выписан явно (найдены 6 и -1),1,1,0,2,1.0,0,0,0
W096,7,S014,W096,dev,1,0,0,,,,,,2.0,2,4,0,3,0,1,number,high,-4,,,0,0,0,0,1,1,0.0,,0.0,-4,1,0,0,0,0,0,0,1,1,0.0,,0.0,-4,1,0,0,2,0.0,0,1,0
W096,8,S014,W096,dev,1,0,0,,,,,,2.0,2,4,0,3,0,1,number,medium,1,,,0,0,0,0,1,1,0.0,,0.0,1,,0,0,0,0,0,0,1,1,0.0,,0.0,1,,0,0,2,0.0,0,1,0
W096,9,S014,W096,dev,1,0,0,,,,,,2.0,2,4,0,3,0,1,number,high,320,,,0,0,0,0,1,1,0.0,,0.0,320,1,0,0,0,0,0,0,1,1,0.0,,0.0,320,1,0,0,2,0.0,0,1,0
W097,1.1,S014,W097,dev,1,0,0,,,,,,2.0,2,5,1,7,1,1,number,high,11,,,0,0,0,0,1,1,0.0,,0.0,11,1,0,0,0,0,0,0,1,1,0.0,,0.0,11,1,0,0,2,0.0,0,1,0
W097,1.2,S014,W097,dev,1,0,0,,,,,,2.0,2,5,1,7,0,1,number,high,6,,,1,2,0,0,1,1,1.0,,0.0,6,1,0,1,0,0,0,0,1,1,0.0,,0.0,6,1,0,0,2,0.5,1,1,1
W097,1.3,S014,W097,dev,1,0,0,,,,,,2.0,2,5,1,7,1,1,number,high,16,,,0,0,0,0,1,1,0.0,,0.0,16,1,0,0,0,0,0,0,1,1,0.0,,0.0,16,1,0,0,2,0.0,0,1,0
W097,1.4,S014,W097,dev,1,0,0,,,,,,2.0,2,5,1,7,0,1,number,high,7,,,0,0,0,0,1,1,0.0,,0.0,7,1,0,0,0,0,0,0,1,1,0.0,,0.0,7,1,0,0,2,0.0,0,1,0
W097,1.5,S014,W097,dev,1,0,0,,,,,,2.0,2,5,1,7,0,1,number,high,5,,,0,0,0,0,1,1,0.0,,0.0,5,1,0,0,0,0,0,0,1,1,0.0,,0.0,5,1,0,0,2,0.0,0,1,0
W097,1.6,S014,W097,dev,1,0,0,,,,,,2.0,2,5,1,7,0,1,number,high,6,,,0,0,0,0,1,1,0.0,,0.0,6,1,0,0,0,0,0,0,1,1,0.0,,0.0,6,1,0,0,2,0.0,0,1,0
W097,1.7,S014,W097,dev,1,0,0,,,,,,2.0,2,5,1,7,0,1,number,high,7,,,0,0,0,0,1,1,0.0,,0.0,7,1,0,0,0,0,0,0,1,1,0.0,,0.0,7,1,0,0,2,0.0,0,1,0
W097,1.8,S014,W097,dev,1,0,0,,,,,,2.0,2,5,1,7,0,1,number,high,36,,,0,0,0,0,1,1,0.0,,0.0,36,0,0,0,0,0,0,0,1,1,0.0,,0.0,36,0,0,0,2,0.0,0,1,0
W098,44.1,S014,W098,dev,0,1,0,,,,,,1.5,1,2,4,8,1,1,number,high,550,,,1,3,0,0,0,1,1.0,,0.0,110,0,0,0,1,3,0,0,0,1,1.0,,0.0,110,0,0,0,2,1.0,0,0,0
W099,1,S016,W099,dev,1,0,0,,,,,,1.0,1,6,3,9,0,1,interval,high,(0; 1/49) ∪ {7} ∪ (49; +∞),,,1,2,0,0,1,1,1.0,,0.0,x ∈ (0; 1/49) ∪ (49; +∞) ∪ {7},,0,1,0,0,0,0,1,1,0.0,,0.0,x ∈ (0; 1/49) ∪ (49; +∞) ∪ {7},,0,0,2,0.5,1,1,1
W099,105,S016,W099,dev,1,0,0,,,,,,1.0,1,6,3,9,0,1,interval,high,(5/3; 7/4] ∪ (2; +∞),,,1,1,0,0,0,1,1.0,,0.0,x ∈ (5/3; 7/4] ∪ [2; +∞),,0,1,1,1,0,0,0,1,1.0,,0.0,x ∈ (5/3; 7/4] ∪ [2; +∞),,0,1,2,1.0,0,0,0
W099,112,S016,W099,dev,1,0,0,,,,,,1.0,1,6,3,9,1,1,interval,high,((-3-√29)/2; -4] ∪ {0; 1},,,1,1,0,0,0,1,1.0,,0.0,x ∈ ((-3-√29)/2; -4] ∪ [0; 1],,0,1,1,1,0,0,0,1,1.0,,0.0,x ∈ ((-3-√29)/2; -4] ∪ [0; 1],,0,1,2,1.0,0,0,0
W099,13а,S016,W099,dev,1,0,0,,,,,,1.0,1,6,3,9,1,1,set,high,2; 2√2,,,0,0,0,0,1,1,0.0,,0.0,x = 2; x = 2√2,,0,0,0,0,0,0,1,1,0.0,,0.0,x = 2; x = 2√2,,0,0,2,0.0,0,1,0
W099,13б,S016,W099,dev,1,0,0,,,,,,1.0,1,6,3,9,1,1,set,high,2,,,0,0,0,0,1,1,0.0,,0.0,2,,0,0,0,0,0,0,1,1,0.0,,0.0,2,,0,0,2,0.0,0,1,0
W099,15,S016,W099,dev,1,0,0,,,,,,1.0,1,6,3,9,1,1,interval,high,(-∞; -1] ∪ [1; 1.5) ∪ (1.5; +∞),,,0,0,0,0,0,1,0.0,,0.0,"x ∈ [-∞; -1] ∪ [1; 1,5) ∪ (1,5; +∞)",,0,0,0,0,0,0,0,1,0.0,,0.0,"x ∈ [-∞; -1] ∪ [1; 1,5) ∪ (1,5; +∞)",,0,0,2,0.0,0,0,1
W099,85,S016,W099,dev,1,0,0,,,,,,1.0,1,6,3,9,0,1,interval,high,{0} ∪ (log_3 2; 1),,,0,0,0,0,1,1,0.0,,0.0,x ∈ (log_3 2; 1) ∪ {0},,0,0,0,0,0,0,1,1,0.0,,0.0,x ∈ (log_3 2; 1) ∪ {0},,0,0,2,0.0,0,1,0
W099,94,S016,W099,dev,1,0,0,,,,,,1.0,1,6,3,9,0,1,interval,high,(2; 3],,,0,0,0,0,1,1,0.0,,0.0,x ∈ (2; 3],,0,0,0,0,0,0,1,1,0.0,,0.0,x ∈ (2; 3],,0,0,2,0.0,0,1,0
W099,97,S016,W099,dev,1,0,0,,,,,,1.0,1,6,3,9,1,1,interval,high,(-∞; -27] ∪ (-80/11; 0],,,1,1,0,0,0,1,1.0,,0.0,x ∈ (-∞; -27] ∪ [-80/11; 0],,0,1,1,1,0,0,0,1,1.0,,0.0,x ∈ (-∞; -27] ∪ [-80/11; 0],,0,1,2,1.0,0,0,0
W104,1.1,S015,W104,dev,1,0,0,,,,,,1.3333333333333333,1,3,0,0,0,1,number,high,11,,,1,2,0,0,1,1,1.0,,0.0,11,1,0,1,1,2,0,0,1,1,1.0,,0.0,11,1,0,1,2,1.0,0,1,1
W104,1.2,S015,W104,dev,1,0,0,,,,,,1.3333333333333333,1,3,0,0,0,1,number,high,6,,,1,3,0,0,1,1,1.0,,0.0,6,1,0,1,0,0,0,0,1,1,0.0,,0.0,6,1,0,0,2,0.5,1,1,1
W104,1.3,S015,W104,dev,0,1,0,,,,,,1.3333333333333333,1,3,0,0,0,1,number,high,16,,,1,2,0,0,0,1,1.0,,0.0,1.5,0,0,0,1,2,0,0,0,1,1.0,,0.0,1.5,0,0,0,2,1.0,0,0,0
W104,1.4,S015,W104,dev,1,0,0,,,,,,1.3333333333333333,1,3,0,0,0,1,number,high,7,,,1,1,0,0,1,1,1.0,,0.0,7,1,0,1,1,1,0,0,1,1,1.0,,0.0,7,1,0,1,2,1.0,0,1,1
W104,1.5,S015,W104,dev,1,0,0,,,,,,1.3333333333333333,1,3,0,0,0,1,number,high,5,,,0,0,0,0,1,1,0.0,,0.0,5,1,0,0,0,0,0,0,1,1,0.0,,0.0,5,1,0,0,2,0.0,0,1,0
W104,1.6,S015,W104,dev,1,0,0,,,,,,1.3333333333333333,1,3,0,0,0,1,number,high,6,,,1,2,0,0,1,1,1.0,,0.0,6,1,0,1,1,2,0,0,1,1,1.0,,0.0,6,1,0,1,2,1.0,0,1,1
W104,1.8,S015,W104,dev,1,0,0,,,,,,1.3333333333333333,1,3,0,0,0,1,number,high,36,,,1,3,0,0,1,1,1.0,,0.0,36,1,0,1,0,0,0,0,1,1,0.0,,0.0,36,1,0,0,2,0.5,1,1,1
W105,1а,S015,W105,dev,0,1,0,,,,,,1.3333333333333333,1,3,2,6,2,1,interval,high,(-3; 3),,,1,1,0,0,0,1,1.0,,0.0,[-9; 9],,0,0,1,1,0,0,0,1,1.0,,0.0,[-9; 9],,0,0,2,1.0,0,0,0
W105,1б,S015,W105,dev,0,1,1,,,,,,1.3333333333333333,1,3,2,6,2,1,interval,high,∅,,,1,1,0,0,,,1.0,,0.0,(-\infty; 0) \cup (0; \infty),,0,0,1,1,0,0,,,1.0,,0.0,(-\infty; 0) \cup (0; \infty),,0,0,2,1.0,0,,
W105,1в,S015,W105,dev,0,1,0,,,,,,1.3333333333333333,1,3,2,6,2,1,interval,high,{0},,,1,1,0,0,0,1,1.0,,0.0,(-\infty; 0) \cup (0; \infty),,0,0,1,1,0,0,0,1,1.0,,0.0,(-\infty; 0) \cup (0; \infty),,0,0,2,1.0,0,0,0
W105,2а,S015,W105,dev,1,0,0,,,,,,1.3333333333333333,1,3,2,6,2,1,interval,high,(-∞; -2) ∪ (4; +∞),,,0,0,0,0,1,1,0.0,,0.0,(-\infty; -2) \cup (4; \infty),,0,0,0,0,0,0,1,1,0.0,,0.0,(-\infty; -2) \cup (4; \infty),,0,0,2,0.0,0,1,0
W105,2б,S015,W105,dev,1,0,0,,,,,,1.3333333333333333,1,3,2,6,0,1,interval,high,∅,,,0,0,0,0,,,0.0,,0.0,Нет решений,,0,0,0,0,0,0,,,0.0,,0.0,Нет решений,,0,0,2,0.0,0,,
W105,2в,S015,W105,dev,1,0,0,,,,,,1.3333333333333333,1,3,2,6,0,1,interval,high,(-∞; +∞),,,0,0,0,0,1,1,0.0,,0.0,x \in (-\infty; \infty),,0,0,0,0,0,0,1,1,0.0,,0.0,x \in (-\infty; \infty),,0,0,2,0.0,0,1,0
W105,2г,S015,W105,dev,0,1,0,,,,,,1.3333333333333333,1,3,2,6,0,1,interval,high,{2},,,1,1,0,0,,1,1.0,,0.0,Нет решений,,0,0,1,1,0,0,,1,1.0,,0.0,Нет решений,,0,0,2,1.0,0,,
W105,2д,S015,W105,dev,0,1,0,,,,,,1.3333333333333333,1,3,2,6,0,1,interval,high,(-∞; 2) ∪ (2; 3) ∪ (3; +∞),,,1,1,0,0,0,1,1.0,,0.0,x \in (2; \infty),,0,0,1,1,0,0,0,1,1.0,,0.0,x \in (2; \infty),,0,0,2,1.0,0,0,0
W105,3а,S015,W105,dev,1,0,0,,,,,,1.3333333333333333,1,3,2,6,0,1,interval,high,(-∞; 0) ∪ (1/3; +∞),,,0,0,0,0,1,1,0.0,,0.0,x \in (-\infty; 0) \cup (\frac{1}{3}; \infty),,0,0,0,0,0,0,1,1,0.0,,0.0,x \in (-\infty; 0) \cup (\frac{1}{3}; \infty),,0,0,2,0.0,0,1,0
W105,3б,S015,W105,dev,1,0,0,,,,,,1.3333333333333333,1,3,2,6,0,1,interval,high,[1; 3],,,0,0,0,0,1,1,0.0,,0.0,x \in [1; 3],,0,0,0,0,0,0,1,1,0.0,,0.0,x \in [1; 3],,0,0,2,0.0,0,1,0
W105,3в,S015,W105,dev,1,0,0,,,,,,1.3333333333333333,1,3,2,6,0,1,interval,high,(-∞; 1/2) ∪ (1/2; +∞),,,0,0,0,0,1,1,0.0,,0.0,x \in (-\infty; \frac{1}{2}) \cup (\frac{1}{2}; \infty),,0,0,0,0,0,0,1,1,0.0,,0.0,x \in (-\infty; \frac{1}{2}) \cup (\frac{1}{2}; \infty),,0,0,2,0.0,0,1,0
W106,4.1,S014,W106,dev,1,0,0,,,,,,2.0,2,4,0,9,0,1,number,high,1866000,,,0,0,0,0,1,1,0.0,,0.0,1866000,1,1,0,0,0,0,0,1,1,0.0,,0.0,1866000,1,1,0,2,0.0,0,1,0
W106,4.2,S014,W106,dev,0,1,0,,,,,,2.0,2,4,0,9,0,1,number,high,1233000,,,1,1,0,0,0,1,1.0,,0.0,1008000,0,1,0,1,1,0,0,0,1,1.0,,0.0,1008000,0,1,0,2,1.0,0,0,0
W106,6.1,S014,W106,dev,1,0,0,,,,,,2.0,2,4,0,9,0,1,number,high,20,,,0,0,0,0,1,1,0.0,,0.0,20%,0,1,0,0,0,0,0,1,1,0.0,,0.0,20%,0,1,0,2,0.0,0,1,0
W106,6.2,S014,W106,dev,0,1,0,,,,,,2.0,2,4,0,9,0,1,number,high,22.5,,,1,1,0,0,0,1,1.0,,0.0,20%,0,1,0,1,1,0,0,0,1,1.0,,0.0,20%,0,1,0,2,1.0,0,0,0
W108,1,S015,W108,dev,1,0,0,,,,,,2.0,2,3,0,0,0,1,number,high,0.55,,,0,0,0,0,1,1,0.0,,176.0,"0,55",1,0,0,0,0,0,0,1,1,0.0,,176.0,"0,55",1,0,0,2,0.0,0,1,0
W108,10,S015,W108,dev,1,0,0,,,,,,2.0,2,3,0,0,0,1,number,high,0.06,,,0,0,0,0,1,1,0.0,,176.0,"0,06",1,0,0,0,0,0,0,1,1,0.0,,176.0,"0,06",1,0,0,2,0.0,0,1,0
W108,15,S015,W108,dev,1,0,0,,,,,,2.0,2,3,0,0,0,1,number,high,0.26,,,0,0,0,0,1,1,0.0,,176.0,"0,26",1,0,0,0,0,0,0,1,1,0.0,,176.0,"0,26",1,0,0,2,0.0,0,1,0
W108,17,S015,W108,dev,1,0,0,,,,,,2.0,2,3,0,0,0,1,number,high,0.78,,,0,0,0,0,1,1,0.0,,176.0,"0,78",1,0,0,0,0,0,0,1,1,0.0,,176.0,"0,78",1,0,0,2,0.0,0,1,0
W108,18,S015,W108,dev,1,0,0,,,,,,2.0,2,3,0,0,0,1,number,high,0.81,,,0,0,0,0,1,1,0.0,,176.0,"0,81",1,0,0,0,0,0,0,1,1,0.0,,176.0,"0,81",1,0,0,2,0.0,0,1,0
W108,19,S015,W108,dev,1,0,0,,,,,,2.0,2,3,0,0,0,1,number,high,0.84,,,0,0,0,0,1,1,0.0,,176.0,"0,84",1,0,0,0,0,0,0,1,1,0.0,,176.0,"0,84",1,0,0,2,0.0,0,1,0
W108,2,S015,W108,dev,1,0,0,,,,,,2.0,2,3,0,0,0,1,number,high,0.6,,,0,0,0,0,1,1,0.0,,176.0,"0,6",1,0,0,0,0,0,0,1,1,0.0,,176.0,"0,6",1,0,0,2,0.0,0,1,0
W108,20,S015,W108,dev,1,0,0,,,,,,2.0,2,3,0,0,0,1,number,high,0.76,,,0,0,0,0,1,1,0.0,,176.0,"0,76",1,0,0,0,0,0,0,1,1,0.0,,176.0,"0,76",1,0,0,2,0.0,0,1,0
W108,22,S015,W108,dev,1,0,0,,,,,,2.0,2,3,0,0,0,1,number,high,0.85,,,0,0,0,0,1,1,0.0,,176.0,"0,85",1,0,0,0,0,0,0,1,1,0.0,,176.0,"0,85",1,0,0,2,0.0,0,1,0
W108,24,S015,W108,dev,1,0,0,,,,,,2.0,2,3,0,0,0,1,number,high,0.66,,,0,0,0,0,1,1,0.0,,176.0,"0,66",1,0,0,0,0,0,0,1,1,0.0,,176.0,"0,66",1,0,0,2,0.0,0,1,0
W108,5,S015,W108,dev,1,0,0,,,,,,2.0,2,3,0,0,0,1,number,high,0.13,,,0,0,0,0,1,1,0.0,,176.0,"0,13",1,0,0,0,0,0,0,1,1,0.0,,176.0,"0,13",1,0,0,2,0.0,0,1,0
W108,6,S015,W108,dev,1,0,0,,,,,,2.0,2,3,0,0,0,1,number,high,0.06,,,0,0,0,0,1,1,0.0,,176.0,"0,06",1,0,0,0,0,0,0,1,1,0.0,,176.0,"0,06",1,0,0,2,0.0,0,1,0
W108,9,S015,W108,dev,1,0,0,,,,,,2.0,2,3,0,0,0,1,number,high,0.12,,,0,0,0,0,1,1,0.0,,176.0,"0,12",1,0,0,0,0,0,0,1,1,0.0,,176.0,"0,12",1,0,0,2,0.0,0,1,0
W109,1,S014,W109,dev,1,0,0,,,,,,1.5,1,2,0,0,0,1,number,high,6,,,0,0,0,0,1,1,0.0,,0.0,6 млн руб.,1,0,0,0,0,0,0,1,1,0.0,,0.0,6 млн руб.,1,0,0,2,0.0,0,1,0
W109,2,S014,W109,dev,0,1,0,,,,,,1.5,1,2,0,0,0,1,number,high,6,,,1,2,0,0,0,1,1.0,,0.0,25%,1,0,0,1,2,0,0,0,1,1.0,,0.0,25%,1,0,0,2,1.0,0,0,0
W109,3,S014,W109,dev,1,0,0,,,,,,1.5,1,2,0,0,0,1,number,high,400000,,,0,0,0,0,1,0,0.0,,0.0,400 000,1,0,0,0,0,0,0,1,0,0.0,,0.0,400 000,1,0,0,2,0.0,0,1,0
W110,1а,S016,W110,dev,1,0,0,,,,,,2.0,2,5,0,3,0,1,number,high,1150000,,,0,0,0,0,1,1,0.0,,0.0,1 150 000 p,1,0,0,0,0,0,0,1,1,0.0,,0.0,1 150 000 p,1,0,0,2,0.0,0,1,0
W110,1б,S016,W110,dev,1,0,0,,,,,,2.0,2,5,0,3,0,1,set,high,300000; 450000,,,0,0,0,0,0,1,0.0,,0.0,"300 000 p за 2 года, 450 000 p за 3 года",,0,0,0,0,0,0,0,1,0.0,,0.0,"300 000 p за 2 года, 450 000 p за 3 года",,0,0,2,0.0,0,0,1
W110,1в,S016,W110,dev,0,1,1,,,,,,2.0,2,5,0,3,0,1,set,high,322500; 520875,,,1,1,0,0,0,1,1.0,,0.0,520 875 p,,0,0,1,1,0,0,0,1,1.0,,0.0,520 875 p,,0,0,2,1.0,0,0,0
W110,2а,S016,W110,dev,1,0,0,,,,,,2.0,2,5,0,3,0,1,number,high,728200,,,0,0,0,0,1,1,0.0,,0.0,728 200 р,1,0,0,0,0,0,0,1,1,0.0,,0.0,728 200 р,1,0,0,2,0.0,0,1,0
W110,2б,S016,W110,dev,1,0,0,,,,,,2.0,2,5,0,3,0,1,number,high,462000,,,0,0,0,0,1,1,0.0,,0.0,462 000 р,1,0,0,0,0,0,0,1,1,0.0,,0.0,462 000 р,1,0,0,2,0.0,0,1,0
W110,2г,S016,W110,dev,1,0,0,,,,,,2.0,2,5,0,3,0,1,number,high,508200,,,0,0,0,0,1,1,0.0,,0.0,508 200 р,1,0,0,0,0,0,0,1,1,0.0,,0.0,508 200 р,1,0,0,2,0.0,0,1,0
W110,2д,S016,W110,dev,1,0,0,,,,,,2.0,2,5,0,3,0,1,number,high,242000,,,0,0,0,0,1,1,0.0,,0.0,242 000 р,1,0,0,0,0,0,0,1,1,0.0,,0.0,242 000 р,1,0,0,2,0.0,0,1,0
W110,2ж,S016,W110,dev,1,0,0,,,,,,2.0,2,5,0,3,0,1,text,high,"кредит будет полностью погашен: 242000*1.1=266200 = платёж, долг станет 0",,,0,0,0,0,,,0.0,,0.0,"в конце третьей выплаты Светланна полностью погасит кредит: 1,1(1,1(1,1S - n) - n) = 242 000_р * 1,1 = 266 200 р = n",,0,0,0,0,0,0,,,0.0,,0.0,"в конце третьей выплаты Светланна полностью погасит кредит: 1,1(1,1(1,1S - n) - n) = 242 000_р * 1,1 = 266 200 р = n",,0,0,2,0.0,0,,
W110,2з,S016,W110,dev,1,0,0,,,,,,2.0,2,5,0,3,0,1,number,high,136600,,,0,0,0,0,1,1,0.0,,0.0,136 600 р,1,0,0,0,0,0,0,1,1,0.0,,0.0,136 600 р,1,0,0,2,0.0,0,1,0
W110,3,S016,W110,dev,0,1,0,,,,,,2.0,2,5,0,3,0,1,number,high,720000,,,1,1,0,0,0,1,1.0,,0.0,360 000 р,0,0,0,1,1,0,0,0,1,1.0,,0.0,360 000 р,0,0,0,2,1.0,0,0,0
W110,4,S016,W110,dev,1,0,0,,,,,,2.0,2,5,0,3,0,1,number,high,162000,,,0,0,0,0,1,1,0.0,,0.0,162000 р,1,0,0,0,0,0,0,1,1,0.0,,0.0,162000 р,1,0,0,2,0.0,0,1,0
W110,5,S016,W110,dev,1,0,0,,,,,,2.0,2,5,0,3,0,1,number,high,3110400,,,0,0,0,0,1,1,0.0,,0.0,3110400р,1,0,0,0,0,0,0,1,1,0.0,,0.0,3110400р,1,0,0,2,0.0,0,1,0
W111,1а,S015,W110,dev,0,1,0,,,,,,2.0,2,4,0,0,0,1,number,high,1150000,,,1,1,0,0,0,1,1.0,,0.0,150000,0,0,0,1,1,0,0,0,1,1.0,,0.0,150000,0,0,0,2,1.0,0,0,0
W111,1б,S015,W110,dev,1,0,0,,,,,,2.0,2,4,0,0,0,1,set,high,300000; 450000,,,0,0,0,0,0,1,0.0,,0.0,1) 300000; 2) 450000,,0,0,0,0,0,0,0,1,0.0,,0.0,1) 300000; 2) 450000,,0,0,2,0.0,0,0,1
W111,1в,S015,W110,dev,1,0,0,,,,,,2.0,2,4,0,0,0,1,set,high,322500; 520875,,,0,0,0,0,0,1,0.0,,0.0,1) 322500; 2) 520875,,0,0,0,0,0,0,0,1,0.0,,0.0,1) 322500; 2) 520875,,0,0,2,0.0,0,0,1
W111,2а,S015,W110,dev,1,0,0,,,,,,2.0,2,4,0,0,0,1,number,high,728200,,,0,0,0,0,1,1,0.0,,0.0,728200,1,0,0,0,0,0,0,1,1,0.0,,0.0,728200,1,0,0,2,0.0,0,1,0
W111,2б,S015,W110,dev,1,0,0,,,,,,2.0,2,4,0,0,0,1,number,high,462000,,,0,0,0,0,1,1,0.0,,0.0,462000,1,0,0,0,0,0,0,1,1,0.0,,0.0,462000,1,0,0,2,0.0,0,1,0
W111,2г,S015,W110,dev,1,0,0,,,,,,2.0,2,4,0,0,0,1,number,high,508200,,,0,0,0,0,1,1,0.0,,0.0,508200,1,0,0,0,0,0,0,1,1,0.0,,0.0,508200,1,0,0,2,0.0,0,1,0
W111,2д,S015,W110,dev,1,0,0,,,,,,2.0,2,4,0,0,0,1,number,high,242000,,,1,1,0,0,0,1,1.0,,0.0,252000,0,0,1,1,1,0,0,0,1,1.0,,0.0,252000,0,0,1,2,1.0,0,0,0
W111,2ж,S015,W110,dev,1,0,0,,,,,,2.0,2,4,0,0,0,1,text,high,"кредит будет полностью погашен: 242000*1.1=266200 = платёж, долг станет 0",,,1,1,0,0,,,1.0,,0.0,136000,,0,1,1,1,0,0,,,1.0,,0.0,136000,,0,1,2,1.0,0,,
W111,2з,S015,W110,dev,1,0,0,,,,,,2.0,2,4,0,0,0,1,number,high,136600,,,1,0,0,0,,1,0.0,,0.0,,0,0,1,1,0,0,0,,1,0.0,,0.0,,0,0,1,2,1.0,0,,
W111,3,S015,W110,dev,0,1,0,,,,,,2.0,2,4,0,0,0,1,number,high,720000,,,1,1,0,0,0,1,1.0,,0.0,360000,0,0,0,1,1,0,0,0,1,1.0,,0.0,360000,0,0,0,2,1.0,0,0,0
W111,5,S015,W110,dev,1,0,0,,,,,,2.0,2,4,0,0,0,1,number,high,3110400,,,0,0,0,0,1,1,0.0,,0.0,3110400,1,0,0,0,0,0,0,1,1,0.0,,0.0,3110400,1,0,0,2,0.0,0,1,0
W112,1а,S014,W110,dev,1,0,0,,,,,,2.0,2,3,1,0,0,1,number,high,1150000,,,0,0,0,0,1,1,0.0,,0.0,1 150 000,0,0,0,0,0,0,0,1,1,0.0,,0.0,1 150 000,0,0,0,2,0.0,0,1,0
W112,1б,S014,W110,dev,1,0,0,,,,,,2.0,2,3,1,0,0,1,set,high,300000; 450000,,,0,0,0,0,0,1,0.0,,0.0,300 000 за 2 года; 450 000,,0,0,0,0,0,0,0,1,0.0,,0.0,300 000 за 2 года; 450 000,,0,0,2,0.0,0,0,1
W112,1в,S014,W110,dev,1,0,0,,,,,,2.0,2,3,1,0,0,1,set,high,322500; 520875,,,0,0,0,0,1,1,0.0,,0.0,322 500; 520 875,,0,0,0,0,0,0,1,1,0.0,,0.0,322 500; 520 875,,0,0,2,0.0,0,1,0
W112,2а,S014,W110,dev,1,0,0,,,,,,2.0,2,3,1,0,1,1,number,high,728200,,,0,0,0,0,1,1,0.0,,0.0,728 200,0,0,0,0,0,0,0,1,1,0.0,,0.0,728 200,0,0,0,2,0.0,0,1,0
W112,2б,S014,W110,dev,0,1,0,,,,,,2.0,2,3,1,0,1,1,number,high,462000,,,1,1,0,0,0,1,1.0,,0.0,418 000,0,0,0,1,1,0,0,0,1,1.0,,0.0,418 000,0,0,0,2,1.0,0,0,0
W112,2г,S014,W110,dev,0,1,0,,,,,,2.0,2,3,1,0,1,1,number,high,508200,,,1,1,0,0,0,1,1.0,,0.0,459 800,0,0,0,1,1,0,0,0,1,1.0,,0.0,459 800,0,0,0,2,1.0,0,0,0
W112,2д,S014,W110,dev,0,1,0,,,,,,2.0,2,3,1,0,1,1,number,high,242000,,,1,1,0,0,0,1,1.0,,0.0,193 000,0,0,0,1,1,0,0,0,1,1.0,,0.0,193 000,0,0,0,2,1.0,0,0,0
W112,2ж,S014,W110,dev,0,1,0,,,,,,2.0,2,3,1,0,1,1,text,high,"кредит будет полностью погашен: 242000*1.1=266200 = платёж, долг станет 0",,,0,0,0,0,,,0.0,,0.0,Долг выплачен,,0,1,1,0,0,0,,,1.0,,0.0,Долг выплачен,,0,0,2,0.5,1,,
W112,2з,S014,W110,dev,0,1,0,,,,,,2.0,2,3,1,0,1,1,number,high,136600,,,1,1,0,0,0,1,1.0,,0.0,83 360,0,0,0,1,1,0,0,0,1,1.0,,0.0,83 360,0,0,0,2,1.0,0,0,0
W112,3,S014,W110,dev,0,1,0,,,,,,2.0,2,3,1,0,1,1,number,high,720000,,,1,1,0,0,0,1,1.0,,0.0,360 000,0,0,0,1,1,0,0,0,1,1.0,,0.0,360 000,0,0,0,2,1.0,0,0,0
W114,3,S014,W114,dev,1,0,0,,,,,,2.0,2,2,1,0,0,1,number,high,10,,,0,0,0,0,1,1,0.0,,0.0,10%,0,1,0,0,0,0,0,1,1,0.0,,0.0,10%,0,1,0,2,0.0,0,1,0
W114,4,S014,W114,dev,0,1,0,,,,,,2.0,2,2,1,0,0,1,number,high,7,,,1,2,0,0,0,1,1.0,,0.0,r = 9 %,0,0,0,1,2,0,0,0,1,1.0,,0.0,r = 9 %,0,0,0,2,1.0,0,0,0
W114,5,S014,W114,dev,0,1,0,,,,,,2.0,2,2,1,0,0,1,number,high,16,,,1,1,0,0,0,1,1.0,,0.0,r = 40 %,0,1,0,1,1,0,0,0,1,1.0,,0.0,r = 40 %,0,1,0,2,1.0,0,0,0
W115,29,S014,W115,dev,0,1,0,,,,,,1.5,1,2,0,1,0,1,number,high,16,,,1,1,0,0,0,1,1.0,,0.0,97/3,0,0,0,1,1,0,0,0,1,1.0,,0.0,97/3,0,0,0,2,1.0,0,0,0
W115,31,S014,W115,dev,1,0,0,,,,,,1.5,1,2,0,1,0,1,number,high,100000000,,,0,0,0,0,0,0,0.0,,0.0,100 млн,0,1,0,0,0,0,0,0,0,0.0,,0.0,100 млн,0,1,0,2,0.0,0,0,1
W116,1,S016,W116,dev,1,0,0,,,,,,2.0,2,2,2,0,2,1,number,high,74,,,0,0,0,0,1,1,0.0,,0.0,74,1,0,0,0,0,0,0,1,1,0.0,,0.0,74,1,0,0,2,0.0,0,1,0
W116,10,S016,W116,dev,1,0,0,,,,,,2.0,2,2,2,0,0,1,number,high,16,,,0,0,0,0,1,1,0.0,,0.0,16,1,0,0,0,0,0,0,1,1,0.0,,0.0,16,1,0,0,2,0.0,0,1,0
W116,11,S016,W116,dev,1,0,0,,,,,,2.0,2,2,2,0,0,1,number,medium,10,,,1,1,0,0,0,1,1.0,,0.0,-6,0,0,1,1,1,0,0,0,1,1.0,,0.0,-6,0,0,1,2,1.0,0,0,0
W116,12,S016,W116,dev,1,0,0,,,,,,2.0,2,2,2,0,0,1,number,high,-6,,,0,0,0,0,1,1,0.0,,0.0,-6,1,0,0,0,0,0,0,1,1,0.0,,0.0,-6,1,0,0,2,0.0,0,1,0
W116,2,S016,W116,dev,1,0,0,,,,,,2.0,2,2,2,0,2,1,number,high,-14,,,0,0,0,0,1,1,0.0,,0.0,-14,1,0,0,0,0,0,0,1,1,0.0,,0.0,-14,1,0,0,2,0.0,0,1,0
W116,3,S016,W116,dev,0,1,0,,,,,,2.0,2,2,2,0,2,1,number,high,9,,,1,1,0,0,0,1,1.0,,0.0,18,0,0,0,1,1,0,0,0,1,1.0,,0.0,18,0,0,0,2,1.0,0,0,0
W116,4,S016,W116,dev,1,0,0,,,,,,2.0,2,2,2,0,2,1,number,high,0.32,,,0,0,0,0,1,1,0.0,,0.0,"0,32",1,0,0,0,0,0,0,1,1,0.0,,0.0,"0,32",1,0,0,2,0.0,0,1,0
W116,5,S016,W116,dev,0,1,0,,,,,,2.0,2,2,2,0,2,1,number,high,0.46,,,1,1,0,0,0,1,1.0,,0.0,"0,385",0,0,0,1,1,0,0,0,1,1.0,,0.0,"0,385",0,0,0,2,1.0,0,0,0
W116,6,S016,W116,dev,1,0,0,,,,,,2.0,2,2,2,0,0,1,number,high,5,,,0,0,0,0,1,1,0.0,,0.0,5,1,0,0,0,0,0,0,1,1,0.0,,0.0,5,1,0,0,2,0.0,0,1,0
W116,7,S016,W116,dev,1,0,0,,,,,,2.0,2,2,2,0,0,1,number,high,2,,,0,0,0,0,1,1,0.0,,0.0,2,,0,0,0,0,0,0,1,1,0.0,,0.0,2,,0,0,2,0.0,0,1,0
W116,8,S016,W116,dev,1,0,0,,,,,,2.0,2,2,2,0,0,1,number,medium,-1.5,,,0,0,0,0,1,1,0.0,,0.0,"-1,5",1,0,0,0,0,0,0,1,1,0.0,,0.0,"-1,5",1,0,0,2,0.0,0,1,0
W116,9,S016,W116,dev,1,0,0,,,,,,2.0,2,2,2,0,0,1,number,high,0.7,,,0,0,0,0,1,1,0.0,,0.0,"0,7",1,0,0,0,0,0,0,1,1,0.0,,0.0,"0,7",1,0,0,2,0.0,0,1,0
W117,1а,S014,W117,dev,0,1,0,,,,,,1.3333333333333333,1,3,1,8,0,1,proof,high,"сечение A₁B₁MN — трапеция (MN∥AB∥A₁B₁, MN=10≠20)",,,0,0,0,0,,,0.0,,0.0,"Доказано, что ML || A_1B_1",,0,1,0,0,0,0,,,0.0,,0.0,"Доказано, что ML || A_1B_1",,0,1,2,0.0,0,,
W117,1б,S014,W117,dev,0,1,0,,,,,,1.3333333333333333,1,3,1,8,0,1,number,high,210,,,1,2,0,0,0,1,1.0,,0.0,15\sqrt{221},0,0,0,1,2,0,0,0,1,1.0,,0.0,15\sqrt{221},0,0,0,2,1.0,0,0,0
W117,2а,S014,W117,dev,0,1,1,,,,,,1.3333333333333333,1,3,1,8,0,1,proof,high,"CA=CB (H равноудалена от A,B ⇒ CM⊥AB)",,,1,1,0,0,,,1.0,,0.0,AC = CB,,0,0,1,1,0,0,,,1.0,,0.0,AC = CB,,0,0,2,1.0,0,,
W117,2б,S014,W117,dev,0,1,0,,,,,,1.3333333333333333,1,3,1,8,0,1,number,high,96,,,1,3,0,0,0,1,1.0,,0.0,48\sqrt{10},0,0,0,1,3,0,0,0,1,1.0,,0.0,48\sqrt{10},0,0,0,2,1.0,0,0,0
W117,3а,S014,W117,dev,0,1,1,,,,,,1.3333333333333333,1,3,1,8,1,1,proof,high,"сечение — треугольник A₁C₁K, KA₁=KC₁=5",,,1,1,0,0,,,1.0,,0.0,\Delta A_1KC_1 - равнобедр,1,0,0,0,0,0,0,,,0.0,,0.0,\Delta A_1KC_1 - равнобедр,1,0,1,2,0.5,1,,
W117,3б,S014,W117,dev,0,1,0,,,,,,1.3333333333333333,1,3,1,8,1,1,number,high,16,,,1,1,0,0,0,1,1.0,,0.0,S = 10,0,0,0,1,1,0,0,0,1,1.0,,0.0,S = 10,0,0,0,2,1.0,0,0,0
W118,1,S014,W118,dev,1,0,0,,,,,,2.0,2,6,0,9,0,1,number,high,17,,,0,0,0,0,1,1,0.0,,0.0,17%,1,0,0,0,0,0,0,1,1,0.0,,0.0,17%,1,0,0,2,0.0,0,1,0
W118,2,S014,W118,dev,1,0,0,,,,,,2.0,2,6,0,9,0,1,number,high,6,,,0,0,0,0,1,1,0.0,,0.0,6 %,1,0,0,0,0,0,0,1,1,0.0,,0.0,6 %,1,0,0,2,0.0,0,1,0
W118,4,S014,W118,dev,0,1,0,,,,,,2.0,2,6,0,9,0,1,number,high,14,,,1,2,0,0,0,1,1.0,,0.0,22%,0,0,0,1,2,0,0,0,1,1.0,,0.0,22%,0,0,0,2,1.0,0,0,0
W118,6,S014,W118,dev,1,0,0,,,,,,2.0,2,6,0,9,0,1,number,high,822000,,,0,0,0,0,1,1,0.0,,0.0,822 000,1,0,0,0,0,0,0,1,1,0.0,,0.0,822 000,1,0,0,2,0.0,0,1,0
