work_id,task_no,is_correct,error_step,error_type,is_consequence,explanation,notes
W001,В1-1.1,1,,,,,
W001,В1-1.2,1,,,,,
W001,В1-2.1,0,,,,"Подкоренное выражение может быть равно нулю: 0 ≤ 3x − 2, ответ [2/3; 2), а не (2/3; 2)",
W001,В1-2.2,1,,,,,
W001,В1-2.3,1,,,,,"Не отмечено проверяющим: промежуточная строка 4 − 5x = 0 вместо ≥ 0 и квадратная скобка у −∞ в ответе [−∞; 0,8] (мелочи в записи). Проверяющий: +"
W001,В1-3.1,1,,,,,
W001,В1-3.2,,,,,,Не дорешано; подсказка проверяющего: перенести √x в правую часть
W001,В1-4,0,,,,"При переносе знак должен смениться: x² + 4x + 3 > 0, а не < 0","Итоговый ответ (−1; +∞) верный, но не следует из шагов; итогового +/− нет"
W001,В2-1.1,1,,,,,
W001,В2-1.2,1,,,,,
W001,В2-2.1,0,,,,Правая часть не возведена в квадрат: должно быть 3 − 2x ≤ 49,
W001,В2-2.1,0,,,,"Подкоренное выражение может быть равно нулю: 0 ≤ 3 − 2x; верный ответ [−23; 1,5]",
W001,В2-2.2,0,,,,"Нестрогое неравенство: 6 − 6x ≥ 0, ответ (−∞; 1], а не (−∞; 1)",
W001,В2-2.3,1,,,,,
W001,В2-3.1,1,,,,,
W001,В2-3.2,,,,,,Не решено; подсказка проверяющего: перенести √x вправо
W001,В2-4,0,,,,"При переносе знак неравенства не сменён: 26 − x < x² + 8x + 16 ⇔ x² + 9x − 10 > 0, а не < 0; из записанной системы ответ (1; 26] не следует","Проверяющий поставил ×. Итоговый ответ (1; 26] верный; та же ошибка со знаком, что в В1-4"
W002,1,1,,,,,
W002,2,1,,,,,
W002,3,1,,,,,
W002,4,1,,,,,
W002,5,1,,,,,"В тетради номер обведён так, что похож на 8"
W002,6,1,,,,,
W002,7,1,,,,,
W002,8,1,,,,,
W002,9,0,,,,"Перепутаны знаки производной: при x < 4 y' < 0, при x > 4 y' > 0, значит x = 4 — точка минимума; ответ 4, а не «нет точки минимума»",
W002,10,1,,,,,
W002,11,1,,,,,
W002,12,1,,,,,
W002,13,1,,,,,
W002,14,1,,,,,
W002,15,0,,,,"Неверная производная: (11 − x)' = −1, а не 1; дальше 1 + 11 − x превратилось в 10 − x — две ошибки компенсируют друг друга; верно y' = e^{x+11}(10 − x)","Нет разметки, вердикт по сути. Ответ 10 верный. На знаковой прямой «−, +» (это минимум), но подписано max"
W002,16,,,,,,не решено
W002,17,,,,,,не решено
W002,18,,,,,,не решено
W002,19,0,,,,"Ответ не на вопрос: спрашивали наибольшее значение на [−17; −2], а записана точка минимума −1 (вне отрезка); наибольшее значение y(−5) = 7","Нет разметки, вердикт по сути. Производная и критические точки −5, −1 найдены верно"
W003,5а,1,,,,,"Деление на cos x без обоснования, что cos x ≠ 0 не теряет корней; проверяющий не снял"
W003,5б,1,,,,,
W003,6а,1,,,,,
W003,6б,0,,,,x₄ отсчитан не от той точки: −5π/2 + π/6 вместо −9π/2 + π/6; вышло −7π/3 (вне отрезка) вместо −13π/3,
W003,7а,1,,,,,
W003,7б,1,,,,,
W004,1,1,,,,,
W004,2,,,,,,"Не дорешано; полный разбор в feedback.docx, ответ [−1; 3]"
W004,3,0,,,,"x ≤ 4/3 — нестрогое неравенство, ответ (−1/2; 4/3], а не (−1/2; 4/3)",Проверяющий поставил +; скобка на фото круглая (подтверждено)
W004,4,0,,,,"Ошибка при сложении: 3,6 + 2,4 = 6, а не 5; верно 6 < 2x + y < 6,3",
W004,5,0,,,,"Неравенство 3 − 5x < 0 не решено, ответ взят наугад; верно x > 0,6, ответ (0,6; +∞)",
W004,5,0,,,,Квадратная скобка у бесконечности: +∞],"Мелочь в записи, на фоне основной ошибки"
W004,6,,,,,,"Не решено; разбор в feedback.docx: D: x ≤ 2/3, E: y ≥ 0"
W004,7,0,,,,"Задача просит целые решения, а в ответе промежуток [4,5; 10); нужно 5, 6, 7, 8, 9",Само решение системы верное
W005,В1-1б,1,,,,,
W005,В1-2,0,,,,"Знак не определён по четверти: при π < α < 3π/2 sin α < 0, ответ −5/13, а не 5/13",
W005,В1-3.2,1,,,,,
W005,В1-3.3,1,,,,,
W005,В1-4,0,,,,"После верного 2 sin 60° cos 15° дважды записано cos 75°, и сокращено cos 75°/(−sin 75°) = −1 — это верно только для cos 15° = sin 75°","Проверяющий поставил +. Ответ −√3 верный; возможно, описка — если считаешь её мелочью записи, ставь 1"
W005,В1-5,1,,,,,
W005,В2-2,0,,,,"Знак не определён по четверти: при π < α < 3π/2 cos α < 0, ответ −3/5",
W005,В2-3.1,1,,,,,
W005,В2-3.2,0,,,,"Не доупрощено: 1 − 2 sin α cos α = (sin α − cos α)², ответ 1/(sin α − cos α)","Итоговой отметки нет, только подсказка проверяющего; умножение в знаменателе записано похоже на минус"
W005,В2-3.3,1,,,,,
W005,В2-4,1,,,,,
W005,В2-5,1,,,,,
W006,25.1а,0,,,,"Потеряна серия корней: sin²x = 0 даёт x = πk, в ответе её нет",Проверяющий поставил +; номер в тетради похож на 23.1; степени записаны как sin x³ вместо sin³x
W006,26.4а,0,,,,Не решено уравнение sin x − 1 = 0: потеряна серия x = π/2 + 2πk,
W006,29.1а,,,,,,Не дорешано: верно сведено к 2t³ + √2t² − 2t − √2 = 0; подсказка проверяющего: (t − 1)(t + 1)(t + √2/2) = 0
W006,30.2а,,,,,,"Не решено, записано только условие"
W007,4.3,1,,,,,
W007,4.11,1,,,,,"Опечатка: x² − 6x − 7x вместо x² − 6x − 7, на решение не повлияла"
W007,5.4,0,,,,"4/12 = 1/3, а не 0,3: корень записан неверно",
W007,5.12,,,,,,Начато и зачёркнуто
W007,6.3,,,,,,"Не решено, записано только условие"
W007,7.2,0,,,,"Ошибка при раскрытии скобок: x² − (3x − 10) = x² − 3x + 10; у этого множителя D < 0, а получены лишние корни 5 и −2",
W007,7.2,0,,,,"(−3 − 7)/2 = −5, а не 5; верный ответ −5; 2",Также записано D = 9 − 40 = 49 вместо 9 + 40
W007,7.5,0,,,,"Та же ошибка: x² − (x − 6) = x² − x + 6, у него D < 0; лишние корни 3 и −2, верный ответ 2; −3","Итоговой отметки нет, проверяющий исправил знак"
W007,8.3,0,,,,"При x = 1: y = 7 · 1 − 5 = 2; верный ответ (1; 2), (5/7; 0)","В строке «= 0», в ответе (1; 3) — несогласованно"
W007,8.7,1,,,,,В тетради подписано как 4)
W008,14.6а,1,,,,,"Логика верная: HE — проекция MK, средняя линия △ABN ⇒ H — середина AB ⇒ M — середина A₁B₁. Не обосновано, почему основания именно MK = 2 и AN = 4 (MK ∥ AN как следы сечения на параллельных основаниях; HE = MK < AN); опечатка ½AK вместо ½AN; на чертеже N не на BC. Проверяющий: 1б"
W008,14.6б,1,,,,,"Ответ √3 верный. Без пояснений: равенство △AMH и △KEN, BE = EN = x (E — середина BN), ∠B = 120°, BC = 4x из B₁K:KC₁ = 1:3. Проверяющий: 2б"
W008,14.3а,1,,,,,"A₁M = BM = √(x² + y²) — верно. Треугольник записан как △A₁CM вместо △A₁C₁M; не сказано, что A₁C₁ = AC = y и что CC₁ ⊥ (A₁B₁C₁); сечение на чертеже не выделено. Проверяющий: 1б"
W008,14.3б,1,,,,,"Ответ 2√11 верный. Проверяющий поставил «?» у MH = √(x² + 4 − x² − 1), но шаг верный: (A₁B/2)² = (4x² + 4)/4 = x² + 1. Не выписана т. Пифагора для A₁B = √(4x² + 4); первая строка похожа на «ΔB = 2» вместо AB = 2; боковая сторона на чертеже подписана как √(x + 4). Проверяющий: 2б"
W009,Б1-1,1,,,,,
W009,Б1-2,1,,,,,
W009,Б1-3,1,,,,,
W009,Б1-4,1,,,,,
W009,Б1-5,1,,,,,
W009,Б1-6,1,,,,,
W009,Б1-7,1,,,,,
W009,Б1-8,1,,,,,
W009,Б1-9,1,,,,,
W009,Б1-10,1,,,,,
W009,Б1-11,1,,,,,
W009,Б1-12,1,,,,,
W009,Б1-13А,1,,,,,
W009,Б1-13Б,0,,,,"Неверный знак координаты: b(2; −1), а не (2; 1); a·b = 6 − 4 = 2, а не 10",В Б1-6 на том же рисунке b(2; −1) прочитан верно; проверяющий исправил на 2
W009,Б1-14А,1,,,,,
W009,Б1-14Б,1,,,,,
W009,Б2-1,1,,,,,
W009,Б2-2,1,,,,,
W009,Б2-3,1,,,,,
W009,Б2-4,1,,,,,
W009,Б2-5,1,,,,,
W009,Б2-6,1,,,,,"Ошибка 2,4² = 4,16 исправлена самим учеником"
W009,Б2-7,1,,,,,
W009,Б2-8,1,,,,,
W009,Б2-9,1,,,,,"Записано a + 2b − c вместо a + 2b − 3c, но считалось с 3c"
W009,Б2-10,0,,,,"Ошибка в вычислении: 1 − 6 + 16 = 11, а не −21; a − b + 4c = (0; 11), длина 11, а не 21",Проверяющий поставил +
W009,Б2-11,0,,,,"Неверные знаки координат по рисунку: a(−1; −2), b(6; −1), c(−7; 2); a + b − c = (12; −5), длина 13, а не 5","Проверяющий поставил +; модули координат у ученика верные, ошибка в знаках; первая попытка зачёркнута"
W009,Б2-12,0,,,,"Все три вектора взяты в обратном направлении (начало минус конец): a(−3; 5), b(−2; −4), c(−8; 3)","Ответ 15 верный только потому, что длина не меняется при смене знака всего вектора; проверяющий поставил +"
W009,Б2-13,,,,,,"Начато и зачёркнуто, у ученика «?»; нет разметки"
W009,Б2-14,,,,,,"Начато и зачёркнуто, у ученика «?»; нет разметки"
W009,Б2-15,,,,,,"Начато и зачёркнуто, у ученика «?»; нет разметки"
W009,Б2-17,1,,,,,
W009,Б2-18,1,,,,,
W009,Б2-19,1,,,,,
W009,Б2-20,1,,,,,
W009,Б2-21,1,,,,,
W009,Б2-22,1,,,,,
W009,Б2-23,1,,,,,
W009,Б2-24,1,,,,,
W009,Б2-25,0,,,,"Вместо скалярного произведения координаты перемножены покомпонентно, и найдена длина вектора (−16; −30); ответ 34 — длина, а не значение выражения",Проверяющий поставил +
W009,Б2-25,0,,,,"Неверно прочитаны b и c: b(1; −6) (взят в обратном направлении), c(−5; 2) (координаты переставлены); верно: a − b = (6; 6), (a − b)·c = −30 + 12 = −18",
W009,Б2-26,0,,,,"Вместо скалярного произведения координаты перемножены покомпонентно, и найдена длина вектора (20; 0)",С координатами ученика ответ случайно совпал бы: 5·4 + 0·3 = 20; проверяющий поставил +
W009,Б2-26,0,,,,"Неверно прочитаны координаты: a вертикальный, a(0; 5), а не (5; 0); b(5; 1) и c(−9; −4) взяты в обратном направлении; верно: b + c = (−4; −3), a·(b + c) = −15",
W009,Б2-27,0,,,,"Оба вектора взяты в обратном направлении: a(−3; 1), b(−4; −8), у ученика a(3; −1), b(4; 8)","Ответ 8 верный, так как (−a)·(−b) = a·b; проверяющий поставил +"
W009,Б2-28,0,,,,"a и b прочитаны с рисунка в обратном направлении: a(3; 6), b(1; −4); верно a·2b = 6 − 48 = −42, а не −36","Нет разметки, вердикт по сути. У ученика a(−3; −6), b(−2; 4)"
W009,Б2-29,1,,,,,"Нет разметки, вердикт по сути. Ответ 3/5 верный"
W009,Б2-30,0,,,,"√3600 = 60, а не 36: cos = 48/60 = 0,8, а не 4/3","Нет разметки, вердикт по сути. Косинус > 1 ученик не заметил"
W009,Б2-31,0,,,,"Ошибка в вычислении: 8 + (−32) = −24, а не −26; cos α = −24/40 = −0,6","Проверяющий исправил, но итог записал «0,6» без минуса"
W009,Б2-32,0,,,,"В знаменателе сумма вместо произведения: |a|·|b| = √(50·50) = 50, а не √(50 + 50) = 10; cos α = −0,8","Ответ −4 невозможен для косинуса, ученик не заметил"
W009,Б2-33,,,,,,"Начато и зачёркнуто, у ученика «?»"
W009,Б2-34,0,,,,"В знаменателе сумма вместо произведения: √(10·90) = 30, а не √(10 + 90) = 10; cos = 1, а не 3","Та же ошибка, что в Б2-32; проверяющий исправил и дописал формулу"
W009,Б2-34,0,,,,"Оба вектора взяты в обратном направлении: a(3; 1), b(9; 3)",На ответ не влияет; не отмечено проверяющим
W009,Б2-35,,,,,,"Начато и зачёркнуто, у ученика «?»"
W009,Б2-36,,,,,,"Начато и зачёркнуто, у ученика «?»"
W010,Б1-1,1,,,,,
W010,Б1-2,1,,,,,
W010,Б1-3,1,,,,,
W010,Б1-4,1,,,,,
W010,Б1-5,1,,,,,
W010,Б1-6,1,,,,,
W010,Б1-7,1,,,,,
W010,Б1-8,1,,,,,
W010,Б1-9,1,,,,,
W010,Б1-10,1,,,,,
W010,Б1-11,1,,,,,
W010,Б1-12,1,,,,,
W010,Б1-13А,1,,,,,Первая попытка 13–14 зачёркнута самим учеником
W010,Б1-13Б,1,,,,,
W010,Б1-14А,0,,,,"Ошибка при сложении: 35 + 6 = 41, а не 31",Проверяющий исправил
W010,Б1-14Б,0,,,,"Ошибка при умножении: 8 · 7 = 56, а не 72; ответ 71, а не 87",Проверяющий исправил
W010,Б2-1,1,,,,,
W010,Б2-2,1,,,,,
W010,Б2-3,1,,,,,
W010,Б2-4,1,,,,,
W010,Б2-5,1,,,,,"0,6b подписан как b(−5,4; 2,4)"
W010,Б2-6,1,,,,,
W010,Б2-7,1,,,,,
W010,Б2-8,1,,,,,
W010,Б2-9,1,,,,,
W010,Б2-10,1,,,,,
W010,Б2-11,1,,,,,
W010,Б2-12,1,,,,,Первая попытка вычисления длины зачёркнута
W010,Б2-13,1,,,,,4c подписан как c(−8; −12)
W010,Б2-14,1,,,,,
W010,Б2-15,1,,,,,
W010,Б2-16,0,,,,"Длина не может быть отрицательной: a − 2,7b + 0,4c = (−3,1; 0), длина 3,1, а не −3,1",Координаты и вектор найдены верно; проверяющий исправил и подписал «не может быть отриц.»
W010,Б2-17,1,,,,,Длины записаны как a = 2√3 вместо |a| = 2√3
W010,Б2-18,1,,,,,
W010,Б2-19,1,,,,,
W010,Б2-20,1,,,,,
W010,Б2-21,1,,,,,
W010,Б2-22,1,,,,,
W010,Б2-23,1,,,,,
W010,Б2-24,0,,,,"Ошибка при умножении: 6 · 7 = 42, а не 56; ответ 70, а не 84",Проверяющий исправил
W010,Б2-25,0,,,,"Ошибка в знаке: a − b = (6; 6), так как 0 − (−6) = 6, а не −6; (a − b)·c = −30 + 12 = −18, а не −42",Координаты по рисунку верные; проверяющий исправил
W010,Б2-26,1,,,,,
W010,Б2-27,1,,,,,
W010,Б2-28,0,,,,"Ошибка при умножении: 6 · (−8) = −48, а не −46; ответ −42, а не −40",Проверяющий исправил
W010,Б2-29,1,,,,,
W010,Б2-30,1,,,,,
W010,Б2-31,1,,,,,
W010,Б2-32,1,,,,,
W010,Б2-33,1,,,,,
W010,Б2-34,1,,,,,
W010,Б2-35,1,,,,,
W010,Б2-36,1,,,,,
W011,1.1,1,,,,,
W011,1.2,1,,,,,
W011,1.3,1,,,,,
W011,1.4,1,,,,,
W011,1.5,1,,,,,
W011,1.6,1,,,,,
W011,1.7,1,,,,,
W011,1.8,1,,,,,
W011,1.9,1,,,,,
W011,1.10,1,,,,,
W011,1.11,1,,,,,
W011,1.12,1,,,,,
W011,2.1,1,,,,,
W011,2.2,1,,,,,
W011,2.3,1,,,,,
W011,2.4,1,,,,,
W011,2.5,1,,,,,
W011,2.6,1,,,,,
W011,3.1,1,,,,,Вторая попытка рядом зачёркнута
W011,3.2,1,,,,,
W011,3.3,1,,,,,
W011,3.4,,,,,,"Не решено. В листе 3.4: y = −7 + 243x − x³ на [−9; 9] (ответ 1451), ученик переписал без куба (−x), проверяющий написал «опечатка в задании». Номер в тетради похож на 1)"
W011,3.5,1,,,,,
W011,3.6,1,,,,,
W011,3.7,1,,,,,
W011,3.8,1,,,,,
W011,4.1,1,,,,,
W011,4.2,1,,,,,
W011,4.3,1,,,,,
W011,4.4,0,,,,"При делении на 3 разделён только первый член: 42x − 3x² = 0 ⇒ 14x − x² = 0, корни 0 и 14, а не 0 и 14/3",Ответ 5 верный (минимум в x = 0); проверяющий поставил +
W011,4.5,1,,,,,
W011,4.6,1,,,,,
W011,4.7,0,,,,"Ошибка в вычислении: y(−1) = −1 + 6 − 9 + 21 = 17, а не 18",Проверяющий исправил на 17
W011,4.7,0,,,,"Неверные корни по теореме Виета: x² + 4x + 3 = 0 ⇒ x = −3 и −1, а не 4 и −1",На ответ не влияет: −3 — конец отрезка [−3; 0]; не отмечено проверяющим
W011,4.8,1,,,,,
W011,5.1,1,,,,,
W011,5.2,1,,,,,
W011,6.1,1,,,,,
W011,6.2,1,,,,,
W011,7.1,1,,,,,Первая попытка зачёркнута
W011,7.2,1,,,,,
W011,7.3,1,,,,,
W011,7.4,1,,,,,
W011,8.1,1,,,,,
W011,8.2,0,,,,"Ошибка в вычислении: 6 · 36 = 216, а не 96; y(36) = 144 − 216 − 5 = −77, а не 43",Проверяющий: «неправильно посчитала здесь»
W011,8.3,0,,,,"Ошибка в вычислении: 36√36 = 216, а не 96; y(36) = 216 − 324 + 23 = −85, а не −205","Та же ошибка 6 · 36 = 96, что в 8.2; проверяющий исправил"
W011,8.4,1,,,,,
W011,9.1,1,,,,,
W011,9.2,1,,,,,
W011,9.3,1,,,,,
W011,9.4,1,,,,,
W011,10.1,1,,,,,
W011,10.2,1,,,,,Свободный член записан неразборчиво (43 или 93); на производную не влияет
W011,10.3,1,,,,,Свободный член записан как −402 вместо −398 (−400 − 2 вместо −400 + 2); на производную не влияет
W011,10.4,1,,,,,
W011,11.1,0,,,,"Ошибка при раскрытии скобок: −(x + 3) = −x − 3, а не −x + 3; y' = −e^{3−x}(x + 2), точка максимума −2, а не 4",Проверяющий исправил
W011,11.2,0,,,,"Та же ошибка: −(x + 2) = −x − 2; y' = −e^{2−x}(x + 1), точка максимума −1, а не 3",Проверяющий исправил
W011,11.3,1,,,,,"В скобке (1 + 4 − x) вместо (−1 + 4 − x), получилось x = 5, ученик исправил ответ на 3 без исправления скобки — описка, исправлена самим учеником"
W011,11.4,1,,,,,
W011,12.1,1,,,,,
W011,12.2,1,,,,,
W011,12.3,0,,,,"Ошибка при раскрытии скобок: −(7 − x) = −7 + x; y' = e^{7−x}(x − 8), точка минимума 8, а не −8","Проверяющий не отметил: нет ни +, ни исправления (подтверждено по фото)"
W011,12.4,0,,,,"Та же ошибка: −(3 − x) = −3 + x; y' = e^{3−x}(x − 4), точка минимума 4, а не −4",Проверяющий исправил
W011,13.1,1,,,,,
W011,13.3,1,,,,,
W011,14.1,0,,,,"Выбрана точка максимума: y' = e^{x+13}·x(x − 9), знаки + − +, минимум в x = 9, а не 0",Проверяющий подписал «max» у x = 0
W011,14.3,1,,,,,Нет отметки проверяющего
W011,15.1,1,,,,,"Первая попытка зачёркнута; в дискриминанте записано 58² + 3·4·280 вместо 58² − 4·3·280, результат 4 верный"
W011,15.3,,,,,,"Начато и зачёркнуто, у ученика «?»"
W011,16.1,0,,,,"Ошибка при умножении: 6 · 7 = 42, а не 56; y' = 3x² + 26x + 51 = (x + 3)(3x + 17), а не 3x² + 26x + 65 с D < 0; верный ответ 10 (в x = −3)","Решение остановлено на D < 0, у ученика «?»; проверяющий советует раскрывать скобки. 56 подтверждено по фото"
W011,16.3,1,,,,,
W011,17.1,1,,,,,
W011,17.3,0,,,,"Ошибка при раскрытии скобок: 1 − (x − 27) = 28 − x, а не −x − 26; точка максимума 28, наибольшее значение y(28) = 1",Проверяющий расставил скобки
W011,17.3,0,,,,"При подстановке потерян множитель e^{28−x}: y(−26) = −53·e^{54}, а не −53",
W011,18.1,1,,,,,
W011,18.3,1,,,,,
W011,19.1,1,,,,,
W011,19.3,1,,,,,
W011,20.1,0,,,,"В формуле производной частного плюс вместо минуса: для y = −(x² + 1)/x y' = (1 − x²)/x², точка максимума x = 1","Ответ 0 вне области определения; ученик: «не уверена, что так нужно решать»; проверяющий выписал формулу (u/v)'"
W011,21,,,,,,"Не решено, у ученика «?»"
W011,22,,,,,,"Не решено, у ученика «?»"
W011,23,,,,,,"Не решено, у ученика «?»"
W012,1,0,,,,"Биссектриса делит прямой угол C: ∠BCD = 45°, ∠BCM = 90° − 35° = 55°, искомый угол 55° − 45° = 10°; ученик разделил пополам угол B (35 : 2 = 17,5)",Проверяющий исправил: 55 − 45 = 10
W012,2,1,,,,,
W012,3,,,,,,"Номер записан, решения нет (верный ответ 132: образующая = R√2)"
W012,4,1,,,,,
W012,5,1,,,,,"Нестандартный, но верный ход: P(хотя бы в одном останется) = 1 − 0,13 = 0,87 = 0,7 + 0,7 − a"
W012,6,1,,,,,
W012,7,1,,,,,
W012,8,0,,,,"Перевёрнуто отношение: k = Δy/Δx = −2/10 = −0,2, а ученик нашёл Δx/Δy = 10/(−2) = −5",Проверяющий исправил
W012,9,1,,,,,
W012,10,1,,,,,
W012,11,1,,,,,
W012,12,0,,,,"Ответ не на вопрос: спрашивали точку минимума; y' = 3x(x − 16), знаки + − +, минимум в x = 16, а 0 — точка максимума",Ученик сам подписал «т. max»; проверяющий поставил +
W012,13а,0,,,,При переносе −√6 превратилось в +4: должно быть 4sin²x + (√8 + 12)sin x + √6 = 0,Проверяющий обвёл √6 и поставил «?»; 0б за задачу
W012,13а,0,,,,После замены sin x = t потеряна переменная в линейных членах: 4t² + √8 + 12 + 4 = 0 вместо 4t² + (√8 + 12)t + …,Решение не доведено
W012,13б,,,,,,Не решено
W012,15,0,,,,"9^{x+1} = 3^{2x+2}, а не 3^{2x+1}; числитель t³ − 9t² + 27t − 27 = (t − 3)³","Проверяющий: «это 3-я степень? ничего не понятно», расписал ФСУ; 0б"
W012,15,0,,,,Переход от t³ − t³ + t³ − 27 к (t − 3) ничем не обоснован и неверен (t³ − 27 ≠ t − 3),"Ответ (−∞; 1] верный, но не следует из шагов"
W012,15,0,,,,"Метод рационализации применён без названия и обоснования; ОДЗ x ≠ 1,1 записано, но не решено","Проверяющий: «здесь прописать, что это рационализация + обосновать её», «над оформлением работаем!»"
W013,1а,1,,,,,"Степени записаны как sin x² вместо sin²x. Пункт б) не решён (нарисована окружность с 5π/4 и 7π/4, отбора на [3π/2; 3π] нет). Проверяющий: +"
W013,2а,1,,,,,"Нет разметки, вердикт по сути. cos(2x − 3π/2) = −sin 2x, sin x(2cos x + √2) = 0, x = πn, ±3π/4 + 2πn. Множитель −1 при вынесении sin x опущен (на уравнение = 0 не влияет)"
W013,3а,0,,,,"Потеряна серия корней: уравнение cos x − 1 = 0 записано, но не решено; в ответе нет x = 2πn",Проверяющий дописал cos x = 1 ⇒ x = 2πn; итогового +/− нет. У этого же ученика та же ошибка в 25.1а и 26.4а (W006)
W013,4а,1,,,,,"Степени записаны как sin x⁴, sin(2x)². Проверяющий: +"
W014,1,0,,,,"Неверно найдена производная: (4t)' = 4, а не 4t; x'(t) = t + 4, x'(2) = 6, а не 10","Проверяющий исправил: «производная 4t ⇒ 4», «= 6»"
W014,2,1,,,,,
W014,3,1,,,,,"В первой строке производной +45t вместо +45, в следующей строке исправлено"
W014,4,1,,,,,"Корень записан как (−4 + 90)/2 — похоже, 20 написано как 90; результат 8 верный"
W014,5,1,,,,,
W014,6,1,,,,,Число 180 в t² − 8t − 180 = 0 записано похоже на 110; одна строка зачёркнута
W014,7.1,1,,,,,
W014,7.2,1,,,,,
W014,7.3,1,,,,,
W014,7.4,1,,,,,
W014,7.5,1,,,,,
W014,7.6,,,,,,Номер без решения
W014,7.7,,,,,,Номер без решения
W014,7.8,0,,,,"Потерян знак углового коэффициента: касательная убывает, проходит через (−5; 5) и (3; −1), k = −6/8 = −0,75, а не 0,75",Проверяющий поставил +. Минуса в тетради нет (в 7.2 и 7.3 ученик его пишет)
W014,7.9,,,,,,Номер без решения
W014,7.10,,,,,,Номер без решения
W014,7.11,,,,,,Номер без решения
W014,7.12,,,,,,Номер без решения
W014,7.13,,,,,,Номер без решения
W014,7.14,,,,,,Номер без решения
W014,8,1,,,,,"Исправлено после аудита: ноль производной при x = 3 (по графику), ответ ученика 3 верен; проверяющий поставил −, прежнее объяснение перепутало точки"
W014,9,0,,,,Записан угловой коэффициент (y = 3) вместо абсциссы: f'(x) = 3 при x = 5,Проверяющий: −
W014,10а,,,,,,Начато и зачёркнуто: записано f'(x) = 0 (верная идея); у проверяющего «?»
W014,10б,,,,,,Начато и зачёркнуто; у проверяющего «?»
W014,11,0,,,,"В точке −1 вершина графика, f'(−1) ≈ 0; наибольшая производная — в точке 2 (по ключу)",Проверяющий: −. Только ответ
W014,12,0,,,,"В точке 3 минимум функции, f'(3) ≈ 0; наименьшая производная в точке −1, где функция круто убывает",Проверяющий: −. Только ответ
W014,13,0,,,,"В точке 2 вершина графика, f'(2) ≈ 0; наибольшая производная в точке −1, где функция круто возрастает",Проверяющий: −. Только ответ
W014,14,0,,,,"В точке 1 функция возрастает, f'(1) > 0; наименьшая производная в точке 2, где функция круто убывает (в точке 3 она только начинает убывать после вершины)",Проверяющий: −. Только ответ
W014,15а,0,,,,"Не доведено до ответа на вопрос: найдена ордината точки касания y(1) = 7, но c не найдено; нужно f(1) = 3 − 3 + c = 7 ⇒ c = 7","Ответ 7 совпал, потому что f(1) = c; проверяющий поставил +. Перед 6x − 3 = 3 лишняя строка 6x − 3 = 0"
W015,4а,1,,,,,"Построение описано верно (KL ∥ AB в ABD, KN ∥ CD в ACD, NM ∥ AB в ABC; сечение KLMN), но не обосновано, что LM ∥ CD и что KLMN — параллелограмм. Проверяющий: один + на всю задачу"
W015,4б,1,,,,,"Ответ 90° верный. Записано KM = ½CD = 3 вместо KN; не сказано, что NM = KL = ½AB = 4 и что угол между AB и CD равен ∠KNM (NM ∥ AB, KN ∥ CD)"
W015,5а,1,,,,,"Логика верная: MO — средняя линия △A₁B₁C ⇒ MO ∥ A₁C ⇒ MO ⊂ α ⇒ O ∈ α. Не сказано, что O — середина B₁C; ссылка на «признак параллельности» вместо нужного свойства. Отдельной отметки нет"
W015,5б,1,,,,,"Ответ arccos 0,64 верный (cos = 16/25). Не описано, как направлены оси координат; 16/25 записано похоже на −6/25. Проверяющий: +"
W015,7,1,,,,,"Ответ 3 верный, но найдено расстояние от O, а не от A: не обосновано, что ρ(A; BSC) = ρ(O; BSC), так как AO ∥ BC ⇒ AO ∥ (BSC) (позже error_type = presentation). SOM ⊥ BC записано похоже на SOM ∥ BC. Проверяющий: +"
W016,1.2,0,,,,"Перепутаны максимум и минимум: знаки y' «+ − +», точка максимума −5, а не 5",Проверяющий обвёл −5
W016,1.6,1,,,,,
W016,1.12,1,,,,,
W016,2.2,1,,,,,Строка с корнями x = ±4 зачёркнута/неразборчива
W016,2.3,1,,,,,
W016,2.5,1,,,,,
W016,3.5,1,,,,,
W016,3.7,1,,,,,
W016,3.8,1,,,,,"Не отмечено, что x = 4 ∉ [−1; 3]"
W016,4.1,1,,,,,"Второй корень записан неразборчиво (3x(8 − x) = 0, x = 8 ∉ [−5; 6]) — на ответ не влияет"
W016,4.3,1,,,,,"Не отмечено, что x = 6 ∉ [−4; 4]"
W016,4.7,1,,,,,
W016,5.1,1,,,,,Знак производной не исследован (почему x = 144 — минимум)
W016,5.2,1,,,,,"Знак производной не исследован. После 5.2 зачёркнута попытка «3) y = x^{3/2} − 3x + …», пункта 5.3 в условии нет — строку не заводим"
W016,6.1,1,,,,,Записано y = 3/2·√x вместо 9 = 3/2·√x
W016,6.2,1,,,,,
W016,7.1,1,,,,,"Концы отрезка не проверены (единственная критическая точка — максимум, на ответ не влияет)"
W016,7.2,1,,,,,Записано 6 · 48 − 32 вместо 6 + 48 − 32
W016,7.3,1,,,,,
W017,1,0,,,,"Ошибка в знаке: 12(x+5) + 12(x−5) = x²−25 записано с минусом (12(x+5) − 12(x−5)), далее «120−1=x²−25» неизвестно откуда; получено x=12. Верно: 24x = x²−25, x²−24x−25=0, x=25 км/ч","Номера по варианту № 79266553 (task_1: «Вариант»), не по сборнику. Проверяющий обвёл «1» с «откуда?» и зачеркнул ответ 12; подписи «по течению x−5 / против x+5» перепутаны (на сумму не влияет)"
W017,3,0,,,,"При делении на 2a не учтён a = −1: x₂ = (−14+16)/2 = 1 вместо (−14+16)/(−2) = −1, а x₁ = 15 отброшен как «−15». Ответ 1 км/ч, верно 15 км/ч","Проверяющий дописал минусы в знаменателях, обвёл 15 и написал 15; первая попытка (8(x+5)+6(x−5)) зачёркнута"
W017,4,1,,,,,"Ответ 14 км/ч, проверяющий поставил +. Первая попытка с числом 106 зачёркнута; в строке «105(x+16) − 105x = 4» пропущено x(x+16) справа, в следующей строке исправлено"
W017,6,1,,,,,"Ответ 18 км/ч, проверяющий поставил +. В строке «153(x+16) − 153x = 4» пропущено x(x+16) справа, в следующей строке исправлено"
W018,1,1,,,,,"Номера по варианту № 79266553 (task_1). Ответ 25 км/ч, проверяющий поставил +"
W018,3,1,,,,,"Ответ 15 км/ч, проверяющий поставил +"
W018,4,0,,,,"Не разделено на 2: x₂ = (−16 + 44)/2 = 14, у ученика x₂ = 28. Ответ 28, верно 14 км/ч",Проверяющий дописал «: 2 = 14» и исправил ответ на 14
W018,7,1,,,,,"Ответ 18 км/ч, проверяющий поставил +"
W018,11,1,,,,,"Ответ 4 км/ч, проверяющий поставил +"
W019,1,0,,,,"Доказательство DE ∥ AC построено по кругу: равенство соответственных углов ∠BDE = ∠BAC, ∠BED = ∠BCA постулируется без обоснования, из него выводится параллельность и подобие «по 1-му признаку». Верно: BD/BA = BE/BC = 1/3 и общий ∠B ⇒ △DBE ~ △ABC (2-й признак) ⇒ ∠BDE = ∠BAC ⇒ DE ∥ AC",Строка «1» — пункт «Доказать». Проверяющий поставил +
W019,1а,1,,,,,"DE : AC = 1/3, проверяющий поставил +; отношения BD/BA и BE/BC = 1/3 посчитаны здесь"
W019,1б,1,,,,,"P_ABC : P_DBE = 3 : 1, проверяющий поставил +"
W019,1в,1,,,,,"S_DBE : S_ABC = 1 : 9, проверяющий поставил +"
W019,2,1,,,,,"Ответ 2√20 и 2√80 (= 4√5 и 8√5) не упрощён; проверяющий обвёл + и дописал «= 4√5», «= 8√5»"
W019,3,0,,,,"Доказательства нет: перечислены свойства трапеции (BC ∥ AD, равные высоты, суммы углов 180°) без вывода из условия; в «Дано» BC = 8 вместо 9. Верно: △ABC ~ △DCA (6/10 = 9/15 = 15/25 = 3/5) ⇒ ∠BCA = ∠CAD ⇒ BC ∥ AD, а BC ≠ AD, значит ABCD — трапеция",Проверяющий поставил +
W019,4,,,,,,"Начато, не доведено: найдено только HC = 10, AH не найдено (верно AH = 20). Проверяющий написал «нам надо AH»"
W020,1,1,,,,,"Ответ (−∞; 0] ∪ [2; +∞) верный; проверяющий: «Супер!», 2б. Вверху страницы — посторонняя запись (классная работа), не размечается"
W020,2,0,,,,"Не изменён знак неравенства при основании 1/5 < 1: должно быть x²+2x+1/x−5 ≥ (x²+5x−7)/x, т.е. (x−1)(x−2)(x+4)/x ≥ 0; с учётом ОДЗ (x²+5x−7 > 0, x > 0) верный ответ [2; +∞), у ученика [1; 2]","Проверяющий обвёл знак ≤, написал «Функция log_{1/5}x убывающая => знак меняется», 0б"
W020,3,0,,,,"Неверно разложен знаменатель: x²+5x+6 = (x+2)(x+3), у ученика (x+1)(x+2); отсюда граница −2 вместо −3. Верный ответ (−∞; −3) ∪ [0; 1], у ученика (−∞; −2) ∪ (0; 1)","Проверяющий: «внимательнее», стрелка на −2; оценка 1б (1б или 2б)"
W020,3,0,,,,"Концы 0 и 1 не включены в ответ, хотя неравенство нестрогое и при x = 0, x = 1 выражение равно 0: должно быть [0; 1]",по фото скобки у (0; 1) читаются как круглые; проверяющий отдельно не отмечал
W020,4,0,,,,"Ошибка в методе интервалов: для (x+5)(x+3)/((x+11)(x−1)) ≤ 0 (переход к нему верный) ответ (−11; −5] ∪ [−3; 1), у ученика [−5; −3] (взят промежуток со знаком +)","Проверяющий расставил знаки на оси, «Не понятно как промежутки определял», 0б"
W020,5,0,,,,"Сравнение показателей выполнено сложением вместо вычитания: знак(5^a − 5^b) = знак(a − b), a − b = (4x²+4x+8) − (−3x²+10x+8) = 7x² − 6x; у ученика x² + 24x + 16. Верный ответ (−∞; 0) ∪ (0; 6/7], у ученика (−∞; −12−8√2] ∪ [−12+8√2; 0)","Проверяющий исправил знаки в показателе (+3x², −20x, −8), 0б"
W020,5,0,,,,"Ошибка при переписывании показателя: 0,2^(3x²−10x−8) = 5^(−3x²+10x+8), у ученика −20x вместо −10x",Проверяющий отдельно не отмечал
W021,1,0,,,,"Доказательство DE ∥ AC по кругу: углы ∠BDE = ∠BAC, ∠BED = ∠BCA названы «равными как соответственные» — это уже предполагает DE ∥ AC; длины отрезков не использованы. Верно: BD/BA = BE/BC = 1/3 и общий ∠B ⇒ △DBE ~ △ABC ⇒ ∠BDE = ∠BAC ⇒ DE ∥ AC",Строка «1» — пункт «Доказать». Проверяющий поставил +
W021,1а,1,,,,,"DE : AC = BD : BA = 1/3, проверяющий поставил +"
W021,1б,1,,,,,"P_ABC : P_DBE = 3 : 1, проверяющий поставил +"
W021,1в,1,,,,,"S_DBE : S_ABC = 1 : 9, проверяющий поставил +"
W022,В3-1,0,,,,"Неверная подстановка: x − x(−1−3x) = 8 ⟺ 3x² + 2x − 8 = 0, у ученика x − x − 1 − 3x = 8. Верный ответ (4/3; −5), (−2; 5), у ученика (−3; 8)","Схема номеров: В3-N / В4-N — вариант 3 / вариант 4 (task_1 / task_2), ученик решал оба. Нет отметки проверяющего"
W022,В3-2,1,,,,,5 см и 9 см; описка x² + 4x = 45 = 0; нет отметки проверяющего
W022,В3-3,1,,,,,"(4; 1), (1; −4); проверяющий +"
W022,В4-1,1,,,,,"(3,2; 0,24), (−3; −1); первая попытка зачёркнута; проверяющий +"
W022,В4-2,,,,,,"Начато, не доведено: ошибка в знаке a² − 13a − 42 = 0 (должно +42, стороны 6 и 7), остановился на (13 ± √337)/2; нет отметки проверяющего"
W022,В4-3,1,,,,,"(3; 1), (−4; 8); проверяющий +"
W023,В3-1,0,,,,"Корень x = 8/6 = 4/3 заменён приближением 1,3, отсюда y = −4,9; верный ответ (4/3; −5), (−2; 5), у ученика (1,3; −4,9); (−2; 5)","Схема номеров: В3-N / В4-N — вариант 3 / вариант 4 (task_1 / task_2), ученик решал оба. Проверяющий: «1,3 ≠ 4/3»"
W023,В3-2,1,,,,,5 и 9; проверяющий +
W023,В3-3,0,,,,"При возведении в квадрат потеряно удвоенное произведение: (3,4 + 0,6y)² = 11,56 + 4,08y + 0,36y², у ученика 11,56 + 0,36y². Верный ответ (4; 1), (1; −4), у ученика (4,6; 2)","Проверяющий: стрелка «а где 2·3,4·0,6y»"
W023,В3-3,0,,,,"Из y² = 4 взят только корень y = 2, потерян y = −2",Проверяющий отдельно не отмечал
W023,В4-1,1,,,,,"(3,2; 0,24), (−3; −1); проверяющий +"
W023,В4-2,1,,,,,"6 и 7 см, найдено подбором с проверкой (7·6 = 42, 7 + 6 = 13); проверяющий +"
W023,В4-3,0,,,,"Потерян y при переносе: y = (4−y)² − 8 ⟺ y² − 9y + 8 = 0 (y = 8, 1), у ученика y² − 8y + 8 = 0. Верный ответ (−4; 8), (3; 1), у ученика (−4; 8)",Проверяющий дописал «3; 1»
W023,В4-3,0,,,,"Вычислительная ошибка: (8 ± √32)/2 = 4 ± 2√2, у ученика 8 и 0 (√32 принят за 8)",Пара (4; 0) зачёркнута в ответе; проверяющий отдельно не отмечал
W024,4.4,0,,,,"Ошибка в знаке: x₂ = (1 − 5)/2 = −2, у ученика 4/2 = 2; ответ −1; 2; 3 вместо −1; −2; 3",Нумерация: задание.номер по листу условия (Задания 4–10). Проверяющий исправил 2 на −2 в решении и в ответе
W024,4.5,1,,,,,Проверяющий поставил +
W024,4.13,1,,,,,Проверяющий поставил +
W024,4.14,1,,,,,"Первая попытка вычислений зачёркнута (верх стр. 2), решение продолжено на стр. 3; проверяющий поставил +"
W024,5.3,0,,,,"Неверный знаменатель в формуле корней: 2a = 6 (уравнение 3x² − 2x − 1 = 0), у ученика делит на 2",Проверяющий обвёл 3 и исправил знаменатели на 6
W024,5.3,0,,,,"√16 = 4, у ученика подставлено 16: x = (2 ± 16)/2 = 9; −7. Верно x = (2 ± 4)/6 = 1; −1/3",Вторая ошибка в той же задаче; проверяющий отметил только знаменатель
W024,5.5,0,,,,"Неверный знаменатель: 2a = 20 (10x² − 3x − 1 = 0), у ученика 2: x = (3 ± 7)/2 = −2; 5. Верно x = (3 ± 7)/20 = −1/5; 1/2",Проверяющий обвёл 10 и исправил знаменатели на 20
W024,5.11,1,,,,,"Первая попытка зачёркнута; описка в промежуточной строке 4x² − 21x + 28 (должно +26), D посчитан с 26 верно; ответ 3,25; 2; проверяющий поставил +"
W024,5.13,1,,,,,"Формула корней записана с −51 и −28 (для −14x² + 51x − 45 = 0), результат 1,5; 15/7 верный; проверяющий поставил +"
W024,6.2,1,,,,,"подкоренные числа в ответе перекрыты красными «3» проверяющего, что было у ученика — неразборчиво; в решении x = 2 ± √3, проверяющий поставил + у обоих корней"
W024,6.4,1,,,,,"Описка: во второй ветке x − 4 = √7 без минуса, далее x = −√7 + 4 верно; проверяющий поставил +"
W024,6.6,1,,,,,"небрежная запись 5 под корнем (в строке x = √5+3 похоже на 6, во втором корне ответа похоже на √3); по решению (x−3)² = 5 ответ 3 ± √5; проверяющий поставил +"
W024,7.1,1,,,,,Первая запись условия зачёркнута; проверяющий поставил +
W024,7.4,0,,,,"Вычислительная ошибка: x₂ = (−2 + 8)/2 = 6/2 = 3, у ученика 7/2 = 3,5; ответ −5; 3,5 вместо −5; 3","Проверяющий исправил 7 на 6 и 3,5 на 3"
W024,8.1,1,,,,,"Описка x₁ = (7+1)/6 = 8/3 (похоже, должно 8/6), далее 4/3 верно; ответ (4/3; 0), (1; −1); проверяющий поставил +"
W024,8.11,0,,,,"Ошибка при нахождении y: 4·1² − y = 2 ⇒ y = 2, у ученика −y = 2·(−4) = −8, y = 8; ответ (1; 8), (−1; 8) вместо (1; 2), (−1; 2)","Проверяющий: «почему умножение?», исправил 8 на 2 в ответе; у ученика подписано «11)», система 2x² + y = 4, 4x² − y = 2 (№11)"
W024,9.1,,,,,,Переписано условие и зачёркнуто
W025,4.4,0,,,,"Неверное разложение: (x−2)(x+1)² − 4(x+1) = (x+1)((x−2)(x+1) − 4) ⇒ x² − x − 6 = 0, у ученика (2x − 5)(x + 1) = 0; ответ 2,5; −1 вместо −1; −2; 3",Нумерация: задание.номер по листу условия (Задания 4–10). Проверяющий зачеркнул строку и написал «(x+1)((x−2)(x+1)−4) так правильно»
W025,5.3,0,,,,"Вычислительная ошибка: x₂ = (2 − 4)/6 = −1/3, у ученика 0,5; ответ 1; 0,5 вместо 1; −1/3","Проверяющий исправил 0,5 на −1/3"
W025,5.11,1,,,,,Проверяющий поставил +
W025,8.11,1,,,,,"Ответ записан как x = 1; x = −1; y = 2, а не парами (1; 2), (−1; 2); проверяющий: «+, но надо записывать (−1;2) и (1;2)»; у ученика «№8(11)»"
W025,9.1,0,,,,"Потерян корень: 3y² = 27 ⇒ y = ±3, у ученика только y = 3; верный ответ (2; 3), (2; −3)","Проверяющий исправил 3 на ±3; описка 4 − 31 = 3y² (знак), далее 3y² = 27 верно"
W026,4.4,0,,,,"Потерян −4: (x−2)(x+1) − 4 = 0 ⇒ x² − x − 6 = 0, у ученика x² − x − 2 = 0; ответ −1; −1; 2 вместо −1; −2; 3","Нумерация: задание.номер по листу условия (Задания 4–10). Проверяющий обвёл −4 со стрелкой, зачеркнул повтор −1 в ответе"
W026,4.5,0,,,,"Потерян −5: (x−1)(x+3) − 5 = 0 ⇒ x² + 2x − 8 = 0, у ученика x² + 2x − 3 = 0 (корни 1; −3); ответ −3; 1 вместо −4; −3; 2","Проверяющий обвёл −5 со стрелкой, зачеркнул корни и ответ"
W026,4.13,1,,,,,Проверяющий поставил +
W026,4.14,1,,,,,"Описка (x − 49)² и x − 49 = 0 вместо x² − 49, но корни ±7 верные; «7» в ответе похожа на 4; проверяющий поставил +"
W026,5.3,1,,,,,Первая попытка с D зачёркнута; проверяющий поставил +
W026,5.5,1,,,,,"Описка x₂ = −4/20 = 1/5 (минус потерян в записи), в ответе −1/5 верно; проверяющий поставил +"
W026,5.11,1,,,,,"Описка −3(x−3) = −3x + 6 (должно +9), свободный член затем исправлен на −26, ответ 2; 3,25 верный; проверяющий поставил +"
W026,5.13,1,,,,,Проверяющий поставил +
W026,6.2,1,,,,,Проверяющий поставил +
W026,6.4,1,,,,,Проверяющий поставил +
W026,6.6,1,,,,,Проверяющий поставил +
W026,7.1,1,,,,,Описка: «D > 0 — нет корней» вместо D < 0; проверяющий поставил +
W026,7.4,1,,,,,Проверяющий поставил +
W026,8.1,,,,,,"Начато, не доведено: переписана только система; нет отметки проверяющего"
W027,2,0,,,,"Вычислительная ошибка при приведении подобных: 1/x + 7/x = 8/x, т.е. x³ + x² − 10x + 8 ≥ 0 (корни 1, 2, −4), у ученика x³ + x² − 10x − 6. Верный ответ [2; +∞), у ученика [3; +∞)",Проверяющий исправил на +8/x; задания 1 в работе нет
W027,3,0,,,,"Ошибка в знаке: x²−6x+9 − (x²+3x) = −9x + 9, у ученика −3x + 9 (−x²+3x вместо −x²−3x). Верный ответ (−∞; −3) ∪ [0; 1]","Проверяющий: «меняем знак», «и здесь тоже»"
W027,3,0,,,,"Не учтено ОДЗ x(x+3) ≥ 0: в ответ попал промежуток (−2; 0), где √(x²+3x) не определён","ответ читается как «(−∞; 3) ∪ (2; 3]», вероятно (−∞; −3) ∪ (−2; 3] с пропущенными минусами"
W027,4,0,,,,Знак неравенства ≤ без причины заменён на ≥; получен ответ к противоположному неравенству (−∞; −11) ∪ [−5; −3] ∪ (1; +∞). Верный ответ (−11; −5] ∪ [−3; 1),Проверяющий обвёл знаки ≤/≥ в нескольких строках
W027,5,0,,,,Знак неравенства ≤ заменён на ≥ без причины (после перехода к рационализации записано (7x²−6x)/x ≥ 0),Проверяющий отдельно не отмечал
W027,5,0,,,,"Сокращение на x без учёта знака знаменателя вместо метода интервалов: (7x−6)·x/x ≤ 0 ⟺ x ≤ 6/7, x ≠ 0. Верный ответ (−∞; 0) ∪ (0; 6/7], у ученика [6/7; +∞)","Проверяющий обвёл x в знаменателе: «а знаменатель?», «по методу интервалов!!»"
W027,6,,,,,,"Начато, не доведено (записано условие и 2^√x − 2 > 0 при x > 1)"
W027,7,0,,,,"Потерян знак при разложении: −(4x−x²−3)(x−2)² ≥ 0 ⟺ (x−1)(x−3)(x−2)² ≥ 0, у ученика ≤ 0 и x ∈ [1; 3]. Верный ответ (−∞; 1] ∪ {2} ∪ [3; +∞), у ученика R",Проверяющий обвёл минус
W027,7,0,,,,"Добавлено необоснованное условие 3^(4x−x²−3) − 1 > 0 и множества объединены, отсюда ответ R","Проверяющий: «откуда? Поясни», про основание 1/2 < 1 — «f(x) убывающая»"
W028,109,1,,,,,"Номера по сборнику «Задачник ОГЭ 2026 (тренажер)», задание 21 (task_2), блок 1. Ответ 78 кг, проверяющий поставил +"
W028,112,0,,,,"Неверная доля сухого вещества в высушенных фруктах: взято 0,78 вместо 0,75 (вода 25%). Верно: 45·0,75 = 33,75; 33,75 : 0,25 = 135 кг, у ученика 140,4","Проверяющий зачеркнул 140,4 и написал 135"
W028,114,1,,,,,"Ответ 288 кг, проверяющий поставил +"
W028,117,0,,,,"Перепутаны доли: 396·0,77 и деление на 0,14. Верно: сухого вещества 396·0,14 = 55,44 кг; 55,44 : 0,77 = 72 кг, у ученика 2178",Проверяющий зачеркнул ответ и написал 72
W028,120,,,,,,"Начато, не доведено: 350·0,7 = 245 (неверный подход, верно 350·0,12 : 0,7 = 60), ответа нет; нет отметки проверяющего"
W028,121,1,,,,,"Ответ 13, проверяющий поставил +"
W028,124,0,,,,"Ошибки в преобразованиях: уравнение записано как 60/(x+10) − 60/x = 3 (знак), 20(x+10) записано как 2(x+10), D = 64 − 80 посчитано как 144; x = 10 получено случайно. Верно: 60/x − 60/(x+10) = 3, x² + 10x − 200 = 0, x = 10","В ответ выписана скорость второго рабочего (10 вместо 20) — по правилам это не ошибка, отдельной строкой не считается. Исправлено: при смене правил строка с реальными ошибками по ошибке стала 1"
W028,126,0,,,,"Корни найдены с ошибкой: для −x² − 6x + 280 = 0 деление на 2 вместо 2a = −2, получено x = 20 вместо x = 14 (скорость второго); затем не прибавлено 6. Две ошибки компенсировались, ответ 20 совпал с верным (14 + 6 = 20)",Проверяющий поставил +
W028,127,1,,,,,"Не ошибка по правилам (рассуждения верны, неверно выписан ответ / не сделан последний шаг): Описка в ответе: в решении x = 13, в ответ записано 23 (√D = 23). Также в строке «130x − 130(x−3) = 3x² − 3x» справа должно быть 3x² − 9x (далее уравнение x² − 3x − 130 = 0 верное); проверяющий исправил первую цифру ответа красной «1» и поставил +; под ней видна синяя 2"
W028,129,1,,,,,"Ответ 26, проверяющий поставил +"
W028,132,0,,,,"Для −x² − 6x + 280 = 0 деление на 2 вместо 2a = −2: получено x = 20 вместо 14. Ответ 20 (скорость второй трубы), верно 14",Проверяющий дописал «− 6 = 14»; несколько зачёркнутых попыток
W029,97,1,,,,,"Номера по сборнику «Задачник ОГЭ 2026 (тренажер)», задание 21 (task_2); у ученика номер подписан неразборчиво («№9…»), по числам (10 кг, 16 кг, 55%, 61%) это №97. Ответ 87%, проверяющий поставил +"
W029,121,1,,,,,"Ответ 13 деталей, проверяющий поставил +"
W029,127,1,,,,,"Ответ 13 л/мин, проверяющий поставил +"
W030,97,1,,,,,"Номера по сборнику «Задачник ОГЭ 2026 (тренажер)», задание 21 (task_2); номер у ученика неразборчив, по числам это №97. Ответ 87%, проверяющий поставил +"
W030,109,1,,,,,"Ответ 78 кг, проверяющий поставил +. После «x = 1716 : 22 = 78» есть лишняя строка «x = 79» (описка), в ответе 78"
W031,Б1-1,1,,,,,"Нумерация: Б1 — блок 1 (ФИПИ), Б2 — блок 2 (расширенная версия) раздела «15. Треугольники». Проверяющий поставил +"
W031,Б1-2,1,,,,,Проверяющий поставил +
W031,Б1-3,1,,,,,Проверяющий поставил +
W031,Б1-4,1,,,,,Проверяющий поставил +
W031,Б1-5,1,,,,,Проверяющий поставил +
W031,Б1-6,1,,,,,Проверяющий поставил +
W031,Б1-7,1,,,,,Проверяющий поставил +
W031,Б1-8,1,,,,,Проверяющий поставил +
W031,Б1-9,1,,,,,Проверяющий поставил +
W031,Б1-10,1,,,,,Проверяющий поставил +
W031,Б1-11,1,,,,,Проверяющий поставил +
W031,Б1-12,1,,,,,Проверяющий поставил +
W031,Б1-13,1,,,,,Проверяющий поставил +
W031,Б1-16,0,,,,"Ответ не на вопрос: найдена гипотенуза AB = 41, а радиус описанной окружности R = AB/2 = 20,5",Проверяющий дописал «:2»
W031,Б1-17,1,,,,,Проверяющий поставил +
W031,Б1-18,1,,,,,Проверяющий поставил +
W031,Б1-19,0,,,,"tgB = AC/BC = 22/11 = 2, у ученика перевёрнуто: 11/22 = 0,5","Проверяющий обвёл дробь и исправил 0,5 на 2"
W031,Б1-20,1,,,,,Только sinB = 5/8 и ответ 20 без выкладок; проверяющий поставил +
W031,Б1-21,1,,,,,Проверяющий поставил +
W031,Б1-22,1,,,,,Ответ 28 без выкладок; проверяющий поставил +
W031,Б2-1а,0,,,,"Неверный ответ: по рисунку 2α + 66° = 180°, α = 57°; у ученика 114 : 3 = 38",(180 − 66) : 3 = 38; проверяющий поставил +; Проверяющий поставил +. Исправлено после повторной разметки и сверки с ключом
W031,Б2-1б,1,,,,,(180 − 110) : 2 = 35; проверяющий поставил +
W031,Б2-2,1,,,,,Самоисправление 63 → 58; проверяющий поставил +
W031,Б2-3,1,,,,,Проверяющий поставил +
W031,Б2-26,0,,,,"Медианы делятся точкой пересечения 2:1 от вершины: AO = 2/3·36 = 24, у ученика AO = AN : 2 = 18",Проверяющий исправил 18 на 24
W031,Б2-27,1,,,,,Проверяющий поставил +
W032,Б1-1,1,,,,,"Нумерация: Б1 — блок 1 (ФИПИ), Б2 — блок 2 (расширенная версия) раздела «15. Треугольники». Проверяющий поставил +"
W032,Б1-2,1,,,,,Проверяющий поставил +
W032,Б1-3,1,,,,,Проверяющий поставил +
W032,Б1-4,1,,,,,Проверяющий поставил +
W032,Б1-5,1,,,,,Проверяющий поставил +
W032,Б1-6,1,,,,,Проверяющий поставил +
W032,Б1-7,1,,,,,Проверяющий поставил +
W032,Б1-8,1,,,,,Проверяющий поставил +
W032,Б1-9,1,,,,,Проверяющий поставил +
W032,Б1-10,1,,,,,Проверяющий поставил +
W032,Б1-11,1,,,,,"38/19 = 40/MN, MN = 20 (ответ обведён у края листа, «Ответ: 20» на след. странице); проверяющий поставил +"
W032,Б1-12,1,,,,,Проверяющий поставил +
W032,Б1-13,1,,,,,После №13 полностью зачёркнутый фрагмент (номер не определить) — не размечен; проверяющий поставил +
W032,Б1-16,1,,,,,"R = AB/2 = 41/2 = 20,5; проверяющий поставил +"
W032,Б1-17,1,,,,,Проверяющий поставил +
W032,Б1-18,1,,,,,Проверяющий поставил +
W032,Б1-19,1,,,,,Проверяющий поставил +
W032,Б1-20,1,,,,,Проверяющий поставил +
W032,Б1-21,1,,,,,Проверяющий поставил +
W032,Б1-22,1,,,,,Проверяющий поставил +
W032,Б2-1а,0,,,,"Неверный ответ: по рисунку 2α + 66° = 180°, α = 57°; у ученика (180 − 66) : 3 = 38",Проверяющий поставил +. Исправлено после аудита по ключу
W032,Б2-1б,1,,,,,Проверяющий поставил +
W032,Б2-2,1,,,,,Проверяющий поставил +
W032,Б2-3,1,,,,,Проверяющий поставил +
W032,Б2-4,1,,,,,"AB = AM = 7, AC = 14; проверяющий поставил +"
W032,Б2-5,1,,,,,"MH = HC = 2,5, AH = 10 − 2,5 = 7,5; проверяющий поставил +"
W032,Б2-6,1,,,,,"MH = HC = 34 ⇒ △BMC равнобедренный, ∠AMB = 180 − 49 = 131; проверяющий поставил +"
W032,Б2-7,1,,,,,180 − 29 − 39 = 112; проверяющий поставил +
W032,Б2-8,1,,,,,"25,5 + 38,5 = 64, ∠NAM = 116; проверяющий поставил +"
W032,Б2-9,,,,,,"Начато, не доведено: только ∠ALB = 180 − 146 = 34, отделено чертой; нет отметки проверяющего"
W033,1,1,,,,,"Ответ [−2,3; log₅6) ∪ [2,5; +∞) верный; основная часть решения зачёркнута самим учеником, переходы не обоснованы (найдены только нули и расставлены знаки). Проверяющий: «Как к этому пришли?», 0б — 0б за необоснованность, ошибки в выкладках нет"
W033,2,1,,,,,"Первая попытка на стр. 1 не доведена (проверяющий: «Анализ всегда ≥ 0», 0б); повторное решение на стр. 3, ответ [−9; 1 + log₉2) верный, проверяющий 2б, «Поясни, что √(x+9) > 0 и это не влияет на знак», «Пиши разборчиво!»"
W033,3,1,,,,,"Ответ [1/⁵√5; 25] верный; проверяющий: «Подробнее!», 2б"
W033,4,,,,,,"Начато, не доведено (верный ответ [−1/2; 0) ∪ (0; 1]); проверяющий обвёл 3^(−2/x), 0б"
W033,5,,,,,,"Начато, не доведено: неравносильный переход (потерян множитель x³/4, «не должно быть лишних множителей, всё в логарифм переносим»), последняя строка зачёркнута, ответа нет; верный ответ (−∞; 1,2]"
W033,6,,,,,,"Начато, не доведено"
W034,1,,,,,,"Начато, не доведено (остановился на log₂x² < −3): ошибка — log₂²(x⁴) = 4log₂²(x²), у ученика 2log₂²(x²); проверяющий: «т.к. log₂ в квадрате, то 2 тоже входит в квадрат», 0б. Верный ответ (−∞; −2^(3/4)] ∪ [−1/2; 0) ∪ (0; 1/2] ∪ [2^(3/4); +∞)"
W034,2,1,,,,,"Ответ (−∞; −1] ∪ [2; +∞) верный; переход от −1 ≤ −2/x ≤ 2 к x не расписан. Проверяющий: «Обосновывать смену знака», «А дальше?», «Эту часть нужно расписать, не понятно как пришли к ответу», «ОДЗ x ≠ 0», 0б — 0б за необоснованность, ошибки нет"
W034,3,1,,,,,"Ответ (1,5; log₂3) ∪ [11/6; 4,5] верный; проверяющий: «+ Прописать, что это рационализация», 2б, «Молодец!»"
W035,7.5,1,,,,,"Нумерация: «Задание N, пункт k» → N.k. Проверяющий поставил +"
W035,7.6,1,,,,,Ответ −4; 1; проверяющий поставил +
W035,7.7,1,,,,,Ответ −4; 2; проверяющий поставил +
W035,8.8,0,,,,"Ошибка в знаке: из 8x − 10 = y записано y = 10 − 8x; получено 4x² + 3x − 10 = 0, x = −2; 1,25. Верно 4x² − 13x + 10 = 0, x = 2; 1,25","Проверяющий обвёл 8x − 10 = y и 10 − 8x, написал y = 8x − 10 и «?»"
W035,8.8,0,,,,"Ответ без значений y (записано «−2; 1,25»); верный ответ (2; 6), (1,25; 0)",
W035,8.12,0,,,,"При x = −1 подставлено −5x вместо −5x²: y = 12 + 5 = 17; верно y = 12 − 5·1 = 7. Ответ (1; 7), (−1; 17) неверен, верно (±1; 7)","Проверяющий: «там x² = 1 и всё, то есть y = 7 всегда»"
W035,9.4,1,,,,,"Первая попытка (markup_2): найден только x = 3, без y; переделано на markup_6 — ответ (3; 4), (3; −4), проверяющий поставил +"
W035,9.8,0,,,,"Не найдены значения y: в ответе только x = 3; верный ответ (3; 3), (3; −3)",Проверяющий поставил + с комментарием «но ещё y надо найти»
W035,9.12,1,,,,,"Ответ (3; 7), (4; 5) исключено по ОДЗ; проверяющий поставил +. Вверху markup_6 — ещё одна концовка того же решения с ответом (3; 7)"
W036,3,1,,,,,
W036,4,1,,,,,
W036,5,1,,,,,
W036,6,1,,,,,
W036,7,1,,,,,
W036,8,1,,,,,
W036,9,1,,,,,
W036,10,1,,,,,
W036,11,1,,,,,
W036,12,1,,,,,
W036,13,1,,,,,
W036,14,1,,,,,
W036,15,1,,,,,
W036,16,1,,,,,
W036,17,1,,,,,
W036,18,1,,,,,
W036,19,1,,,,,
W036,20,1,,,,,
W036,21,0,,,,"Неверное утверждение ∠ABD = ∠BAD = 45° (∠BAD — острый угол треугольника, он не равен 45°)","Проверяющий: «почему BAD = 45?»; в ответ выписан данный угол 14°, хотя нужный 31° найден — по правилам не ошибка"
W036,22,0,,,,"Неверное утверждение ∠ABD = ∠BAD = 45° в решении (как в №21, 23, 24); на ответ не влияет",Ответ 11 верный; проверяющий поставил +
W036,23,0,,,,Неверное утверждение ∠ABD = ∠BAD = 45° (острый угол ∠BAx не равен 45°); на ответ не влияет,"В ответ выписан данный угол, хотя нужный найден в первой строке (записан данный угол 9°, верно 45° − 9° = 36°) — по правилам это не ошибка; Проверяющий исправил на 36 и отметил «неправда» у ∠ABD = ∠BAD = 45°"
W036,24,0,,,,Неверное утверждение ∠ABD = ∠BAD = 45° (острый угол ∠BAx не равен 45°); на ответ не влияет,"В ответ выписан данный угол, хотя нужный найден в первой строке (записан данный угол 23°, верно 45° − 23° = 22°) — по правилам это не ошибка; Проверяющий исправил на 22; «нет :)» у ∠ABD = ∠BAD = 45°"
W036,25,0,,,,Неверное утверждение ∠ABE = ∠BAE = 45° (острый угол ∠BAx не равен 45°); на ответ не влияет,"В ответ выписан данный угол, хотя нужный найден в первой строке (записан данный угол 12° между биссектрисой и медианой; меньший угол 45° − 12° = 33° (ученик сам получил 33 в первой строке)) — по правилам это не ошибка; Проверяющий: «неверно» у ∠ABE = ∠BAE"
W036,26,0,,,,Неверное утверждение ∠ABE = ∠BAE = 45° (острый угол ∠BAx не равен 45°); на ответ не влияет,"В ответ выписан данный угол, хотя нужный найден в первой строке (записан данный угол 19°; верно 45° − 19° = 26°) — по правилам это не ошибка; Проверяющий зачеркнул ответ и написал число (читается как 25/26); ∠ABE = ∠BAE перечёркнуто"
W036,27,0,,,,Неверное утверждение ∠ABE = ∠BAE = 45° (острый угол ∠BAx не равен 45°); на ответ не влияет,"В ответ выписан данный угол, хотя нужный найден в первой строке (записан данный угол 14°; верно 45° − 14° = 31°) — по правилам это не ошибка; Проверяющий перечеркнул ∠ABE = ∠BAE"
W036,28,0,,,,Неверное утверждение ∠ABE = ∠BAE = 45° (острый угол ∠BAx не равен 45°); на ответ не влияет,"В ответ выписан данный угол, хотя нужный найден в первой строке (записан данный угол 18°; верно 45° − 18° = 27°) — по правилам это не ошибка; Проверяющий исправил на 27"
W036,29,1,,,,,Страница с №29–30 сфотографирована дважды (solution_1 и solution_13)
W036,30,1,,,,,
W036,31,1,,,,,
W036,32,1,,,,,
W036,33,1,,,,,
W036,34,1,,,,,
W036,35,1,,,,,
W036,36,0,,,,"Вычислительная ошибка: при ∠C = 105°, ∠CAD = 7° угол A = 14°, ∠B = 180 − 14 − 105 = 61°, а не 63° (подставлено не то значение ∠C)","Проверяющий исправил: 14, 105 ⇒ 61"
W036,38,1,,,,,
W037,575,1,,,,,Отрезки 18 и 32 мм; проверяющий поставил +
W037,576,1,,,,,Гипотенуза 61 см; проверяющий поставил +. Начало решения на фото не видно
W037,577,1,,,,,Отрезки 25/13 и 144/13 см; проверяющий поставил +. Подписано «№547» (описка в номере)
W037,579,1,,,,,"A₁C₁ = 3,15 м; проверяющий поставил +"
W037,580,1,,,,,"Высота 6,936 м; проверяющий поставил +. обведённый ответ читается как 6,9836 или 6,936 (в столбике 6,936)"
W037,581,0,,,,"Неверная пропорция: вместо AD = 120 см = 1,2 м взято 0,12, отношение 4,8 : 0,12 = 40 вместо 4,8 : 1,2 = 4; ответ 66 м",Проверяющий: «немного непонятно…»
W037,581,0,,,,"Взята высота AC = 165 см вместо AB = AC − BC = 153 см (луч попадает в глаз B). Верно FE = 1,53 · 4 = 6,12 м",
W038,575,1,,,,,Отрезки 18 и 32 мм; проверяющий поставил +
W038,576,,,,,,"Начато, не доведено (дошёл до c = x + x + 11); нет отметки проверяющего"
W038,577,0,,,,"Ответ округлён: h ≈ 4,6, b_c ≈ 2, a_c = 11; точные отрезки 25/13 и 144/13 см (≈1,92 и 11,08)",Проверяющий зачеркнул ответ «2 см; 11 см»
W038,579,0,,,,"Округление коэффициента: k = 6,3/3,4 ≈ 1,8, A₁C₁ ≈ 3 м; верно 1,7 · 6,3 / 3,4 = 3,15 м",Проверяющий поставил ✗
W038,580,0,,,,"Округление коэффициента: k = 10,2/2,5 ≈ 4,1 (точно 4,08), ответ ≈ 7 м; верно 1,7 · 4,08 = 6,936 м",Проверяющий поставил ✗
W038,581,0,,,,"Взята высота AC = 1,65 м вместо AB = AC − BC = 1,53 м (глаз в точке B): FE = 1,65 · 4 = 6,6; верно 1,53 · 4 = 6,12 м","Проверяющий зачеркнул 6,6 и написал 6,12"
W039,Б1-1.1,1,,,,,"Схема номеров: Б<блок>-<задание>.<пункт> (условие: 18. Фигуры на квадратной решётке; Блок 1 ФИПИ, Блок 2 Расширенная версия; в каждом задании пункты 1)–9)). Запись «17 №5 5·6=30» вверху markup_1 к этой работе не относится — не размечена"
W039,Б1-1.2,1,,,,,
W039,Б1-1.3,1,,,,,
W039,Б1-1.4,1,,,,,
W039,Б1-1.5,1,,,,,
W039,Б1-1.6,1,,,,,
W039,Б1-2.1,1,,,,,
W039,Б1-2.2,1,,,,,
W039,Б1-2.3,1,,,,,
W039,Б1-2.4,1,,,,,
W039,Б1-2.5,1,,,,,
W039,Б1-2.6,1,,,,,
W039,Б1-3.1,1,,,,,"Не ошибка по правилам (рассуждения верны, неверно выписан ответ / не сделан последний шаг): Ответ не на вопрос: AM:CM = 1:4, AM короче CM в 4 раза; ученик записал отношение 1/4 = 0,25; Проверяющий дописал (4)"
W039,Б1-3.2,1,,,,,
W039,Б1-3.3,0,,,,"Неверное отношение: M делит BC так, что BM:CM = 1:2, ответ 2; у ученика 3/2 = 1,5",Проверяющий исправил на 2
W039,Б1-3.4,1,,,,,
W039,Б1-3.5,1,,,,,
W039,Б1-3.6,1,,,,,
W039,Б1-4.1,1,,,,,
W039,Б1-4.2,1,,,,,
W039,Б1-4.3,1,,,,,
W039,Б1-4.4,1,,,,,
W039,Б1-4.5,1,,,,,
W039,Б1-4.6,1,,,,,
W039,Б1-4.7,1,,,,,
W039,Б1-4.8,1,,,,,
W039,Б1-4.9,1,,,,,
W039,Б1-5.1,1,,,,,
W039,Б1-5.2,1,,,,,
W039,Б1-5.3,1,,,,,
W039,Б1-5.4,1,,,,,
W039,Б1-5.5,1,,,,,"у ученика «½·3·8 = 1», цифру 2 дописал проверяющий (возможно, скрыта чертой)"
W039,Б1-5.6,1,,,,,
W039,Б1-5.7,1,,,,,
W039,Б1-5.8,1,,,,,
W039,Б1-5.9,1,,,,,
W039,Б1-6.1,1,,,,,
W039,Б1-6.2,1,,,,,
W039,Б1-6.3,1,,,,,
W039,Б1-6.4,1,,,,,
W039,Б1-6.5,1,,,,,
W039,Б1-6.6,1,,,,,
W039,Б1-6.7,1,,,,,"(2+10)/2·6 = 36, первая цифра похожа на 5 (56?); проверяющий поставил +"
W039,Б1-6.8,1,,,,,
W039,Б1-6.9,1,,,,,
W039,Б1-7.1,1,,,,,
W039,Б1-7.2,0,,,,"Неверно определены диагонали: d1 = 10, d2 = 4, S = ½·10·4 = 20; у ученика 38",Проверяющий зачеркнул и написал 20
W039,Б1-7.3,1,,,,,
W039,Б1-7.4,1,,,,,
W039,Б1-7.5,1,,,,,
W039,Б1-7.6,1,,,,,
W039,Б1-7.7,1,,,,,
W039,Б1-7.8,1,,,,,
W039,Б1-7.9,1,,,,,
W039,Б1-8.1,1,,,,,
W039,Б1-8.2,1,,,,,
W039,Б1-8.3,1,,,,,
W039,Б1-8.4,1,,,,,
W039,Б1-8.5,1,,,,,
W039,Б1-8.6,1,,,,,
W039,Б1-9.1,1,,,,,
W039,Б1-9.2,1,,,,,
W039,Б1-9.3,1,,,,,
W039,Б1-9.4,1,,,,,
W039,Б1-9.5,1,,,,,
W039,Б1-9.6,1,,,,,
W039,Б1-10.1,1,,,,,
W039,Б1-10.2,1,,,,,
W039,Б1-10.3,1,,,,,
W039,Б1-10.4,0,,,,"Неверный коэффициент подобия: AB на расстоянии 2 от вершины при высоте 6, k = 1/3, AB = 3·1/3 = 1; ученик взял 1/2 и получил 2",Проверяющий исправил на 3 и 1
W039,Б1-10.5,1,,,,,
W039,Б1-10.6,1,,,,,
W039,Б1-10.7,1,,,,,
W039,Б1-10.8,1,,,,,
W039,Б1-10.9,1,,,,,Ответ не дописан: AB = 3/3 = … (итог 1 не записан); проверяющий поставил +.
W039,Б1-11.2,1,,,,,Пункт 1) на фото отсутствует
W039,Б1-11.3,1,,,,,
W039,Б1-11.4,0,,,,"Неверно определено основание: основания 5 и 9, средняя линия (5+9)/2 = 7; у ученика 13/2 = 6,5",Проверяющий исправил на 7
W039,Б1-11.5,1,,,,,
W039,Б1-11.6,1,,,,,
W039,Б1-11.7,1,,,,,
W039,Б1-11.8,1,,,,,
W039,Б1-11.9,1,,,,,
W039,Б1-12.1,1,,,,,Ученик озаглавил «№1»
W039,Б1-12.2,1,,,,,
W039,Б1-12.3,1,,,,,
W039,Б1-12.4,,,,,,"начато «4) S₁…» внизу markup_9, продолжения на фото нет (верный ответ 5)"
W039,Б1-12.5,1,,,,,
W039,Б1-12.6,1,,,,,
W039,Б1-12.7,1,,,,,
W039,Б1-12.8,1,,,,,
W039,Б1-12.9,1,,,,,
W039,Б2-1.1,1,,,,,
W039,Б2-1.2,1,,,,,
W039,Б2-1.3,1,,,,,
W039,Б2-1.4,1,,,,,
W039,Б2-1.5,1,,,,,
W039,Б2-1.6,1,,,,,
W039,Б2-2.1,0,,,,"Неверный ответ: BC — горизонталь, A на 2 клетки ниже, расстояние 2; у ученика 8",Проверяющий исправил на 2
W039,Б2-2.2,1,,,,,
W039,Б2-2.3,1,,,,,
W039,Б2-2.4,1,,,,,
W039,Б2-2.5,1,,,,,
W039,Б2-2.6,1,,,,,
W039,Б2-3.1,1,,,,,
W039,Б2-3.2,1,,,,,
W039,Б2-3.3,1,,,,,
W039,Б2-3.4,1,,,,,
W039,Б2-3.5,,,,,,"Ответ не записан; проверяющий вписал 3,5"
W039,Б2-3.6,1,,,,,
W039,Б2-4.1,1,,,,,
W039,Б2-4.2,1,,,,,
W039,Б2-4.3,1,,,,,
W039,Б2-4.4,1,,,,,
W039,Б2-4.5,1,,,,,
W039,Б2-4.6,1,,,,,
W039,Б2-4.7,1,,,,,
W039,Б2-4.8,1,,,,,
W039,Б2-4.9,1,,,,,
W039,Б2-5.1,0,,,,"Неверный подсчёт площади: 6·6 − 1 − 12 = 23; у ученика 33,5",Проверяющий зачеркнул и написал 23
W039,Б2-5.2,0,,,,"Неверный подсчёт площади: 6·5 − 1 − 12 = 17; у ученика 30 − (12 + 3,16) = 14,84",Проверяющий зачеркнул и написал 17
W039,Б2-5.3,1,,,,,
W039,Б2-5.4,1,,,,,
W039,Б2-5.5,1,,,,,
W039,Б2-5.6,0,,,,"Неверно вычтены треугольники: S = 30 − 2,5 − 2,5 = 25; у ученика 30 − 5,5 = 24,5","Проверяющий зачеркнул и написал 23 — у проверяющего тоже ошибка, верно 25"
W039,Б2-5.7,1,,,,,
W039,Б2-5.8,1,,,,,
W039,Б2-5.9,1,,,,,
W039,Б2-11.1,1,,,,,"Ученик озаглавил «№11 (тангенс)» — Блок 2, задание 11"
W039,Б2-11.2,1,,,,,"Не ошибка по правилам (рассуждения верны, неверно выписан ответ / не сделан последний шаг): Не извлечён корень: tg = √45/√20 = √2,25 = 1,5; у ученика 2,25; Проверяющий исправил на 1,5"
W039,Б2-11.3,1,,,,,
W039,Б2-11.4,1,,,,,
W039,Б2-11.5,1,,,,,"Не ошибка по правилам (рассуждения верны, неверно выписан ответ / не сделан последний шаг): Не извлечён корень: tg = √18/√50 = √0,36 = 0,6; у ученика 0,36; Проверяющий исправил на 0,6"
W039,Б2-11.6,1,,,,,
W040,Б1-1.1,1,,,,,"Схема номеров: Б<блок>-<задание>.<пункт> (условие: 18. Фигуры на квадратной решётке; Блок 1 ФИПИ, Блок 2 Расширенная версия; в каждом задании пункты 1)–9))."
W040,Б1-1.2,1,,,,,
W040,Б1-1.3,1,,,,,
W040,Б1-1.4,1,,,,,
W040,Б1-1.5,1,,,,,
W040,Б1-1.6,1,,,,,"ответ прочитан как 9 (плохо видно, похоже на 3)"
W040,Б1-2.1,1,,,,,
W040,Б1-2.2,1,,,,,
W040,Б1-2.3,1,,,,,
W040,Б1-2.4,1,,,,,
W040,Б1-2.5,1,,,,,
W040,Б1-2.6,1,,,,,
W040,Б1-3.1,1,,,,,
W040,Б1-3.2,1,,,,,
W040,Б1-3.3,,,,,,Ответ не записан (только номер пункта)
W040,Б1-3.4,1,,,,,
W040,Б1-3.5,1,,,,,
W040,Б1-3.6,,,,,,Ответ не записан (только номер пункта)
W040,Б1-4.1,1,,,,,
W040,Б1-4.2,1,,,,,Ученик исправил 21 на 10
W040,Б1-4.3,1,,,,,
W040,Б1-4.4,1,,,,,
W040,Б1-4.5,1,,,,,
W040,Б1-4.6,1,,,,,
W040,Б1-4.7,1,,,,,
W040,Б1-4.8,1,,,,,
W040,Б1-4.9,1,,,,,
W040,Б1-5.1,0,,,,Неверный ответ: S = ½·6·5 = 15; у ученика 25,Проверяющий исправил на 15
W040,Б1-5.2,1,,,,,
W040,Б1-5.3,1,,,,,
W040,Б1-5.4,1,,,,,
W040,Б1-5.5,1,,,,,
W040,Б1-5.6,1,,,,,
W040,Б1-5.7,1,,,,,
W040,Б1-5.8,1,,,,,
W040,Б1-5.9,1,,,,,
W040,Б1-6.1,1,,,,,
W040,Б1-6.2,1,,,,,
W040,Б1-6.3,1,,,,,
W040,Б1-6.4,1,,,,,
W040,Б1-6.5,1,,,,,
W040,Б1-6.6,1,,,,,
W040,Б1-6.7,1,,,,,
W040,Б1-6.8,1,,,,,
W040,Б1-6.9,1,,,,,
W040,Б1-7.1,1,,,,,
W040,Б1-7.2,1,,,,,
W040,Б1-7.3,1,,,,,
W040,Б1-7.4,1,,,,,
W040,Б1-7.5,1,,,,,
W040,Б1-7.6,1,,,,,
W040,Б1-7.7,1,,,,,
W040,Б1-7.8,1,,,,,
W040,Б1-7.9,1,,,,,
W040,Б1-8.1,1,,,,,
W040,Б1-8.2,1,,,,,
W040,Б1-8.3,1,,,,,
W040,Б1-8.4,1,,,,,
W040,Б1-8.5,1,,,,,
W040,Б1-8.6,1,,,,,
W040,Б1-9.1,0,,,,"Неверный ответ: AC = 4, средняя линия 2; у ученика 2,5",Проверяющий перечеркнул всё задание
W040,Б1-9.2,0,,,,"Неверный ответ: AC = 8, средняя линия 4; у ученика 5,5","Проверяющий перечеркнул всё задание; ответ читается как 5,5 (возможно, исправлено)"
W040,Б1-9.3,0,,,,"Неверный ответ: AC = 6, средняя линия 3; у ученика 3,5",Проверяющий перечеркнул всё задание
W040,Б1-9.4,0,,,,"Неверный ответ: AC = 4, средняя линия 2; у ученика 2,5",Проверяющий перечеркнул всё задание
W040,Б1-9.5,0,,,,"Неверный ответ: AC = 10, средняя линия 5; у ученика 7,5",Проверяющий перечеркнул всё задание
W040,Б1-9.6,0,,,,"Неверный ответ: AC = 4, средняя линия 2; у ученика 2,5",Проверяющий перечеркнул всё задание
W040,Б1-10.1,1,,,,,
W040,Б1-10.2,0,,,,"Неверный ответ: основание 5, AB — средняя линия, AB = 2,5; у ученика 3","Проверяющий зачеркнул и написал 2,5"
W040,Б1-10.3,1,,,,,
W040,Б1-10.4,1,,,,,
W040,Б1-10.5,0,,,,"Неверный ответ: AB = 6·3/4 = 4,5","Ответ ученика зачёркнут проверяющим (неразборчив), написано 4,5"
W040,Б1-10.6,0,,,,Неверный ответ: AB = 4·3/4 = 3,"Ответ ученика зачёркнут проверяющим (неразборчив), написано 3"
W040,Б1-10.7,0,,,,Неверный ответ: AB = 4·1/4 = 1; у ученика 2,Проверяющий исправил на 1
W040,Б1-10.8,0,,,,Неверный ответ: AB = 6·5/6 = 5,"Ответ ученика зачёркнут проверяющим (неразборчив), написано 5"
W040,Б1-10.9,0,,,,Неверный ответ: AB = 3·1/3 = 1,"Ответ ученика зачёркнут проверяющим (неразборчив), написано 1"
W040,Б1-11.1,0,,,,"Неверный ответ: основания 1 и 7, средняя линия 4; у ученика 4,5","Проверяющий зачеркнул 4,5 и написал 4; перед 4,5 у ученика зачёркнуто 13,5"
W040,Б1-11.2,1,,,,,Ученик зачеркнул прежний ответ и написал 6
W040,Б1-11.3,1,,,,,
W040,Б1-11.4,1,,,,,
W040,Б1-11.5,1,,,,,
W040,Б1-11.6,1,,,,,
W040,Б1-11.7,1,,,,,
W040,Б1-11.8,1,,,,,
W040,Б1-11.9,1,,,,,
W040,Б1-12.1,0,,,,"Неверный ответ: R = 2, r = 1, ответ 4",Проверяющий перечеркнул всё задание; ответ ученика под зачёркиванием неразборчив
W040,Б1-12.2,0,,,,"Неверный ответ: R = 4, r = 2, ответ 4; у ученика 16",Проверяющий перечеркнул всё задание
W040,Б1-12.3,0,,,,"Неверный ответ: R = 3, r = 2, ответ 2,25; у ученика 10",Проверяющий перечеркнул всё задание
W040,Б1-12.4,0,,,,"Неверный ответ: R² = 5, r² = 1, ответ 5; у ученика 4",Проверяющий перечеркнул всё задание
W040,Б1-12.5,0,,,,"Неверный ответ: R² = 10, r² = 4, ответ 2,5; у ученика 9",Проверяющий перечеркнул всё задание
W040,Б1-12.6,0,,,,"Неверный ответ: R² = 5, r² = 4, ответ 1,25; у ученика 16",Проверяющий перечеркнул всё задание
W040,Б1-12.7,0,,,,"Неверный ответ: R² = 4, r² = 2, ответ 2",Проверяющий перечеркнул всё задание; ответ ученика под зачёркиванием неразборчив
W040,Б1-12.8,0,,,,"Неверный ответ: R² = 9, r² = 5, ответ 1,8; у ученика 9",Проверяющий перечеркнул всё задание
W040,Б1-12.9,0,,,,"Неверный ответ: R² = 16, r² = 5, ответ 3,2; у ученика 16",Проверяющий перечеркнул всё задание
W040,Б2-1.1,1,,,,,
W040,Б2-1.2,1,,,,,
W040,Б2-1.3,1,,,,,Ученик исправил 1 на 3
W040,Б2-1.4,1,,,,,
W040,Б2-1.5,1,,,,,
W040,Б2-1.6,1,,,,,
W040,Б2-2.1,1,,,,,Ученик зачеркнул прежние ответы
W040,Б2-2.2,1,,,,,Ученик зачеркнул прежние ответы
W040,Б2-2.3,1,,,,,Ученик зачеркнул прежние ответы
W040,Б2-2.4,1,,,,,
W040,Б2-2.5,1,,,,,
W040,Б2-2.6,1,,,,,
W040,Б2-3.1,,,,,,Ответ не записан (только номер пункта)
W040,Б2-3.2,,,,,,Ответ не записан (только номер пункта)
W040,Б2-3.3,,,,,,Ответ не записан (только номер пункта)
W040,Б2-3.4,,,,,,Ответ не записан (только номер пункта)
W040,Б2-3.5,,,,,,Ответ не записан (только номер пункта)
W040,Б2-3.6,,,,,,Ответ не записан (только номер пункта)
W040,Б2-4.1,1,,,,,
W040,Б2-4.2,1,,,,,
W040,Б2-4.3,1,,,,,
W040,Б2-4.4,1,,,,,
W040,Б2-4.5,1,,,,,
W040,Б2-4.6,0,,,,Неверный ответ: S = 25 − 3 − 3 − 3 = 16; у ученика 15,Проверяющий поставил +; прочитано как 15
W040,Б2-4.7,1,,,,,"ответ прочитан как 11 (записано слитно, похоже на «u»)"
W040,Б2-4.8,1,,,,,ответ прочитан как 9 (неразборчиво)
W040,Б2-4.9,1,,,,,
W040,Б2-5.1,0,,,,Неверный ответ: S = 36 − 1 − 12 = 23,"Ответ ученика зачёркнут проверяющим (неразборчив), написано 23"
W040,Б2-5.2,1,,,,,
W040,Б2-5.3,1,,,,,
W040,Б2-5.4,1,,,,,
W040,Б2-5.5,1,,,,,
W040,Б2-5.6,0,,,,"Неверный ответ: S = 30 − 2,5 − 2,5 = 25","Ответ ученика зачёркнут проверяющим (неразборчив), написано 23 — у проверяющего тоже ошибка, верно 25"
W040,Б2-5.7,1,,,,,
W040,Б2-5.8,1,,,,,
W040,Б2-5.9,0,,,,Неверный ответ: S = 42 − 16 = 26; у ученика 16,Проверяющий зачеркнул и написал 26; зачёркнутый ответ ученика прочитан как 16
W041,7.5,0,,,,"Вычислительная ошибка: x₂ = 4/2 = 2, у ученика записано другое число (вероятно 4); ответ «−3; 4» вместо −3; 2","Нумерация: «Задание N, пункт k» → N.k. Проверяющий исправил на 2 в x₂ и в ответе. исходная цифра под исправлением неразборчива (4 или 1)"
W041,7.6,1,,,,,Ответ −4; 1; проверяющий поставил +
W041,7.7,1,,,,,Ответ −4; 2; проверяющий поставил +
W041,8.4,0,,,,"Ошибка в формуле корней: взято b вместо −b, x = (−16 ± 6)/10 = −2,2; −1; верно x = (16 ± 6)/10 = 2,2; 1. Ответ (−2,2; −22), (−1; −16) неверен, верно (1; −6), (2,2; 0)",Проверяющий обвёл −b в формуле: «у нас же по формуле −b»
W041,8.8,1,,,,,"Ответ (1,25; 0), (2; 6); проверяющий поставил +. В записи системы 4x² − 5 = y пропущен x (описка)"
W041,8.12,0,,,,"Ошибка в знаке: из 9x² − y = 2 выражено y = 2 − 9x², верно y = 9x² − 2",Проверяющий написал y = 9x² − 2 и грустный смайлик
W041,8.12,0,,,,"Ошибка переноса: из 12 − 5x² = 2 − 9x² получено −9x² + 5x² = 2 − 12 (x² = 2,5), верно 4x² = −10. Ответ (±√2,5; −0,5) неверен, верно (±1; 7)",
W041,9.4,1,,,,,"Ответ (3; 4), (3; −4); проверяющий поставил +"
W041,9.8,1,,,,,"Ответ (3; 3), (3; −3); проверяющий поставил +"
W041,9.12,0,,,,"Ошибка в знаке: y − 5 = 2x + 2y − 18 преобразовано в 2x + y + 13 = 0, верно 2x + y − 13 = 0; дальше при x = 4 из 8 + y + 13 = 0 записано y = 21. Верно: при x = 4 y = 5 (исключено ОДЗ)",Проверяющий исправил знак перед 13. ОДЗ x + y ≠ 9 выписано (проверяющий: «Умничка!!!»)
W041,9.12,0,,,,"Из (y − 7) = 0 подставлено x = 7 вместо y = 7; ответ (4; 21), (7; 27) неверен, верно (3; 7)",Проверяющий обвёл y в «Если y = 7». Концовка решения продублирована вверху markup_1
W042,8.4,0,,,,"Ошибка в формуле корней: знаменатель 5 вместо 2a = 10, x = (16 ± 6)/5 = 2; 4,4; верно x = 2,2; 1. Ответ (2; −1), (4,4; 11) неверен, верно (1; −6), (2,2; 0)","Нумерация: «№N (k)» → N.k (Задание N, пункт k). Проверяющий зачеркнул только (4,4; 11), хотя (2; −1) тоже неверна. красные «+»/«−» в строке 5x² − 11x … 5x … 11 = 0 — неясно, что исправлено; следующая строка 5x² − 16x + 11 = 0 верна"
W042,8.8,1,,,,,"Ответ (2; 6), (1,25; 0); проверяющий поставил +"
W042,8.12,1,,,,,"Ответ (1; 7), (−1; 7); проверяющий поставил +"
W042,9.4,0,,,,"Потерян корень y = −4: из y² = 16 записано y = 4; ответ (3; 4), верно (3; 4), (3; −4)",Проверяющий дописал ± к y = 4
W043,1,1,,,,,
W043,2,1,,,,,
W043,4,0,,,,"Ошибка в вычислении: 180 − 86 = 94, а не 104",Проверяющий исправил: 180 − 86 = 94
W043,6,1,,,,,
W043,8,1,,,,,
W043,9,1,,,,,
W043,10,1,,,,,
W043,12,1,,,,,
W043,13,1,,,,,
W043,14,1,,,,,
W043,16,1,,,,,
W043,17,1,,,,,
W043,18,1,,,,,Ответ исправлен самим учеником (27 → 28)
W043,19,1,,,,,
W043,21,0,,,,Неверное утверждение ∠MCA = ∠A = 85° и ответ 5°; меньший угол равен 45° − 14° = 31°,Проверяющий: «почему?»
W043,22,0,,,,Неверное утверждение ∠A = ∠ACM = 45°; из найденного ∠D = 79° следует ∠A = 90° − 79° = 11°,"Проверяющий: «почему?», дописал ∠A = 90° − ∠D = 11"
W043,23,0,,,,"Ответ записан неверно, верный ответ 36°","Проверяющий исправил первую цифру ответа на 3 — проверь по фото, какое число было у ученика; ход решения верный"
W043,24,0,,,,Неверно переписано число: ∠DBC = 45° − 23° = 22°; дальше ответ 20° вместо 22°,Проверяющий: «неправильно переписал»
W043,25,1,,,,,"Ответ 33 (∠A = ∠ABF, △ABF равнобедренный — медиана к гипотенузе); у проверяющего «???» у этого шага без +, итоговый ответ явно не выписан"
W043,26,1,,,,,
W043,28,1,,,,,
W043,29,1,,,,,
W043,30,0,,,,"Ошибка в вычислении: 90 − 74 = 16, у ученика другое число",Проверяющий исправил на 16
W043,31,0,,,,"Ошибка в вычислении: 90 − 56 = 34, а не 44",Проверяющий исправил на 34
W043,34,,,,,,"Не дорешано: первая попытка зачёркнута, во второй ∠B = 90 − 61 = 29 (перепутан данный угол), ответа нет; проверяющий нарисовал кота"
W044,15-Б1-1,1,,,,,"Схема номеров: <тема>-Б<блок>-<№>[.<пункт>]; условия: task_1 = 15. Треугольники (префикс 15-), task_2 = 18. Фигуры на решётке (18-), task_3 = 17. Четырёхугольники (17-), task_4 = 16. Окружность — в работе не использован. Файл определён по числам в решениях"
W044,15-Б1-2,1,,,,,
W044,15-Б1-3,1,,,,,
W044,15-Б1-4,1,,,,,
W044,15-Б1-5,0,,,,Неверный ответ: угол при основании (180 − 124) : 2 = 28; ученик нашёл 124 : 2 = 62,Проверяющий зачеркнул 62 и написал 28
W044,15-Б1-6,1,,,,,
W044,15-Б1-7,1,,,,,
W044,15-Б1-8,1,,,,,
W044,15-Б1-9,1,,,,,
W044,15-Б1-10,1,,,,,"В записи пропущен множитель ½ (S = 21·22 = 231), на полях 21·22 = 462 — на ответ не влияет"
W044,15-Б1-11,1,,,,,
W044,15-Б1-12,1,,,,,
W044,15-Б1-13,1,,,,,
W044,15-Б1-16,1,,,,,
W044,15-Б1-17,0,,,,"Ошибка в преобразовании дроби: sinB = 9/15 = 3/5 = 0,6; у ученика итог 0,9","Проверяющий подписал знаменатели 3 и 5, + не поставил; итог прочитан как 0,9"
W044,15-Б1-18,1,,,,,
W044,15-Б1-19,1,,,,,
W044,15-Б1-20,0,,,,Неверный ответ: AC = 32·5/8 = 20; у ученика 40,Проверяющий зачеркнул 40 и написал 20
W044,15-Б1-21,0,,,,Неверный ответ: BC = 56·3/7 = 24,Проверяющий исправил последнюю цифру на 4 (в дроби и в ответе); исходная цифра ученика не видна под исправлением
W044,15-Б1-22,0,,,,Неверный ответ: AC = 63·4/9 = 28,Проверяющий вписал 28 в дробь и в ответ; ответ ученика под исправлением неразборчив
W044,15-Б2-1а,0,,,,"Неверный ответ: по рисунку 2α + 66° = 180°, α = 57°; у ученика (180 − 66) : 3 = 38",Проверяющий поставил +. Исправлено после аудита по ключу
W044,15-Б2-1б,1,,,,,
W044,15-Б2-2,1,,,,,
W044,15-Б2-3,1,,,,,
W044,15-Б2-4,,,,,,"Начато, не доведено: только чертёж, ответа нет"
W044,15-Б2-5,1,,,,,
W044,15-Б2-6,1,,,,,ответ прочитан как 131
W044,15-Б2-7,0,,,,Неверный ответ: ∠3 = 180° − 29° − 39° = 112°; у ученика 180 − 39 = 141,Проверяющий зачеркнул и написал 112
W044,15-Б2-8,1,,,,,"Не ошибка по правилам (рассуждения верны, неверно выписан ответ / не сделан последний шаг): Не доведено до ответа: найдены половины углов 38,5° и 25,5°, но ∠NAM = 180 − 38,5 − 25,5 = 116 не вычислен; Проверяющий написал 116"
W044,15-Б2-9,1,,,,,
W044,15-Б2-10,1,,,,,
W044,15-Б2-11,1,,,,,
W044,15-Б2-12,1,,,,,
W044,15-Б2-13,1,,,,,
W044,15-Б2-14,1,,,,,
W044,15-Б2-15,1,,,,,
W044,15-Б2-17,1,,,,,
W044,15-Б2-18,1,,,,,
W044,15-Б2-19,1,,,,,
W044,15-Б2-20,1,,,,,
W044,15-Б2-21,1,,,,,"Не ошибка по правилам (рассуждения верны, неверно выписан ответ / не сделан последний шаг): Ответ не на вопрос: найдена высота h = √(58² − 40²) = 42, а нужна площадь ½·80·42 = 1680; Проверяющий зачеркнул и написал 1680"
W044,15-Б2-22,1,,,,,
W044,15-Б2-25,1,,,,,
W044,15-Б2-26,0,,,,Медианы делятся точкой пересечения 2:1: AO = 2/3·36 = 24; у ученика 36 : 2 = 18,Проверяющий написал 24
W044,15-Б2-27,1,,,,,
W044,18-Б1-1,1,,,,,
W044,18-Б1-2,1,,,,,
W044,18-Б1-3,1,,,,,"Ученик подписал «№5» (как в условии, где у задачи опечатка «5.»)"
W044,18-Б1-4,1,,,,,
W044,18-Б1-5.1,1,,,,,
W044,18-Б1-5.2,1,,,,,
W044,18-Б1-5.3,1,,,,,
W044,18-Б1-5.4,0,,,,"Неверно определена диагональ: диагонали ромба 8 и 6, S = 8·6/2 = 24; ученик взял 4·6/2 = 12",Проверяющий приписал «·2»
W044,18-Б1-6,1,,,,,
W044,18-Б1-7,1,,,,,
W044,18-Б1-8.1,0,,,,"Неверно взято основание: основание треугольника 5, AB — средняя линия, AB = 2,5; у ученика 4·0,5 = 2","Проверяющий зачеркнул и написал 2,5"
W044,18-Б1-8.2,1,,,,,
W044,18-Б1-9,1,,,,,
W044,18-Б1-10,1,,,,,"Ученик подписал номер неразборчиво («№1?»); по числам — круги, №10"
W044,18-Б2-1,1,,,,,
W044,18-Б2-2,1,,,,,
W044,18-Б2-3,,,,,,"Начато, не доведено: только чертёж, ответа нет (верно 2,5)"
W044,18-Б2-4,1,,,,,
W044,18-Б2-5,1,,,,,
W044,18-Б2-6,1,,,,,
W044,18-Б2-7,1,,,,,
W044,18-Б2-8,1,,,,,
W044,18-Б2-9,,,,,,"Начато, не доведено: найдены √125 и √45, ответа нет (верно 0,75)"
W044,17-Б1-1,1,,,,,
W044,17-Б1-2,1,,,,,
W044,17-Б1-3,1,,,,,
W044,17-Б1-4,1,,,,,
W044,17-Б1-5,1,,,,,
W044,17-Б1-6,1,,,,,
W044,17-Б1-7,1,,,,,
W044,17-Б1-8,1,,,,,
W044,17-Б1-9,1,,,,,
W044,17-Б1-11,1,,,,,
W044,17-Б1-12,1,,,,,"Не ошибка по правилам (рассуждения верны, неверно выписан ответ / не сделан последний шаг): Ответ не на вопрос: 180 − 43 − 43 = 94 — тупой угол между диагоналями, острый 180 − 94 = 86; Проверяющий обвёл 43−43 и написал 86"
W044,17-Б1-13,1,,,,,
W044,17-Б1-14,1,,,,,
W044,17-Б1-15,1,,,,,
W044,17-Б1-16,,,,,,Зачёркнуто учеником
W044,17-Б1-17,1,,,,,
W044,17-Б1-18,0,,,,"Не выписан ответ: найдены обе высоты 36/9 = 4 и 36/12 = 3, а в ответ нужна большая — 4","Проверяющий обвёл 4, + не поставил;"
W044,17-Б1-19,1,,,,,
W044,17-Б1-20,1,,,,,
W044,17-Б1-22,0,,,,Диагональ квадрата d = a√2 = 13√2·√2 = 26; ученик разделил на √2 и получил 13,"Нет отметки проверяющего; номер задачи у ученика подправлен («№2?»), итог прочитан как 13"
W044,17-Б1-24,1,,,,,
W044,17-Б2-1,1,,,,,
W044,17-Б2-3,1,,,,,"Не ошибка по правилам (рассуждения верны, неверно выписан ответ / не сделан последний шаг): Ответ не на вопрос: ∠ABC = ∠BCD = 25° + 80° = 105° (найдено верно), но ученик дописал 180 − 105 = 75; Проверяющий обвёл 105 и поставил +; , что итогом у ученика считается 75"
W044,17-Б2-4,1,,,,,"Не ошибка по правилам (рассуждения верны, неверно выписан ответ / не сделан последний шаг): Ответ не на вопрос: ∠ADC = ∠BAD = 20° + 45° = 65°, а ученик в итоге записал 180 − 65 = 115; Проверяющий обвёл 65 и поставил +;"
W044,17-Б2-5,1,,,,,
W044,17-Б2-6,1,,,,,
W044,17-Б2-7,0,,,,"Неверный ответ: ∠A = ∠D = 42° + 26° = 68°, ∠ABD = 180 − 68 − 42 = 70; у ученика 26",Проверяющий зачеркнул и написал 70
W045,15-Б1-1,1,,,,,"Схема номеров: <тема>-Б<блок>-<№>[.<пункт>]; условия: task_1 = 15. Треугольники (префикс 15-), task_2 = 18. Фигуры на решётке (18-), task_3 (17. Четырёхугольники) и task_4 (16. Окружность) в работе не использованы. Файл определён по числам в решениях"
W045,15-Б1-3,1,,,,,
W045,15-Б1-9,1,,,,,
W045,15-Б1-11,1,,,,,
W045,15-Б1-12,1,,,,,
W045,15-Б1-17,1,,,,,
W045,15-Б2-1а,0,,,,"Неверный ответ: по рисунку 2α + 66° = 180°, α = 57°; у ученика (180 − 66) : 3 = 38",Проверяющий поставил +. Исправлено после аудита по ключу
W045,15-Б2-4,1,,,,,
W045,15-Б2-7,1,,,,,
W045,15-Б2-8,1,,,,,Номер у ученика читается как «№3» (или №8); по числам — №8
W045,15-Б2-13,1,,,,,
W045,15-Б2-25,1,,,,,"В записи KM/AC = 2/3 вместо 2/5, но далее AC = 14·5 = 70 — описка, на ответ не влияет;"
W045,15-Б2-46,,,,,,"Записан только номер, решения нет"
W045,18-Б1-1,1,,,,,
W045,18-Б1-2,1,,,,,
W045,18-Б1-3,,,,,,"Зачёркнуто учеником (заголовок «№5» перед зачёркнутым, в условии задача 3 имеет опечатку «5.»)"
W045,18-Б1-5.1,1,,,,,
W045,18-Б1-6,1,,,,,
W045,18-Б1-7,1,,,,,
W045,18-Б1-8.1,1,,,,,
W045,18-Б1-9,1,,,,,
W045,18-Б2-1,1,,,,,
W045,18-Б2-4,1,,,,,
W045,18-Б2-6,1,,,,,
W045,18-Б2-7,1,,,,,
W046,1,1,,,,,"Нумерация — номера 1–60 варианта РЕШУ ОГЭ. Проверяющий поставил +. Вверху markup_1 фрагмент «а) 72/180…, б)…» — не из этого варианта, не размечен"
W046,2,0,,,,"Неверный выбор варианта: a ≈ −0,5, a − 1 ≈ −1,5, 1/a ≈ −2, по убыванию a, a − 1, 1/a — ответ 1, у ученика 2",Проверяющий зачеркнул и написал 1
W046,3,1,,,,,"√52 ≈ 7,2 — точка P; проверяющий поставил +"
W046,4,0,,,,"Неверный выбор: a ≈ −2,3, верно −1 − a > 0 (ответ 2); у ученика 4 (a + 3 = 0,7 > 0, неравенство a + 3 < 0 неверно)",Проверяющий исправил на 2
W046,5,0,,,,"5/9 ≈ 0,56, 11/17 ≈ 0,65 — между ними 0,6 (ответ 4), у ученика 3 (0,5)",Проверяющий исправил на 4
W046,6,1,,,,,Проверяющий поставил +
W046,7,1,,,,,Проверяющий поставил +
W046,8,0,,,,"a ≈ −2,3, b ≈ 0,7: наибольшее −a ≈ 2,3 (ответ 2); у ученика 3","Проверяющий зачеркнул часть ответа и написал 2. ответ ученика читается как «3 2 4» / «3», какие цифры зачёркнуты — неясно"
W046,9,1,,,,,Проверяющий поставил +
W046,10,1,,,,,Проверяющий поставил +
W046,11,1,,,,,Проверяющий поставил +
W046,12,1,,,,,Проверяющий поставил +
W046,13,0,,,,"Ошибка в знаке при подстановке a = 2, b = −1: (−1 − 2)·2 = −6, у ученика 6 > 0; выбран вариант 1, верно 3 ((b − a)b > 0)",Проверяющий исправил на 3
W046,14,1,,,,,Проверяющий поставил +
W046,15,0,,,,"A — самая левая точка, наименьшее число 0,2 (ответ 1); у ученика 3; также 6/7 = 0,25 неверно (≈0,86)",Проверяющий исправил на 1
W046,16,,,,,,"Начато, не доведено: вычислены 45/19 и 52/19, ответа нет; проверяющий написал 3"
W046,17,0,,,,Спрашивается неверное утверждение: y − x < 0 неверно (ответ 1); ученик выбрал 2 (x²y > 0 — верно),Проверяющий исправил на 1
W046,18,1,,,,,Проверяющий поставил +
W046,19,1,,,,,Проверяющий поставил +
W046,20,,,,,,"Начато, не доведено: только деление 90 : 17, ответа нет; проверяющий написал 2"
W046,21,,,,,,"Начато, не доведено: дошёл до 432/576 = …, ответа нет (промежуточно 432/(−24), затем исправлено); проверяющий написал 0,75"
W046,22,1,,,,,Проверяющий поставил +
W046,30,1,,,,,"4⁻¹ = 0,25 — вариант 2; проверяющий поставил +"
W046,39,1,,,,,Проверяющий поставил +
W046,41,1,,,,,Проверяющий поставил +
W046,42,1,,,,,"Ответ 0,88; проверяющий поставил + и обвёл/дописал цифру 8. вторая цифра после запятой неразборчива (8 или 3)"
W046,43,1,,,,,Проверяющий поставил +
W046,44,0,,,,"Вычислительная ошибка: 0,6 · 0,4 · 0,4 = 0,096, у ученика ≈0,16","Проверяющий зачеркнул и написал 0,096. результат ученика неразборчив"
W046,45,1,,,,,Проверяющий поставил +
W046,46,0,,,,"Частота рождения мальчика 0,532 сравнена с вероятностью девочки 0,488 (0,044); вероятность мальчика 1 − 0,488 = 0,512, разница 0,02","Проверяющий зачеркнул 0,044 и написал 0,02"
W046,47,1,,,,,Проверяющий поставил +
W046,48,0,,,,"Вычислительная ошибка: 0,7 · 0,7 · 0,3 = 0,147, у ученика 0,1…7 (другие цифры)","Проверяющий написал 0,147. результат ученика неразборчив"
W046,49,0,,,,"Всего 4 участника жребия: 1/4 = 0,25; у ученика 1/2 = 0,5","Проверяющий зачеркнул и написал 0,25"
W046,50,1,,,,,Проверяющий поставил +
W046,51,1,,,,,Проверяющий поставил +
W046,52,0,,,,"Найдена вероятность для одного фонарика 0,98; для двух 0,98² = 0,9604","Проверяющий зачеркнул и написал 0,9604"
W046,53,1,,,,,Проверяющий поставил +
W046,54,1,,,,,Проверяющий поставил +
W046,55,1,,,,,Проверяющий поставил +
W046,56,1,,,,,Проверяющий поставил +
W046,57,0,,,,"Лишнее действие: искомая вероятность 0,45 + 0,35 = 0,8, ученик дальше записал 1 − 0,8 = 0,2","Проверяющий обвёл 0,8, + нет"
W046,58,1,,,,,Проверяющий поставил +
W046,59,1,,,,,Проверяющий поставил +
W046,60,1,,,,,Проверяющий поставил +
W047,1,1,,,,,
W047,2,1,,,,,
W047,3,1,,,,,
W047,4,0,,,,"Неверно учтена скидка: 17500 · 0,9 = 15750; у ученика 19250 (= 17500 · 1,1, прибавлено 10%)",Проверяющий зачеркнул и написал 15750
W047,5,1,,,,,
W047,6,0,,,,"Вычислительная ошибка: 1/5 − 3/4 = 0,2 − 0,75 = −0,55; у ученика 0,35","Проверяющий зачеркнул и написал −0,55"
W047,7,1,,,,,
W047,8,1,,,,,
W047,9,0,,,,"Потерян знак: x + 5 = −6/5 = −1,2, x = −6,2; у ученика 6,2",Проверяющий поставил +
W047,10,1,,,,,
W047,11,1,,,,,
W047,12,1,,,,,
W047,13,1,,,,,
W047,14,1,,,,,
W047,15,0,,,,Неверный ответ: больший угол равнобедренной трапеции 180 − 66 = 114°; у ученика 89,Проверяющий зачеркнул и написал 114
W047,16,,,,,,"Ответа нет, ученик поставил «?»"
W047,17,1,,,,,
W047,18,1,,,,,
W047,19,1,,,,,
W047,23,1,,,,,Проверяющий: 2б
W047,24,0,,,,"Доказательство неполное: не обосновано, почему ΔABK и ΔDCK равнобедренные (∠BKA = ∠KAD накрест лежащие = ∠BAK), и не сделан вывод BK = AB = CD = CK; перечислены равенства без связи с выводом","Проверяющий написал «неочев.» и поставил ±, 1б"
W048,1,1,,,,,"Ответ «>» верный; оценка 3√7 ≈ 7,8 неточна (≈ 7,94), но вывод 3√7 − 1 < 7 верен. Проверяющий +"
W048,2а,1,,,,,x = 2; проверяющий +
W048,2б,1,,,,,x = 0; 1; проверяющий +
W048,2в,,,,,,"Начато, не доведено; ошибка 3^x·3^(−1) записано как (3/3)^x — проверяющий обвёл. Верный ответ 0; 1"
W048,3,0,,,,"При возведении в квадрат потеряно удвоенное произведение: 25(5^(−x) − 5^x)² = 25(5^(−2x) + 5^(2x) − 2) = b², откуда 5^(−2x) + 5^(2x) = b²/25 + 2; у ученика b²/25",Проверяющий выписал (a−b)² = a² − 2ab + b²
W048,4а,0,,,,"Неверно найден корень: x² + x − 2 = (x−1)(x+2), корни 1 и −2, у ученика 1 и 2","Проверяющий обвёл «−2», написал x = 1, x = −2"
W048,4а,0,,,,"Не изменён знак при основании 0,5 < 1: должно быть (x²+x−2)(3−x) < 0, у ученика > 0. Верный ответ (−2; 1) ∪ (3; +∞), у ученика (−∞; 1) ∪ (2; 3)",Проверяющий отдельно не отмечал
W048,4б,,,,,,"Начато, не доведено: получено t > 0,4, к x не вернулся (верный ответ x < 1); нет отметки проверяющего"
W049,1,1,,,,,
W049,2,1,,,,,
W049,3,1,,,,,
W049,4,1,,,,,
W049,5,1,,,,,В черновике неаккуратно: R² = 2601 = 51
W049,6,0,,,,"Вычислительная ошибка: 0,2 − 0,75 = −0,55; у ученика −0,45",Проверяющий исправил 45 на 55
W049,7,1,,,,,
W049,8,1,,,,,"В бланке 0,08 зачёркнуто, в поле замены ответов 0,02; проверяющий поставил + у замены"
W049,9,1,,,,,
W049,10,1,,,,,
W049,11,1,,,,,
W049,12,0,,,,Вычислительная ошибка: 150 + 11·(15 − 5) = 150 + 110 = 260; у ученика 150 + 165 − 55 = 230,Проверяющий зачеркнул и написал 260. ответ ученика 230 или 280 (неразборчиво)
W049,13,1,,,,,
W049,14,1,,,,,
W049,15,1,,,,,
W049,16,1,,,,,
W049,17,1,,,,,
W049,18,1,,,,,
W049,19,1,,,,,
W049,20,0,,,,"Ошибка в знаке второго корня: x = (−8 + 4)/(−6) = 2/3, у ученика 4/(−6) (т.е. −2/3); верный ответ 2; 2/3","Проверяющий: «тут без минуса, а ещё лучше сократить до 2/3». знак в знаменателе второго корня переправлен (−6/+6), по комментарию проверяющего у ученика был минус"
W050,1,1,,,,,
W050,2,,,,,,"Записан только номер, ответа нет"
W050,3,1,,,,,
W050,4,1,,,,,Ученик исправил цифру в ответе (15750)
W050,5,,,,,,"Записан только номер, ответа нет"
W050,6,1,,,,,
W050,7,1,,,,,
W050,8,1,,,,,
W050,9,1,,,,,
W050,10,1,,,,,
W050,11,0,,,,"Неверное соответствие: А (a>0, c<0) — график 1, Б — 3, В (a>0, c>0) — 2; ответ 132, у ученика 231",Проверяющий зачеркнул и написал 132
W050,12,1,,,,,
W050,13,1,,,,,
W050,14,1,,,,,
W050,15,1,,,,,Запись цепочкой 360 − 132 = 228 : 2 = 114
W050,17,0,,,,"Неверный ответ: сторона квадрата 2·40 = 80, S = 6400; у ученика другое число (вероятно 40)",Проверяющий зачеркнул и написал 6400. зачёркнутый ответ ученика неразборчив
W050,18,1,,,,,
W050,19,1,,,,,Нет отметки проверяющего
W050,20,1,,,,,
W051,1,0,,,,"Ответ 8 неверный: при R=2√5 из R² = a² + (a/2)² получаем a² = 16, S = 16","Проверяющий дописал «·2 = 16». Нумерация — Блок 1. начало решения не попало на фото (видно только S=√8·√8, S=8, ответ 8); номер задачи предположительно 1 (R=2√5, ответ 16) по исправлению проверяющего; если решалась №3 (R=√10), ответ 8 верен"
W051,9,1,,,,,
W051,13,1,,,,,
W051,15,1,,,,,
W051,17,1,,,,,
W051,21,1,,,,,
W051,25,1,,,,,
W051,27,1,,,,,"Нет строки «Ответ», результат ∠NMB = 19 записан"
W051,29,1,,,,,
W051,31,1,,,,,
W051,35,1,,,,,Над задачей зачёркнут заголовок «№33»
W051,39,1,,,,,
W051,43,0,,,,"Радиус вписанной окружности принят за сторону квадрата: a = 2r = 12√2, d = a√2 = 24; у ученика d = √((6√2)²+(6√2)²) = 12",Проверяющий дописал «·2 = 24»
W051,47,1,,,,,
W051,55,,,,,,"Начато, не доведено: записано только «Дано», решения нет; проверяющий нарисовал «=("
W051,67,1,,,,,
W051,69,0,,,,"Неверно переписано условие: в №69 ∠ABC = 70°, ∠CAD = 49° → ∠ABD = 70 − 49 = 21°; ученик взял ∠CAD = 34° (из №70) и получил 36° (для №70: 80 − 34 = 46°)","Проверяющий зачеркнул 70°, написал 80° и исправил ответ на 46 (засчитал как №70). номер у ученика «№69», данные смешаны из №69 и №70"
W051,75,1,,,,,
W051,79,0,,,,"Вычислительная ошибка: AC² = 29² − 21² = 841 − 441 = 400, AC = 20; у ученика x² = 8², ответ 8",Проверяющий исправил на 20² и ответ 20
W051,87,1,,,,,
W051,95,1,,,,,
W051,99,1,,,,,
W051,103,0,,,,"Ошибки в шагах при верном ответе: √(2a²) = 2a неверно (должно a√2), затем √3872 : 2 = √1936 неверно (√968); ошибки компенсировали друг друга, a = 44",Ответ 44 верный; проверяющий поставил +
W051,107,1,,,,,
W051,111,0,,,,"Подставлен неверный радиус: R = 3√3, a = R√3 = 3√3·√3 = 9; у ученика 5√3·√3 = 15","Проверяющий исправил 5 на 3, ответ на 9"
W052,11,0,,,,"Вычислительная ошибка: 90 − 47 = 43, у ученика 53",Нумерация — Блок 1. Проверяющий зачеркнул и написал 43
W052,12,0,,,,"Не доведено / ответ не на вопрос: 71° — угол при основании треугольника ABC (CBA), искомый ∠ABO = 90 − 71 = 19°; также неверная запись цепочкой 180 − 38 = 142 : 2 = 71","Проверяющий написал «надо (180−38)/2» (замечание к записи), ответ не отметил"
W052,13,1,,,,,
W052,14,1,,,,,
W052,16,1,,,,,
W052,17,0,,,,"Неверно найдена дуга: ∪AB = 2·∠ACB = 38°, у ученика 19 : 2 = 9,5; верно ∠AOD = 180 − 38 = 142°, у ученика 170,5","Проверяющий расписал верное решение: ∪AB = 19·2 = 38, ∠AOD = 142"
W052,19,0,,,,"Вычислительная ошибка: 180 − 146 = 34, у ученика 44; ∠ACB = 34 : 2 = 17°, у ученика 22",Проверяющий исправил 44 на 34 и 22 на 17
W052,20,1,,,,,
W052,22,1,,,,,Проверяющий обвёл 24
W052,23,1,,,,,
W052,24,1,,,,,Проверяющий обвёл 65
W052,25,1,,,,,Ученик сам исправил промежуточные записи
W052,26,1,,,,,Описка: дуга обозначена ∪MN вместо ∪NB (180 − 86 = 94)
W052,28,1,,,,,
W052,30,1,,,,,
W052,32,1,,,,,
W052,34,1,,,,,
W052,36,1,,,,,"Не ошибка по правилам (рассуждения верны, неверно выписан ответ / не сделан последний шаг): Ответ не на вопрос: радиус найден верно r = 22 : 2 = 11, но дальше записано S = 121 (площадь не спрашивалась); Ученик исправил 44 на 11; проверяющий обвёл 121 знаком корня (√121 = 11), + не поставил. что считать ответом ученика — r = 11 или S = 121"
W052,38,1,,,,,"Не ошибка по правилам (рассуждения верны, неверно выписан ответ / не сделан последний шаг): Ответ не на вопрос: радиус найден верно r = 62 : 2 = 31, но дальше записано S = 961 (площадь не спрашивалась); Ученик исправил 124 на 31; проверяющий обвёл 961 знаком корня, + не поставил. аналогично №36"
W052,40,1,,,,,Ученик исправил 224 на 324
W052,42,1,,,,,
W052,44,1,,,,,
W052,46,1,,,,,Номер написан поверх другого (46/48)
W052,47,1,,,,,
W052,49,1,,,,,
W052,51,1,,,,,
W052,55,1,,,,,
W052,58,1,,,,,
W052,59,,,,,,Зачёркнуто
W052,62,,,,,,Зачёркнуто
W052,63,1,,,,,Первая попытка зачёркнута
W052,66,1,,,,,"Решено дважды (под заголовками «№66»); в первой записи описка 2·(9√3)·3 вместо ·√3, дальше верно 18·3 = 54. номер первой записи неразборчив (66 или 68)"
W052,68,1,,,,,Первые попытки зачёркнуты; итог 120 − 74 = 46
W052,69,1,,,,,
W052,71,1,,,,,"Не ошибка по правилам (рассуждения верны, неверно выписан ответ / не сделан последний шаг): Не доведено до ответа: записано ∠ABC = 51 + 42, значение 93 не вычислено; Проверяющий дописал «=93» и поставил +. считать ли недописанную сумму ошибкой"
W052,73,1,,,,,
W052,75,1,,,,,
W052,77,1,,,,,
W052,79,1,,,,,Неаккуратная запись AC² = … = √400; первая попытка (сумма квадратов) зачёркнута. Проверяющий обвёл 20
W052,82,1,,,,,
W052,83,1,,,,,"Ученик исправлял промежуточные числа (r = 15, AB = 30)"
W052,85,,,,,,"Начато, не доведено: найдено только AB = 17; проверяющий дописал BC = √(17² − 8²)"
W052,87,1,,,,,
W052,90,1,,,,,
W052,92,0,,,,Неверный последний шаг: в равнобедренной трапеции ∠C = ∠B = 180 − 114 = 66°; ученик записал ∠C = 180 − 66 = 114°,Проверяющий обвёл 66 и поставил + (не учёл итоговую строку ∠C = 114)
W052,94,0,,,,"Неверно найден ∠C: ∠C = ∠B = 180 − 47 = 133°, ученик записал ∠C = 47° (приравнял к ∠A)",Проверяющий поставил +
W052,103,1,,,,,
W052,112,1,,,,,
W053,В1-1а,1,,,,,"Нумерация: В1-/В2- — вариант I/II контрольной (task_2/task_1), 7 и 8 — задачи из task_3.jpg. Проверяющий поставил +"
W053,В1-1б,1,,,,,Проверяющий поставил +
W053,В1-1в,0,,,,"Ошибка деления: −0,2x ≤ −6 ⇒ x ≥ 30, у ученика x ≥ 1,2",Проверяющий написал x ≥ 30
W053,В1-1г,0,,,,"Ошибка: (1/4)x < −3 ⇒ x < −12 (умножить на 4), у ученика x < 0,75",Проверяющий написал x < −12
W053,В1-1д,1,,,,,Проверяющий поставил +
W053,В1-2а,0,,,,"7x ≤ 5 ⇒ x ≤ 5/7, у ученика x ≤ 7/5 = 1,4 (перевёрнута дробь)",Проверяющий поставил +
W053,В1-2б,1,,,,,Проверяющий поставил +; первая попытка а) зачёркнута и переписана
W053,В1-2в,1,,,,,Проверяющий поставил +
W053,В1-3а,1,,,,,Проверяющий поставил +
W053,В1-3б,1,,,,,Проверяющий поставил +
W053,В1-4,0,,,,"Ошибка раскрытия скобок: −4(x − 2) = −4x + 8, у ученика −4x − 8",Проверяющий исправил знак на +
W053,В1-4,0,,,,"Ошибка домножения правой части на общий знаменатель 12: 2·12 = 24, у ученика 12; итог x > 25, верно x > 29",Не отмечено проверяющим
W053,В1-5,1,,,,,Проверяющий поставил +
W053,В2-1а,1,,,,,Проверяющий поставил +
W053,В2-1б,1,,,,,Проверяющий поставил +
W053,В2-1в,0,,,,"Ошибка деления: −0,3x ≤ −9 ⇒ x ≥ 30, у ученика x ≥ 3",Проверяющий дописал 0 (x ≥ 30)
W053,В2-1г,0,,,,"Ошибка: (1/4)x < −5 ⇒ x < −20, у ученика x < 1,25",Проверяющий написал −20
W053,В2-1д,1,,,,,Проверяющий поставил +
W053,В2-2а,1,,,,,Проверяющий поставил +
W053,В2-2б,0,,,,"7x > 40 ⇒ x > 40/7, у ученика x > 7/40 (перевёрнута дробь)",Проверяющий поставил знак вопроса/стрелку
W053,В2-2в,1,,,,,нет отметки проверяющего
W053,В2-3а,1,,,,,Строка «−2x > −9» записана неаккуратно (знак похож на +); нет отметки проверяющего
W053,В2-3б,1,,,,,Проверяющий поставил +
W053,В2-4,0,,,,"Ошибка раскрытия скобок: −2(x − 5) = −2x + 10, у ученика −2x − 10; итог x < 16, верно x < −4",Проверяющий исправил знак на +
W053,В2-5,1,,,,,Проверяющий поставил +
W053,7,0,,,,"−8/(3 − 4x) ≤ 0 ⇔ 3 − 4x > 0 ⇔ x < 3/4; у ученика ответ [3/4; +∞) (неверный знак, к тому же включена точка вне ОДЗ)",нет отметки проверяющего
W053,8,1,,,,,"Проверяющий поставил +. Вверху markup_3 обрывок «Ответ: x∈(2,5;+∞)» — к какой задаче относится, неясно, не размечен"
W054,В1-1а,1,,,,,"Нумерация: В1-/В2- — вариант 1/2 контрольной (task_2/task_1), 7 и 8 — задачи из task_3.jpg. Проверяющий поставил +"
W054,В1-1б,0,,,,"−7x ≥ 49 ⇒ x ≤ −7, ответ (−∞; −7]; у ученика строгое неравенство x < −7 и ответ (−∞; −7) — точка −7 потеряна","запись x < …7 исправлена поверх, минус в ответе, возможно, дописан проверяющим; + нет"
W054,В1-1в,0,,,,"−0,2x ≤ −6 ⇒ x ≥ 30, ответ [30; +∞); у ученика в ответе круглая скобка (30; ∞)","Проверяющий исправил скобку на [ и поставил +. скобка [ жирная — вероятно, исправление проверяющего"
W054,В1-1г,1,,,,,Проверяющий поставил +
W054,В1-1д,0,,,,"x ≤ 0, ответ (−∞; 0]; у ученика в ответе (−∞; 0) — 0 не включён",Проверяющий поставил +
W054,В1-2а,0,,,,"7x ≤ 5 ⇒ x ≤ 5/7 ≈ 0,71; у ученика x ≤ −0,71, ответ (−∞; −0,71] (лишний минус)",Проверяющий написал 5/7
W054,В1-2б,1,,,,,"Описка: −9x < 45 вместо −9x < −45, ответ x > 5 верный; проверяющий поставил +"
W054,В1-2в,0,,,,"Ошибка приведения подобных: 11,6 − 2,9x ≥ 0 (2,4 + 0,5 = 2,9), у ученика 1,9x","Проверяющий исправил на 2,9"
W054,В1-2в,0,,,,"При делении на отрицательное −1,9 получено x < −11,6 : 1,9 ≈ −6,1 — знак числа неверен (−11,6 : (−1,9) > 0), неравенство стало строгим; верный ответ x ≤ 4",Не отмечено проверяющим
W054,В1-3а,0,,,,"Ошибка приведения: 19 − 3x > 7 − x ⇒ 12 − 2x > 0, далее у ученика −4x > −12",Проверяющий поставил +
W054,В1-3а,0,,,,"Ошибка деления: −4x > −12 ⇒ x < 3, у ученика x < −3; верный ответ x < 6",Проверяющий поставил +
W054,В1-3б,0,,,,"Ошибка переноса: 1,5 − 1,9 − 2,8 = −3,2, т.е. −0,8y ≥ 3,2 ⇒ y ≤ −4; у ученика −0,8y ≥ −3,2, ответ y < 4","Проверяющий дописал минус перед 3,2"
W054,В1-4,0,,,,"Неверный знак ответа: x > 29, у ученика x > −29 (минус исправил проверяющий)",Исправлено после аудита: вертикальная черта «+» — маркером проверяющего
W054,В1-5,0,,,,"Решено уравнение вместо неравенства: 7 − 15x ≥ 0 ⇒ x ≤ 7/15; у ученика x = −7/15 ≈ −0,46",Проверяющий исправил на ≥ и написал ≤ 7/15
W054,В2-1а,1,,,,,Проверяющий поставил +
W054,В2-1б,0,,,,"−6x ≥ 36 ⇒ x ≤ −6, ответ (−∞; −6]; у ученика строгое x < −6 и круглая скобка","Проверяющий исправил скобку на ] и поставил +. скобка ] жирная — вероятно, исправление проверяющего"
W054,В2-1в,0,,,,"−0,3x ≤ −9 ⇒ x ≥ 30, ответ [30; +∞); у ученика строгое x > 30 и круглая скобка",Проверяющий дописал черту под знаком (≥) и скобку [
W054,В2-1г,0,,,,"(1/4)x < −5 ⇒ x < −20; у ученика x < 20, ответ (−∞; 20)",Проверяющий поставил +. минус перед 20 не виден
W054,В2-1д,0,,,,"−20x ≥ 0 ⇒ x ≤ 0, ответ (−∞; 0]; у ученика x < 0 и (−∞; 0)",нет отметки проверяющего
W054,В2-2а,0,,,,"11x ≤ 7 ⇒ x ≤ 7/11 ≈ 0,64; у ученика ответ (−∞; −0,64] (лишний минус)",Проверяющий написал x ≤ 7/11
W054,В2-2б,0,,,,"14 − 3x < 4x − 26 ⇒ 40 − 7x < 0 ⇒ x > 40/7; у ученика x < −40, ответ (−∞; −40)",Проверяющий написал −7x
W054,В2-2в,0,,,,"x ≤ 2, ответ (−∞; 2]; у ученика строгое x < 2","Проверяющий исправил скобку на ] и поставил +. скобка ] жирная — вероятно, исправление проверяющего"
W054,В2-4,0,,,,"Ошибка: (x + 4)/6 < 0 ⇒ x + 4 < 0 (0·6 = 0), у ученика x + 4 < 6","Проверяющий обвёл 0 и 6, написал 0·6 = 0. У ученика задача подписана «а)»"
W054,В2-4,0,,,,"Вычислительная ошибка: из x + 4 < 6 следует x < 2, у ученика x < −1,5; верный ответ x < −4",Не отмечено проверяющим
W054,В2-5,0,,,,"Решено уравнение вместо неравенства: 3 − 17x ≥ 0 ⇒ x ≤ 3/17; у ученика x = 0,17","Проверяющий обвёл 0,17 и поставил «?»"
W054,7,0,,,,"−8/(3 − 4x) ≤ 0 ⇔ 3 − 4x > 0 ⇔ x < 3/4 = 0,75; у ученика 3/4 = 1,3, ответ (−∞; 1,3)","нет явной отметки проверяющего (знаки > в строках 3−4x>0, 4x>3 обведены жирно)."
W054,8,0,,,,"7/(10 + 3x) > 0 ⇔ 3x > −10 ⇔ x > −10/3; у ученика x < 3,3, ответ (−∞; 3,3)",Проверяющий зачеркнул и написал x > −10/3
W055,2,1,,,,,Видно только окончание решения (P = 2·3 + 2·22 = 50) вверху markup_1; отметка проверяющего не видна
W055,5,0,,,,"Неверно переписано условие: CK = 18, у ученика KC = 20; BC = 28, P = 2·(10 + 28) = 76, у ученика 80","Проверяющий поставил +. данные ученика совпадают с BK/CK из разных задач (№5: 10 и 18, №6: 11 и 20)"
W055,8,1,,,,,Проверяющий поставил +
W055,10,1,,,,,Проверяющий поставил +
W055,12,1,,,,,Проверяющий поставил +; ответ записан в п. 3–4 без слова «Ответ»
W055,13,1,,,,,Проверяющий поставил +
W055,16,1,,,,,Проверяющий поставил +
W055,19,1,,,,,Проверяющий поставил +
W055,21,1,,,,,Исправлены описки в данных (AC = 12 → 10); проверяющий поставил +
W055,22,1,,,,,Проверяющий поставил +
W055,24,1,,,,,Проверяющий поставил +; высота обозначена CH/AH непоследовательно
W055,26,1,,,,,Проверяющий поставил +
W055,27,1,,,,,Проверяющий поставил +
W055,30,0,,,,"Площадь найдена через гипотенузу: S = ½·AC·CB = ½·35·120 = 2100, у ученика ½·125·120 = 7500; h = 2S/AB = 33,6, у ученика 12","Проверяющий исправил на AC·CB, 35 и ·AB"
W055,32,0,,,,"Вычислительная ошибка: 20·48 = 960, S = 480; у ученика 560/2 = 280; h = 960/52 = 240/13, у ученика 280/26",Проверяющий написал 480
W055,33,1,,,,,Проверяющий поставил +
W055,37,1,,,,,Проверяющий поставил +
W055,38,1,,,,,Проверяющий поставил +
W055,45,1,,,,,"Видно только окончание решения (x = 4(35 − x), MC = 28); проверяющий поставил +. Вверху markup_4 зачёркнутый обрывок «Ответ: 13,44» — к какой задаче, неясно, не размечен"
W056,Б1-1,1,,,,,"Нумерация: Б1 — лист «Признаки равенства треугольников», Б2 — «Признаки параллельности прямых»"
W056,Б1-2,1,,,,,
W056,Б1-3,1,,,,,
W056,Б1-4,1,,,,,
W056,Б1-5,1,,,,,
W056,Б1-6,1,,,,,
W056,Б1-7,1,,,,,
W056,Б1-8,1,,,,,
W056,Б1-9,1,,,,,
W056,Б1-10,1,,,,,
W056,Б1-11,1,,,,,
W056,Б1-12,1,,,,,
W056,Б1-13,0,,,,Найдена не вся пара равных треугольников: есть ещё △ABF = △CBK,Проверяющий поставил + и дописал «и ещё △ABF = △CBK»
W056,Б1-14,0,,,,Найдены не все равные треугольники: есть ещё △FPM = △KNM,Проверяющий поставил + и дописал «и ещё △FPM = △KNM»
W056,Б1-15,1,,,,,
W056,Б1-16,0,,,,"Неверное обоснование: общий элемент — угол A, а не сторона CA","Проверяющий зачеркнул «CA общ.», написал «∠A — общ.», поставил ±; у второй пары △DEC = △BEK тоже ±"
W056,Б1-17,1,,,,,
W056,Б1-18,1,,,,,
W056,Б1-19,1,,,,,
W056,Б2-1,1,,,,,
W056,Б2-2,1,,,,,
W056,Б2-3,1,,,,,
W056,Б2-4,0,,,,Прямая c не обязательно параллельна a и b: ∠9 ≠ 90° по рисунку; верно только a ∥ b,"Проверяющий обвёл c: «необязательно, т.к. ∠9 ≠ 90° по рисунку»"
W056,Б2-5,1,,,,,
W056,Б2-6,1,,,,,
W056,Б2-7,0,,,,"Ответ не на вопрос: доказано равенство треугольников и равенство сторон, а нужно доказать параллельность",Проверяющий: «и параллельны!»
W056,Б2-8,0,,,,"Ответ не на вопрос: доказано равенство треугольников, а нужно найти параллельные прямые",Проверяющий: «но нам нужна параллельность»
W056,Б2-9,0,,,,"Ответ не на вопрос: доказано равенство треугольников, параллельность не выведена",Проверяющий: «и тут»
W056,Б2-10,0,,,,"Ответ не на вопрос: параллельность не доказана; кроме того, «подобен … по 1 признаку равенства» — смешаны подобие и равенство",Проверяющий: «и тут»
W056,Б2-11,1,,,,,
W056,Б2-12,1,,,,,
W056,Б2-13,1,,,,,
W056,Б2-14,1,,,,,
W057,1б,1,,,,,"Нумерация: 1а/1б — функции из task_1.jpg (y = x² + 6x + 5 / y = −2x² − 4x + 4), 2а/2б — из task_2.jpg (y = x² − 4x + 5 / y = −3x² + 21x − 34), Б1-N / Б2-N — блок 1/2 задания N из task_3.pdf. 1а в работе не найдено. Построен график y = −2x² − 4x + 4, вершина (−1; 6), таблица верна; проверяющий поставил +"
W057,2а,1,,,,,"Вершина (2; 1), таблица значений верна, график построен; нет отдельной отметки проверяющего"
W057,2б,0,,,,"Ошибка в вершине: y₀ = −3·3,5² + 21·3,5 − 34 = 2,75, ученик не возвёл 3,5 в квадрат (получил 29); остальные точки таблицы верны","Проверяющий обвёл, написал «забыл квадрат»"
W057,Б1-1,0,,,,"Верный ответ 312 (А: y = x + 2, Б: y = 2x, В: y = 2), у ученика 132","на странице ответов у ученика порядок №1, №2 (слева), №3–5, №7 (справа), №6, №1 (внизу слева); проверяющий, видимо, счёл верхнюю пару блоком 2 и написал 123 / 132, а нижний №1 — Б1-1 (написал 312). Разметка — по порядку ученика, подтверждённому таблицами в черновике"
W057,Б1-2,1,,,,,"Ответ 321 верный; проверяющий зачеркнул и написал 132 (видимо, принял за Б2-2 — )"
W057,Б1-3,1,,,,,Проверяющий поставил +
W057,Б1-4,1,,,,,Проверяющий поставил +
W057,Б1-5,1,,,,,"Ответ ученика 312 верный (А: a<0, c>0; Б: a>0, c<0; В: a<0, c<0); проверяющий зачеркнул и написал 321. цифры ответа под красной штриховкой читаются с трудом, в черновике таблица 3 1 2"
W057,Б1-6,1,,,,,Ответ 321 верный; проверяющий обвёл номер задачи и поставил «?» (номер неразборчив)
W057,Б1-7,1,,,,,Проверяющий поставил +
W057,Б2-1,1,,,,,"В черновике найдена вершина, таблица 1 2 3 — верно (описка x₀ = 2 вместо −2 для 2x² + 8x + 6 не влияет). ответ на странице ответов под красной штриховкой читается как 12…; проверяющий зачеркнул и написал 312 (видимо, принял за Б1-1)"
W058,1,1,,,,,Есть только markup_2: видна концовка решения; ответ (1/8; 1/2) ∪ (8; 32) верный; проверяющий 2б
W058,2,0,,,,"Неверно выбраны промежутки: числитель −t² − 3t − 11 < 0 при всех t, поэтому нужно t(t+4) < 0, т.е. −4 < log₃x < 0, x ∈ (1/81; 1); у ученика (0; 1/81) ∪ (1; +∞)","Проверяющий: «Прописывать почему учитываем только знаменатель», «4 промежутки неверное», 0б"
W058,3,1,,,,,"Ответ (0; 1) ∪ {8} ∪ (64; +∞) верный; в ограничениях ошибочно записано t > 0 (не использовано) — проверяющий: «?», «Здесь пишешь так, а тут даже не учитываешь», 2б. ∪{8} дописано над строкой ответа"
W058,4,,,,,,"Начато, не доведено"
W059,Б1-1,1,,,,,"Нумерация: Б1 — «Признаки равенства треугольников», Б2 — «Признаки параллельности прямых». В №2, 7, 8, 12 плюс проверяющего с завитком — считаю за +"
W059,Б1-2,1,,,,,
W059,Б1-3,1,,,,,
W059,Б1-4,1,,,,,
W059,Б1-5,1,,,,,
W059,Б1-6,1,,,,,
W059,Б1-7,1,,,,,
W059,Б1-8,1,,,,,
W059,Б1-9,1,,,,,
W059,Б1-10,1,,,,,
W059,Б1-11,1,,,,,
W059,Б1-12,1,,,,,
W059,Б1-13,0,,,,Найдена не вся пара равных треугольников (есть ещё △ABF = △CBK),"Проверяющий: «можно ещё одну пару», итоговой отметки нет"
W059,Б1-14,0,,,,Найдены не все пары равных треугольников: есть ещё △FPM = △KNM,Проверяющий поставил + и написал «можно ещё»
W059,Б1-16,1,,,,,
W059,Б1-17,1,,,,,
W059,Б1-18,1,,,,,
W059,Б1-19,1,,,,,
W059,Б2-1,1,,,,,
W059,Б2-2,1,,,,,
W059,Б2-3,1,,,,,
W059,Б2-4,1,,,,,
W059,Б2-5,1,,,,,
W060,1,1,,,,,Проверяющий поставил +
W060,2,1,,,,,"Ответ 2000 = 27000 − (18000 + 7000); фактически дровяная «Огонёк» дороже электрической на 2000 (формулировка задания некорректна), ответ совпадает с эталонным; Проверяющий поставил +; Неточность в условии: по числам разница другого знака, чем в вопросе; ученик записал модуль разности — засчитано"
W060,3,1,,,,,"Проверяющий поставил +; Неточность в условии: по числам разница другого знака, чем в вопросе; ученик записал модуль разности — засчитано"
W060,4,1,,,,,Проверяющий поставил +
W060,6,0,,,,"Неверный ответ: 8,8·0,8/4,4 = 1,6, у ученика 7,6",Проверяющий поставил +. Исправлено после аудита (в увеличении первая цифра — 7; спорно)
W060,7,1,,,,,Проверяющий поставил +
W060,8,1,,,,,"Ответ 0,02 (x·5^(4x−1)·25^(−2x) = x/5); Проверяющий поставил +"
W060,9,1,,,,,Проверяющий поставил +
W060,10,1,,,,,Проверяющий поставил +
W060,12,1,,,,,Проверяющий поставил +
W060,13,1,,,,,Проверяющий поставил +
W060,14,1,,,,,Проверяющий поставил +
W060,17,1,,,,,Проверяющий поставил +
W060,19,1,,,,,Проверяющий поставил +
W060,20,1,,,,,"Проверяющий обвёл точки 11 и 11 + √5, написал «Рисуй точки» (выколотые точки на прямой нарисованы неаккуратно), поставил 2б"
W061,1,1,,,,,"Нумерация: 1–4 — номера ученика для параболы (1: y = x² + 6x + 5, 2: y = −2x² − 4x + 4 из task_1.jpg; 3: y = x² − 4x + 5, 4: y = −3x² + 21x − 34 из task_2.jpg); Б1-N / Б2-N — блок 1/2 задания N из task_3.pdf. Вершина (−3; −4), таблица и график верны; проверяющий поставил +"
W061,2,1,,,,,"Вершина (−1; 6) найдена верно, значения при x = 2, 3 (−12, −26) верны, но таблица заполнена частично и график — грубый набросок; нет отметки проверяющего. достаточно ли построения"
W061,3,1,,,,,"Сначала x₀ = −2 и y₀ = 17 — зачёркнуто, исправлено на x₀ = 2, y₀ = 1; таблица и график верны; проверяющий поставил +"
W061,4,1,,,,,"Вершина (3,5; 2,75), таблица и график верны (первая попытка таблицы зачёркнута); проверяющий поставил +"
W061,Б1-1,1,,,,,Проверяющий поставил +
W061,Б1-2,1,,,,,Проверяющий поставил +
W061,Б1-3,,,,,,Зачёркнуто (ответ замазан)
W061,Б1-4,1,,,,,Проверяющий поставил +
W061,Б1-5,1,,,,,Проверяющий поставил +
W061,Б1-6,1,,,,,Проверяющий поставил +
W061,Б1-7,1,,,,,Проверяющий поставил +
W061,Б2-1,0,,,,"Верный ответ 123 (А: y = 2x² − 8x + 6, Б: y = 2x² + 8x + 6, В: y = −2x² + 8x − 6), у ученика 132",Проверяющий зачеркнул и написал 123
W061,Б2-2,0,,,,"Верный ответ 132 (А: y = 1/(2x), Б: y = 2/x, В: y = −2/x), у ученика 123",Проверяющий зачеркнул и написал 132
W062,Б1-1,1,,,,,Нумерация Б1-N: задачи из Блока 1 (ФИПИ) задачника; во 2-м блоке номера повторяются. Ответ 10 км/ч; проверяющий поставил +
W062,Б1-6,,,,,,"Начато, не доведено: вверху стр.1 другой (чёрной) ручкой без номера, уравнение 112/x + 4 = 112/(x−9) (числа №6), решение оборвано. возможно, не часть работы ученика"
W062,Б1-9,1,,,,,"Ответ 26 км (38t = 98,8; t = 2,6 ч); проверяющий поставил +"
W062,Б1-15,1,,,,,Ответ 80 км/ч; проверяющий поставил +
W062,Б1-45,0,,,,"Вычислительная ошибка в сумме путей: 450+230+120 = 800, средняя скорость 800 : 10 = 80 км/ч; у ученика сумма и ответ неверные","Проверяющий исправил первую цифру на 8 в сумме, в дроби и в ответе (80). исходные цифры ученика под исправлением неразборчивы"
W062,Б1-46,1,,,,,Ответ 55 км/ч; проверяющий поставил +
W062,Б1-69,1,,,,,Ответ 23 км/ч; проверяющий поставил +
W062,Б1-70,1,,,,,"Ответ 15 км/ч; первая попытка с ошибками зачёркнута, затем решено заново; проверяющий поставил +"
W063,Б1-1,1,,,,,Нумерация Б1-N: задачи из Блока 1 (ФИПИ) задачника (во 2-м блоке номера повторяются). Ответ 10 км/ч; проверяющий поставил +
W063,Б1-9,1,,,,,Ответ 26 км; проверяющий поставил +
W063,Б1-86,1,,,,,Ответ 20 км/ч; проверяющий поставил +
W063,Б1-97,1,,,,,Ответ 87 %; проверяющий поставил +
W063,Б1-121,,,,,,"Начато, не доведено (оборвано на D = 64 − …). Кроме того, в составлении взята разность x+8 вместо x+13 деталей, уравнение x²+8x+208=0 без корней; верный ответ 13. Нет отметки проверяющего. номер прочитан как №121 (208 деталей, 8 часов)"
W064,Б1-1,1,,,,,"Нумерация Б1-N: задачи из Блока 1 (ФИПИ) задачника (во 2-м блоке номера повторяются). Номер на странице не виден, определён по числам (60 км, +10, 3 ч). Ответ 10 км/ч; проверяющий поставил +"
W064,Б1-5,1,,,,,"Ответ 16 км/ч (x = 14, x+2 = 16); проверяющий поставил +"
W064,Б1-9,0,,,,"Ошибка в составлении уравнения: остановка 0,6 ч добавлена не к тому участнику — (82−x)/10 + 0,6 = x/28 вместо x/28 + 0,6 = (82−x)/10 (x — путь первого); верно x = 56, ответ 82 − 56 = 26 км, у ученика 5 км","Проверяющий обвёл знак + перед 6/10 и исправил на −, зачеркнул ответ 5 км"
W064,Б1-9,0,,,,"Вычислительная ошибка: из 2464 = 38x деление выполнено как на 32 (2464/32 = 1232/16 = 77), верно 2464/38 ≈ 64,8",Вторая ошибка в той же задаче; проверяющий отдельно не отметил
W064,Б1-15,1,,,,,Ответ 80 км/ч; проверяющий поставил +
W064,Б1-21,1,,,,,Ответ 14 км/ч; первая запись уравнения зачёркнута; проверяющий поставил +
W065,1,0,,,,"Не учтено ОДЗ x − 5 > 0 в ответе: x = 5 не входит; верный ответ (5; 6], у ученика [5; 6]","Проверяющий исправил скобку на (, «ОДЗ! x − 5 > 0, x > 5»"
W065,2,0,,,,"Неверно решено условие x² + 6x + 9 > 0: это (x+3)² > 0, т.е. x ≠ −3, у ученика x > 3. Верный ответ (−∞; −4) ∪ [−3,5; −3) ∪ (−3; −2) ∪ [−1; +∞), у ученика [3; +∞)","Проверяющий подчеркнул x > 3, написал «(x+3)² > 0, x ≠ −3»"
W065,3,1,,,,,"Ответ (−7; −6) ∪ [2; 2,5) ∪ (4; 4,5] верный; описка 2x² − 13 + 20 (пропущен x). Проверяющий +"
W066,В1-1,1,,,,,"Нумерация В1-N / В2-N: вариант 1 / вариант 2 (ученик решил оба варианта). Ответ 0,8; Проверяющий поставил +"
W066,В1-2,1,,,,,"Ответ 0,7; Проверяющий поставил +"
W066,В1-3,1,,,,,"Ответ 0,2; Проверяющий поставил +"
W066,В1-4,1,,,,,Ответ 6; Проверяющий поставил +
W066,В1-5,1,,,,,Ответ 9; Проверяющий поставил +
W066,В1-6,1,,,,,"Ответ 0,4 верный. Ученик без оговорки «пусть» принял BC = √21, AB = 5 (в «Дано» записано BC = √21) — проверяющий поставил «?» у «Дано», у ответа поставил +"
W066,В2-1,1,,,,,"Ответ 0,3; Проверяющий поставил +"
W066,В2-2,1,,,,,"Ответ 0,45; Проверяющий поставил +"
W066,В2-3,1,,,,,Ответ 3; Проверяющий поставил +
W066,В2-4,1,,,,,Ответ 25; Проверяющий поставил +
W066,В2-5,1,,,,,Ответ 21; Проверяющий поставил +
W066,В2-6,1,,,,,"Ответ 0,1; ученик принял BC = 3√11, AB = 10 без оговорки «пусть»; Проверяющий поставил +"
W067,В1-1,1,,,,,"Нумерация В1-N / В2-N: вариант 1 / вариант 2 (ученик решил оба варианта). Ответ 0,8; проверяющий поставил +"
W067,В1-2,1,,,,,"Ответ 0,7; сначала записано sinB, исправлено на cos; проверяющий поставил +"
W067,В1-3,1,,,,,"Ответ 0,2; первая запись в дроби зачёркнута самим учеником; проверяющий поставил +"
W067,В1-4,1,,,,,Ответ 6; проверяющий поставил +
W067,В1-5,1,,,,,Ответ 9; проверяющий поставил +
W067,В1-6,1,,,,,"Не ошибка по правилам (рассуждения верны, неверно выписан ответ / не сделан последний шаг): Не доведено до ответа: найдено cos²A = 0,16, корень не извлечён; верно cosA = 0,4; Проверяющий сам дописал «=> cos = 0,4»; отметки + нет"
W067,В2-1,1,,,,,"Ответ 0,3; проверяющий поставил +"
W067,В2-2,1,,,,,"Ответ 0,45; в записи sinB вместо cosB (9/20 = BC/AB — это cosB), описка; проверяющий поставил +"
W067,В2-3,1,,,,,Ответ 3; проверяющий поставил +
W067,В2-4,1,,,,,Ответ 25; проверяющий поставил +
W067,В2-5,1,,,,,Ответ 21; проверяющий поставил +
W067,В2-6,1,,,,,"Ответ 0,1; запись небрежная: cos² = 1 − 0,99 = 0,01 (0 вставлен сверху), подчёркнуто 0,1 без явного cosA = 0,1; проверяющий поставил +. прочтение последней строки"
W068,1.4,1,,,,,"Нумерация N.M: Задание N, пункт M. Ответ 4; проверяющий поставил +. в промежуточных строках коэффициент при b похож на «15b» вместо «5b» (25a − 5b = −18) — если так, это описка, на ответ не влияет"
W068,1.7,1,,,,,Ответ 9; проверяющий поставил +
W068,1.8,1,,,,,Ответ 10; проверяющий поставил +
W068,2.3,1,,,,,Ответ −3; −2; 3; проверяющий поставил +
W068,2.4,,,,,,"Начато, не доведено: первая группировка зачёркнута, дальше одна неверная строка x²(x−1)5(x²−1)=0, ответа нет; нет отметки проверяющего"
W068,2.12,1,,,,,Ответ −6; −3; 3; проверяющий поставил +
W068,2.13,1,,,,,Ответ −4; −3; 4 (записан в начале следующей страницы); проверяющий поставил +
W068,3.5,0,,,,"Вычислительная ошибка: x₁ = (2 − 4)/2 = −1, у ученика 2; в ответ записано 2 (не корень), верный ответ −1",Проверяющий зачеркнул 2 и написал −1 со стрелкой
W068,3.6,1,,,,,Ответ −1 (7 отброшен по ОДЗ x ≤ 6); первая попытка зачёркнута; проверяющий поставил +
W068,3.12,0,,,,"Вычислительная ошибка: x₂ = (−3 + 5)/2 = 1, у ученика −2/2 = −1; верный ответ −4; −3; 1, у ученика −4; −3; −1","Отметка проверяющего неоднозначна (знак вида «⊥», похож на недописанный +). если это +, то проверяющий пропустил ошибку"
W068,3.13,1,,,,,Ответ −4; −2; 2; проверяющий поставил +
W069,5.5,1,,,,,Нумерация: задание.номер по листу условия (Задания 4–10). У ученика «№5(5)»; проверяющий поставил +
W069,8.12,0,,,,"Вычислительная ошибка: 5·1 + y = 12 ⇒ y = 7, у ученика y = 60 / 62 (в ответе «67»); верный ответ (1; 7), (−1; 7)",Проверяющий исправил на 7; ответ записан не парами
W069,9.1,0,,,,"Потерян корень: 3y² = 27 ⇒ y = ±3, у ученика только y = 3; верный ответ (2; 3), (2; −3)",Проверяющий исправил 3 на ±3
W069,9.7,0,,,,"Потерян корень: 4y² = 24 − 2·2² = 16 ⇒ y = ±2, у ученика только y = 2 (без выкладок); верный ответ (2; 2), (2; −2)","Проверяющий: «как посчитал?»; «±» над y в ответе, по-видимому, дописан проверяющим (красный)"
W070,1.4,1,,,,,"Нумерация N.M: Задание N, пункт M. Ответ 4; проверяющий поставил +"
W070,1.7,1,,,,,Ответ 9; проверяющий поставил +
W070,1.8,1,,,,,Ответ 10; проверяющий поставил +
W070,2.3,1,,,,,Ответ −3; −2; 3; проверяющий поставил +
W070,2.4,1,,,,,Ответ −5; −1; 1; проверяющий поставил +
W070,2.12,1,,,,,Ответ −6; −3; 3; проверяющий поставил +
W070,2.13,1,,,,,Ответ −4; −3; 4; проверяющий поставил +
W070,3.5,1,,,,,Ответ −1 (3 отброшен по ОДЗ x ≤ 2); проверяющий поставил +
W070,3.6,1,,,,,"Ответ −1 (7 отброшен по ОДЗ x ≤ 6); в общей формуле записано −6 ± √D вместо 6 ± √D, дальше подставлено верно; проверяющий поставил +"
W071,50,0,,,,"Вычислительная ошибка при делении AC в отношении 1:3: AC = x + 3x = 4x = 48, x = 12, MC = 36; у ученика AC = 8x, x = 6, MC = 42","Проверяющий дописал «AC = x + 3x = 4x, x = 12, MC = 3·12 = 36»"
W071,54,0,,,,"Вычислительная ошибка: BH = 4√3, BH² = 48 (у ученика 12); AB = √(16 + 48) = √64 = 8, у ученика 2√7","Проверяющий исправил на 48, 64, = 8"
W071,56,0,,,,"Вычислительная ошибка: BH = 7√3, BH² = 147; AB = √(49 + 147) = √196 = 14, у ученика 5√7","Проверяющий вписал 147, √196, исправил ответ на 14"
W071,59,0,,,,"Неверное подобие: ∆BOA и ∆CHD подобны с соответствием B↔D, A↔C (углы 30° и 60°), а не B↔C; вывод AB = CD неверен. Высота h = CD/2 = 16,5, AB = h / sin60° = 11√3, у ученика 33","Высота 16,5 найдена верно. Проверяющий исправил в отношении обозначения на BO и AO; ответ не исправлен, + нет"
W071,62,0,,,,"Вычислительная ошибка: AB² = (20√3)² + (20√3)² = 1200 + 1200 = 2400, AB = 20√6; у ученика (20√3)² посчитано как 60: √120 = 2√30",Проверяющий подчеркнул ответ и написал 20√6
W071,64,0,,,,"Неверное подобие (как в №59): получено AB = CD = 18; верно h = CD·sin60° = 9√3, AB = h / sin30° = 18√3. Также HC = √(18² − 9²) = 9√3 вычислено неверно (у ученика √6319)",Проверяющий приписал √3 к ответу 18 (→ 18√3)
W072,50,1,,,,,Ответ MC = 36; проверяющий поставил +
W072,54,1,,,,,Ответ AB = 8; проверяющий поставил +
W072,59,,,,,,"Начато, не доведено: записано только «Дано», решения нет; нет отметки проверяющего"
W073,50,1,,,,,Ответ MC = 36; проверяющий поставил +
W073,54,1,,,,,Ответ AB = 8; проверяющий поставил +
W073,56,1,,,,,Ответ AB = 14; проверяющий поставил +
W074,1,1,,,,,
W074,3,1,,,,,
W074,4,1,,,,,
W074,9,1,,,,,
W074,11,,,,,,"Начато, данные не совпадают с условием (углы 50° и 85° ⇒ ответ 45°), ответа нет, отметки проверяющего нет"
W074,12,,,,,,Начато и зачёркнуто
W074,14,1,,,,,
W074,17,0,,,,"Вычислительная ошибка в лишнем шаге: ∠B = 180° − 66° записано как 24° (верно 114°); последней строкой решения стоит ∠B = 24, хотя острый угол — ∠A = 66°",Проверяющий обвёл 66 как ответ. Спорно: если ответом считать 66 — было бы 1
W074,20,0,,,,"Вычислительная ошибка: 44 + 44 = 88 записано как 38; дальше 180 − 38 = 92 (верно 88 — это тупой угол, острый ∠A = 88°)",Проверяющий обвёл 38
W074,21,1,,,,,
W074,24,1,,,,,
W074,25,1,,,,,
W074,28,0,,,,Неверный ответ: меньший угол трапеции 180° − 108° = 72°,Проверяющий исправил на 72
W074,29,1,,,,,
W074,31,1,,,,,
W074,36,1,,,,,
W074,37,1,,,,,
W074,39,1,,,,,
W074,44,1,,,,,
W074,45а,1,,,,,
W074,45б,1,,,,,
W074,50,0,,,,"Неверно найден отрезок: AF = 7 − 1,5 = 5,5 вместо (a + b)/2; высота равна 5",Проверяющий исправил CF на 5
W074,53,0,,,,"Неверно найдена проекция: высота равна (6 + 13)/2 = 9,5, у ученика 1,75 / 7,75","Проверяющий исправил на 9,5"
W074,54,1,,,,,
W074,56,1,,,,,
W074,59,0,,,,"Вычислительная ошибка: 180 − (42 + 42) = 96 (у ученика записано 180 − 84 = 76); острый угол между диагоналями 84°, в ответе 76",Проверяющий обвёл 84
W074,60,0,,,,Неверно: AC = BD = 2·BO = 74; у ученика AC = 56·2 = 112 (удвоена сторона AB),"Проверяющий написал 74 (подпись «34·2», по смыслу 37·2)"
W074,63,1,,,,,
W074,65,0,,,,"Решены данные другой задачи: под №65 записано 180 − 76 = 104 (это №64); в №65 угол 35°, ответ 145",Исправлено после аудита по ключу
W074,68,0,,,,"Неверный ответ: меньший угол ромба 180° − 99° = 81°, у ученика 101",Проверяющий исправил на 81
W074,71,0,,,,"Вычислительная ошибка: 180 − 127 = 53, у ученика 153",Проверяющий: 180 − 127 = 53
W074,73,1,,,,,
W074,75,0,,,,"Не поделено пополам: ∠ACD = (180° − 56°)/2 = 62°, у ученика 124",Проверяющий исправил на 62
W074,77,1,,,,,
W074,79,0,,,,"Вычислительная ошибка: 180 − 146 = 34, у ученика 36 ⇒ 18; верно 17","Проверяющий: 180 − 146 = 34, 34 : 2 = 17"
W074,80,0,,,,"Ответ не на вопрос: высота ромба — катет против угла 30°, AP = 38 : 2 = 19 (ученик нашёл), но в ответ записан другой катет 19√3",Проверяющий обвёл 19
W074,82,0,,,,"Ответ не на вопрос: высота равна 22 : 2 = 11 (ученик нашёл), но в ответ записан другой катет 11√3",Проверяющий обвёл 11
W074,85,0,,,,Неверный метод: большая высота = 32 : 8 = 4; у ученика AB = 8² + 8² = 128,Проверяющий написал 4
W074,89,1,,,,,
W074,92,1,,,,,
W074,93,0,,,,"Неверная высота: при угле 45° высота равна (8 − 4)/2 = 2, S = 12; у ученика высота 4, S = 24",Проверяющий исправил на 12
W074,95,1,,,,,
W074,97,1,,,,,Первая попытка найти h зачёркнута
W074,100,1,,,,,
W074,101,1,,,,,"Не ошибка по правилам (рассуждения верны, неверно выписан ответ / не сделан последний шаг): Не извлечён корень: d² = 196, d = 14; в ответе 196; Проверяющий дописал √196 = 14"
W074,104,1,,,,,Записано h = … = 324 = 18 (пропущен корень в записи)
W074,105,0,,,,"Неверный метод: больший отрезок средней линии равен 19 : 2 = 9,5; у ученика (14 + 19) : 2 = 16,5","Проверяющий исправил на 9,5"
W074,109,1,,,,,
W074,112,1,,,,,
W075,1,1,,,,,Блок 1 задачника (ФИПИ)
W075,5,1,,,,,
W075,9,1,,,,,
W075,11,1,,,,,
W075,13,1,,,,,
W075,17,1,,,,,
W075,21,1,,,,,
W075,25,1,,,,,
W075,27,1,,,,,
W075,29,1,,,,,
W075,33,1,,,,,
W075,37,1,,,,,
W075,41,1,,,,,
W075,45а,1,,,,,
W075,45б,1,,,,,
W075,46,1,,,,,
W075,50,1,,,,,
W075,54,1,,,,,
W075,58,1,,,,,Первая запись ∠COD исправлена на ∠BOC
W075,60,1,,,,,
W075,64,1,,,,,
W075,68,1,,,,,
W075,72,1,,,,,
W075,76,1,,,,,Описка в обосновании: «ΔABC = ΔABC» вместо ΔABC = ΔADC
W075,80,1,,,,,
W075,84а,1,,,,,
W075,84б,1,,,,,
W075,84в,1,,,,,
W075,84г,1,,,,,
W075,84д,1,,,,,
W075,84е,1,,,,,
W075,85,1,,,,,"В ответ записаны обе высоты (BH = 4; BM = 2), требовалась только большая — 4; проверяющий поставил +"
W075,89,1,,,,,
W075,93,1,,,,,
W075,97,1,,,,,
W075,101,1,,,,,
W075,105,,,,,,"Начато (рисунок, дано) и зачёркнуто"
W075,109,1,,,,,
W076,1,1,,,,,
W076,2,1,,,,,Первая попытка зачёркнута
W076,3,1,,,,,"Ученик записал правый конец как «1√2», проверяющий дописал + (1 + √2)"
W076,4,,,,,,"Начато, не доведено: переписано уравнение и перенесено в одну часть, ответа нет; отметки проверяющего нет"
W076,5,1,,,,,Первая попытка с ошибкой в знаке зачёркнута
W076,8,1,,,,,"Описка в уравнении: 208/(x+8) вместо 280/(x+8), в следующей строке верно"
W076,12,1,,,,,
W077,Б1-1,1,,,,,"Номер = блок-номер задачи в листе (Б1/Б2/Б3 — блоки 1–3 сборника «14. Прогрессии»). Ответ 61, +"
W077,Б1-2,1,,,,,"Ответ −41, +"
W077,Б1-3,0,,,,"Неверный ответ: 122, верно 39",Проверяющий зачеркнул и написал 39; ответ ученика неразборчив (122?)
W077,Б1-4,0,,,,"Неверный ответ: 4,55, верно 6,3","Проверяющий зачеркнул и написал 6,3"
W077,Б1-5,1,,,,,"Ответ 110 (исправлен учеником), +"
W077,Б1-6,1,,,,,"Ответ 518, +"
W077,Б1-7,1,,,,,"Ответ 48, +"
W077,Б1-8,0,,,,"Неверный ответ: 4,5 (неразборчиво), верно 7",Проверяющий зачеркнул и написал 7
W077,Б1-9,1,,,,,"Ответ 7,5, +"
W077,Б1-10,1,,,,,"Ответ 2916, +"
W077,Б2-1.1,1,,,,,"Ответ 13, проверяющий поставил + на весь №1"
W077,Б2-1.2,1,,,,,"Ответ 9, проверяющий поставил + на весь №1"
W077,Б2-2,1,,,,,"Ответ 6,2, +"
W077,Б2-3,1,,,,,"Ответ 37, +"
W077,Б2-4,1,,,,,"Ответ −56,4 (исправлен учеником, прежний зачёркнут), +"
W077,Б2-5,1,,,,,"Ответ −7, +"
W077,Б2-6,1,,,,,"Ответ 145, +"
W077,Б2-7,0,,,,"Неверный ответ: 10, верно −10",Проверяющий дописал минус
W077,Б2-9,0,,,,"Неверный ответ: 486 (без минуса), верно −486",Проверяющий дописал минус; первая цифра неразборчива (4 или 9)
W077,Б2-10,0,,,,"Неверный ответ: −24 (неразборчиво), верно 9,6","Проверяющий зачеркнул и написал 9,6"
W077,Б2-12,0,,,,"Неверный ответ: 32, верно −441",Проверяющий зачеркнул и написал −441
W077,Б2-14,1,,,,,"Ответ 32, +"
W077,Б2-15,1,,,,,"Ответ 58, +"
W077,Б2-16,0,,,,"Неверный ответ: 155, верно 167",Проверяющий зачеркнул и написал 167
W077,Б2-17,0,,,,"Неверный ответ: 67400, верно 77400",Проверяющий зачеркнул и написал 77400
W077,Б2-19,0,,,,"Неверный ответ: 815 (неразборчиво), верно 945",Проверяющий зачеркнул и написал 945
W077,Б2-20,0,,,,"Неверный ответ: 4, верно 328",Проверяющий зачеркнул и написал 328
W077,Б2-22,0,,,,"Неверный ответ: 5, верно 7",Проверяющий зачеркнул и написал 7
W077,Б3-1,1,,,,,"Ответ 5,4, +"
W077,Б3-2,1,,,,,"Ответ 8, +"
W077,Б3-3,1,,,,,"Ответ 6, +"
W077,Б3-5,1,,,,,"Ответ 62720, +"
W077,Б3-6,0,,,,"Неверный ответ: 78, верно 48",Проверяющий зачеркнул и написал 48
W077,Б3-8,1,,,,,"Ответ 17, +"
W077,Б3-11,0,,,,"Неверный ответ: 140, верно 35",Проверяющий зачеркнул и написал 35
W078,Б1-1,1,,,,,"Номер = блок-номер задачи в листе (Б1/Б2/Б3 — блоки 1–3 сборника «14. Прогрессии»); задачи, отмеченные учеником прочерком, не размечены. Ответ 61, +"
W078,Б1-2,0,,,,"Неверный ответ: −340 (неразборчиво), верно −41",Проверяющий зачеркнул и написал −41
W078,Б1-3,0,,,,"Неверный ответ: 40 (неразборчиво), верно 39",Проверяющий зачеркнул и написал 39
W078,Б1-4,1,,,,,"Ответ 6,3, +"
W078,Б1-5,0,,,,"Неверный ответ: 150, верно 110",Проверяющий зачеркнул и написал 110
W078,Б1-6,0,,,,"Неверный ответ: неразборчиво (3..), верно 518",Проверяющий зачеркнул и написал 518
W078,Б1-7,1,,,,,"Ответ 48, +"
W078,Б1-8,1,,,,,"Ответ 7, +"
W078,Б1-9,0,,,,"Неверный ответ: 15, верно 7,5","Проверяющий зачеркнул и написал 7,5"
W078,Б1-10,0,,,,"Неверный ответ: 372 (неразборчиво; первый вариант тоже зачёркнут), верно 2916",Проверяющий зачеркнул и написал 2916
W078,Б2-2,0,,,,"Неверный ответ: 6,4, верно 6,2","Проверяющий зачеркнул и написал 6,2"
W078,Б2-3,1,,,,,"Ответ 37, +"
W078,Б2-5,1,,,,,"Ответ −7, +"
W078,Б2-7,1,,,,,"Ответ −10, +"
W078,Б2-8,0,,,,"Неверный ответ: 5,5, верно 1,1","Проверяющий зачеркнул и написал 1,1"
W078,Б2-10,1,,,,,"Ответ 9,6, +"
W078,Б2-11,1,,,,,"Ответ 615, +"
W078,Б2-13,1,,,,,"Ответ 12, +"
W078,Б2-14,1,,,,,"Ответ 32, +"
W078,Б2-15,1,,,,,"Ответ 58, +"
W078,Б2-16,0,,,,"Неверный ответ: 1.. (неразборчиво), верно 167",Проверяющий зачеркнул и написал 167
W078,Б2-17,1,,,,,"Ответ 77400 р., +"
W078,Б2-19,1,,,,,"Ответ 945, +"
W078,Б2-20,1,,,,,"Ответ 328, +"
W078,Б2-21,1,,,,,"Ответ 5, +"
W078,Б2-22,1,,,,,"Ответ 7, +"
W078,Б3-1,1,,,,,"Ответ 5,4 (учеником исправлен), +"
W078,Б3-2,1,,,,,"Ответ 8, +"
W078,Б3-3,1,,,,,"Ответ 6 (учеником зачёркнуто 1082, записанное не в ту строку), +"
W078,Б3-4,1,,,,,"Ответ 1082 (учеником зачёркнуто 62720), +"
W078,Б3-5,1,,,,,"Ответ 62720, +"
W078,Б3-8,1,,,,,"Ответ 17, +"
W078,Б3-9,1,,,,,"Ответ 16, +"
W078,Б3-10,0,,,,"Неверный ответ: 3, верно 2",Проверяющий зачеркнул и написал 2
W078,Б3-11,1,,,,,"Ответ 35, +"
